accion	id	de	a	motivo	nombre
SIN SUB	p107982	Juegos de mesa/Otros juegos			Sala de Escape al Aire Libre Escapely Indianapolis (1‑6 jugadores 2‑3 h)
SIN SUB	p107985	Juegos de mesa/Otros juegos			Juego de Karaoke Lucky Egg – Diversión Impermeable para la Piscina
SIN SUB	p107986	Juegos de mesa/Otros juegos			Bloques Matemáticos Simply Magic 131 piezas Base diez magnética
SIN SUB	p107993	Juegos de mesa/Otros juegos			Libro para colorear Bendon Hello Kitty Jumbo - Pack de 2
SIN SUB	p107995	Juegos de mesa/Otros juegos			Coches de arrastre Little Acorn Mix & Match Montessori
SIN SUB	p107999	Juegos de mesa/Otros juegos			Slime Kit GirlZone Galaxy Surprise Egg con brillo en la oscuridad
SIN SUB	p108002	Juegos de mesa/Otros juegos			Kit de Bloques de 101 piezas para Juegos de Baby Shower EIGTWEN
SIN SUB	p108003	Juegos de mesa/Otros juegos			Cuaderno de actividades con pegatinas Minecraft +1000 pegatinas 28 cm x 36 cm
SIN SUB	p108004	Juegos de mesa/Otros juegos			Set de Mahjong SEAMEW 146 fichas 30 mm verde y blanco
SIN SUB	p108007	Juegos de mesa/Otros juegos			Sticker Fun Imagimake: Pelo y Maquillaje – Más de 150 Pegatinas Reutilizables
SIN SUB	p108010	Juegos de mesa/Otros juegos			Tarjetas didácticas American Football IQ Volumen 1
SIN SUB	p108012	Juegos de mesa/Otros juegos			Casa de juegos para niñas Dollhouse Randhar Dream Playhouse con iluminación 3 muñecas
SIN SUB	p108017	Juegos de mesa/Otros juegos			Mesa Sensorial 2 en 1 Carolart: Arena y Agua – Regalo Creativo
SIN SUB	p108020	Juegos de mesa/Otros juegos			Kits educativos Bambilo de Learning Toys sobre ciencias de la vida 25 piezas
SIN SUB	p108024	Juegos de mesa/Otros juegos			Set de Mahjong MAJONIX de Acrílico 4 Capas Portátil
SIN SUB	p108025	Juegos de mesa/Otros juegos			Juego de Mahjong MAJONIX de Acrílico con Tema de Golf Portátil
SIN SUB	p108033	Juegos de mesa/Otros juegos			Casa de Juego de Fieltro Horizon Group USA 25x41 cm con 20 Accesorios
SIN SUB	p108035	Juegos de mesa/Otros juegos			Kit de Manualidades Make It Real Mini Estudio de Cerámica Deluxe
SIN SUB	p108037	Juegos de mesa/Otros juegos			Clasificador de Formas Tolo Rodante 12M+ 6 colores
SIN SUB	p108040	Juegos de mesa/Otros juegos			Juguete de baño Toomies Bluey – Tobogán de agua y figura
SIN SUB	p108042	Juegos de mesa/Otros juegos			Sopa de Letras ZICOTO 70 Pasatiempos de Gran Formato para Adultos
SIN SUB	p108043	Juegos de mesa/Otros juegos			Kit de manualidades STAR WARS Shrink N' Play
SIN SUB	p108044	Juegos de mesa/Otros juegos			Set Completo de Tarjetas Flash Little Economists – 8 Libros
SIN SUB	p108045	Juegos de mesa/Otros juegos			Mesa de arena y agua Elitevia 54x29x53 cm rosa con bomba eléctrica
SIN SUB	p108052	Juegos de mesa/Otros juegos			Arena Cinética Play Sand 5 kg Azul - Juguete Sensorial
SIN SUB	p108053	Juegos de mesa/Otros juegos			Tapete de juego STORKY 61 × 36 cm con bordes cosidos y base de goma
SIN SUB	p108054	Juegos de mesa/Otros juegos			Set de Beer Pong GoPong Flotante con 3 Pelotas y Balsas Inflables
SIN SUB	p108055	Juegos de mesa/Otros juegos			Libro de Pegatinas Reutilizables CREATIVETREES – 6 Libros para Niñas de 3 a 6 Años
SIN SUB	p108057	Juegos de mesa/Otros juegos			Modelo de motor TECHING DM-115 4 cilindros DIY +300 piezas
SIN SUB	p108058	Juegos de mesa/Otros juegos			Juego de 4 Pistolas de Agua Eléctricas Funwee con Luz LED y Disparo Automático
SIN SUB	p108059	Juegos de mesa/Otros juegos			Juego de Mahjong Aceshmir 166 piezas – Versión Premium Americana
SIN SUB	p108062	Juegos de mesa/Otros juegos			Alfombrilla de juego STORKY 61x36 cm Paisaje forestal TCG
SIN SUB	p108063	Juegos de mesa/Otros juegos			Tapete de juego STORKY 61x36 cm con bordes cosidos – Paisaje
SIN SUB	p108064	Juegos de mesa/Otros juegos			Kit de Slime ZURU DIY Tarta de Fruta 10 piezas para 6 años y más
SIN SUB	p108072	Juegos de mesa/Otros juegos			Baldosas Transparentes edxeducation Mini Tarro Colorido de Plástico
SIN SUB	p108077	Juegos de mesa/Otros juegos			CHARM Wixine Pies de Zorro Articulados en Hueso con Garras – 6 g Taxidermia
SIN SUB	p108080	Juegos de mesa/Otros juegos			Conjunto de 24 sólidos geométricos de 8 cm – edxeducation
SIN SUB	p108086	Juegos de mesa/Otros juegos			Mosaico de Espejo Imagimake Pájaros – Más de 450 Pegatinas y 5 Plantillas
SIN SUB	p108088	Juegos de mesa/Otros juegos			Alberca De Pelotas En Vinil Para Bebes Multicolor
SIN SUB	p108089	Juegos de mesa/Otros juegos			Pizarra Mágica LCD Tarjetas Flash Español-Ingles Rosa
SIN SUB	p108091	Juegos de mesa/Otros juegos			Mosaico de Espejo Imagimake – Animales 5 Plantillas y Más de 450 Pegatinas
SIN SUB	p108092	Juegos de mesa/Otros juegos			Mosaico de Espejo Imagimake Animales y Aves – Más de 950 Pegatinas
SIN SUB	p108093	Juegos de mesa/Otros juegos			Kit de Manualidades Blue Marble National Geographic Dinosaurios
SIN SUB	p108095	Juegos de mesa/Otros juegos			Piedras de Paso Iluminadas HYES 6 pzas con Tapete de Juego de Luz y Sonido
SIN SUB	p108097	Juegos de mesa/Otros juegos			Pegatinas de gel Imagimake Océano 10 unidades - Arte sin desorden
SIN SUB	p108099	Juegos de mesa/Otros juegos			Alcancía de madera DANONI 20 × 15 × 6 cm con rastreador de metas
SIN SUB	p108102	Juegos de mesa/Otros juegos			Kit de Ciencia Blue Marble National Geographic Espacio
SIN SUB	p108104	Juegos de mesa/Otros juegos			Tarjetas de Bingo Reutilizables para Noche de Película Romántica XOXO Parents
SIN SUB	p108106	Juegos de mesa/Otros juegos			Kit de Arte y Manualidades Skillmatics Felt Fun Animales
SIN SUB	p108109	Juegos de mesa/Otros juegos			Libro de Pegatinas Skillmatics Peelies Unicornios y Princesas
SIN SUB	p108110	Juegos de mesa/Otros juegos			Libro de Pegatinas Skillmatics Peelies – Animales Reutilizables
SIN SUB	p108111	Juegos de mesa/Otros juegos			Tienda de juego Little Dove 150x100x150 cm marrón plegable
SIN SUB	p108113	Juegos de mesa/Otros juegos			Globos de Agua Reutilizables DZLUSJ 24 unidades
SIN SUB	p108114	Juegos de mesa/Otros juegos			Juego The Fidget Game Supermarket Squishy Spree 5‑8 años
SIN SUB	p108115	Juegos de mesa/Otros juegos			Juguete de piscina SwimWays Bluey Figura Flotante 3+
SIN SUB	p108116	Juegos de mesa/Otros juegos			Pegatinas Jelly Imagimake Flores y Mariposas - 10 unidades
SIN SUB	p108117	Juegos de mesa/Otros juegos			Kit de Pegatinas de Gel Unicornio Imagimake – Más de 25 Pegatinas
SIN SUB	p108118	Juegos de mesa/Otros juegos			Piedras de Paso Iluminadas HYES 13 piezas – Edades 3‑5
SIN SUB	p108123	Juegos de mesa/Otros juegos			Set de juego de limpieza Kidoozie de 9 piezas
SIN SUB	p108127	Juegos de mesa/Otros juegos			Tapete de juego STORKY 61 x 36 cm con superficie de goma lisa y bolsa
SIN SUB	p108129	Juegos de mesa/Otros juegos			Alfombrilla de juego STORKY 61 × 36 cm con superficie de goma y bolsa de almacenamiento
SIN SUB	p108132	Juegos de mesa/Otros juegos			Barajas de juego Ben Niu Pack de 12 – Índice Jumbo Texas Hold'em
SIN SUB	p108133	Juegos de mesa/Otros juegos			Tapete de juego STORKY 61 × 36 cm Superficie de caucho lisa – Battle
SIN SUB	p108136	Juegos de mesa/Otros juegos			Libro de referencia RPG GAMES AND STUFF T2 Resist (tapa dura)
SIN SUB	p108139	Juegos de mesa/Otros juegos			Paquete Disney Sing It + Micrófono (Videojuego)
SIN SUB	p108143	Juegos de mesa/Otros juegos			Tapete de juego STORKY 61 × 36 cm con bordes cosidos y antideslizante
SIN SUB	p108144	Juegos de mesa/Otros juegos			Alfombrilla de juego STORKY 61x36 cm con bordes cosidos y base antideslizante
SIN SUB	p108145	Juegos de mesa/Otros juegos			Tapete de juego STORKY 61 cm x 36 cm Ardilla – Alfombrilla para TCG y ratón
SIN SUB	p108148	Juegos de mesa/Otros juegos			Escape Room Escapely National Mall para 1-6 jugadores
SIN SUB	p108149	Juegos de mesa/Otros juegos			Escape Room al aire libre Escapely Detroit Spyhunter para 1-6 jugadores
SIN SUB	p108152	Juegos de mesa/Otros juegos			Tapetes Didax 1 cm x 29 cm x 38 cm Escribe/Borra
SIN SUB	p108153	Juegos de mesa/Otros juegos			Pizarra Mágica LEXiBOOK Disney Stitch CRT10D 28 cm
SIN SUB	p108157	Juegos de mesa/Otros juegos			Libro para colorear Brother Francis: Los sacramentos
SIN SUB	p108158	Juegos de mesa/Otros juegos			Kit de Manualidades The Orb Factory Piña 3D
SIN SUB	p108164	Juegos de mesa/Otros juegos			Mesa De Arte Jirafa Proyector De Dibujo Amarillo
SIN SUB	p108165	Juegos de mesa/Otros juegos			Tapete Didáctico Foamy Frutas10 Piezas Multicolor
SIN SUB	p108168	Juegos de mesa/Otros juegos			Libro Simon Spotlight: Angelina Ballerina
SIN SUB	p108172	Juegos de mesa/Otros juegos			PUZZLES iDventure Cluepuzzle Caja Maravilla de Alicia
SIN SUB	p108174	Juegos de mesa/Otros juegos			PUZZLES iDventure Cluepuzzle Expansión Wonderland
SIN SUB	p108177	Juegos de mesa/Otros juegos			Set de limpieza deAO 12 piezas con dinosaurio rosa
SIN SUB	p108190	Juegos de mesa/Otros juegos			Laberinto de Cuentas de Madera Fisher‑Price – Juguete de Actividad
SIN SUB	p108192	Juegos de mesa/Otros juegos			Pizarra Mágica LEXiBOOK Spider-Man 28 cm
SIN SUB	p108198	Juegos de mesa/Otros juegos			Kit de Excavación Gem Pets Zorro Rojo Rubí - Tesoro
SIN SUB	p108201	Juegos de mesa/Otros juegos			Kit de Excavación Gem Pets: Tesoro de Cachorro Esmeralda Verde
SIN SUB	p108203	Juegos de mesa/Otros juegos			Kit de Excavación Gem Pets Conejo Púrpura Diamante
SIN SUB	p108205	Juegos de mesa/Otros juegos			Kit de Excavación Gem Pets Gato Zafiro Azul Tesoro
SIN SUB	p108210	Juegos de mesa/Otros juegos			Engranajes de Plástico Alextend 200 uds 05 módulo para proyectos DIY
SIN SUB	p108211	Juegos de mesa/Otros juegos			Set de 5 giradores Didax (2-9808)
SIN SUB	p108215	Juegos de mesa/Otros juegos			Modelo de Cerebro EISCO 1/2 Tamaño Codificado por Colores y Numerado
SIN SUB	p108216	Juegos de mesa/Otros juegos			Sala de Escape Escapely Minneapolis 1-6 jugadores 24 km
SIN SUB	p108217	Juegos de mesa/Otros juegos			Juguete de Agua Lunch Money – Crece un Alce (crecimiento del 600%)
SIN SUB	p108223	Juegos de mesa/Otros juegos			Tarjetas didácticas Skillmatics Aprende sobre cosas reales – 70 tarjetas
SIN SUB	p108224	Juegos de mesa/Otros juegos			Pistola de Agua Eléctrica UROINT Paquete de 2 con Luces LED
SIN SUB	p108226	Juegos de mesa/Otros juegos			Libro Sterling Ethos 1001: Serie de Tiradas de Tarot
SIN SUB	p108228	Juegos de mesa/Otros juegos			Bolso Tote C&H Solutions 55 cm x 30 cm Negro Mah Jongg
SIN SUB	p108229	Juegos de mesa/Otros juegos			Sala de Escape Escapely Raleigh 1-6 jugadores 16 km
SIN SUB	p108230	Juegos de mesa/Otros juegos			Escapely Columbus: Sala de Escape al aire libre para 1‑6 jugadores
SIN SUB	p108232	Juegos de mesa/Otros juegos			Escape Room Escapely Orlando para 1‑6 jugadores 2‑3 horas
SIN SUB	p108234	Juegos de mesa/Otros juegos			Juego Magnético de Dinosaurios Genérico 20 piezas con cuerda
SIN SUB	p108235	Juegos de mesa/Otros juegos			Kit de Identificación de Minerales Colidcolor 13 piezas con lupa de mano y muestras
SIN SUB	p108236	Juegos de mesa/Otros juegos			Modelo Educativo del Sistema Digestivo Humano EISCO de 2 Partes
SIN SUB	p108239	Juegos de mesa/Otros juegos			Libro HarperCollins Biblia del Osito Tiny Bear (La historia del gran amor de Dios)
SIN SUB	p108241	Juegos de mesa/Otros juegos			Bola de latón EISCO con agujero de 25 mm para demostración de péndulo
SIN SUB	p108243	Juegos de mesa/Otros juegos			Libro Shadow Mountain Nando Volumen 4 Cuentos de Perros
SIN SUB	p108244	Juegos de mesa/Otros juegos			Juguete de Baño Waboba Sharky Tiburón 90 mm que Salta en el Agua
SIN SUB	p108245	Juegos de mesa/Otros juegos			Figura de Juguete The Orb Factory PlushCraft Gato de Helado
SIN SUB	p108246	Juegos de mesa/Otros juegos			Juego de audio QUBITUNES Expansión de la Cocina de Bernard 5+
SIN SUB	p108258	Juegos de mesa/Otros juegos			Arena Sensorial Recarga a Granel Blanca 45 kg
SIN SUB	p108259	Juegos de mesa/Otros juegos			Tapete de juego STORKY 61x36 cm de goma con bolsa de almacenamiento
SIN SUB	p108260	Juegos de mesa/Otros juegos			Tapete de juego STORKY 61 × 36 cm de goma lisa para TCG
SIN SUB	p108263	Juegos de mesa/Otros juegos			Libro Simon & Schuster – Spooky Pookie (Little Pookie)
SIN SUB	p108264	Juegos de mesa/Otros juegos			Tapete de juego STORKY de caucho 61 x 36 cm con bolsa de almacenamiento
SIN SUB	p108266	Juegos de mesa/Otros juegos			Set de 6 títeres de dedo estrella de 10 cm en fieltro – ShaoAngDuoMi
SIN SUB	p108267	Juegos de mesa/Otros juegos			Libro Scholastic Peppa Pig: Nuestra nueva hermanita
SIN SUB	p108270	Juegos de mesa/Otros juegos			Libro HarperCollins Fuerte: Salmo 1 (La historia del gran amor de Dios)
SIN SUB	p108272	Juegos de mesa/Otros juegos			HarperCollins – Primeras Oraciones del Bebé
SIN SUB	p108273	Juegos de mesa/Otros juegos			Helix EISCO 20 cm Forma de Onda – Aprendizaje de Física
SIN SUB	p108275	Juegos de mesa/Otros juegos			Scholastic Libro Oficial X-Men: Cómo Dibujar
SIN SUB	p108276	Juegos de mesa/Otros juegos			Libro de pegatinas BBC Hey Duggee 123 Números – Actividad
SIN SUB	p108277	Juegos de mesa/Otros juegos			Libro de pegatinas Scholastic – 16 páginas (inglés)
SIN SUB	p108278	Juegos de mesa/Otros juegos			Modelo de Flor Típica EISCO
SIN SUB	p108279	Juegos de mesa/Otros juegos			Kit de Ciencia SMARTLAB 30 cm 60 piezas Modelo del Cuerpo Humano
SIN SUB	p108282	Juegos de mesa/Otros juegos			Discos Metálicos EISCO – Juego de 16 para Kit Educativo
SIN SUB	p108284	Juegos de mesa/Otros juegos			Soporte de fichas de Mahjong American-Wholesaler Inc. negro translúcido 46 cm juego de 4
SIN SUB	p108286	Juegos de mesa/Otros juegos			Tablero de práctica de mahjong expgaze para juego en solitario 19 x 16 cm
SIN SUB	p108288	Juegos de mesa/Otros juegos			Tazas Apilables Tiny Tinker 30 piezas - 6 colores
SIN SUB	p108289	Juegos de mesa/Otros juegos			Tablero de práctica de mahjong en solitario expgaze portátil impreso en 3D
SIN SUB	p108290	Juegos de mesa/Otros juegos			Set de Pickleball Voyager 2 jugadores con palas de madera
SIN SUB	p108292	Juegos de mesa/Otros juegos			Figura de Juguete The Orb Factory PlushCraft™ Llama
SIN SUB	p108293	Juegos de mesa/Otros juegos			Soporte para fichas American-Wholesaler Inc. 46 cm Azul zafiro
SIN SUB	p108295	Juegos de mesa/Otros juegos			Bolsa para Mahjong Sollkatte - Set de 3 piezas diseño floral impermeable
SIN SUB	p108298	Juegos de mesa/Otros juegos			Corralito Para Bebe Plegable Corral Gimnasio Rosa/Gris
SIN SUB	p108302	Juegos de mesa/Otros juegos			Kit de Magia Mindbender +100 Trucos y Tutoriales en Video
SIN SUB	p108303	Juegos de mesa/Otros juegos			Figura de peluche The Orb Factory PlushCraft 3D Koala
SIN SUB	p108305	Juegos de mesa/Otros juegos			Set de Regalo de Barajas Forage Folk Trilogía
SIN SUB	p108306	Juegos de mesa/Otros juegos			Modelo anatómico 3D de torso humano Generies 28 cm 15 piezas
SIN SUB	p108307	Juegos de mesa/Otros juegos			Caja de madera con temática náutica de Shut The Box Game STERLING Games
SIN SUB	p108308	Juegos de mesa/Otros juegos			Globo Celestial EISCO 30 cm 445 cm Alto Estrella Vía Láctea
SIN SUB	p108309	Juegos de mesa/Otros juegos			Biblia HarperCollins Tiny Theologians Rosa
SIN SUB	p108311	Juegos de mesa/Otros juegos			Kit de geología GeLaozee – 13 piezas para identificación de minerales
SIN SUB	p108312	Juegos de mesa/Otros juegos			Alfombrilla de juego Realm Guard 36x61 cm dibujada a mano antideslizante
SIN SUB	p108316	Juegos de mesa/Otros juegos			Kit de Óptica Láser para Aula (Grados 2‑8) RGB LED
SIN SUB	p108318	Juegos de mesa/Otros juegos			Kit de Terrario Iluminado de Unicornio Gifmore 4‑12 años
SIN SUB	p108321	Juegos de mesa/Otros juegos			Tablero de Galton Dimind 32 cm Modelo de Probabilidad con 17 500 Cuentas
SIN SUB	p108324	Juegos de mesa/Otros juegos			Aparato de demostración del efecto Doppler EISCO 0.8 m 92 dB
SIN SUB	p108327	Juegos de mesa/Otros juegos			Mundo de Eric Carle: Colores de los Animales
SIN SUB	p108328	Juegos de mesa/Otros juegos			Matemáticas Tempranas Fisher-Price Diversión con Números
SIN SUB	p108331	Juegos de mesa/Otros juegos			Pistola de Agua Eléctrica Tcxomino 425 CC Alcance 95 m
SIN SUB	p108334	Juegos de mesa/Otros juegos			Kit de Arcilla de Secado al Aire HECKLES 48 Bloques No Tóxico
SIN SUB	p108336	Juegos de mesa/Otros juegos			Kit DIY de Muñeco de Elfo Posable XOXO Parents
SIN SUB	p108337	Juegos de mesa/Otros juegos			Set de Actividades Spiderman: Libro para Colorear y Pegatinas
SIN SUB	p108342	Juegos de mesa/Otros juegos			ALFOMBRILLA DE JUEGO Gamegenic Altered Trial By Frost 61 × 35 cm
SIN SUB	p108344	Juegos de mesa/Otros juegos			Calendario Pandasaurus Games 365 Adventures: The Dungeon
SIN SUB	p108345	Juegos de mesa/Otros juegos			Calendario Pandasaurus Games Cthulhu 1926 (2026)
SIN SUB	p108349	Juegos de mesa/Otros juegos			Bloc de Dibujo Iluminado Fashion Angels Disney Princess
SIN SUB	p108350	Juegos de mesa/Otros juegos			Kit de Bocetos Iluminado Fashion Angels Disney Stitch
SIN SUB	p108351	Juegos de mesa/Otros juegos			Set de Tren Educativo Design & Drill de Educational Insights
SIN SUB	p108360	Juegos de mesa/Otros juegos			Set de Mahjong Ploomi 166 fichas con 4 bandejas y bolsa azul
SIN SUB	p108362	Juegos de mesa/Otros juegos			Juego de Laberinto 3D Perplexus Star Wars – Mandaloriano
SIN SUB	p108368	Juegos de mesa/Otros juegos			Caja Registradora HYES Recargable de Madera Azul
SIN SUB	p108377	Juegos de mesa/Otros juegos			Alfombrilla de juego STORKY 61 cm x 36 cm de goma antideslizante con gato
SIN SUB	p108378	Juegos de mesa/Otros juegos			Estampilla de goma Rounica Rodillo de práctica 15 cm morado
SIN SUB	p108379	Juegos de mesa/Otros juegos			Cubo Laberinto Actividades 7 En 1 Multicolor
SIN SUB	p108380	Juegos de mesa/Otros juegos			Laberinto De Cuentas 3 Caminos Multicolor
SIN SUB	p108381	Juegos de mesa/Otros juegos			Juego Mesa Equilibrio Linda Rana Rojo
SIN SUB	p108384	Juegos de mesa/Otros juegos			Marcadores de Bingo Power Dot 55 ml surtidos - Pack de 12
SIN SUB	p108385	Juegos de mesa/Otros juegos			Libro de pegatinas Penguin – ¡Vamos a la caza del oso!
SIN SUB	p108387	Juegos de mesa/Otros juegos			Libro para colorear CoComelon – Paquete de 12 sin desorden tinta mágica
SIN SUB	p108391	Juegos de mesa/Otros juegos			Kit de Actividad Paw Patrol para Viaje con Bolsa de Cordón
SIN SUB	p108392	Juegos de mesa/Otros juegos			Cartel de emociones Yoink 81 tarjetas – Rincón de calma
SIN SUB	p108394	Juegos de mesa/Otros juegos			Juego de Agua WILD REPUBLIC Unicornio 15 cm
SIN SUB	p108396	Juegos de mesa/Otros juegos			Libro de Pegatinas de Gatos – Publications International
SIN SUB	p108399	Juegos de mesa/Otros juegos			Kit de Caja de Sombras 3D Fashion Angels Disney Stitch
SIN SUB	p108400	Juegos de mesa/Otros juegos			Pizarra Mágica LEXiBOOK Pitufos 28 cm
SIN SUB	p108401	Juegos de mesa/Otros juegos			Juego de Construcción de Mazos BANDAI Resident Evil: Mercenarios
SIN SUB	p108403	Juegos de mesa/Otros juegos			Música WARNER BROS Love Is Such a Funny Game
SIN SUB	p108406	Juegos de mesa/Otros juegos			Wellden Modelo Anatómico de Esqueleto Humano 1/2 Tamaño Real 85 cm/335"
SIN SUB	p108407	Juegos de mesa/Otros juegos			Juego Nintendo Splatoon Raiders: Shooter de Acción
SIN SUB	p108409	Juegos de mesa/Otros juegos			Caballito Montable Mecedora Balance Con Efectossonido Reales  VANLIG | Color Marrón Claro
SIN SUB	p108411	Juegos de mesa/Otros juegos			Calendario de Adviento Play-Doh con 26 accesorios y 17 colores
SIN SUB	p108416	Juegos de mesa/Otros juegos			Globos reutilizables Bunch O Balloons de ZURU paquete de 10
SIN SUB	p108417	Juegos de mesa/Otros juegos			Coche de slot Carrera Lamborghini Huracán GT3 Evo II Nº 92
SIN SUB	p108419	Juegos de mesa/Otros juegos			Kit Sensorial DIY jr Explorador de Insectos y Reptiles
SIN SUB	p108420	Juegos de mesa/Otros juegos			Caja de Ahorro MoliDow de Madera - Bóveda de Efectivo $10000
SIN SUB	p108423	Juegos de mesa/Otros juegos			LCG Tierras Corruptas – Expansión de Fantasy Flight Games
SIN SUB	p108424	Juegos de mesa/Otros juegos			Libro Careland: Jack McAfghan – Rainbow Bridge
SIN SUB	p108425	Juegos de mesa/Otros juegos			Kit de motor para pista de canicas PlayMonster 10 cm x 8 cm
SIN SUB	p108427	Juegos de mesa/Otros juegos			Rueda de oración tibetana DMtse 38x115 mm juego de 2
SIN SUB	p108429	Juegos de mesa/Otros juegos			Dado D20 Froggod 22 mm Púrpura de Resina con Cabeza de Gato – RPG
SIN SUB	p108430	Juegos de mesa/Otros juegos			Set de Campeones Sneaky PEET de Godtear (Steamforged Games)
SIN SUB	p108432	Juegos de mesa/Otros juegos			Fósiles de dientes de tiburón – Caja de colección Fabrvog y lupa
SIN SUB	p108433	Juegos de mesa/Otros juegos			Juego LCG de Fantasy Flight Games – Brotherhood Without Banners
SIN SUB	p108434	Juegos de mesa/Otros juegos			Libro de actividades con pegatinas Bear Grylls – Detective de animales
SIN SUB	p108435	Juegos de mesa/Otros juegos			Playmobil 1.2.3 Disney Mickey Sol Giratorio con Sonajero
SIN SUB	p108437	Juegos de mesa/Otros juegos			Kit de Ciencia YELLOW SCOPE de Cromatografía en Papel (8‑12 años)
SIN SUB	p108438	Juegos de mesa/Otros juegos			Pegatina Elsqolro 25 × 17 cm 20 hojas Frutas y Verduras
SIN SUB	p108440	Juegos de mesa/Otros juegos			Bandeja para tarjetas KIHACO 125 × 75 × 45 cm de bambú – juego de 2
SIN SUB	p108442	Juegos de mesa/Otros juegos			Pegatinas de strass Leesgel 180 piezas 3D en forma de corazón
SIN SUB	p108445	Juegos de mesa/Otros juegos			Dado D20 Froggod 22 mm Núcleo Líquido Cabeza de Gato Verde
SIN SUB	p108446	Juegos de mesa/Otros juegos			Fósiles Fabrvog 4‑5 cm con caja y lupa
SIN SUB	p108449	Juegos de mesa/Otros juegos			Kit de Arte y Manualidades Tara Toys Toy Story +30 piezas
SIN SUB	p108450	Juegos de mesa/Otros juegos			Pelota de Playa KiddieLoot 61 cm (Pack de 3) con Diseño de Fútbol
SIN SUB	p108451	Juegos de mesa/Otros juegos			Kit de Globos de Agua Kiddie Play 500 unidades con Bomba de Llenado
SIN SUB	p108456	Juegos de mesa/Otros juegos			Sala de Escape al aire libre Escapely Pittsburgh 1-6 jugadores 15 km
SIN SUB	p108457	Juegos de mesa/Otros juegos			Escape Room Escapely Oklahoma City para 1‑6 jugadores – 16 km
SIN SUB	p108458	Juegos de mesa/Otros juegos			Sala de Escape Escapely Adams Morgan 1-6 jugadores 16 km
SIN SUB	p108464	Juegos de mesa/Otros juegos			Libro Scholastic Busca y Encuentra Animales con Pintura de Agua
SIN SUB	p108466	Juegos de mesa/Otros juegos			Dado D20 Froggod 22 mm Cabeza de Gato con Núcleo Líquido de Resina
SIN SUB	p108476	Juegos de mesa/Otros juegos			Carpa Castillo para Niña Con Luces Led Color Rosa
SIN SUB	p108478	Juegos de mesa/Otros juegos			Set de juego de figuras Playmobil – Educación vial
SIN SUB	p108479	Juegos de mesa/Otros juegos			Libro Bluey: Escuela de Mamá
SIN SUB	p108480	Juegos de mesa/Otros juegos			Peppa Pig: ¡Yum! ¡Yum! ¡Yum! Libro de actividades con pegatinas
SIN SUB	p108486	Juegos de mesa/Otros juegos			Tapete de juego Realm Guard Grim Reaper 36x61 cm TCG MTG
SIN SUB	p108487	Juegos de mesa/Otros juegos			Juegos Cerebrales - Pegatinas por Número: Mantente inspirado
SIN SUB	p108488	Juegos de mesa/Otros juegos			Libro DELL "El lenguaje de los animales: 7 pasos para comunicarte con los animales"
SIN SUB	p108489	Juegos de mesa/Otros juegos			Libro de Pegatinas por Letras con Gatos – Publications International
SIN SUB	p108490	Juegos de mesa/Otros juegos			Libro Scholastic: Actividades Crafty‑riffic de Mama & Baby Box (Casa de Muñecas de Gabby)
SIN SUB	p108492	Juegos de mesa/Otros juegos			Libro de Pegatinas por Letra de Publications International
SIN SUB	p108493	Juegos de mesa/Otros juegos			Squishy Maker Station Doctor Squish Edición exclusiva de Amazon
SIN SUB	p108495	Juegos de mesa/Otros juegos			Libro Running Press Mini Editions – Sombrero Seleccionador de Harry Potter
SIN SUB	p108497	Juegos de mesa/Otros juegos			Kit de modelo de motor Stirling de aire caliente Heligotech con luz LED
SIN SUB	p108498	Juegos de mesa/Otros juegos			Publications International – Juegos de Cerebro “Encuentra al Gato”
SIN SUB	p108499	Juegos de mesa/Otros juegos			Bantam – El libro completo de solitario y juegos de paciencia (225 juegos)
SIN SUB	p108502	Juegos de mesa/Otros juegos			Imanes decorativos Tienda LEAN Pack de 25 caritas sonrientes 25 cm
SIN SUB	p108504	Juegos de mesa/Otros juegos			Libro Clarion: Cuenta Ratones
SIN SUB	p108509	Juegos de mesa/Otros juegos			Libro Brain Games Pegatinas por Número: Navidad (28 imágenes)
SIN SUB	p108510	Juegos de mesa/Otros juegos			Paquete de expansión de juegos de mesa SCS Direct Tall Tales People Ed.
SIN SUB	p108511	Juegos de mesa/Otros juegos			Publications International – Libro de Sopa de Letras de Coches Musculares
SIN SUB	p108513	Juegos de mesa/Otros juegos			Kit de Manualidades Artísticas Tonecheer Interstellar DIY para Rincón de Libro
SIN SUB	p108514	Juegos de mesa/Otros juegos			Plantilla Grande Redonda para Hacer Yo-Yós Clover Fácil de Usar
SIN SUB	p108516	Juegos de mesa/Otros juegos			Consejo al Amanecer – Juego de deducción social (tablero)
SIN SUB	p108519	Juegos de mesa/Otros juegos			Libro Marvel: Predator mata el Universo Marvel (Nuevo)
SIN SUB	p108520	Juegos de mesa/Otros juegos			Paquete de pegatinas Melissa & Doug Disney Princess Ariel 500 unidades
SIN SUB	p108521	Juegos de mesa/Otros juegos			Sticker Wow! Pack de Buzz Lightyear de Melissa & Doug
SIN SUB	p108523	Juegos de mesa/Otros juegos			Paquete Sticker Wow! de Melissa & Doug: T‑Rex y Triceratops
SIN SUB	p108525	Juegos de mesa/Otros juegos			Play Dough Colorations Neon sin trigo ni gluten 6 colores
SIN SUB	p108526	Juegos de mesa/Otros juegos			Pegatinas Peanuts Charlie Brown - Pack de 12 Hojas para Fiestas
SIN SUB	p108527	Juegos de mesa/Otros juegos			Kit de Construcción Artística Machine Works – Modelo de Motor V8 con Realidad Aumentada
SIN SUB	p108529	Juegos de mesa/Otros juegos			El libro de imágenes de cachorros
SIN SUB	p108532	Juegos de mesa/Otros juegos			Juego de Disc Golf de Escritorio Mini Ediciones Running Press
SIN SUB	p108533	Juegos de mesa/Otros juegos			Contador de Vida Deluxe Running Press Mini Editions para Magic
SIN SUB	p108535	Juegos de mesa/Otros juegos			Libro de Sopa de Letras de EE.UU. con Letra Grande
SIN SUB	p108536	Juegos de mesa/Otros juegos			Libro Thomas Nelson Operación Tiro Truco Dude Perfect Panda
SIN SUB	p108539	Juegos de mesa/Otros juegos			Libro ilustrado de arte popular Clarion Día de Mercado para edades 0-3
SIN SUB	p108540	Juegos de mesa/Otros juegos			Libro Birth Vibes: Historias y Estrategias para un Parto Empoderado
SIN SUB	p108542	Juegos de mesa/Otros juegos			Teaching Stones Yellow Door Huellas de Animales de Granja Paquete de 8 Piedras de 8 cm
SIN SUB	p108544	Juegos de mesa/Otros juegos			Letras Magnéticas Decorativas Really Good Stuff EZread
SIN SUB	p108548	Juegos de mesa/Otros juegos			Set de Expansión de 3 Figuras Grandes de Monstruos para Juegos de Mesa Wildspire
SIN SUB	p108549	Juegos de mesa/Otros juegos			Tapete de Juego Extalas Yu-Gi-Oh 61x355 cm para un Jugador
SIN SUB	p108553	Juegos de mesa/Otros juegos			Contador de Vida STORKY MTG con Rueda de 3 Anillos
SIN SUB	p108554	Juegos de mesa/Otros juegos			Contador de Vida STORKY MTG con Marcador de 3 Anillos
SIN SUB	p108566	Juegos de mesa/Otros juegos			Libro Paizo Pathfinder: Dioses del Mar Interior - Ambientación de Campaña
SIN SUB	p108567	Juegos de mesa/Otros juegos			Libro de Pegatinas por Números de Mariposas
SIN SUB	p108570	Juegos de mesa/Otros juegos			Tapete de Juego STORKY Dragón MTG 61x36 cm Goma
SIN SUB	p108572	Juegos de mesa/Otros juegos			Placa de Prototipado Elenco 9440C con 3220 Puntos de Contacto
SIN SUB	p108573	Juegos de mesa/Otros juegos			Juego de sobremesa de superhéroes Atomic Mass Marvel Crisis Protocol
SIN SUB	p108575	Juegos de mesa/Otros juegos			Contador de Vida para Juegos de Mesa STORKY MTG con Marcador de 3 Anillos
SIN SUB	p108576	Juegos de mesa/Otros juegos			Libro de Actividades con Pegatinas por Número Sonrisa
SIN SUB	p108579	Juegos de mesa/Otros juegos			Juego The Learning Company Super Solvers Rescate a Medianoche
SIN SUB	p108582	Juegos de mesa/Otros juegos			Casa de Muñecas OLEOCA Familia Grande de 2 Pisos con Luz
SIN SUB	p108583	Juegos de mesa/Otros juegos			Libro de Pegatinas por Número: Proverbios
SIN SUB	p108585	Juegos de mesa/Otros juegos			ZURU - Juguete (339-36589_4894680025981)
SIN SUB	p108595	Juegos de mesa/Otros juegos			Set de Juguete LEERFEI Proyector Inteligente para Dibujar y Bocetar Arte
SIN SUB	p108596	Juegos de mesa/Otros juegos			Libro de Pegatinas por Número Salmos
SIN SUB	p108599	Juegos de mesa/Otros juegos			Gorra de Seguimiento EEG DIGIPACE 64 Electrodos Sistema 10-20
SIN SUB	p108600	Juegos de mesa/Otros juegos			Libro de Juegos Cerebrales: Pegatinas por Número Flores y Naturaleza
SIN SUB	p108604	Juegos de mesa/Otros juegos			Herramienta de Plegado Makedo Fold-Roller para Esculpir Cartón
SIN SUB	p108606	Juegos de mesa/Otros juegos			Kit de Rinconcito de Libros DIY Tonecheer Mundo de Vincent con Luz LED
SIN SUB	p108609	Juegos de mesa/Otros juegos			Set de Bolas de Billar Aramith Crown 5.7 cm Magnéticas
SIN SUB	p108614	Juegos de mesa/Otros juegos			Estuche Portátil de Actividades para Colorear y Escribir Paw Patrol
SIN SUB	p108615	Juegos de mesa/Otros juegos			Tapete de Juego Extalas Yu-Gi-Oh 61x36 cm Set para Un Jugador
SIN SUB	p108617	Juegos de mesa/Otros juegos			Kit Científico The Bug House Geoda Pac 4-5 Cristales Naturales
SIN SUB	p108618	Juegos de mesa/Otros juegos			Contador de Vida STORKY MTG con Dial de 3 Anillos
SIN SUB	p108619	Juegos de mesa/Otros juegos			Kit Científico TECHING Modelo de Unidad de Bombeo Metálica de 219 Piezas
SIN SUB	p108620	Juegos de mesa/Otros juegos			Casa para Insectos Lulu Home Hotel de Bichos de Madera 26x9x14 cm
SIN SUB	p108623	Juegos de mesa/Otros juegos			Pistola de Agua Super Soaker Minecraft Glow Squid
SIN SUB	p108626	Juegos de mesa/Otros juegos			Tablero de actividades Melissa & Doug Hide and Seek Farm desde hace más de 3 años
SIN SUB	p108627	Juegos de mesa/Otros juegos			Kit de Manualidades Skillmatics Snip Snip para Habilidades con Tijeras en Preescolar
SIN SUB	p108628	Juegos de mesa/Otros juegos			Kit de Arte y Manualidades Skillmatics Foil Fun PAW Patrol Sin Desorden
SIN SUB	p108629	Juegos de mesa/Otros juegos			Juego de Piscina Skillmatics Seek & Splash Número Submarino
SIN SUB	p108636	Juegos de mesa/Otros juegos			Set de Globos de Agua ABEAMIX con 2 Resorteras y 25 Pelotas Suaves
SIN SUB	p108643	Juegos de mesa/Otros juegos			Libro Ace El Ojo de la Novia de Bedlam Dungeon Crawler
SIN SUB	p108645	Juegos de mesa/Otros juegos			Bolsa de Suerte con Oro Garantizado Bobby Nugget California
SIN SUB	p108647	Juegos de mesa/Otros juegos			Game Playmat STORKY MTG TCG 60 x 35 cm con bolsa de almacenamiento
SIN SUB	p108648	Juegos de mesa/Otros juegos			Set Completo Brain Challenger miniLUK Beyond123
SIN SUB	p108649	Juegos de mesa/Otros juegos			Juguete Educativo Cubo Antiestrés Metal Máquinas Héroe de Velocidad
SIN SUB	p108655	Juegos de mesa/Otros juegos			Kit Científico Famemaster Modelo de Anatomía de Jirafa 37 cm
SIN SUB	p108656	Juegos de mesa/Otros juegos			Kit Inicial Educativo Beyond123 BambinoLUK
SIN SUB	p108658	Juegos de mesa/Otros juegos			Libro Running Press Mini Ediciones Itty-Bitty Marquee
SIN SUB	p108659	Juegos de mesa/Otros juegos			Sensory Bin Horizon Group USA Paw Patrol Seek & Find +3 años
SIN SUB	p108665	Juegos de mesa/Otros juegos			Kit de Manualidades Skillmatics Bluey Diversión con Papel Metalizado Sin Desorden
SIN SUB	p108667	Juegos de mesa/Otros juegos			Libro de Pegatinas JOYIN 3 Paquetes con Temas Reutilizables de Vestir
SIN SUB	p108668	Juegos de mesa/Otros juegos			Bomba de Agua Exokugo Diseño de Ballena 3 Modos de Rociado Impermeable
SIN SUB	p108671	Juegos de mesa/Otros juegos			Bloc de pegatinas Melissa & Doug Sweets and Treats con 500 pegatinas
SIN SUB	p108672	Juegos de mesa/Otros juegos			Play Dough Colorations sin trigo ni gluten 680 g 6 colores clásicos
SIN SUB	p108673	Juegos de mesa/Otros juegos			Mini Terrario Mi Jardín de Hadas Rincón de Ortigas
SIN SUB	p108675	Juegos de mesa/Otros juegos			Pelotas de Playa Rindion Paquete de 6 Unidades 10" PVC Arcoíris
SIN SUB	p108677	Juegos de mesa/Otros juegos			Toy Learning Resources Peekaboo Learning Farm 10 piezas
SIN SUB	p108681	Juegos de mesa/Otros juegos			Set de juego Popdarts PRO Pack (Rizzle) con ventosa para interiores y exteriores
SIN SUB	p108682	Juegos de mesa/Otros juegos			Set de juego Outdoor Flying Disc Bottle Bash USA con postes y botellas
SIN SUB	p108683	Juegos de mesa/Otros juegos			Juego Foxtail con luces LED para lanzar y atrapar al aire libre
SIN SUB	p108684	Juegos de mesa/Otros juegos			Set de 300 Mini Pizarras Magnéticas para Dibujar Bedwina con Llavero
SIN SUB	p108686	Juegos de mesa/Otros juegos			Kit Casa de Hadas PRETMANNS Piña 198 cm de Alto 4 Piezas
SIN SUB	p108689	Juegos de mesa/Otros juegos			Waterfootball HydroSport impermeable para piscina playa lago
SIN SUB	p108694	Juegos de mesa/Otros juegos			Consola de Juegos Portátil WOWCUBE con 24 Pantallas y Más de 100 Juegos
SIN SUB	p108695	Juegos de mesa/Otros juegos			Set de 2 Pistolas de Agua XSHOT Fast-Fill Medianas 700 ml
SIN SUB	p108696	Juegos de mesa/Otros juegos			Aro de Baloncesto Flotante 2 en 1 para Piscina con Tablero y Juego de Lanzamiento de Aros Juguete Fl
SIN SUB	p108698	Juegos de mesa/Otros juegos			Set de 4 Pistolas de Agua Super Soaker Mini Dunk-Fill 101 ml
SIN SUB	p108699	Juegos de mesa/Otros juegos			Juego Activo Little Tikes Luz Roja Luz Verde
SIN SUB	p108705	Juegos de mesa/Otros juegos			Kit DIY de Rinconcito de Libro Tonecheer Sweet Dream con Luz LED
SIN SUB	p108706	Juegos de mesa/Otros juegos			Modelo de Cerebro Avarstic 8 Partes Magnéticas Desmontables en PVC 16 cm
SIN SUB	p108707	Juegos de mesa/Otros juegos			Set Completo de Mahjong Americano DEALZOOM con 166 Fichas y Accesorios
SIN SUB	p108709	Juegos de mesa/Otros juegos			Herramienta Makedo Sierra Segura con Hoja de Acero sin Bordes Afilados
SIN SUB	p108710	Juegos de mesa/Otros juegos			Set de Actividades Tara Toys Disney Stitch 3 en 1
SIN SUB	p108714	Juegos de mesa/Otros juegos			Craft Kit dazzidoo miniazulejo magnético con 12 imanes para azulejos
SIN SUB	p108715	Juegos de mesa/Otros juegos			Herramienta para atrapar insectos Carson BugView lupa de liberación rápida color verde
SIN SUB	p108716	Juegos de mesa/Otros juegos			Set de sellos Melissa & Doug Stamp-a-Scene Fairy Garden
SIN SUB	p108721	Juegos de mesa/Otros juegos			Kit de Modelo Musical 3D de Madera Tonecheer Nave Viajera del Viento
SIN SUB	p108729	Juegos de mesa/Otros juegos			Juego de Hockey de Escritorio Running Press Mini Editions
SIN SUB	p108735	Juegos de mesa/Otros juegos			Set de 4 Soportes para Mahjong MUTEX de Madera de Cerezo 44 cm
SIN SUB	p108740	Juegos de mesa/Otros juegos			Kit educativo Makedo Scru Combo de 160 piezas
SIN SUB	p108742	Juegos de mesa/Otros juegos			Paquete de 15 Pellets Grandes de Búho Cárabo Pioneer
SIN SUB	p108744	Juegos de mesa/Otros juegos			Set de Fichas de Mahjong Dolcety 166 Fichas Blancas con Bolsa de Viaje
SIN SUB	p108747	Juegos de mesa/Otros juegos			Set de Mahjong Americano MUTEX con 166 Fichas y Bolsa Impermeable
SIN SUB	p108748	Juegos de mesa/Otros juegos			Expansión de juegos de mesa Dixit Origins 84 Cards Libellud
SIN SUB	p108749	Juegos de mesa/Otros juegos			Set de 4 Soportes para Mahjong MUTEX de Madera de Nogal 44 cm con Empujadores
SIN SUB	p108751	Juegos de mesa/Otros juegos			Flash Cards BLUE PANDA 205 banderas de países del mundo
SIN SUB	p108752	Juegos de mesa/Otros juegos			Microscopio de bolsillo Carson MicroBrite Plus 60x-120x con iluminación LED
SIN SUB	p108755	Juegos de mesa/Otros juegos			Kit de Pintura por Números Pink Picasso Sundae Rosa 20x25 cm
SIN SUB	p108757	Juegos de mesa/Otros juegos			Set de Mahjong MAJONIX de acrílico 160 fichas bolsa portátil
SIN SUB	p108762	Juegos de mesa/Otros juegos			Kit de pintura Dan&Darci Egg Squishy con 6 Slow Rising Squishies
SIN SUB	p108763	Juegos de mesa/Otros juegos			Circuito de canicas de madera Golden Age set de 60 piezas
SIN SUB	p108764	Juegos de mesa/Otros juegos			Lanzador de Pistola de Agua Stream Machine de un Solo Cañón
SIN SUB	p108769	Juegos de mesa/Otros juegos			Slime Kit de papelería original con diseño de sirena 35 piezas niñas de 8 a 12 años
SIN SUB	p108770	Juegos de mesa/Otros juegos			Piscina inflable SwimSchool Baby Splash con toldo
SIN SUB	p108771	Juegos de mesa/Otros juegos			Juguetes plegables para piscina Swim Thru Rings Stream Machine de 76 cm
SIN SUB	p108772	Juegos de mesa/Otros juegos			AR Interactive Globe Toy PlayShifu Orboot Earth Explorer
SIN SUB	p108775	Juegos de mesa/Otros juegos			Mini golf de escritorio
SIN SUB	p108776	Juegos de mesa/Otros juegos			Juego de curling de escritorio Running Press Mini Editions
SIN SUB	p108778	Juegos de mesa/Otros juegos			Tapete para dibujar con agua LUPPA Evie Pig 50 x 70 cm portátil
SIN SUB	p108779	Juegos de mesa/Otros juegos			Kit lanzador de globos de muñeca Stream Machine con 72 globos
SIN SUB	p108780	Juegos de mesa/Otros juegos			Pistola de agua eléctrica Mikiomie 800 cc con succión automática y LED
SIN SUB	p108781	Juegos de mesa/Otros juegos			Mini coleccionables MGA's Miniverse Hello Kitty Serie 2 6 unidades
SIN SUB	p108782	Juegos de mesa/Otros juegos			Juego de serpientes de goma para bromas ANABIUP 3 piezas con cuerda y clip
SIN SUB	p108784	Juegos de mesa/Otros juegos			Set de Mahjong MAJONIX de acrílico con 160 fichas y bolsa portátil
SIN SUB	p108786	Juegos de mesa/Otros juegos			Set de juego de mahjong MAJONIX de acrílico 160 fichas rosa
SIN SUB	p108797	Juegos de mesa/Otros juegos			Juego de Mahjong Aceshmir de 146 piezas con fichas de melamina y estuche
SIN SUB	p108798	Juegos de mesa/Otros juegos			Caja Montessori de madera BoxNoble 3 en 1 para clasificación de colores
SIN SUB	p108799	Juegos de mesa/Otros juegos			Tapete de juego STORKY MTG 61 x 36 cm con superficie de goma y bolsa
SIN SUB	p108801	Juegos de mesa/Otros juegos			Tapete de juego STORKY MTG TCG 61 x 36 cm de goma antideslizante
SIN SUB	p108802	Juegos de mesa/Otros juegos			Tapete de juego MTG STORKY 61 x 36 cm de goma antideslizante con bolsa
SIN SUB	p108804	Juegos de mesa/Otros juegos			Tapete de juego STORKY MTG 61 x 36 cm de goma antideslizante con bolsa
SIN SUB	p108811	Juegos de mesa/Otros juegos			Kit creativo de Súper Arena mágica
SIN SUB	p108816	Juegos de mesa/Otros juegos			Bolsa para fichas de Mahjong Asmeet para 166 fichas 23 x 15 x 8 cm
SIN SUB	p108817	Juegos de mesa/Otros juegos			Conjunto completo de preescolar Calvert de matemáticas fonética y materias complementarias
SIN SUB	p108821	Juegos de mesa/Otros juegos			Disney Toy Story 5 Set de dibujar y borrar Lilypad de 22 cm
SIN SUB	p108823	Juegos de mesa/Otros juegos			Juego de ensamble Acrobageometrix Educrea
SIN SUB	p108824	Juegos de mesa/Otros juegos			Cilindros de encaje
SIN SUB	p108825	Juegos de mesa/Otros juegos			Laberinto Roller
SIN SUB	p108827	Juegos de mesa/Otros juegos			Kit de excavación de gemas de unicornio GirlZone con slime y pulsera
SIN SUB	p108828	Juegos de mesa/Otros juegos			Kit de cultivo de cristales de unicornio Original Stationery 16 x 15 cm
SIN SUB	p108831	Juegos de mesa/Otros juegos			Pelota inflable 9 Square Castle Sports de 12" verde fluorescente
SIN SUB	p108833	Juegos de mesa/Otros juegos			Set de 4 lectores de líneas de Mahjong de madera Bobby Creativity
SIN SUB	p108835	Juegos de mesa/Otros juegos			Kit de arcilla KizDoToy Dino Land de 6 piezas set de modelado de secado al aire
SIN SUB	p108837	Juegos de mesa/Otros juegos			Lienzo para pintar por numero Florero blanco
SIN SUB	p108838	Juegos de mesa/Otros juegos			Lienzo para pintar por numero Romance París
SIN SUB	p108839	Juegos de mesa/Otros juegos			Lienzo para pintar por numero Los girasoles
SIN SUB	p108840	Juegos de mesa/Otros juegos			Lienzo para pintar por numero ojo
SIN SUB	p108841	Juegos de mesa/Otros juegos			Lienzo para pintar por numero La gran manzana
SIN SUB	p108842	Juegos de mesa/Otros juegos			Lienzo para pintar por numero Venado de colores
SIN SUB	p108843	Juegos de mesa/Otros juegos			Lienzo para pintar por numero Gallo loco
SIN SUB	p108845	Juegos de mesa/Otros juegos			Kit de Adorno Navideño Sorpresa de Ciencia Blue Marble con 4 Kits de Excavación
SIN SUB	p108848	Juegos de mesa/Otros juegos			Volareo Marcadores para Tren Mexicano paquete de 18 colores surtidos
SIN SUB	p108857	Juegos de mesa/Otros juegos			Kit de aula de matemáticas hand2mind VersaTiles para 4.º grado
SIN SUB	p108860	Juegos de mesa/Otros juegos			Juego de ensamble Acrobageometrix
SIN SUB	p108862	Juegos de mesa/Otros juegos			Juego de ensamble Cadenamix
SIN SUB	p108864	Juegos de mesa/Otros juegos			Juego de ensamble Tubicolor
SIN SUB	p108866	Juegos de mesa/Otros juegos			Juego de ensamble Rocket
SIN SUB	p108880	Juegos de mesa/Otros juegos			Set creativo Tara Toys Gabby's Dollhouse con funda y accesorios
SIN SUB	p108881	Juegos de mesa/Otros juegos			Conjunto de actividades hand2mind MathLink Cubes Numberblocks 21-30
SIN SUB	p108886	Juegos de mesa/Otros juegos			Set de actividades hand2mind Numberblocks Blockzee con 61 cubos
SIN SUB	p108887	Juegos de mesa/Otros juegos			Kit de cultivo de mariposas National Geographic con 5 orugas
SIN SUB	p108888	Juegos de mesa/Otros juegos			Kit de manualidades Llaveros ORIENTAL CHERRY GEM de 8 a 12 años
SIN SUB	p108890	Juegos de mesa/Otros juegos			Juego Fotorama Burger Mania Sizzling Build-A-Burger desde hace más de 6 años
SIN SUB	p108892	Juegos de mesa/Otros juegos			Mesa de agua y arena Wee Wonders de 3 niveles con sombrilla y juguetes
SIN SUB	p108893	Juegos de mesa/Otros juegos			Kit Rainbow Loom Mighty Rainbow Case con 6000 ligas
SIN SUB	p108896	Juegos de mesa/Otros juegos			Puerta y ventanas de hadas para árbol con decoración que brilla en la oscuridad
SIN SUB	p108898	Juegos de mesa/Otros juegos			Juego WHAT DO YOU MEME? Family Pets Only Edition
SIN SUB	p108900	Juegos de mesa/Otros juegos			Agenda visual HANUSTARS de 60 piezas con bolsa para tareas
SIN SUB	p108905	Juegos de mesa/Otros juegos			Pelotas oficiales GoPong para beer pong paquete de 36 40 mm blancas
SIN SUB	p108908	Juegos de mesa/Otros juegos			Buscador magnificador de mahjong KAIBERYL de 15 cm con línea guía
SIN SUB	p108909	Juegos de mesa/Otros juegos			Tabla magnética para el entrenamiento para ir al baño Bright Seed Sirenas Brillantes 30x25 cm
SIN SUB	p108912	Juegos de mesa/Otros juegos			Pinball de mesa OLEOCA con temática espacial para 1-2 jugadores
SIN SUB	p108913	Juegos de mesa/Otros juegos			Kit de práctica de soldadura tingbowie para entrenamiento en electrónica DIY
SIN SUB	p108917	Juegos de mesa/Otros juegos			Kit de excavación Blue Marble: rocas y dinosaurios que brillan en la oscuridad
SIN SUB	p108918	Juegos de mesa/Otros juegos			Tarro de recompensas para entrenamiento para ir al baño Yoink con 27 fichas
SIN SUB	p108920	Juegos de mesa/Otros juegos			Marcadores de tren Mexican Train Volareo paquete de 9 colores surtidos
SIN SUB	p108921	Juegos de mesa/Otros juegos			Pulidora de piedras VIYUKI de 3 lb de capacidad kit con motor de 120V
SIN SUB	p108925	Juegos de mesa/Otros juegos			Tangram de madera
SIN SUB	p108926	Juegos de mesa/Otros juegos			Lienzo para pintar ppn búho y luna
SIN SUB	p108927	Juegos de mesa/Otros juegos			Lienzo para pintar ppn aventura espacial
SIN SUB	p108928	Juegos de mesa/Otros juegos			Lienzo para pintar ppn leo el león
SIN SUB	p108929	Juegos de mesa/Otros juegos			Lienzo para pintar ppn pez 1
SIN SUB	p108930	Juegos de mesa/Otros juegos			Lienzo para pintar ppn elefante splash
SIN SUB	p108931	Juegos de mesa/Otros juegos			Lienzo para pintar ppn dinosuario
SIN SUB	p108934	Juegos de mesa/Otros juegos			Bingo para Noche de Película XOXO Parents set de 4 tarjetas reutilizables
SIN SUB	p108935	Juegos de mesa/Otros juegos			Kit de slime Elmer's Eclipse Cosmic Purple Glitter de 4 piezas
SIN SUB	p108937	Juegos de mesa/Otros juegos			Solución activadora para slime 473 ml no tóxica con bórax
SIN SUB	p108939	Juegos de mesa/Otros juegos			Mapa mural de Estados Unidos Imagimake con más de 100 stickers reutilizables
SIN SUB	p108941	Juegos de mesa/Otros juegos			Juego terapéutico StrongSuit Vibes 2 en 1 de diana emocional
SIN SUB	p108943	Juegos de mesa/Otros juegos			Kit de juego de figuras con cuerdas Cat's Cradle Dan&Darci libro con hilo arcoíris
SIN SUB	p108946	Juegos de mesa/Otros juegos			Set de 6 relojes didácticos con engranajes codificados por color hand2mind
SIN SUB	p108947	Juegos de mesa/Otros juegos			Tapete para juegos STORKY 61 x 36 cm de goma antideslizante de 3 mm de grosor
SIN SUB	p108948	Juegos de mesa/Otros juegos			Juego de tetherball de escritorio Running Press Mini Editions
SIN SUB	p108956	Juegos de mesa/Otros juegos			Tapete de juego STORKY 61 x 36 cm de goma antideslizante para gaming
SIN SUB	p108957	Juegos de mesa/Otros juegos			Tapete de juego STORKY 61 x 36 cm de goma antideslizante
SIN SUB	p108959	Juegos de mesa/Otros juegos			Tapete de juego STORKY 61 x 36 cm de goma antideslizante con bolsa
SIN SUB	p108960	Juegos de mesa/Otros juegos			Tapete de juego STORKY 61 x 36 cm de goma antideslizante de 3 mm de grosor
SIN SUB	p108962	Juegos de mesa/Otros juegos			Tapete de juego STORKY 61 x 36 cm de goma antideslizante 3 mm de grosor
SIN SUB	p108963	Juegos de mesa/Otros juegos			Tapete de juego STORKY 61x36 cm Skull TCG antideslizante de 3 mm
SIN SUB	p108966	Juegos de mesa/Otros juegos			Tapete de juego STORKY 61 x 36 cm de goma antideslizante para TCG
SIN SUB	p108967	Juegos de mesa/Otros juegos			Libro de actividades matemáticas educativas
SIN SUB	p108970	Juegos de mesa/Otros juegos			Mesa De Billar Portatil Plegable VANLIG | Salon De Juegos Bar Torneos
SIN SUB	p108972	Juegos de mesa/Otros juegos			Tapete de juego GuarditechProX One Piece TCG 35 x 60 cm con set
SIN SUB	p108975	Juegos de mesa/Otros juegos			Kit de resina para manualidades GooCare bandeja floral negra Pro de 30 cm
SIN SUB	p108977	Juegos de mesa/Otros juegos			Rueda traductora de jerga Slang-o-Matic de Dissent Pins 20 x 22 cm
SIN SUB	p108978	Juegos de mesa/Otros juegos			Mini Mahjer: set inicial de mahjong americano con fichas y guía
SIN SUB	p108979	Juegos de mesa/Otros juegos			Tapete de juego Cylvenor One Piece TCG 61 x 36 cm de goma
SIN SUB	p108980	Juegos de mesa/Otros juegos			Set de tapete de juego GuarditechProX One Piece TCG 35 x 60 cm
SIN SUB	p108981	Juegos de mesa/Otros juegos			Juego DŌTEKI Multiplayer Battle Pack Heatoru & Arctos
SIN SUB	p108984	Juegos de mesa/Otros juegos			Libro de actividades Six-Seven Puzzles publicado de forma independiente
SIN SUB	p108990	Juegos de mesa/Otros juegos			Tatuajes temporales Dover Publications Mini Bugs 15 piezas
SIN SUB	p108991	Juegos de mesa/Otros juegos			Estandarte de activación deluxe Bolton CMON
SIN SUB	p108993	Juegos de mesa/Otros juegos			Expansión Fantasy Flight Games Legend of the Five Rings LCG
SIN SUB	p108995	Juegos de mesa/Otros juegos			Game of Thrones LCG Fantasy Flight: La caída de Astapor
SIN SUB	p108997	Juegos de mesa/Otros juegos			Libro Novela corta «Subtraction» publicado de forma independiente
SIN SUB	p109001	Juegos de mesa/Otros juegos			Cuaderno de trazado de letras ABC A-Z
SIN SUB	p109008	Juegos de mesa/Otros juegos			Runewars Miniatures Game: Pack de expansión Kethra A'laak
SIN SUB	p109010	Juegos de mesa/Otros juegos			Playmobil Junior Aqua Tanque de Agua con Tobogán
SIN SUB	p109011	Juegos de mesa/Otros juegos			Libro de actividades My Magic Eyes: juegos
SIN SUB	p109015	Juegos de mesa/Otros juegos			Pack de expansión Fantasy Flight Games Runewars Maegen Cyndewin
SIN SUB	p109016	Juegos de mesa/Otros juegos			Expansión Prince Faolan para Runewars Miniatures Game
SIN SUB	p109017	Juegos de mesa/Otros juegos			Sudoku para llevar Brain Games con diseño floral en acuarela
SIN SUB	p109018	Juegos de mesa/Otros juegos			Aviones de papel Express nivel principiante ¡A volar!
SIN SUB	p109020	Juegos de mesa/Otros juegos			Publications International Ltd. Brain Games Flores
SIN SUB	p109021	Juegos de mesa/Otros juegos			Lienzo para pintar ppn tres perros
SIN SUB	p109022	Juegos de mesa/Otros juegos			Lienzo para pintar ppn tres gatos
SIN SUB	p109027	Juegos de mesa/Otros juegos			Brain Games Sudoku para llevar con portada floral
SIN SUB	p109028	Juegos de mesa/Otros juegos			Play-Doh Slime Nube Rosa y Azul con Aroma a Algodón de Azúcar 170 g
SIN SUB	p109029	Juegos de mesa/Otros juegos			Libro publicado de forma independiente: ¿Preferirías... baloncesto?
SIN SUB	p109036	Juegos de mesa/Otros juegos			Colección PC Game iWin The Quest Trio Mahjong
SIN SUB	p109039	Juegos de mesa/Otros juegos			Libro de actividades: ¿Qué preferirías? Edición camping
SIN SUB	p109044	Juegos de mesa/Otros juegos			Libro de Sudoku Vol. 5 Fácil
SIN SUB	p109051	Juegos de mesa/Otros juegos			Colección temática Holiday Hands Edición 2026 de Mah Jongg
SIN SUB	p109055	Juegos de mesa/Otros juegos			Libro de cuadrículas de lógica de detective junior publicación independiente
SIN SUB	p109060	Juegos de mesa/Otros juegos			Libro de actividades Independently published America Turns 250
SIN SUB	p109062	Juegos de mesa/Otros juegos			Tablero de cribbage de madera Pacific Shore Games Nogal 3 carriles
SIN SUB	p109073	Juegos de mesa/Otros juegos			Figura de Bingo para pintar por tu cuenta
SIN SUB	p109082	Juegos de mesa/Otros juegos			Set de fichas de Mahjong Color Al chemist de 166 fichas acrílicas con estuche
SIN SUB	p109087	Juegos de mesa/Otros juegos			Flotador Arcoíris con Asiento y Aro de Brazos para Bebés,Cámara de Agua de PVC en 7 Colores, Diseño 
SIN SUB	p109088	Juegos de mesa/Otros juegos			Flotador de Sirena y Avión para Bebés con Pistola de Agua,Asiento Antivuelco de PVC con Diseño de Co
SIN SUB	p109099	Juegos de mesa/Otros juegos			Flotador para Bebés con Sombrilla y Asiento Antivuelco,Cámara de Agua de PVC con Protección Solar, H
SIN SUB	p109106	Juegos de mesa/Otros juegos			Kit de slime Elmer's Infinity and Beyond de 10 piezas de Toy Story
SIN SUB	p109109	Juegos de mesa/Otros juegos			Libro Ace: El escenario del fin del mundo de Carl (Dungeon Crawler Carl)
SIN SUB	p109118	Juegos de mesa/Otros juegos			Kit de casita para pájaros DIY Pontuss de madera con set de pintura
SIN SUB	p109119	Juegos de mesa/Otros juegos			Kit de manualidades Paladone Minecraft Creeper para crear stickers 3D
SIN SUB	p109120	Juegos de mesa/Otros juegos			Kit de juguete Timetome Magic Water Elf con 20 geles y 10 moldes
SIN SUB	p109121	Juegos de mesa/Otros juegos			Lehoo Castle Castillo de Madera Montessori con Martillo y Xilófono
SIN SUB	p109122	Juegos de mesa/Otros juegos			Juego de gato magnético promocional de escritorio-junk
SIN SUB	p109123	Juegos de mesa/Otros juegos			Mini coleccionables MGA's Miniverse Make It Mini Café Serie 6
SIN SUB	p109127	Juegos de mesa/Otros juegos			Juego educativo de mapa del mundo Imagimake con stickers reutilizables
SIN SUB	p109130	Juegos de mesa/Otros juegos			Juego de despedida de soltera Diakos 8 en 1 para 50 invitados
SIN SUB	p109137	Juegos de mesa/Otros juegos			Kit de geodas TruEnergy 20 cristales marroquíes reales 25-38 cm
SIN SUB	p109141	Juegos de mesa/Otros juegos			Kit de manualidades para construir y pintar hábitat para abejas Blue Marble
SIN SUB	p109144	Juegos de mesa/Otros juegos			Kit de juguete Albxiu de elfos de agua mágicos con 22 geles y moldes
SIN SUB	p109146	Juegos de mesa/Otros juegos			Kit de ciencia Blue Marble Geoda gigante 11-13 cm
SIN SUB	p109151	Juegos de mesa/Otros juegos			Tablero de cribbage Queensell de madera con 4 pistas
SIN SUB	p109152	Juegos de mesa/Otros juegos			Aro de baloncesto flotante para piscina HYES juego 2 en 1
SIN SUB	p109154	Juegos de mesa/Otros juegos			Juguete MGA's Miniverse Make It Mini Spring DIY Crafts
SIN SUB	p109155	Juegos de mesa/Otros juegos			Bloc de stickers Melissa & Doug Buzz Lightyear 300 stickers
SIN SUB	p109157	Juegos de mesa/Otros juegos			Juego de viaje de fichas Big Potato OK Play impermeable
SIN SUB	p109159	Juegos de mesa/Otros juegos			Kit de actividades Blue Marble Aventura Pirata con catalejo
SIN SUB	p109163	Juegos de mesa/Otros juegos			Kit de ciencia Blue Marble: increíblemente asqueroso set de química
SIN SUB	p109164	Juegos de mesa/Otros juegos			Kit de hotel para insectos SparkJump de madera para manualidades con pinturas y herramientas
SIN SUB	p109165	Juegos de mesa/Otros juegos			Teclado educativo de matemáticas Small World Toys de sumas y restas
SIN SUB	p109166	Juegos de mesa/Otros juegos			Kit de disección Tiburón Blanco Brillante Blue Marble Anatomía
SIN SUB	p109167	Juegos de mesa/Otros juegos			¿Qué con qué? asociación  de imágenes
SIN SUB	p109169	Juegos de mesa/Otros juegos			Sopa de silabas
SIN SUB	p109173	Juegos de mesa/Otros juegos			Centro de guardería Playard Pamo Babe Deluxe con capazo gris
SIN SUB	p109174	Juegos de mesa/Otros juegos			Play Space Evenflo versátil 6 paneles ajustables (gris frío)
SIN SUB	p109175	Juegos de mesa/Otros juegos			Organizador de juguetes Delta Children Disney Mickey Mouse 6 contenedores
SIN SUB	p109176	Juegos de mesa/Otros juegos			Organizador universal para cochecitos Momcozy con portavasos aislante
SIN SUB	p109178	Juegos de mesa/Otros juegos			Baby Trend Lil' Snooze Deluxe III Cozy Mint con capazo
SIN SUB	p109180	Juegos de mesa/Otros juegos			Libro publicado de forma independiente Mi bebé deportista
SIN SUB	p109181	Juegos de mesa/Otros juegos			Libro de sopa de letras publicado de forma independiente: Encuentra al capibara
SIN SUB	p109183	Juegos de mesa/Otros juegos			Providence (Tides of Fortune) - Libro de publicación independiente
SIN SUB	p109184	Juegos de mesa/Otros juegos			Libro de actividades 6...7... ¡Otra vez estoy aburrido!
SIN SUB	p109189	Juegos de mesa/Otros juegos			Juego educativo Skillmatics Search & Find PAW Patrol
SIN SUB	p109193	Juegos de mesa/Otros juegos			Kit Diorama de Animales de la Selva Tropical LuciPaw de 33 Piezas
SIN SUB	p109197	Juegos de mesa/Otros juegos			Mesa Multijuego 6 en 1 VANLIG | Plegable Billar Hockey Tenis Bolos Tejo
SIN SUB	p109198	Juegos de mesa/Otros juegos			Mesa Multijuegos 4 En 1 VANLIG | Futbolito Hockey Billar Ping Pong
SIN SUB	p109203	Juegos de mesa/Otros juegos			Libro de colorear y actividades de dinosaurios publicación independiente
SIN SUB	p109222	Juegos de mesa/Otros juegos			Tapete de juego Star Wars Unlimited TIE Fighter Prime Gamegenic
SIN SUB	p109228	Juegos de mesa/Otros juegos			Huevos de triops Red Longicaudatus GREEN WATER FARM 200 unidades
SIN SUB	p109238	Juegos de mesa/Otros juegos			Set de juego de arenero John Deere con 5 camiones y tapa
SIN SUB	p109239	Juegos de mesa/Otros juegos			Juego de Hilo Clásico Dan&Darci - Cat's Cradle
SIN SUB	p109241	Juegos de mesa/Otros juegos			BONNYCO Juego de 4 en Raya paquete de 16 mini juegos de mesa de viaje
SIN SUB	p109245	Juegos de mesa/Otros juegos			Ruleta de premios Pionites de 20 cm para mesa con marcador
SIN SUB	p109247	Juegos de mesa/Otros juegos			Canicas de cristal POPLAY coloridas 15 cm a granel 60 piezas para juegos infantiles
SIN SUB	p109248	Juegos de mesa/Otros juegos			Kits de ciencia JOYIN de 6 piezas con huevos de Pascua y experimentos
SIN SUB	p109249	Juegos de mesa/Otros juegos			Juguetes de baño con chorrito para bebé MIWEN juguetes acuáticos de tiburón para bañera 4 piezas
SIN SUB	p109250	Juegos de mesa/Otros juegos			Libro Ace Dungeon Crawler Carl
SIN SUB	p109251	Juegos de mesa/Otros juegos			Libro This Inevitable Ruin: Dungeon Crawler Carl
SIN SUB	p109254	Juegos de mesa/Otros juegos			Kit de diario DIY Nsrzua para niñas de 8 a 14 años regalo de cumpleaños
SIN SUB	p109255	Juegos de mesa/Otros juegos			Juego de cuencos con fuente para baño y agua Toy PlanToys 5714
SIN SUB	p109256	Juegos de mesa/Otros juegos			Barquitos de baño SplashEZ set flotante de 3 piezas sin moho
SIN SUB	p109257	Juegos de mesa/Otros juegos			Juego de bingo de San Valentín JOYIN para 28 jugadores
SIN SUB	p109259	Juegos de mesa/Otros juegos			Juego de matemáticas Math Magic Fraction War: divertidas tarjetas de aprendizaje
SIN SUB	p109261	Juegos de mesa/Otros juegos			Juego de baloncesto de mesa Franklin Sports WNBA Mini Hoop
SIN SUB	p109263	Juegos de mesa/Otros juegos			Clasificador de formas de madera Montessori Fisher-Price para bebés
SIN SUB	p109270	Juegos de mesa/Otros juegos			Libro Ace: A Parade of Horribles (Dungeon Crawler Carl)
SIN SUB	p109273	Juegos de mesa/Otros juegos			ZL-YXL-ZQT
SIN SUB	p109290	Juegos de mesa/Otros juegos			Bloc de actividades y pegatina con estampado Melissa & Doug PAW Patrol
SIN SUB	p109295	Juegos de mesa/Otros juegos			Bloc de stickers Melissa & Doug PAW Patrol Chase 300 stickers
SIN SUB	p109319	Juegos de mesa/Otros juegos			Miniverse Make It Mini Hello Kitty Series 2 de MGA
SIN SUB	p109320	Juegos de mesa/Otros juegos			Pantalla de Juego Free League ALIEN RPG Edición Evolucionada
SIN SUB	p109329	Juegos de mesa/Otros juegos			Kit de juego acuático de peces/aros intex 55507
SIN SUB	p109337	Juegos de mesa/Otros juegos			Set PMI Baby Shark Stampers S1 con 12 sellos pegatinas y rotuladores
SIN SUB	p109340	Juegos de mesa/Otros juegos			Tarjetas de conversación TALES Friends Edition 150 tarjetas
SIN SUB	p109346	Juegos de mesa/Otros juegos			Pressman de Tumble Game
SIN SUB	p109347	Juegos de mesa/Otros juegos			Juego de expansión Legendary 007 Thunderball James Bond
SIN SUB	p109348	Juegos de mesa/Otros juegos			Chaleco salvavidas Swimways Nickelodeon Paw Patrol para aprender a nadar
SIN SUB	p109353	Juegos de mesa/Otros juegos			Flotador Tipo Asiento con Sombrilla para Bebé - Cámara de Agua con Diseño de Conejo, Antivuelco y Pr
SIN SUB	p109354	Juegos de mesa/Otros juegos			Flotador Tipo Asiento con Sombrilla y Diseño Retro de Piruleta - Cámara de Agua Inflable para Bebés 
SIN SUB	p109360	Juegos de mesa/Otros juegos			Flotador Tipo Asiento con Volante y Diseño de Sirena - Cámara de Agua Extra Grande para Niñas, Estil
SIN SUB	p109365	Juegos de mesa/Otros juegos			Flotador Tipo Asiento Color Rosa con Diseño de Dona y Helado - Cámara de Agua con Paredes Gruesas pa
SIN SUB	p109368	Juegos de mesa/Otros juegos			Flotador de pato amarillo para bebé con tanque de agua, cinturón de seguridad y base tipo pantalón; 
SIN SUB	p109369	Juegos de mesa/Otros juegos			Card Game Chronicle Books Dotes y coqueteos de Jane Austen
SIN SUB	p109370	Juegos de mesa/Otros juegos			Reserve WizKids Pocket Eyewitness Cars: hechos al alcance de su mano
SIN SUB	p109373	Juegos de mesa/Otros juegos			Juego de Academia de Batalla Pokémon TCG
SIN SUB	p109379	Juegos de mesa/Otros juegos			Set de actividades Lace and Trace de Melissa & Doug para mascotas de más de 3 años
SIN SUB	p109383	Juegos de mesa/Otros juegos			Dispositivo de flotación de agua Intex 59220NP Animal Split anillo de natación
SIN SUB	p109406	Juegos de mesa/Otros juegos			Expansión de juegos de mesa CMON Cthulu: Death May Die Yog-sothoth
SIN SUB	p109422	Juegos de mesa/Otros juegos			Flota de piscina para bebés Swimways con toldo en forma de sirena
SIN SUB	p109424	Juegos de mesa/Otros juegos			Juguete Daruma Otoshi Tomerry de madera tradicional japonesa 22 x 47 cm
SIN SUB	p109428	Juegos de mesa/Otros juegos			Juego familiar Spin Master Games Barrel of Monkeys Retro
SIN SUB	p109434	Juegos de mesa/Otros juegos			Aleta para natación tipo sirena (monofín)
SIN SUB	p109435	Juegos de mesa/Otros juegos			Aleta ajustable para natacion tipo sirena (monifin)
SIN SUB	p109437	Juegos de mesa/Otros juegos			Dardera Magnética Doble Vista
SIN SUB	p109443	Juegos de mesa/Otros juegos			Canasta de Basketball Ajustable Bluelander  Incluye Balón No.5, Bomba de Aire, Portátil.
SIN SUB	p109444	Juegos de mesa/Otros juegos			Juego Educativo De Lectura Osmo Reading Adventure Sin Base
SIN SUB	p109445	Juegos de mesa/Otros juegos			Juego Educativo OSMO Genius Starter Kit para Fire Tablet + Family Game Night - 7 juegos educativos d
SIN SUB	p109446	Juegos de mesa/Otros juegos			Osmo Math Wizard And The Enchanted World Games para iPad y Fire Tablet Juego interactivo educativo (
SIN SUB	p109447	Juegos de mesa/Otros juegos			OSMO Genius Tangram para iPhone, iPad y Tableta Fire – Juego Educativo Interactivo (requiere base Os
SIN SUB	p109448	Juegos de mesa/Otros juegos			Juguete Osmo Detective Agency Starter Kit para iPad - Juego interactivo educativo
SIN SUB	p109449	Juegos de mesa/Otros juegos			Osmo Juguete Educativo Little Genius Starter Kit para Fire Tablet + Early Math Adventure - 6 juegos 
SIN SUB	p109450	Juegos de mesa/Otros juegos			Osmo Juguete Educativo Little Genius Para iPad - 4 juegos educativos de aprendizaje
SIN SUB	p109451	Juegos de mesa/Otros juegos			Base Osmo Para Fire Tablet Incluye Reflector Necesarios Para Juegos (Compatible Con Juegos Osmo)
SIN SUB	p109452	Juegos de mesa/Otros juegos			Juego Educativo De Creatividad Osmo Little Genius Costume Pieces - Accesorio para juegos Osmo (requi
SIN SUB	p109453	Juegos de mesa/Otros juegos			Osmo Little Genius Sticks & Rings - Accesorio para juegos Osmo (requiere base Osmo, no incluida)
SIN SUB	p109454	Juegos de mesa/Otros juegos			Juego Educativo OSMO Math Wizard and The Secrets of the Dragons - Juego educativo para iPad y Fire T
SIN SUB	p109456	Juegos de mesa/Otros juegos			Osmo Juguete Educativo Super Studio Disney Princesas Starter Kit - Aprende Dibujos de Disney Princes
SIN SUB	p109457	Juegos de mesa/Otros juegos			Base Osmo Para iPad Incluye Reflector Necesarios Para Juegos (Compatible Con Juegos Osmo)
SIN SUB	p109458	Juegos de mesa/Otros juegos			Juego Educativo De Matemáticas OSMO Genius Numbers Tiles - Piezas de Reemplazo o Adicionales Para Ju
SIN SUB	p109459	Juegos de mesa/Otros juegos			Juguete Osmo Genius Words Starter Kit para iPad - juego educativo de aprendizaje
SIN SUB	p109460	Juegos de mesa/Otros juegos			Juguete Osmo Little Genius Sticks & Rings Starter Kit Para iPad con 2 juegos educativos de aprendiza
SIN SUB	p109461	Juegos de mesa/Otros juegos			Osmo Math Wizard and The Fantastic Food Truck Co. Juego educativo de geometría para iPad y Fire Tabl
SIN SUB	p109462	Juegos de mesa/Otros juegos			Osmo Math Wizard and the Amazing Airships - Juego educativo de matemáticas para iPad y Fire Tablet (
SIN SUB	p109463	Juegos de mesa/Otros juegos			Osmo Math Wizard and the Magical Workshop - Juego Educativo de Matemáticas para iPad y Fire Tablet (
SIN SUB	p109464	Juegos de mesa/Otros juegos			Kit de inicio Osmo Genius Para Fire Tablet - 5 Juegos Educativos de aprendizaje de Ortografía, matem
SIN SUB	p109465	Juegos de mesa/Otros juegos			Juguete Osmo Coding Kit De Inicio De Codificacion Para Fire Tablet con 3 juegos educativos de aprend
SIN SUB	p109467	Juegos de mesa/Otros juegos			Osmo Juguete Educativo Super Studio Disney Princesas Starter Kit - Aprende Dibujos de Disney Princes
SIN SUB	p109468	Juegos de mesa/Otros juegos			Osmo Juguete Educativo Super Studio Disney Mickey Mouse & Friends Starter Kit - Aprende Dibujos de D
SIN SUB	p109469	Juegos de mesa/Otros juegos			Juego de tiro baloncesto Bluelander, para interiores con bomba y 4 pelotas, material resistente ABS.
SIN SUB	p109470	Juegos de mesa/Otros juegos			Osmo Juguete Educativo Little Genius Starter Kit para Ipad + Early Math Adventure - 6 juegos educati
SIN SUB	p109471	Juegos de mesa/Otros juegos			Osmo Juguete Educativo Genius Numbers Starter Kit para iPad con 3 juegos educativos de aprendizaje
SIN SUB	p109472	Juegos de mesa/Otros juegos			Juguete Osmo Coding Kit De Inicio De Codificacion Para iPad con 3 juegos educativos de aprendizaje
SIN SUB	p109473	Juegos de mesa/Otros juegos			Osmo Juguete Educativo Little Genius Para Fire Tablet - 4 juegos educativos de aprendizaje
SIN SUB	p109475	Juegos de mesa/Otros juegos			Kit Clasico
SIN SUB	p109476	Juegos de mesa/Otros juegos			Kits Maravillas del Mundo
SIN SUB	p109479	Juegos de mesa/Otros juegos			Kit Doctor Dentista Didáctico
SIN SUB	p109481	Juegos de mesa/Otros juegos			Casita y supermercado​ timbre con luz y
SIN SUB	p109483	Juegos de mesa/Otros juegos			Par De Porterias Infantiles Con Pelota 5576 Mytoy
SIN SUB	p109485	Juegos de mesa/Otros juegos			Palitos Chinos Cilindricos
SIN SUB	p109488	Juegos de mesa/Otros juegos			Columpio 2-in-1 Snug N Secure Swing Seat Little Tikes Rosa
SIN SUB	p109489	Juegos de mesa/Otros juegos			Rc. Gold Edition 500 Pzs, Dulce Vida
SIN SUB	p109490	Juegos de mesa/Otros juegos			Rc. Gold Edition 500 Pzs, Casa en el Muelle
SIN SUB	p109491	Juegos de mesa/Otros juegos			Rc. Gold Edition 500 Pzs, Atardecer en el Océano
SIN SUB	p109492	Juegos de mesa/Otros juegos			Rc. Gold Edition 500 Pzs, San Francisco
SIN SUB	p109493	Juegos de mesa/Otros juegos			Rc. Gold Edition 500 Pzs, Artardecer en el Puerto
SIN SUB	p109494	Juegos de mesa/Otros juegos			Fabrica de Slime
SIN SUB	p109497	Juegos de mesa/Otros juegos			Juego de Dardos Bluelander con 6 Dardos Ultra Precisos con Punta de Acero 45 Centímetros de Diámetro
SIN SUB	p109498	Juegos de mesa/Otros juegos			Rc. Gold Edition 500 Pzs, Atardecer en la Toscana
SIN SUB	p109499	Juegos de mesa/Otros juegos			Juego de Viajero Estalla Y Salta
SIN SUB	p109501	Juegos de mesa/Otros juegos			Rc. Gold Edition 500 Pzs, Gran Canal, Venecia
SIN SUB	p109502	Juegos de mesa/Otros juegos			Juego de Viajero Torre De Equilibrio
SIN SUB	p109503	Juegos de mesa/Otros juegos			Juego de Viajero Escaleras
SIN SUB	p109504	Juegos de mesa/Otros juegos			Juego de Viajero Bingo
SIN SUB	p109505	Juegos de mesa/Otros juegos			Juego de Viajero Sillas En Equilibrio
SIN SUB	p109506	Juegos de mesa/Otros juegos			Juego de Viajero Tangram
SIN SUB	p109507	Juegos de mesa/Otros juegos			Juego de Viajero Rana Saltante
SIN SUB	p109508	Juegos de mesa/Otros juegos			Juego de Viajero Boliche
SIN SUB	p109509	Juegos de mesa/Otros juegos			Rc. Gold Edition 500 Pzs, Dulcería
SIN SUB	p109613	Juegos de mesa/Otros juegos			Play Doh: Lata de Play Doh Colores Clasicos 4 Pack Aleatorio
SIN SUB	p109614	Juegos de mesa/Otros juegos			Play Doh: Lata de Play Doh Aleatorio
SIN SUB	p109618	Juegos de mesa/Otros juegos			Juego de bolas magnéticas
SIN SUB	p109619	Juegos de mesa/Otros juegos			Juego de bolas magnéticas verde metálico
SIN SUB	p109620	Juegos de mesa/Otros juegos			Juego de bolas y barras magneticas plata
SIN SUB	p109621	Juegos de mesa/Otros juegos			Casa de Campaña Puerta Plegable 90x120x120 cm Rosa
SIN SUB	p109623	Juegos de mesa/Otros juegos			Juego de bolas magnéticas azul rey
SIN SUB	p109625	Juegos de mesa/Otros juegos			Baby Garage Divertido
SIN SUB	p109626	Juegos de mesa/Otros juegos			Scooter Primeros Pasos
SIN SUB	p109629	Juegos de mesa/Otros juegos			Juego De Bolos Infantino Stack N Bowling
SIN SUB	p117957	Audífonos/None			Posee 2 auriculares. agenda para 20 cont
SIN SUB	p12017	Joyería y bisutería/Otros			Exclusive Niche Design Marine Inspired Golden Seashell & Starfish Jewelry Set Vintage Glam Beach Par
SIN SUB	p12023	Joyería y bisutería/Otros			TCarbide 8MM Offset Grooved Brushed Tungsten Wedding Band Men Women Rings Fashion Jewelry Excellent 
SIN SUB	p12029	Joyería y bisutería/Otros			Radiant Cut Loose Moissanite Stone Brilliant Cut 0.4~5ct Lab Grown Moissanite Diamonds Pass test Wit
SIN SUB	p12036	Joyería y bisutería/Otros			New Luxury Rhinestone Bow Tie High-end Gift Men Women's Fashion Korean British Business Banquet Bowt
SIN SUB	p12048	Joyería y bisutería/Otros			Gold-plated blue spinel square minimalist style jewelry set for women 8*8
SIN SUB	p12060	Joyería y bisutería/Otros			Creative Animal Doctor Brooch Enamel Pins Funny Animal Badge TRUST ME I'M A DOGTOR Brooches Clothes 
SIN SUB	p12097	Joyería y bisutería/Otros			Vintage Blue White Rhinestone Oval Forest Black Brooches For Woman Luxury Brand Jewelry Trending 202
SIN SUB	p12106	Joyería y bisutería/Otros			HNYYX Elegant Gold Color Mesh Flower Hairpin Tassel Head Clips Wedding Bridesmaid Headwear Fashion H
SIN SUB	p12126	Joyería y bisutería/Otros			50pcs Vintage Oval shape Natural Stone Rings Mixed Color
SIN SUB	p12128	Joyería y bisutería/Otros			Personality Punk Pig's Head Brooch Pin Unisex Metal Animal Brooches Party Jewelry Accessories Gifts
SIN SUB	p12138	Joyería y bisutería/Otros			Heavy industry haute couture pineapple exquisite Seiko brooch
SIN SUB	p12142	Joyería y bisutería/Otros			HIBRIDE Luxury Gentle Everyday Small Cute Stunning Necklace and Stud Earrings Women's Jewelry Weddin
SIN SUB	p12153	Joyería y bisutería/Otros			S925 Silver Parrot Bird Brooch Women's Premium Brushed Craft Brooch Natural Crystal Stone Versatile 
SIN SUB	p12182	Joyería y bisutería/Otros			Gold-plated rose cut fat square premium set main stone 14*14
SIN SUB	p12199	Joyería y bisutería/Otros			Chinese Ethnic Style Bridal Headdress Beautiful Velvet Flower Tassel Red Hair Accessories Hanfu Clot
SIN SUB	p12203	Joyería y bisutería/Otros			Brass Chunky Natural Stone Solid Rings Women  Jewelry Punk Designer Club Cocktail  Party Boho Japan 
SIN SUB	p12208	Joyería y bisutería/Otros			Levmoudra Round Crown for Women Queen Crown and Tiara Crystal Rhinestone Princess Tiaras Crowns Wedd
SIN SUB	p12215	Joyería y bisutería/Otros			Dudo Store Bohemian African Crystal Jewelry Set Size US 8 Crystal Fine Body Jewelry Set Shoulers Cus
SIN SUB	p12232	Joyería y bisutería/Otros			Levey Baroque Luxury Crystal Royal Queen Wedding Crown Rhinestone Bride Diadem Pageant Headdress Tia
SIN SUB	p12244	Joyería y bisutería/Otros			Vintage Opal Rings Woman Antique Shell Antique Gold Color Oval Luxury Quality Jewelry Wedding Rhines
SIN SUB	p12259	Joyería y bisutería/Otros			Levmoudra Queen Crown and Tiara Pageant Sparkly Rhinestone Wedding Crown Bride Tiaras Princess Full 
SIN SUB	p12271	Joyería y bisutería/Otros			Diana baby Fashion jewelry Dubai 14k Gold Plated Ball Wedding Bride jewelry Sets For Women
SIN SUB	p12278	Joyería y bisutería/Otros			Seraph of the End: Vampire Reign 15cm Acrylic Stand Keychain Shinoa Hiiragi and Yuuichirou Hyakuya C
SIN SUB	p12282	Joyería y bisutería/Otros			Boutique Multifunctional Key Chain Men Waist Hanging With Knife Keychain Quick Clasp High Quality ED
SIN SUB	p12301	Joyería y bisutería/Otros			HIBRIDE 2025 New Fashion Two Layer Necklace Earrings Bracelet Dubai Women Zircon Jewelry 4 Piece Set
SIN SUB	p12307	Joyería y bisutería/Otros			Tears ofThemis 925Silver Couple Rings Artem Wing Vilhelm Richard Albert de Haspran Marius von Hagen 
SIN SUB	p12318	Joyería y bisutería/Otros			Tibetan Jiu Zi Li Huo Zha Ji Ram 108 prayer beads, Tibetan style hand woven multiple circles, handhe
SIN SUB	p12329	Joyería y bisutería/Otros			Vintage Colorful Rhinestone Koi Brooches For Woman Luxury Trendy Brand Jewelry Retro Style High Qual
SIN SUB	p12345	Joyería y bisutería/Otros			Hip Hop Full Iced Out Multi-Function Round Stainless Steel Fashion Luxury Zircon Quartz Square Wrist
SIN SUB	p12346	Joyería y bisutería/Otros			5 PCS Cultured White Pearl Green Crystal Pave Spacer Beads Connector Jewelry Accessory
SIN SUB	p12349	Joyería y bisutería/Otros			Super Papa Cartoon Enamel Pin Retro Video Game Colorful Block Letter Brooch Bag Lapel Badge Father's
SIN SUB	p12351	Joyería y bisutería/Otros			Yuminglai Vintage Party Big Rings for Women Gold-Color Rings Fashion Female Jewelry Large Rings FHK1
SIN SUB	p12352	Joyería y bisutería/Otros			1Pc Fashion Shiny Copper Inlaid Zircon Hip Hop Teeth Grillz Body Jewelry Halloween Tooth Party Essen
SIN SUB	p12353	Joyería y bisutería/Otros			Natural Sultanite Amethyst Jewelry Set Color Change Stone Purify Negative Energy Balance Chakra Spir
SIN SUB	p12377	Joyería y bisutería/Otros			Ylaili Italian brass gold plated jewelry set designed by Chinese factory, interlocking large chain f
SIN SUB	p12381	Joyería y bisutería/Otros			Bride Talk Luxury 4PCS Marquise Leaf Tassel CZ Zirconia Bridal Jewelry Set Dubai African Nigerian We
SIN SUB	p12385	Joyería y bisutería/Otros			New Style 25mm Handmade Spanish Cartoon Map Fashion Keychain, Jewelry Exquisite Gift Keyring
SIN SUB	p12457	Joyería y bisutería/Otros			Bride Talk Stunning 4PCS Full CZ Zirconia Marquise Cut Leaf Jewelry Collection Dubai Nigerian Bridal
SIN SUB	p12460	Joyería y bisutería/Otros			Unique cartoon horse glass keychain - zinc alloy, elegant male and female design - perfect for weddi
SIN SUB	p12467	Joyería y bisutería/Otros			Jewelry Peru Lima Gold Color Twist Pattern Women Rings Zircon Classic Vintage Rings Stainless Steel 
SIN SUB	p12479	Joyería y bisutería/Otros			Funny Dumpster Fire Slogan Enamel Pin Set, Meme Opossum Cartoon Brooches, Sarcastic Quote Metal Badg
SIN SUB	p12490	Joyería y bisutería/Otros			Ethiopia Arab Dubai Gold Plated Rings For Women Resizable 18K Gold Plated Jewelry For Wedding And Pa
SIN SUB	p12499	Joyería y bisutería/Otros			Stainless Steel Couple Rings Set - Matching Wedding Bands for Men & Women - Anniversary Valentine Gi
SIN SUB	p125253	Iluminación/None			Lamparas de Techo Para Interior de Casas — 7503059943685
SIN SUB	p125254	Iluminación/None			Lamparas de Techo Para Interior de Casas — 7503059944033
SIN SUB	p125255	Iluminación/None			Lamparas de Techo Para Interior de Casas — 0763022444190
SIN SUB	p125957	Audífonos/None			Samsung Galaxy S25 Plus + Audífonos
SIN SUB	p130148	Muebles/Otros			Sala Para Exterior Bossa Calacia Gris Resistente
SIN SUB	p130149	Muebles/Otros			Sala Para Exterior Bossa Altair Gris Oscuro Resistente
SIN SUB	p130497	Muebles/Otros			Sala Rogga Bali Azul Rey
SIN SUB	p130498	Muebles/Otros			Sala Rogga Bali 2 Love Seat 2 Plazas Azul Rey
SIN SUB	p130500	Muebles/Otros			Sala Rogga Bali Azul Acero
SIN SUB	p130501	Muebles/Otros			Sala Rogga Bali 2 Love Seat 2 Plazas Azul Acero
SIN SUB	p130503	Muebles/Otros			Sala Rogga Bali Gris Smoke
SIN SUB	p130504	Muebles/Otros			Sala Rogga Bali 2 Love Seat 2 Plazas Gris Smoke
SIN SUB	p130506	Muebles/Otros			Sala Rogga Bali Gris Oxford
SIN SUB	p130507	Muebles/Otros			Sala Rogga Bali 2 Love Seat 2 Plazas Gris Oxford
SIN SUB	p130509	Muebles/Otros			Sala Rogga Bali Black
SIN SUB	p130510	Muebles/Otros			Sala Rogga Bali 2 Love Seat 2 Plazas Black
SIN SUB	p130512	Muebles/Otros			Sala Rogga Bali Palo de Rosa
SIN SUB	p130513	Muebles/Otros			Sala Rogga Bali Gris Full
SIN SUB	p130514	Muebles/Otros			Sala Rogga Bali 2 Love Seat 2 Plazas Palo de Rosa
SIN SUB	p130515	Muebles/Otros			Sala Rogga Bali 2 Love Seat 2 Plazas Gris Full
SIN SUB	p130518	Muebles/Otros			Sala Rogga Bali Plata Full
SIN SUB	p130519	Muebles/Otros			Sala Rogga Bali 2 Love Seat 2 Plazas Chocolate
SIN SUB	p130520	Muebles/Otros			Sala Rogga Bali 2 Love Seat 2 Plazas Plata Full
SIN SUB	p130522	Muebles/Otros			Sala Rogga Bali Chocolate
SIN SUB	p130786	Muebles/Otros			Sala Esquinera 3 Plazas Marsella
SIN SUB	p130947	Muebles/Otros			Juego de sala 3,2 y 1 plaza love seat
SIN SUB	p130949	Muebles/Otros			Juego de sala, 2 y 3 plazas love seat
SIN SUB	p130950	Muebles/Otros			Set de Sala Sefora 1 y 2 plazas
SIN SUB	p130952	Muebles/Otros			Set de Sala Sefora
SIN SUB	p130953	Muebles/Otros			Sala esquinera Isabela
SIN SUB	p130954	Muebles/Otros			Sala Manhattan
SIN SUB	p130958	Muebles/Otros			Sala esquinera barcelona Café
SIN SUB	p130962	Muebles/Otros			Sala esquinera barcelona, color gris
SIN SUB	p131241	Muebles/Otros			Kit 4 Piezas Sombrilla Con Angulo Jardin Playa 2.7 Metros Jardimex
SIN SUB	p131242	Muebles/Otros			Sombrilla Jardin Sol Playa Angulo 2.7 m Diametro Exterior Jardimex
SIN SUB	p131243	Muebles/Otros			Kit 4 Piezas Sombrilla Con Angulo Jardin Playa 2.7 Metros Jardimex
SIN SUB	p131269	Muebles/Otros			Gazebo Plegable Cuory Impermeable 3x3m Blanco
SIN SUB	p134851	Juegos de mesa/Otros juegos			Set de Herramientas Mod. KY1068-33 28 Piezas
SIN SUB	p134929	Juegos de mesa/Otros juegos			Torre Tambaleante Clásica
SIN SUB	p134932	Juegos de mesa/Otros juegos			Hedbanz Junior Bluey
SIN SUB	p134960	Juegos de mesa/Otros juegos			Juego Viaje Novelty Toy Story Sabe QE
SIN SUB	p134973	Juegos de mesa/Otros juegos			Set Joy & Fun Comida 27 Pzas
SIN SUB	p134986	Juegos de mesa/Otros juegos			Set de Juego-Little Tikes-Creative Chefs Pie
SIN SUB	p134987	Juegos de mesa/Otros juegos			Set de Juego-Little Tikes-Creative Chefs Cheeseburger and Fries
SIN SUB	p134988	Juegos de mesa/Otros juegos			Juego Viaje Novelty Maratón
SIN SUB	p134999	Juegos de mesa/Otros juegos			Shark Strike Spin Master
SIN SUB	p135000	Juegos de mesa/Otros juegos			Batalla Generacional Spin Master
SIN SUB	p135001	Juegos de mesa/Otros juegos			Hijos vs Padres Spin Master
SIN SUB	p135004	Juegos de mesa/Otros juegos			Bingo 75 Spin Master
SIN SUB	p135006	Juegos de mesa/Otros juegos			Cubo Rubiks 3x3 Spin Master
SIN SUB	p135007	Juegos de mesa/Otros juegos			Rubik's Timer Spin Master
SIN SUB	p135008	Juegos de mesa/Otros juegos			Rubik's Pulse Spin Master
SIN SUB	p135010	Juegos de mesa/Otros juegos			Set de Masa Moldeable Play-Doh Formas de Alimentos Surtido
SIN SUB	p135014	Juegos de mesa/Otros juegos			Set de Masa Moldeable Play-Doh Mi Hornito de Pasteles
SIN SUB	p135018	Juegos de mesa/Otros juegos			Set de Juego Peppa Pig El Armario de Peppa
SIN SUB	p135024	Juegos de mesa/Otros juegos			Juegos De Mesa Trazos Veloces Caja De Cartón
SIN SUB	p135043	Juegos de mesa/Otros juegos			Set de Juego Peppa Pig El Gran Auto de la Familia de Peppa
SIN SUB	p135044	Juegos de mesa/Otros juegos			Set de Juego Peppa Pig La Guardería Portátil de Peppa
SIN SUB	p135045	Juegos de mesa/Otros juegos			Set de Juego Peppa Pig Gran Casa Familia de Peppa
SIN SUB	p135046	Juegos de mesa/Otros juegos			Set de Juego Peppa Pig Familia de Cinco con la bebé Evie
SIN SUB	p135048	Juegos de mesa/Otros juegos			Set Spidey and his Amazing Friends Delfín Ciclónico
SIN SUB	p135049	Juegos de mesa/Otros juegos			Set Spidey and his Amazing Friends Aracno-Cangrejo
SIN SUB	p135050	Juegos de mesa/Otros juegos			Set Iron Man and his Awesome Friends Vehículo Surtido
SIN SUB	p135054	Juegos de mesa/Otros juegos			Set Spidey and his Amazing Friends Submarino Ballena
SIN SUB	p135067	Juegos de mesa/Otros juegos			Set de Masa Moldeable Play-Doh Florecitas Surtido
SIN SUB	p135072	Juegos de mesa/Otros juegos			Set de Batalla Beyblade X Drop Attack Beystadium
SIN SUB	p135073	Juegos de mesa/Otros juegos			Trompo Beyblade X Kit Inicial CX Surtido
SIN SUB	p135082	Juegos de mesa/Otros juegos			Juego de Cocina House Ü Metálico
SIN SUB	p135083	Juegos de mesa/Otros juegos			Set House Ü Cafetera con 12 Piezas
SIN SUB	p135085	Juegos de mesa/Otros juegos			Set Stitch Ice Cream
SIN SUB	p135086	Juegos de mesa/Otros juegos			Juego de Cocina House Ü Aluminio
SIN SUB	p135089	Juegos de mesa/Otros juegos			Set Joy & Fun Computadora Con Luz y Sonido
SIN SUB	p135093	Juegos de mesa/Otros juegos			Juego de Pesca cuenta y atrapa Melissa & Doug Spin Master
SIN SUB	p135098	Juegos de mesa/Otros juegos			Set De Juego Gabby´s Dollhouse Arts Cra
SIN SUB	p135099	Juegos de mesa/Otros juegos			Set De Juego Hello Kitty Donas
SIN SUB	p135109	Juegos de mesa/Otros juegos			Set De Juegos 30 En 1
SIN SUB	p135130	Juegos de mesa/Otros juegos			Juego De Viaje ¿Qué Soy? Familia
SIN SUB	p135136	Juegos de mesa/Otros juegos			Juego de viaje ¿sabes quién es? Harry Potter
SIN SUB	p135139	Juegos de mesa/Otros juegos			Cubo 3x3 Stitch Rubik's Spin Master
SIN SUB	p135140	Juegos de mesa/Otros juegos			Cubo 3x3 Mickey Mouse Rubik's  Spin Master
SIN SUB	p135157	Juegos de mesa/Otros juegos			Set De Juego Joy & Fun Hamburguesa
SIN SUB	p135158	Juegos de mesa/Otros juegos			Set De Juego Joy & Fun Charola Postres
SIN SUB	p135159	Juegos de mesa/Otros juegos			"	
Set De Juego Stitch Tostador"
SIN SUB	p135195	Juegos de mesa/Otros juegos			Cubo Rubiks 3x3 Color Block Refresh
SIN SUB	p135196	Juegos de mesa/Otros juegos			Cubo Rubiks 3x3 Cubers Asst super héroes
SIN SUB	p135208	Juegos de mesa/Otros juegos			Cocina de Juguete House Ü
SIN SUB	p135209	Juegos de mesa/Otros juegos			Juego House Ü Juego para hornear
SIN SUB	p135210	Juegos de mesa/Otros juegos			Set 44 Juegos Disney Caja Cartón
SIN SUB	p135266	Juegos de mesa/Otros juegos			Cubo Rubiks Fantasma 3x3
SIN SUB	p135274	Juegos de mesa/Otros juegos			Romp Marvel Guardians Of The Galax 1000p
SIN SUB	p135275	Juegos de mesa/Otros juegos			Jgo de Mesa Fotorama Silver 15 Juegos
SIN SUB	p135282	Juegos de mesa/Otros juegos			Juego Cardinal Torre Equilibrio Básica
SIN SUB	p135284	Juegos de mesa/Otros juegos			Juego Rubiks Cubo 4x4
SIN SUB	p135285	Juegos de mesa/Otros juegos			Juego Rubiks Pack 3x3 con Llavero
SIN SUB	p135295	Juegos de mesa/Otros juegos			JuegodeMesa 11 Novelty
SIN SUB	p135297	Juegos de mesa/Otros juegos			Juego Hedbanz Junior
SIN SUB	p135300	Juegos de mesa/Otros juegos			Rompecab. Gigante Wuundentoy
SIN SUB	p135304	Juegos de mesa/Otros juegos			Rompecab A. The Spider-V.
SIN SUB	p135308	Juegos de mesa/Otros juegos			Set Juegos Gabby'S Doll.
SIN SUB	p135323	Juegos de mesa/Otros juegos			Pep Divertidos Amigos Ast Peppa Pig 1 Pieza
SIN SUB	p135324	Juegos de mesa/Otros juegos			Familia Peppa 4 Pack Ast Peppa Pig F2171
SIN SUB	p135328	Juegos de mesa/Otros juegos			Torre de Madera 3 en 1 PAW Patrol
SIN SUB	p135333	Juegos de mesa/Otros juegos			Juego de Me Caigo de Risa:El Juego 1275
SIN SUB	p135341	Juegos de mesa/Otros juegos			Juegos de Mesa Mini Disney Fotorama
SIN SUB	p135349	Juegos de mesa/Otros juegos			Clasicos Cardinal Palillos
SIN SUB	p135350	Juegos de mesa/Otros juegos			Clasicos Cardinal Rummy - O Basico
SIN SUB	p135351	Juegos de mesa/Otros juegos			Hedbanz Adulting
SIN SUB	p135361	Juegos de mesa/Otros juegos			Juego Novelty Casino Basico D-587
SIN SUB	p135365	Juegos de mesa/Otros juegos			Set de Juegos Clásicos Novelty 3 en 1
SIN SUB	p135366	Juegos de mesa/Otros juegos			Juego Novelty 5 Segundos para Ganar
SIN SUB	p135367	Juegos de mesa/Otros juegos			Juego Novelty Rummy Speed Jca-1931
SIN SUB	p135368	Juegos de mesa/Otros juegos			Juego Novelty 50 Juegos en 1
SIN SUB	p135389	Juegos de mesa/Otros juegos			Set Novelty Salud 50 Juegos Jca-1455
SIN SUB	p135400	Juegos de mesa/Otros juegos			Juegos Clásicos Novelty 3 en 1
SIN SUB	p135401	Juegos de mesa/Otros juegos			Rompc Novelty Starwars Comics 1000P 2724
SIN SUB	p135407	Juegos de mesa/Otros juegos			Set Novelty 10 Juegos Clasicos Jca-865
SIN SUB	p135419	Juegos de mesa/Otros juegos			Juegomesa Novelty Tinn Metalico D-001
SIN SUB	p135420	Juegos de mesa/Otros juegos			Juego Rummy Caja Foil Lujo Novelty
SIN SUB	p135426	Juegos de mesa/Otros juegos			Cubilete Novelty Forro Vinyl 5010
SIN SUB	p135833	Juguetes y bebés/Otros			Set Little Peopple Montaña Definitiva
SIN SUB	p135860	Juguetes y bebés/Otros			Vehículos de Juguete Paw Patrol Dino Película Mini Vehículos Surtido
SIN SUB	p135869	Juguetes y bebés/Otros			Juguete Little Peopple Surtido Lets Go
SIN SUB	p135891	Juguetes y bebés/Otros			Paw Patrol Vehículos de friccion Surtido
SIN SUB	p135902	Juguetes y bebés/Otros			Paquete de 5 coches de carreras METAL MACHINES de ZURU
SIN SUB	p135903	Juguetes y bebés/Otros			Cars Mack Remolque transportador 33 cm para 12 autos 3+
SIN SUB	p135914	Juguetes y bebés/Otros			Masa-Wonder Factory-Wonder Factory Singles Dough 1 Pieza
SIN SUB	p135916	Juguetes y bebés/Otros			Coche-Car Tuned-JDM 1 Pieza Tuners Series 1
SIN SUB	p135917	Juguetes y bebés/Otros			Coche-Car Tuned-Custom Shop​ Castworks​
SIN SUB	p135918	Juguetes y bebés/Otros			Coche-Car Tuned-3 Pack Series 1 Pieza Cruizn Da Blvd
SIN SUB	p135920	Juguetes y bebés/Otros			TED DECK BMX Single Pack Spin Master
SIN SUB	p135924	Juguetes y bebés/Otros			MJC Smash and Bash 1:15th Grave Digger Spin Master
SIN SUB	p135925	Juguetes y bebés/Otros			PAW Torre Bahía Aventura Value Spin Master
SIN SUB	p135928	Juguetes y bebés/Otros			Vehículos Temáticos Fire Rescue Spin Master 1 Pieza
SIN SUB	p135943	Juguetes y bebés/Otros			Vehículos Todoterreno 4x4 2 Piezas
SIN SUB	p135944	Juguetes y bebés/Otros			Vehículos Acrobáticos Anti-vuelco 2 Piezas
SIN SUB	p135946	Juguetes y bebés/Otros			Squishy Squeezy Goo Neon 1 Pieza
SIN SUB	p135948	Juguetes y bebés/Otros			Vehículos Monster Jam 1:43 BNB 2 Pack
SIN SUB	p135950	Juguetes y bebés/Otros			Vehículos Monster Jam 1:43 2 Pack
SIN SUB	p135954	Juguetes y bebés/Otros			Neumático Con Almacenamiento Xtreme Venture
SIN SUB	p135963	Juguetes y bebés/Otros			Trailer Xtreme Venture Set Con 4 Vehículos
SIN SUB	p135972	Juguetes y bebés/Otros			Juego Hornear 3-2-1 Lts Pyrorey 3 Pz
SIN SUB	p136007	Juguetes y bebés/Otros			Cachorros de Accion Paw Patrol Spin Master
SIN SUB	p136008	Juguetes y bebés/Otros			Matchbox Set de Juego Aeropuerto
SIN SUB	p136022	Juguetes y bebés/Otros			Juguetes Metal Machines Circuito de Carreras con Cocodrilo
SIN SUB	p136023	Juguetes y bebés/Otros			Juguetes Metal Machines Coche de Carreras 1 Pieza
SIN SUB	p136030	Juguetes y bebés/Otros			Vehículos Infantil Masculino Flexors - Wheelz 3"
SIN SUB	p136031	Juguetes y bebés/Otros			Vehículos Infantil Masculino Flexors 3"
SIN SUB	p136035	Juguetes y bebés/Otros			Vehículos Paw Patrol Squad Racer 6 pack
SIN SUB	p136041	Juguetes y bebés/Otros			Set Monster Jam Mini Transforming
SIN SUB	p136058	Juguetes y bebés/Otros			Automovil Metal Machines Spider
SIN SUB	p136059	Juguetes y bebés/Otros			Automovil Metal Machines L4-Lane
SIN SUB	p136085	Juguetes y bebés/Otros			Set Tech Deck Rampas X-Connect
SIN SUB	p136126	Juguetes y bebés/Otros			Pistas Matchbox Acción MD
SIN SUB	p136590	Deportes y fitness/Otros			Goggle Voit Ice Rosa
SIN SUB	p136591	Deportes y fitness/Otros			Goggle Voit Ice Naranja 1 Pieza
SIN SUB	p136601	Deportes y fitness/Otros			Goggle Voit Sr
SIN SUB	p136602	Deportes y fitness/Otros			Goggle Voit Paw Patrol
SIN SUB	p136603	Deportes y fitness/Otros			Goggle Voit Kid
SIN SUB	p136614	Deportes y fitness/Otros			Goggle Voit Kid
SIN SUB	p136615	Deportes y fitness/Otros			Goggle Voit Jr
SIN SUB	p136616	Deportes y fitness/Otros			Goggle Voit Jr
SIN SUB	p136622	Deportes y fitness/Otros			Visor KIIK-HA Dive Adulto
SIN SUB	p136623	Deportes y fitness/Otros			Visor Voit Darht
SIN SUB	p136632	Deportes y fitness/Otros			Goggle Voit Jr Animals
SIN SUB	p136648	Deportes y fitness/Otros			Visor Voit Automático Senior Mix
SIN SUB	p136650	Deportes y fitness/Otros			Goggle Discovery Ferlin Unitalla
SIN SUB	p136657	Deportes y fitness/Otros			Visor Voit Automático Junior Mix
SIN SUB	p136658	Deportes y fitness/Otros			Goggle Voit Máscara Turbo Mix 1 Pieza
SIN SUB	p136661	Deportes y fitness/Otros			Goggle Ferlin Endeavour Adulto
SIN SUB	p136662	Deportes y fitness/Otros			Visor Voit Pro Coral Senior Mix
SIN SUB	p136664	Deportes y fitness/Otros			Goggle Voit Máscara Aeroswim Mix
SIN SUB	p136665	Deportes y fitness/Otros			Goggle Voit Nitro Mix
SIN SUB	p136667	Deportes y fitness/Otros			Goggle Voit Mega Mix
SIN SUB	p136673	Deportes y fitness/Otros			Goggle Ferlin Challenger.
SIN SUB	p136676	Deportes y fitness/Otros			Goggle Voit Senior Mix
SIN SUB	p136677	Deportes y fitness/Otros			Goggle Voit Junior Mix
SIN SUB	p136946	Deportes y fitness/Otros			Cable Candado Mikels CCA 65 Azul
SIN SUB	p136947	Deportes y fitness/Otros			Cable Candado Mikels CCR 65 Niña
SIN SUB	p136950	Deportes y fitness/Otros			Trampolín Joykoo de 10 Pies para Niños Postes Acolchados Acero Galvanizado Soporta hasta 120 kg Negr
SIN SUB	p136951	Deportes y fitness/Otros			Trampolín Joykoo de 12 Pies para Niños con Luz y Agua Acero Galvanizado Soporta hasta 180 kg Negro
SIN SUB	p136952	Deportes y fitness/Otros			Trampolín Brincolín Joykoo de 8 Pies para Niños Red de Seguridad Soporta hasta 50 kg Negro
SIN SUB	p136954	Deportes y fitness/Otros			Trampolín Sparta 12 Pies ATRSPA0004
SIN SUB	p136955	Deportes y fitness/Otros			Trampolín Sparta 55 Pulgadas ATRSPA0001
SIN SUB	p136956	Deportes y fitness/Otros			Trampolín Sparta 10 Pies ATRSPA0003
SIN SUB	p136957	Deportes y fitness/Otros			Trampolín Sparta 8 Pies ATRSPA0002
SIN SUB	p136958	Deportes y fitness/Otros			Plataforma de vibración para ejercicio Bio Shaker
SIN SUB	p136966	Deportes y fitness/Otros			Straps Verri para Gym Color Negro Incluye Par de Straps
SIN SUB	p136968	Deportes y fitness/Otros			Calleras Gym Verri Sintéticas Grip Pad Color Negro Incluye Par de Calleras
SIN SUB	p136974	Deportes y fitness/Otros			Calleras Gym Verri Sintéticas MiniPad Color Negro Incluye Par de Calleras
SIN SUB	p136980	Deportes y fitness/Otros			Step Banco Elevador Aerobics Fitness Crossfit Ajustable Centurfit
SIN SUB	p136988	Deportes y fitness/Otros			Maquina Remadora Plegable Contador 4 Niveles Indoor Gym Centurfit
SIN SUB	p136995	Deportes y fitness/Otros			Banco Step Fitness Gym Multiposicion Fitness 3 Niveles Centurfit
SIN SUB	p136997	Deportes y fitness/Otros			Power Legs CV Directo Mejora Circulación y Fortalece Las Piernas
SIN SUB	p137000	Deportes y fitness/Otros			Escalón Step para Ejercicio Brandtrendy Multifuncional Rojo y Negro 2 alturas
SIN SUB	p137007	Deportes y fitness/Otros			Remadora Magnética Plegable Sparta Rowpower
SIN SUB	p137021	Deportes y fitness/Otros			Soporte para Flexiones Fitness Line
SIN SUB	p137023	Deportes y fitness/Otros			Aro Master Pro Hand Grip Hard
SIN SUB	p137024	Deportes y fitness/Otros			Aro Master Pro Hand Grip Medium
SIN SUB	p137025	Deportes y fitness/Otros			Aro Suave Master Pro Hand Grip Soft
SIN SUB	p137038	Deportes y fitness/Otros			Masajeador de Pies SporTeam
SIN SUB	p137040	Deportes y fitness/Otros			Vara Masajeadora SporTeam
SIN SUB	p137041	Deportes y fitness/Otros			Stepper Sporteam
SIN SUB	p137047	Deportes y fitness/Otros			Banco Sporteam Inclinable 7 Niveles
SIN SUB	p137049	Deportes y fitness/Otros			Rueda Abdominales Fitness Line AB Wheel
SIN SUB	p137058	Deportes y fitness/Otros			Polaina Sporteam 1kg Multicol
SIN SUB	p137059	Deportes y fitness/Otros			Ligas de Tonificación Afxports 5 Piezas
SIN SUB	p137064	Deportes y fitness/Otros			Polaina Fitness Line 3 lb
SIN SUB	p137065	Deportes y fitness/Otros			Manerales Fitness Line
SIN SUB	p137066	Deportes y fitness/Otros			Cuerda Fitness Line
SIN SUB	p137068	Deportes y fitness/Otros			Corrector de Postura Fitness Line
SIN SUB	p137077	Deportes y fitness/Otros			Polainas Sporteam 2 kg Neopreno
SIN SUB	p137078	Deportes y fitness/Otros			Polainas Sporteam 1.5 kg Neopreno
SIN SUB	p137083	Deportes y fitness/Otros			Banca plana Sporteam 99x20x18cm 100kg
SIN SUB	p137085	Deportes y fitness/Otros			Bicicleta Max 100kg Sporteam
SIN SUB	p137096	Deportes y fitness/Otros			Polainas 5kg SporTeam 2 pz YB-949Y-5KG
SIN SUB	p137109	Deportes y fitness/Otros			Barras para Lagartijas Sporteam CHE.6345
SIN SUB	p137110	Deportes y fitness/Otros			Soft Hand Grip Sporteam CHE.912
SIN SUB	p137112	Deportes y fitness/Otros			Set de Bandas FWD Fitness 3PZ 3 Resis
SIN SUB	p137121	Deportes y fitness/Otros			Mini Escaladora Sporteam con Monitor de Seguimiento
SIN SUB	p137125	Deportes y fitness/Otros			Rueda Abdominal Wilson Azul
SIN SUB	p137133	Deportes y fitness/Otros			Ejercitador de Mano Wilson Mango Suave
SIN SUB	p137136	Deportes y fitness/Otros			Barras Fijas Wilson para Lagartijas 1Pieza
SIN SUB	p137137	Deportes y fitness/Otros			Bandas Elasticas Wilson Cerradas 3pzas
SIN SUB	p137138	Deportes y fitness/Otros			Trampolín Sporteam Infantil con Red 55''
SIN SUB	p137139	Deportes y fitness/Otros			Mini Trampolín Sporteam para Ejercicio 36''
SIN SUB	p137144	Deportes y fitness/Otros			Polainas Afxports de 5 Libras
SIN SUB	p137145	Deportes y fitness/Otros			Polainas Afxports de 3 Libras
SIN SUB	p137146	Deportes y fitness/Otros			Cuerda Afxports de Salto Con Peso
SIN SUB	p137147	Deportes y fitness/Otros			Cuerda Básica AF-CUERDA-BAS
SIN SUB	p137148	Deportes y fitness/Otros			Ejercitador De Mano Pro AF-EJER-PRO
SIN SUB	p137149	Deportes y fitness/Otros			Ejercitador Afxports de Mano Básico
SIN SUB	p137150	Deportes y fitness/Otros			Rueda Afxports de Ejercicio
SIN SUB	p137153	Deportes y fitness/Otros			Set 3 Bandas de Tensión AF-BAND-SET
SIN SUB	p137154	Deportes y fitness/Otros			Deslizadores Multifuncional FWD FWD Fitn
SIN SUB	p137162	Deportes y fitness/Otros			Muslera Mediana
SIN SUB	p137163	Deportes y fitness/Otros			Cojinete Rotuliano
SIN SUB	p137165	Deportes y fitness/Otros			Soporte Codo De Tenis
SIN SUB	p137167	Deportes y fitness/Otros			Corsé Reductivo Masculino Grande
SIN SUB	p137168	Deportes y fitness/Otros			Corsé Reductivo Masculino Extra Grande
SIN SUB	p137169	Deportes y fitness/Otros			Corsé Reductivo Femenino Extra Grande
SIN SUB	p137170	Deportes y fitness/Otros			Corsé Reductivo Femenino Grande
SIN SUB	p137171	Deportes y fitness/Otros			Corsé Reductivo Femenino Mediana
SIN SUB	p137172	Deportes y fitness/Otros			Corsé Reductivo Femenino Chica
SIN SUB	p137179	Deportes y fitness/Otros			Crema Reductiva Fitness Line 8oz
SIN SUB	p137181	Deportes y fitness/Otros			Par de Cachagolpes
SIN SUB	p137186	Deportes y fitness/Otros			Polaina Sporteam 1 Kg Neopreno Unitalla
SIN SUB	p137187	Deportes y fitness/Otros			Polaina Sporteam 500 Gr Neopreno Unitall
SIN SUB	p137188	Deportes y fitness/Otros			Polaina Sporteam 500g Cinta de Seguridad
SIN SUB	p137189	Deportes y fitness/Otros			Guanteleta Sporteam Cobra Adulto
SIN SUB	p137190	Deportes y fitness/Otros			Guanteleta Sporteam Cobra Joven
SIN SUB	p137200	Deportes y fitness/Otros			Ejercitador Tsx Con Ligas Por Suspension.
SIN SUB	p137206	Deportes y fitness/Otros			Collarín Tornillo Roker 2 Piezas
SIN SUB	p137207	Deportes y fitness/Otros			Funda Deportiva Ferlin Multiusos
SIN SUB	p137209	Deportes y fitness/Otros			Guantaletas SPORTEAM Entrenamiento Antid
SIN SUB	p137212	Deportes y fitness/Otros			Muslera Campeon Mediana.
SIN SUB	p137214	Deportes y fitness/Otros			Cuerda P/Saltar Ferlin 1 Pz
SIN SUB	p137388	Deportes y fitness/Otros			Espinilleras de Aluminio Sporteam
SIN SUB	p137400	Deportes y fitness/Otros			Espinilleras Voit Basic Unitalla Mix
SIN SUB	p138294	Deportes y fitness/Otros			Guante Under Armour Golf Medal Hombre 1349705-001
SIN SUB	p138295	Deportes y fitness/Otros			Guante Under Armour Golf Iso-Chill Hombre 1370277-100
SIN SUB	p138388	Deportes y fitness/Otros			Manopla Wilson Béisbol 2021 A360 SP13 Unisex WBW10019213
SIN SUB	p138389	Deportes y fitness/Otros			Manopa Wilson Béisbol A360 Carbon 12" Unisex
SIN SUB	p138390	Deportes y fitness/Otros			Manopla Wilson Béisbol A360 Niño
SIN SUB	p138420	Deportes y fitness/Otros			Bat Wilson Béisbol Génesis Niño
SIN SUB	p138768	Deportes y fitness/Otros			Cuerda Capelli Sport Entrenamiento Comfort Handle Unisex CSEF-1002-LP
SIN SUB	p138771	Deportes y fitness/Otros			Cuerda Capelli Sports Entrenamiento Unisex CSEF-1005
SIN SUB	p138772	Deportes y fitness/Otros			Cuerda Wilson Tennis Revolve Spin Unisex
SIN SUB	p138964	Deportes y fitness/Otros			Bicicleta Recumbente Unifitness Entrenamiento MR-S08
SIN SUB	p138972	Deportes y fitness/Otros			Bicicleta Spinner Head Entrenamiento 9301 H9301P
SIN SUB	p138973	Deportes y fitness/Otros			Bicicleta Vertical Freemotion Entrenaniento U10.9B FMEX82418
SIN SUB	p138975	Deportes y fitness/Otros			Bicicleta Recumbente Freemotion Entrenamiento R10.9B
SIN SUB	p138990	Deportes y fitness/Otros			Bicicleta Recumbente Unifitness Entrenamiento U23
SIN SUB	p139000	Deportes y fitness/Otros			Bicicleta Recumbente Sole Fitness R92
SIN SUB	p139013	Deportes y fitness/Otros			Bicicleta Matrix Entrenamiento GR7
SIN SUB	p139027	Deportes y fitness/Otros			Bicicleta Recumbente Matrix Entrenamiento R30 XER
SIN SUB	p139028	Deportes y fitness/Otros			Bicicleta Vertical Matrix Entrenamiento U30 XIR
SIN SUB	p139029	Deportes y fitness/Otros			Bicicleta Recumbente Matrix Entrenamiento R50 XIR
SIN SUB	p139030	Deportes y fitness/Otros			Bicicleta Recumbente Matrix Entrenamiento R30 XIR
SIN SUB	p139031	Deportes y fitness/Otros			Bicicleta Vertical Matrix Entrenamiento U30 XER
SIN SUB	p139032	Deportes y fitness/Otros			Bicicleta Recumbente Matrix Entrenamiento R50 XER
SIN SUB	p139042	Deportes y fitness/Otros			Bicicleta Windsor Entrenamiento WFB01
SIN SUB	p139105	Deportes y fitness/Otros			Tablero Spalding Basquetbol Unisex
SIN SUB	p139106	Deportes y fitness/Otros			Tablero Educar Basquetbol Infantil Unisex NL-02J
SIN SUB	p139108	Deportes y fitness/Otros			Mesa Atomic Tejo 9' Platino M01702AW
SIN SUB	p139473	Deportes y fitness/Otros			Hoverboard Hovershoes Moboss S300 Negro/Azul 10 km/h
SIN SUB	p139476	Deportes y fitness/Otros			Hoverboard Bluetooth Moboss A5 M
SIN SUB	p139864	Audífonos/None			Genérico Audifonos USB C de 1.2m Auriculares con Micrófono, Compatibles con Cualquier Dispositivo co
SIN SUB	p139891	Audífonos/None			KCB Audífonos Tipo C, Audífonos de Cable con Micrófono y Control de Volumen
SIN SUB	p139918	Audífonos/None			Soundcore Anker Liberty 5 Pro - Audífonos con cancelación de Ruido
SIN SUB	p140336	Muebles/Otros			SEDETA Farmhouse - computadora de pie en forma de L, de 55 pulgadas de altura ajustable con cajones 
SIN SUB	p140964	Muebles/Otros			Vasagle Escritorios Ordenador Negro
SIN SUB	p141005	Muebles/Otros			Libreros De Madera Con Compartimentos A Diferentes Alturas Negro
SIN SUB	p141023	Herramientas/None			Escuadras Magnéticas Esquineras 2 Pz, 3'' 11 kg Truper ESM-32
SIN SUB	p141061	Herramientas/None			Portaherramientas con Ruedas VentDepot de Plástico con Manija, Negro
SIN SUB	p141063	Herramientas/None			Caja para Herramientas Metálica VentDepot con 2 Gavetas Amarilla
SIN SUB	p141067	Herramientas/None			Estuche Portaherramientas de Piel de Bovino VentDepot con Cinturón Ajustable, Café
SIN SUB	p141074	Herramientas/None			Caja Portaherramientas Impermeable Cpi24r Negro Urrea
SIN SUB	p141075	Herramientas/None			Caja Portaherramientas Metalica Aluminio Rojo Urrea
SIN SUB	p141076	Herramientas/None			Caja Portaherramientas Plástica Separadores 22x14x9 Urrea
SIN SUB	p141077	Herramientas/None			Caja portaherramientas modular organizador 25x10x10 Urrea
SIN SUB	p141078	Herramientas/None			Caja Portaherramientas Metálica 60.4x25.4x28.2cm D8 Urrea
SIN SUB	p141079	Herramientas/None			Plataforma Móvil Portaherramientas Modulares Color Negro Urrea
SIN SUB	p141080	Herramientas/None			Caja Metálica Usos Múltiples Rojo 38x17x5.5cm Urrea
SIN SUB	p141081	Herramientas/None			Caja Portaherramientas CPM7 Plástico Con Compartimentos Negro Urrea
SIN SUB	p141082	Herramientas/None			Caja Porta Herramientas D71 Metal Color Rojo Urrea
SIN SUB	p141083	Herramientas/None			Caja Plástica Portaherramientas Tapa Roja Cpuc20r Urrea
SIN SUB	p141098	Relojes inteligentes/None			Extensible para reloj de pulsera VentDepot MXSSY-007-2 Morado
SIN SUB	p141102	Relojes inteligentes/None			Extensible para Reloj VentDepot de Madera Dura Rojo 44 mm
SIN SUB	p141103	Relojes inteligentes/None			Extensible para reloj de pulsera VentDepot MXMSE-037 NA - 40mm de ancho
SIN SUB	p141104	Relojes inteligentes/None			Extensible Para Reloj De Pulsera Ventdepot Mxlrs-010 Coral - 44mm De Ancho
SIN SUB	p141105	Relojes inteligentes/None			Extensible para Reloj de Pulsera de Silicona, Gris, 40 mm, Marca VentDepot
SIN SUB	p141107	Relojes inteligentes/None			Extensible para reloj de pulsera VentDepot MXRAM-002-6 Blanco - 4.4cm de ancho
SIN SUB	p141108	Relojes inteligentes/None			Extensible para reloj de pulsera VentDepot MXBIA-003-4 Rojo - 40mm de ancho
SIN SUB	p141109	Relojes inteligentes/None			Extensible para reloj de pulsera VentDepot MXWEC-002-3 Amarillo - 40mm de ancho
SIN SUB	p141110	Cámaras de seguridad/None			TP-Link Tapo H100 Hub & Chime, Blanco
SIN SUB	p141129	Cámaras de seguridad/None			Dahua X-SPANS color blanco
SIN SUB	p141135	Cámaras de seguridad/None			Placa De Seguridad Ring
SIN SUB	p141140	Cámaras de seguridad/None			Ring Floodlight Cam Wired Plus Completamente Con Video
SIN SUB	p141149	Cámaras de seguridad/None			Ojo® Kits De Seguridad Visión Nocturna Audio Bidireccional
SIN SUB	p141166	Redes/None			Ubiquiti Unifi U6-Pro
SIN SUB	p141182	Impresoras/None			Impresora multifunción a color Brother DCP Brother DCP-T426W con wifi
SIN SUB	p141183	Impresoras/None			Epson C11CK57301 - Negro
SIN SUB	p141184	Impresoras/None			Receptor térmico timal monocromático Epson TM-T88v | Fornetend Red
SIN SUB	p141186	Impresoras/None			Impresora De Credenciales Zebra Zc100
SIN SUB	p141188	Instrumentos musicales/None			Mic Corbatero Samson A3lm5 P/inalamb Samson Conector P3
SIN SUB	p141209	Iluminación/None			Enchufe Inteligente Ledvance Wifi 91917 N/a
SIN SUB	p141217	Iluminación/None			Volteck 46345 1
SIN SUB	p141220	Iluminación/None			Volteck ARB-902L 1 Negro
SIN SUB	p141221	Iluminación/None			Colgante Farol, Blanco, 1xe26 Volteck 47296
SIN SUB	p141224	Iluminación/None			Empotrado, Dirigible, Esférico, Satín Mr16 Volteck 46625
SIN SUB	p141226	Iluminación/None			Empotrado Fijo Blanco Para Mr16 Volteck 46612
SIN SUB	p141230	Juguetes y bebés/None			Baby Alive - Dino Cuties
SIN SUB	p141231	Juguetes y bebés/None			Baby Alive Estilos Magicos
SIN SUB	p141307	Domótica y hogar inteligente/None			Control Inteligente Infrarrojos Tecnolite Chief Wifi 1.5w Ne
SIN SUB	p141337	Audífonos/None			Jbl Jbl Tune 530 Bt - Lavander
SIN SUB	p141819	Audífonos/None			ELECDER i37 - Auriculares para niños, niñas, adolescentes, plegables, ajustables, conector de 3,5 mm
SIN SUB	p141899	Audífonos/None			MAIRDI - Auriculares de oficina con conector RJ9 para teléfono Cisco, incluyendo conector de 3,5 mm 
SIN SUB	p142118	Audífonos/None			Auriculares VR compatibles con iOS y Android - Gafas de Realidad Virtual for teléfonos celulares de 
SIN SUB	p143275	Audífonos/None			Amplificador de auriculares tipo C a cable de 3,5 mm para todos los conectores tipo C, adaptador com
SIN SUB	p143285	Audífonos/None			Protectores de puerto de carga para auriculares, conectores de metal, ligeros, portátiles, accesorio
SIN SUB	p143287	Audífonos/None			Cable de enlace extendido USB a tipo C, cable de carga rápida, cable de transferencia de datos para 
SIN SUB	p143736	Audífonos/None			MAXROCK TM Mini Total Suave Silicona Auriculares Auriculares con Mic Music Sleep Choice para Celular
SIN SUB	p145205	Audífonos/None			Starkey- Cargador estándar prémium para audífonos Evolv AI, Livio Edge AI, Livio AI, Livio RIC y Mus
SIN SUB	p145259	Audífonos/None			Starkey Cargador estándar premium para Evolv AI, Livio Edge AI, Livio AI, Licio RIC y MUSE IQ. Audíf
SIN SUB	p145296	Audífonos/None			Baofeng Walkie Talkies 888S recargable de largo alcance con auriculares para adultos, radio profesio
SIN SUB	p145300	Audífonos/None			Retevis RT22S Radios de Comunicacion,Walkie Talkie de Largo Alcance con Auriculares y Micrófono, Pan
SIN SUB	p145578	Audífonos/None			KIKKERLAND Cargador con auriculares 2 en 1, Estilo minimalista, Adaptador de carga, Compatible con i
SIN SUB	p146415	Audífonos/None			BAOFENG BF-888S Walkie Talkie para adultos, radio bidireccional de largo alcance, 1500 mAh 16 CH, 6 
SIN SUB	p146596	Audífonos/None			Baofeng Walkie Talkies 888S recargable de largo alcance con auriculares para adultos, radio profesio
SIN SUB	p146626	Impresoras/None			Fujifilm INSTAX Mini Link 3 Impresora para smartphone + Instax Mini película instantánea (20 hojas) 
SIN SUB	p146814	Audífonos/None			XAGMODSHN - Cargadores profesionales de metal USB C macho a USB C hembra convertidores para recortad
SIN SUB	p147618	Audífonos/None			PD65W USB C Cargador súper rápido para auriculares Meta Quest 3s y 3 y 2 VR, negro
SIN SUB	p148290	Audífonos/None			Base de carga para Oculus Quest 2/Meta Quest 2, estación de carga compatible con indicador LED Meta 
SIN SUB	p148312	Audífonos/None			Radio de emergencia, radio meteorológica de 5000 mAh/18500 mWh, radio solar de manivela con alerta A
SIN SUB	p148372	Audífonos/None			Walkie Talkies de largo alcance para adultos con auriculares, 16 canales Walky Talky recargable Radi
SIN SUB	p148522	Audífonos/None			WiTalk-CB Cargador de 10 bahías para auriculares de intercomunicación WiTalk y Hub WiTalk-BP
SIN SUB	p148564	Audífonos/None			Walkie Talkies de largo alcance para adultos, radios recargables de dos vías con auriculares, radios
SIN SUB	p148573	Audífonos/None			Baofeng BF-88ST Pro Walkie Talkies - Paquete de 3, Radios de Largo Alcance Walkie Talkies para Niños
SIN SUB	p148768	Audífonos/None			Reproductor de Música Portátil, Reproductor Mp3 con Batería de Larga Duración, Material de Aleación 
SIN SUB	p148838	Audífonos/None			Radio de bolsillo portátil Mini radio de banda Radio AM/FM/SW con batería recargable Soporte para au
SIN SUB	p149110	Audífonos/None			Reproductor de DVD portátil de 12.5" con pantalla HD IPS de 10.1" para niños, reproductor de DVD par
SIN SUB	p149386	Audífonos/None			Khadas Tea Pro - Amplificador de auriculares portátil con visualización de 2,41 cm, ultra delgado BT
SIN SUB	p149398	Audífonos/None			Retevis RT22P, nueva versión de RT22, radio portátil de 2 vías con auriculares, batería de 1620 mAh,
SIN SUB	p150528	Audífonos/None			Amplificador de Auriculares Clear Audio Interruptor de Ganancia de 2 Etapas Batería Recargable de 15
SIN SUB	p150574	Audífonos/None			Mini Radio Portátil Am FM, Radio de Bolsillo con Pantalla Retroiluminada, Auriculares Estéreo, Bater
SIN SUB	p150596	Audífonos/None			Radio Personal Am/FM, Radio Portátil de Bolsillo, Mini Radio Estéreo de Sintonización Digital con Pa
SIN SUB	p150629	Audífonos/None			Radio AM FM Portátil de Bolsillo, Mini Receptor de Radio con Auriculares, Radios Digitales Estéreo c
SIN SUB	p150764	Audífonos/None			Pad de Batería Electrónico, Portátil con Metrónomo y Auriculares Digital para Principiantes Estudian
SIN SUB	p150921	Audífonos/None			Reproductor de CD portátil KLIM Discman con batería incorporada - Nuevo - Auriculares KLIM Fusion - 
SIN SUB	p151015	Audífonos/None			KLIM Discman - Reproductor de CD portátil con batería integrada, novedad - Auriculares KLIM Fusion -
SIN SUB	p152337	Audífonos/None			Reproductor MP3 Portátil 64GB, Azul, Pantalla LCD 4.57cm, Reproductor de Música con Sonido Sin Pérdi
SIN SUB	p152344	Audífonos/None			Radio Portátil FM AM SW Radio, Radio DSP Multibanda con Pilas, Radio AM FM con Conector para Auricul
SIN SUB	p152400	Audífonos/None			Radio Pocket am FM portátil con auriculares estéreo, mini transistor, radio digital con excelente re
SIN SUB	p152410	Audífonos/None			Haofy Amplificador de Auriculares de bajo de Guitarra Eléctrica Portátil con Batería de 500 MAh, Car
SIN SUB	p152441	Audífonos/None			Radio portátil AM FM, radio de bolsillo con linterna, perilla de sintonización, ranura para tarjeta 
SIN SUB	p152442	Audífonos/None			Auriculares portátiles de radio FM personales, cómodos auriculares de radio con batería recargable d
SIN SUB	p152506	Audífonos/None			Radios Intercomunicadores T20, Paquete de 2 Walkie Talkies con Audífonos, Carga USB-C, 22 Canales, B
SIN SUB	p152518	Audífonos/None			Radio de Bolsillo Personal Am/FM portátil VR-Robot, Mini Radio Digital de sintonización Walkman, con
SIN SUB	p152523	Audífonos/None			AM FM - Radio personal portátil con excelente recepción con batería operada por 2 pilas AAA con auri
SIN SUB	p152584	Audífonos/None			Batería para Meta/Oculus Quest 3s/3/2, batería de 5000 mAh para tiempo de reproducción extendido de 
SIN SUB	p152617	Audífonos/None			Mingzhe BF-888s Walkie Talkies 2 Paquetes de radios bidireccionales Recargables Impermeables de Larg
SIN SUB	p152794	Audífonos/None			Receptor de Radio DSP de Banda Completa AMNVOLT V4 Mini con Radio Mini SI4732, Pantalla IPS de 1.9 P
SIN SUB	p152859	Audífonos/None			Reproductor de CD personal | Reproductor de CD portátil de 7 horas de duración de la batería | Repro
SIN SUB	p152921	Audífonos/None			Auriculares para motocicleta Q58 Max comunicación simultánea de dos personas a 500M compartir música
SIN SUB	p153006	Audífonos/None			KLIM Discman - Reproductor de CD portátil con auriculares, batería incorporada, para casa y coche, c
SIN SUB	p153010	Audífonos/None			Majestic RT 194 DAB - Radio portátil DAB/DAB+/FM Pantalla LCD, batería recargable, salida de auricul
SIN SUB	p153367	Audífonos/None			Raddy RF757 - Radio de onda corta con control de aplicación, radio portátil con recepción AM/FM/SW/V
SIN SUB	p153370	Audífonos/None			Retevis B3S Walkie Talkie con visualización LCD, radios portátiles de 2 vías con auriculares, ultra 
SIN SUB	p155165	Audífonos/None			EBTOOLS Radio FM Portátil, Compacta con Batería de 50 a 109 MHz con Pantalla LCD y Conector para Aur
SIN SUB	p155421	Teclados/None			P50, P70, P51, P71, 20EN, 20ER laptops with Backlit Keyboards and Pointing Sticks, Model 01HW293, Se
SIN SUB	p155430	Teclados/None			Keyboard for P20T 11 3147 07W4K6 7W4K6 laptops
SIN SUB	p155433	Teclados/None			Replacement Keyboard for 930MBE laptops, English (US) with Backlight
SIN SUB	p156755	Teclados/None			C-Type Keyboard Cover for Predator G9-591-72F3 laptops
SIN SUB	p157497	Audífonos/None			TECHWOLF audífonos USB-C con micrófono y Control, DAC CX31993 32bit/384kHz, Sonido HiFi estéreo, red
SIN SUB	p157509	Audífonos/None			Auriculares con Conector de 3,5 mm para Estudiantes y jóvenes
SIN SUB	p157520	Teclados/None			Keyboard with Backlight for laptops UX510U, UX510, V510UX, V510UX7200
SIN SUB	p157521	Teclados/None			Upper touchpad Keyboard L20386-001 for 15-DA and 15-DB laptops
SIN SUB	p157522	Teclados/None			For L22937-001 Top Cover with Keyboard and touchpad for 15-BC laptops
SIN SUB	p157536	Teclados/None			For 0F8DGT 14-Inch Laptop Top Cover with Backlit Keyboard and touchpad, Suitable for 5420 and 5425 l
SIN SUB	p157571	Teclados/None			Bettdow Ligero Aleación de Aluminio Español (Incluye Ñ) Magic Keyboard para iPad Air 11“ M3 2025/M2 
SIN SUB	p157606	Audífonos/None			Hyundai Tablet HyTab Plus 10.1" HD IPS, Octa-Core A537, 6GB RAM, 128GB, Android 15, WiFi AC/AX, 6000
SIN SUB	p157884	Audífonos/None			MoKo - Bolsa para tablet de 9 a 11 pulgadas y 12.9 pulgadas, funda de transporte para iPad y portáti
SIN SUB	p157971	Teclados/None			【Español Ñ】Teclado Para Tablet Samsung pare modelos Samsung de 10.9/11''
SIN SUB	p158498	Teclados/None			Lenovo Tab P11 (2nd Gen) - 2023 - Tablet - Long Battery Life - 11.5" LCD - Front 8MP & Rear 13MP Cam
SIN SUB	p159550	Teclados/None			RCA Viking Pro Flagship Black Edition 10.1 Touchscreen 2 In 1 Tablet Laptop, Detachable Keyboard, Fr
SIN SUB	p160218	Audífonos/None			Auriculares para Niños con Luces LED, USB C, Micrófono, Límite de Volumen 85/94dB - para Escuela, Ta
SIN SUB	p160256	Audífonos/None			Naxa NID-1080 Tablet con Windows 11 Desmontable 2 en 1 con visualización IPS de 10.1 Pulgadas y comb
SIN SUB	p160352	Teclados/None			RCA Viking Pro Blue Edition 10 Inch Touchscreen 2 In 1 Tablet Laptop (Quad-Core Processor, 32G stora
SIN SUB	p160974	Audífonos/None			iClever HS19 Audífonos para niños, Volumen Seguro 85/94 dB, Sonido estéreo con micrófono HD, FunShar
SIN SUB	p161615	Audífonos/None			Amplificador de Auriculares, Tubo Portátil, Salida Balanceada de
SIN SUB	p161616	Televisores/None			MaxxBass - Altavoz Bluetooth inalámbrico, 30 W, compatible con teléfono celular, computadora, tablet
SIN SUB	p161936	Audífonos/None			Almohadillas de repuesto Geekria para auriculares Marshall Monitor (primera generación), almohadilla
SIN SUB	p162078	Audífonos/None			MEE Audio M6 Pro - Auriculares de Monitor Dentro del oído para músicos, Modelo de Segunda generación
SIN SUB	p162248	Audífonos/None			Behringer MO240 Auriculares y monitores internos, Negro
SIN SUB	p163712	Audífonos/None			Secador de Audífonos Apagado Automático Y Eliminación Silenciosa De Humedad
SIN SUB	p163714	Audífonos/None			Almohadillas de repuesto para orejas, silenciosas y cómodas de proteínas de cuero, almohadillas para
SIN SUB	p163735	Audífonos/None			Almohadillas para Orejas de Repuesto para Auriculares compatibles con Marshall Monitor II 2 ANC
SIN SUB	p164248	Televisores/None			Marco táctil infrarrojo de 43 pulgadas, panel de visualización táctil Plug & Play sin driver, antirr
SIN SUB	p165181	Audífonos/None			Almohadillas de Repuesto para Auriculares de Primera Calidad, compatibles con Marshall Monitor Auric
SIN SUB	p165182	Televisores/None			IEC320 C13 a NEMA 5-15P, cable de alimentación de extensión, compatible con computadoras, monitores,
SIN SUB	p165571	Audífonos/None			Auriculares y monitores internos Mackie, controlador híbrido dual (MP-240)
SIN SUB	p170655	Televisores/None			ASHATA 1 par de Altavoces de TV de Repuesto para Television UN40F5500 UN40F6200 UN46F5500 UN46F6400
SIN SUB	p171051	Televisores/None			Philips B4000 Barra de Sonido 2.0 Canales, Bluetooth, HDMI-ARC, Roku TV Ready
SIN SUB	p172503	Televisores/None			80W Bookshelf Speaker 2.0 HiFi Shower System Wood Music Altavoces for televisión Barra de Sonido la 
SIN SUB	p172717	Televisores/None			Altavoz de televisión LCD, 2 Piezas Altavoz de TV 8 Ohm 10W multifunción para televisión
SIN SUB	p173951	Televisores/None			ZVOX AccuVoice AV835 Barra de sonido clarificadora de diálogo, tecnología auditiva patentada con 20 
SIN SUB	p174537	Televisores/None			Q Acoustics 5040 - Altavoz de Piso Blanco Satinado (un Solo Altavoz Orden, Dos Unidades), Sistema es
SIN SUB	p174567	Televisores/None			150W hogar televisión Altavoz de la Barra de Sonido del Teatro Barra de Sonido inalámbrica 3D Subwoo
SIN SUB	p174845	Audífonos/None			Cable de Extensión de Audio Auxiliar 3, 5mm para Auriculares
SIN SUB	p175184	Televisores/None			Altavoces de Repuesto 6Ω 10W para TV UN40F5500 UN40F6200 UN46F5500 UN46F6400, Altavoz de Completa co
SIN SUB	p1763	Deportes y fitness/Otros			Telémetro de golf CIGMAN CT-1200 de 1312 yardas
SIN SUB	p177246	Televisores/None			Mini Q3 Ponente de computadora por Cable 3.5 mm 1 0w Teatro la casa Barra Sonido motorizada Ordenado
SIN SUB	p177594	Televisores/None			HiVi-Swans D200 - Altavoces de estantería alimentados por Bluetooth - Altavoces de monitor de estudi
SIN SUB	p178717	Audífonos/None			JBL Tune 310C Audífonos con Mic/Control USB-C, Drivers de 9mm, Cable Antienredos - Negro
SIN SUB	p178744	Audífonos/None			JBL Endurance Run 2 - Auriculares Deportivos Impermeables en la Oreja - Negro
SIN SUB	p178789	Audífonos/None			Sony Audífonos profesionales de diafragma grande ideal para grabar en estudios MDR7506
SIN SUB	p178806	Audífonos/None			IA Auriculares traducción, 144 Idiomas, 40 Horas– Negro
SIN SUB	p178818	Audífonos/None			Sony- E9LP/P Audífonos internos
SIN SUB	p178835	Audífonos/None			Samsung Audífonos Tipo-C con Sonido de Estudio y DAC Integrado Negros
SIN SUB	p178836	Audífonos/None			Mitzu MH-0090BL Audífonos Manos Libres con Sujetadores
SIN SUB	p178847	Audífonos/None			JBL Tune 310C Audífonos con Mic/Control USB-C, Drivers de 9mm, Cable Antienredos - Azul
SIN SUB	p178848	Audífonos/None			JBL Tune 310C Audífonos con Mic/Control USB-C, Drivers de 9mm, Cable Antienredos - Blanco
SIN SUB	p178856	Audífonos/None			Genérico Audífonos Pro USB-C con Micrófono HD y Control Preciso | Sonido Hi-Fi Inmersivo, Compatible
SIN SUB	p178892	Audífonos/None			Auriculares USB C para iPhone 17/16/15 Pro Max Plus Tipo C con micrófono y auriculares con cancelaci
SIN SUB	p178919	Audífonos/None			Auriculares para Dormir orientación Lateral para Dormir, Evita el Mal Funcionamiento Ultraligero 2,1
SIN SUB	p178931	Audífonos/None			Decibullz - Cord?n para Auriculares Personalizado
SIN SUB	p178955	Audífonos/None			Motorola PACE 115 RD Audífonos de Inserción con Manos Libres, Rojos
SIN SUB	p178958	Audífonos/None			Auriculares POWMEE P20 - Neil y Niñas, Seguros para Escuelas, Viajes y PC - Volumen Limitado de 94 d
SIN SUB	p179071	Audífonos/None			Tech Uino Auriculares USB C de 1.2m con Micrófono, Compatibles con Cualquier Dispositivo con Entrada
SIN SUB	p179086	Audífonos/None			KALLORY Auriculares Retro Ajustables Y Livianos Almohadillas Acolchadas para El Uso del Aula Y La Bi
SIN SUB	p179114	Audífonos/None			Audífonos Traductores IA en Tiempo Real con Pantalla Táctil LCD, Traductor para 164 Idiomas y Acento
SIN SUB	p179160	Audífonos/None			iClever HS19 Audífonos para niños with Shareport, Volumen Seguro, Sonido estéreo con micrófono HD, P
SIN SUB	p179203	Audífonos/None			Behringer HPM1100-BK Audifonos, Negro
SIN SUB	p179239	Audífonos/None			Auriculares para Niños Con Luces LED, USB C, Micrófono, Límite de Volumen 85/94dB - para Escuela, Ta
SIN SUB	p179357	Audífonos/None			SoundPEATS Q40HD Audífonos Deportivos Hi-Res LDAC Drivers Duales 11mm IP67
SIN SUB	p179359	Audífonos/None			SoundPEATS Q40HD Audífonos Deportivos Hi-Res LDAC Drivers Duales 11mm IP67
SIN SUB	p179364	Audífonos/None			Behringer BDJ 1000 Audifonos, Negro
SIN SUB	p179390	Audífonos/None			AKG K240 Studio - Semi Open - Auriculares profesionales, 6.00 x 9.20 x 6.00 pulgadas, negro
SIN SUB	p179396	Audífonos/None			Audio Technica ATH-EQ300M SV Silver | Auriculares Ear-Fit (importación de Japón)
SIN SUB	p179411	Audífonos/None			Roland RH-5 Audífonos
SIN SUB	p179437	Audífonos/None			Audífonos Sennheiser CX 300S Red
SIN SUB	p179448	Audífonos/None			Acer - Paquete de 2 auriculares para niños, limitador de 85 a 94 dB, conector de 3,5 mm, HK03 a 2P
SIN SUB	p179461	Audífonos/None			Lamborghini Auriculares Huracan Borealis
SIN SUB	p179480	Audífonos/None			Sennheiser SH230 Monaural Audífonos with Microphone
SIN SUB	p179486	Audífonos/None			Sony - Serie ZX Audífonos estéreo (Rosa)
SIN SUB	p179497	Audífonos/None			Behringer BH470 VABEHBH470 Audifonos
SIN SUB	p179507	Audífonos/None			XIAOMI Tipo-C - Auriculares, Color Blanco
SIN SUB	p179518	Audífonos/None			GXTrust Forta Audífonos con Licencia Oficial para PlayStation 5, Negro
SIN SUB	p179555	Audífonos/None			SoundPEATS Q40HD Audífonos Deportivos Hi-Res LDAC Drivers Duales 11mm IP67
SIN SUB	p179561	Audífonos/None			Auriculares Deportivos Abiertos Endurance Pace Azul
SIN SUB	p179594	Audífonos/None			HUAWEI FreeArc Auriculares Abiertos, Sonido increíble, Ajuste Seguro y Cómodo, Resistencia al Agua I
SIN SUB	p179595	Audífonos/None			AKG K92 Audífonos Closed-Back, color Negro
SIN SUB	p179604	Audífonos/None			Koss - Auriculares Porta Pro Rhythm Beige de edición limitada con micrófono, control de volumen y co
SIN SUB	p179618	Audífonos/None			Jabra Evolve 20 - Auriculares Estéreo Certificados por Microsoft para VoIP Softphone - Cancelación P
SIN SUB	p179632	Audífonos/None			Auriculares Abiertos con Cámara Inteligente De 8MP, IP54 Agua (#C)
SIN SUB	p179633	Audífonos/None			Philips Audio SHP9500 Auriculares estéreo de precisión HiFi (Negro)
SIN SUB	p179652	Audífonos/None			Behringer Omega Auriculares Hi-Fi con Espalda Abierta
SIN SUB	p179654	Audífonos/None			Audífonos Sennheiser HD 400S
SIN SUB	p179669	Audífonos/None			Jabra Evolve 20 - Auriculares estéreo con certificación de comunicación unificada para softphone VoI
SIN SUB	p179694	Audífonos/None			Sony MDRZX110NC - Auriculares con cancelación de ruido, MDR-ZX110NC, Negro, Mediano
SIN SUB	p179697	Audífonos/None			Lamborghini Auriculares Huracan Noctis
SIN SUB	p179716	Audífonos/None			CN-Outlet - Juego de 50 audífonos a granel para aula, para niños, niñas y adultos (CN102, negro)
SIN SUB	p179738	Audífonos/None			Logitech H540 - Auriculares con micrófono
SIN SUB	p179740	Audífonos/None			AIAIAI Tracks - Auriculares ligeros con micrófono y enchufe de 3,5 mm, color negro
SIN SUB	p179741	Audífonos/None			Behringer Alpha Auriculares de Alta fidelidad con Espalda Abierta
SIN SUB	p179745	Audífonos/None			Auriculares para niños, Paquete de 15 Unidades, para Escuela, Escuela, Estudiantes, niños, niñas, Ad
SIN SUB	p179751	Audífonos/None			Jabra Evolve 20 SE - Auriculares estéreo con certificación Microsoft para softphone VoIP con cancela
SIN SUB	p179791	Audífonos/None			Audífonos Sennheiser HD 25 Light
SIN SUB	p179813	Audífonos/None			Pioneer DJ HDJ-CUE1 Audífonos, Color Negro - 1 Unidad
SIN SUB	p179816	Audífonos/None			Audífonos Off-Ear Sony Float Run diseñados para Corredores
SIN SUB	p179829	Audífonos/None			Vic Firth SIH3 Auriculares de Aislamiento estéreo, 25 Decibeles
SIN SUB	p179857	Audífonos/None			Pioneer DJ HDJ-CUE1 Auriculares de DJ
SIN SUB	p179883	Audífonos/None			Sony MDRXB800 Extra Bass sobre la Cabeza Auriculares 50 mm Conductor, Negro
SIN SUB	p179897	Audífonos/None			MARSHAL - Modo de auriculares tipo canal Mike- (blackandwhite) MODEBLACKANDWHITE Japón usado l
SIN SUB	p179900	Audífonos/None			Audio Technica ATH-R30X Auriculares de Referencia Abiertos | Auriculares de Referencia Profesionales
SIN SUB	p179902	Audífonos/None			AKG K-361 Auriculares Negros
SIN SUB	p179903	Audífonos/None			Audífonos Sennheiser HD 450BT
SIN SUB	p179905	Audífonos/None			Star Wars The Black Series Carson Teva, Auriculares electrónicos Premium con LED y efectos de sonido
SIN SUB	p179921	Audífonos/None			Audífonos profesionales con respaldo cerrado MC-150
SIN SUB	p179925	Audífonos/None			Audífonos Sennheiser IE 40 Pro Black
SIN SUB	p179930	Audífonos/None			Klipsch 1067566.0 Audífonos T5 con Banda para Cuello, Color Café
SIN SUB	p179946	Audífonos/None			Turtle Beach - Audifonos Recon 60p Multiplataforma para PS3 PS4
SIN SUB	p179952	Audífonos/None			XIAOMI Audífonos estéreo Openwear Cosmic Gray - Hires Audio, Batería de hasta 35.5 hrs, Comodidad Du
SIN SUB	p179976	Audífonos/None			HUAWEI FreeClip 2 S Audífonos
SIN SUB	p179995	Audífonos/None			AKG Pro Audio Studio - Auriculares, K371, K371
SIN SUB	p180039	Audífonos/None			Audio-Technica ATH-R50x - Auriculares de Referencia Profesionales con Espalda Abierta
SIN SUB	p180040	Audífonos/None			Audífonos Sennheiser RS 120-W para TV
SIN SUB	p180090	Audífonos/None			Technics EAH-DJ1200EK Auriculares DJ, Bloqueo de Cable, Drive de 41 mm, 32 Ohmios/1 kHz de Independe
SIN SUB	p180108	Audífonos/None			Nuevos Auriculares Microsoft Surface 2 - Gris Claro
SIN SUB	p180113	Audífonos/None			Audífonos Sennheiser para TV RS 2000
SIN SUB	p180132	Audífonos/None			Pioneer DJ HDJ-CX - Auriculares Profesionales para DJ (Negro)
SIN SUB	p180144	Audífonos/None			Baseus Inspire XH1 - Auriculares adaptables con cancelación de ruido activa, sonido de Bose, Dolby A
SIN SUB	p180145	Televisores/None			Sony RF400 Auriculares inalámbricos de Cine en casa para Ver la televisión (WHRF400)
SIN SUB	p180158	Audífonos/None			Bowers & Wilkins Px7 S2 Auriculares - Negro, FP42927
SIN SUB	p180173	Audífonos/None			Soundcore Anker Liberty 5 Pro MAX - Audífonos con Toma de Notas IA
SIN SUB	p180179	Audífonos/None			Timekettle Auriculares W4 Pro Ai Interpreter, Traducción de Voz Bidireccional en Tiempo Real (Gris)
SIN SUB	p180181	Audífonos/None			Sony Audífonos para Estudio Profesional MDR-M1
SIN SUB	p180192	Audífonos/None			Sennheiser RS 175 - Auriculares
SIN SUB	p180203	Audífonos/None			Dyson Zone™ 376062-01 - Auriculares con cancelación de Ruido (ultraazul/Azul de Prusia)
SIN SUB	p180215	Audífonos/None			Timekettle W4 Audífonos Traductores para Hablar en Lugares Ruidosos, Dorado
SIN SUB	p180220	Audífonos/None			Audio-Technica ATHM50XENSO LE Auriculares Negro
SIN SUB	p180225	Audífonos/None			Audio-Technica ATH-R70xa - Auriculares de Referencia Profesionales con Espalda Abierta
SIN SUB	p180241	Audífonos/None			HIFIMAN SUNDARA Auriculares Hi-Fi con Conectores de 3,5 mm, Magnéticos Planares, Ajuste Cómodo con A
SIN SUB	p180244	Audífonos/None			Audífonos Sennheiser HD 25 Plus
SIN SUB	p180250	Audífonos/None			Audífonos Sennheiser HD 450BT, Blanco
SIN SUB	p180253	Audífonos/None			Bowers & Wilkins Px7 S2 Auriculares - Azul, FP42935
SIN SUB	p180259	Audífonos/None			CTM CE320 - Audífonos Profesionales de Tres Drivers con Aislamiento Acústico Clear Tune Monitors
SIN SUB	p180263	Audífonos/None			Monoprice Monolito Planar Auriculares, Monolith M1060, Negro
SIN SUB	p180266	Audífonos/None			Audífonos Sennheiser para TV 195
SIN SUB	p180299	Audífonos/None			Jabra Evolve2 65 Auriculares
SIN SUB	p180317	Audífonos/None			HiFiMAN Edition XS Stealth Magnets Auriculares magnéticos planares Hi-Fi + Funda de Viaje para Auric
SIN SUB	p180320	Audífonos/None			Avid Products - Auriculares AE-36 en color blanco con micrófono de pluma ajustable para escuela, aul
SIN SUB	p180324	Televisores/None			Avantree Quartet 2 - Juego de Auriculares y transmisores inalámbricos compatibles con Bluetooth para
SIN SUB	p180331	Audífonos/None			Nuevos Auriculares Microsoft Surface 2 - Negro Mate
SIN SUB	p180334	Audífonos/None			Sony MDRX05/BR X - Auriculares, Negro Plata, Black Silver
SIN SUB	p180335	Audífonos/None			Westone Audio AMPRO20 Audifonos, color Transparente
SIN SUB	p180352	Audífonos/None			Audio-Technica ATH-A990Z - Auriculares dinámicos de Alta resolución para Monitor de Arte
SIN SUB	p180359	Audífonos/None			UFQ A28 ANR - Auriculares de aviación de color gris Delux, con gran rendimiento de reducción de ruid
SIN SUB	p180361	Audífonos/None			Focal Listen Professional - Auriculares Circulares con Espalda Cerrada, Color Negro
SIN SUB	p180370	Audífonos/None			Bowers & Wilkins Px8 Auriculares - Negro
SIN SUB	p180378	Audífonos/None			Audífonos Sennheiser HD 620S
SIN SUB	p180379	Audífonos/None			Shure AONIC 5 Auriculares con Aislamiento de Sonido - Rojo
SIN SUB	p180383	Audífonos/None			Bowers & Wilkins Px8 Auriculares - Bronceado
SIN SUB	p180389	Audífonos/None			Retekess TA003P Sistema de Auriculares portátiles para Discoteca silenciosa, Auriculares estéreo de 
SIN SUB	p180403	Audífonos/None			Auriculares Focal AZURYS
SIN SUB	p180408	Audífonos/None			Audio-Technica ATH-R70x Auriculares de Referencia Profesionales con Espalda Abierta
SIN SUB	p180416	Audífonos/None			Neumann NDH 30 Auriculares de Estudio con Espalda Abierta
SIN SUB	p180422	Audífonos/None			Denon PerL Pro Auriculares Blanco
SIN SUB	p180444	Audífonos/None			HIFIMAN Ananda Nano Auriculares magnéticos de Alta fidelidad planares con imanes sigilosos y diafrag
SIN SUB	p180449	Audífonos/None			Moondrop Auriculares x Crinacle Dusk IEMs 2DD+2BA+2Planar con Clavija 0,78 2 Pin 3,5mm/USB-C
SIN SUB	p180451	Audífonos/None			Steven Slate Audio VSX - Auriculares de modelado - Edición Platinum
SIN SUB	p180454	Audífonos/None			Neumann NDH20 - Auriculares de Estudio de supervisión Estrecha
SIN SUB	p180474	Audífonos/None			FIIO FT5 - Auriculares magnéticos Planos Abiertos de 90 mm
SIN SUB	p180479	Audífonos/None			LINSOUL THIEAUDIO Cypher Flagship - Auriculares con controlador dinámico
SIN SUB	p180489	Audífonos/None			Auriculares sloflo MS001GM
SIN SUB	p180490	Audífonos/None			FiiO FT13 Auriculares de Diafragma Cerrado para Audiofílicos, Conductor Dinámico Grande de 60mm con 
SIN SUB	p180501	Audífonos/None			Retekess TA003S Auriculares de Escritorio para Discoteca silenciosa (1-10)
SIN SUB	p180513	Audífonos/None			HamiltonBuhl Lab Pack, 24 MS2L Audífonos personales en una Funda de Transporte
SIN SUB	p180518	Audífonos/None			Audífonos Sennheiser SET840 -TV RF Stereo
SIN SUB	p180524	Audífonos/None			Moondrop Meteor 1DD+2BA+4Planar - Auriculares de 0,78 mm, 2 pines, diseño intercambiable, cable mixt
SIN SUB	p180553	Audífonos/None			Sony MDR-MV1 - Auriculares con monitor de referencia con carcasa rígida (2 unidades)
SIN SUB	p180560	Audífonos/None			Sony WFG700NW - Auriculares (3 pares cada uno)
SIN SUB	p180572	Audífonos/None			Sennheiser HD6XX - Auriculares Profesionales con Espalda Abierta, Color Negro
SIN SUB	p180573	Audífonos/None			AKG 2458Z00140 | AUDIFONOS PROFESIONALES PARA ESTUDIO
SIN SUB	p180574	Audífonos/None			V-MODA M-200 ANC - Auriculares híbridos con cancelación de Ruido, Color Negro Mate
SIN SUB	p180577	Audífonos/None			Shure SRH1840-BK Audífonos Profesionales de Diseño Abierto
SIN SUB	p180580	Audífonos/None			Maeline Bulk - Auriculares estéreo para estudiantes de aula, banda ajustable flexible para aprendiza
SIN SUB	p180597	Audífonos/None			Shure SRH1440 Audífonos Profesionales de diseño Abierto
SIN SUB	p180599	Audífonos/None			AUDIFONOS BATHYS BT - Dune
SIN SUB	p180600	Audífonos/None			Focal AUDIFONOS BATHYS BT - Negro Intenso
SIN SUB	p180602	Audífonos/None			Beyerdynamic TYGR 300 Bundle Audífonos
SIN SUB	p180603	Audífonos/None			AUDIFONOS BATHYS BT Focal
SIN SUB	p180606	Audífonos/None			AUDIFONOS Focal HADENYS
SIN SUB	p180608	Audífonos/None			HIFIMAN Arya Stealth Magnet - Auriculares magnéticos planares de tamaño Completo para audiófilos/Est
SIN SUB	p180609	Audífonos/None			HIFIMAN Arya Orgánicos Auriculares magnéticos Planos de tamaño Completo y Abiertos con imanes Oculto
SIN SUB	p180610	Audífonos/None			Meze Audio 109 Pro - Auriculares de Referencia, Color marrón/Negro
SIN SUB	p180612	Audífonos/None			Sistema Completo de Auriculares LED para Silent Disco de Fábrica (20 Auriculares LED + 3 Transmisore
SIN SUB	p180613	Audífonos/None			Sony MDR-1AM2 Audífonos, Color Negro
SIN SUB	p180618	Audífonos/None			Neumann NDH 30 - Auriculares dinámicos de Espalda Abierta para Mezcla Profesional, masterización, Tw
SIN SUB	p180622	Audífonos/None			Focal Lensys - Auriculares Cerrados Profesionales
SIN SUB	p180627	Audífonos/None			Retekess TA003 Auriculares para Fiestas silenciosas(1-20)
SIN SUB	p180629	Audífonos/None			Sistema Completo de Auriculares LED para Silent Disco de Fábrica (20 Auriculares LED + 2 Transmisore
SIN SUB	p180636	Audífonos/None			Dan Clark Audio AEON 2 Noire Planar - Auriculares de audiófilos portátiles con 2 m Dummer 3,5 mm/1/4
SIN SUB	p180640	Audífonos/None			Sennheiser 505795 Audífonos, Color Negro
SIN SUB	p180641	Audífonos/None			Shure Audífonos cerrados SRH1540
SIN SUB	p180649	Audífonos/None			Sennheiser EW-D ME3 Juego de Auriculares dinámicos (R1-6), Negro
SIN SUB	p180650	Audífonos/None			OAE2 [Auriculares de Monitor Abiertos con tecnología FSFM] Placa oscilante de biocelulosa de 40 mm, 
SIN SUB	p180651	Audífonos/None			Sony MDR-1A - Auriculares Negros (versión Internacional de garantía de EE. UU
SIN SUB	p180663	Audífonos/None			Neumann NDH 30 - Juego de auriculares de estudio dinámicos con respaldo abierto Auray HPDS-B para au
SIN SUB	p180665	Audífonos/None			beyerdynamic DT 1990 Pro MKII (30 ohmios), auriculares de estudio con
SIN SUB	p180670	Audífonos/None			Sennheiser HMD 26 Auriculares de transmisión supra-aural de doble oreja
SIN SUB	p180672	Audífonos/None			Denon AH-D5200 Zebrawood Auriculares de primera calidad
SIN SUB	p180675	Audífonos/None			beyerdynamic - Auriculares estéreo T5 (3ª generación)
SIN SUB	p180680	Audífonos/None			HIFIMAN HE600 - Auriculares de tamaño completo con imán mejorado
SIN SUB	p180684	Audífonos/None			Moondrop Illustrious Flagship - Auriculares con monitor dinámico de 11 mm con enchufe reemplazable d
SIN SUB	p180691	Audífonos/None			beyerdynamic - Auriculares estéreo T1 (3ª generación)
SIN SUB	p180695	Audífonos/None			HIFIMAN Mini Shangri-La - Auriculares electrostáticos con diafragma de grosor de nanómetro, revestim
SIN SUB	p180698	Televisores/None			Sony L600 - Auriculares inalámbricos para Ver la televisión (WH-L600), Color Negro
SIN SUB	p180713	Audífonos/None			Maeline Bulk - Auriculares para estudiantes con control de volumen, auriculares estéreo en la oreja 
SIN SUB	p180721	Audífonos/None			SIVGA SV023 - Auriculares de alta fidelidad, madera de nogal, driver dinámico de espalda abierta
SIN SUB	p180722	Audífonos/None			Maeline Bulk - Auriculares con conector para auriculares de 3,5 mm, 300 unidades, color negro
SIN SUB	p180723	Audífonos/None			Retekess TA003 Auriculares Discoteca silenciosa de 3 Canales (2-16)
SIN SUB	p180732	Audífonos/None			Point Source Audio CM-i5 - Auriculares de intercomunicación en la oreja con micrófono con cancelació
SIN SUB	p180739	Audífonos/None			DROP + MrSpeakers Ether CX Auriculares magnéticos planares Cerrados
SIN SUB	p180745	Audífonos/None			HIFIMAN HE6se - Auriculares magnéticos Ajustables para audiófilos de tamaño Completo V2
SIN SUB	p180756	Audífonos/None			Egghead EGG-IAG-1003-1014-SO-PK 20 Auriculares conmutables estéreo/mono para el aula con bolsa adici
SIN SUB	p180773	Audífonos/None			Jabra Evolve 80 - Auriculares estéreo
SIN SUB	p180774	Audífonos/None			Rand McNally RDY528020226 Cleardryve 200 Premium - Auriculares con cancelación de Ruido con Bluethoo
SIN SUB	p180776	Audífonos/None			Sony MDR-KE30LW/W Auriculares Estilo Bud con mosquetón (descontinuado por el Fabricante)
SIN SUB	p180789	Audífonos/None			Egghead EGG-IAG-1003-1078-SO-PK 20 audífonos conmutables estéreo/mono para aula con bolsa enrollable
SIN SUB	p180807	Audífonos/None			Soundnetic - Auriculares estéreo desechables para aula con micrófono de enchufe y pluma de 3,5 mm, c
SIN SUB	p180808	Audífonos/None			Plantronics GameCom 788 – Auriculares, 201270 – 05
SIN SUB	p180818	Audífonos/None			Paquete de 50 auriculares estéreo Smart-Trek Deluxe con control de volumen en línea y enchufe TRS de
SIN SUB	p180822	Audífonos/None			ffx3 Auriculares HiFi
SIN SUB	p180825	Audífonos/None			HW FreeClip 2 Auriculares - Potente escucha inteligente de doble motor - Auriculares abiertos BT 6.0
SIN SUB	p180848	Audífonos/None			Focal Clear MG - Auriculares de Alta fidelidad con Espalda Abierta
SIN SUB	p180849	Audífonos/None			Focal Celestee Auriculares HiFi con Espalda Cerrada
SIN SUB	p180852	Audífonos/None			Retekess TA003 Sistema de Auriculares para Discoteca silenciosa(1-30)
SIN SUB	p180853	Audífonos/None			Dan Clark Audio Noire X - Auriculares planares con espalda cerrada de 3,5 mm, 1/4 pulgadas, 2 m (neg
SIN SUB	p180855	Audífonos/None			HIFIMAN HE1000 Stealth Magnets - Auriculares planos de alta fidelidad con espalda abierta
SIN SUB	p180858	Audífonos/None			Focal Clear Pro MG - Auriculares Profesionales con Espalda Abierta con Almohadillas para Orejas de E
SIN SUB	p180860	Audífonos/None			HIFIMAN Arya Unveiled Auriculares magnéticos Planos Abiertos de tamaño Completo con imanes Invisible
SIN SUB	p180866	Audífonos/None			Audio-Technica ATH-ADX3000 - Auriculares dinámicos
SIN SUB	p180867	Audífonos/None			Soundnetic SN313 - Paquete de 500 Auriculares estéreo para Aula con Almohadillas para Orejas de Piel
SIN SUB	p180868	Audífonos/None			Focal AUDIFONOS BATHYS BT - Dune + Auriculares AZURYS
SIN SUB	p180869	Audífonos/None			Audeze LCD-2 Classic - Auriculares magnéticos planares con espalda cerrada
SIN SUB	p180870	Audífonos/None			Focal AUDIFONOS BATHYS BT - Dune AUDIFONOS BATHYS BT - Negro Intenso
SIN SUB	p180871	Audífonos/None			Hifiman Arya - Auriculares Magn?ticos Planares de Tama?o
SIN SUB	p180873	Audífonos/None			AUDEZE - LCD-X PLANAR - Auriculares magnéticos con funda de transporte, color negro
SIN SUB	p180874	Audífonos/None			Koss ESP/95X - Auriculares electrostáticos para audiófilos, color negro
SIN SUB	p180880	Audífonos/None			Audio-Technica ATH-AD2000X Audiophile - Auriculares al Aire última intervensión, Negro
SIN SUB	p180881	Audífonos/None			MT20H682FB-19CY Peltor Comtac V - Auriculares Mt20h682fb-19 Cy plegables de doble plomo estándar Dyn
SIN SUB	p180885	Audífonos/None			HamiltonBuhl Smart-Trek Deluxe - Auriculares estéreo con control de volumen en línea y enchufe de 3,
SIN SUB	p180888	Audífonos/None			Soundnetic SN09 - Auriculares estéreo desechables, color negro, 500 unidades, 1 unidad
SIN SUB	p180889	Audífonos/None			HIFIMAN Mini Shangri-La - Diafragma electrostático de grosor para auriculares, nanométrico, capa de 
SIN SUB	p180891	Audífonos/None			Final Audio Design SONOROUS IV Hi Fidelity Auriculares de Alta fidelidad, Color Negro
SIN SUB	p180897	Audífonos/None			Bowers & Wilkins & # xFF08; B & W & # xFF09; P9 Firma Auriculares
SIN SUB	p180900	Audífonos/None			AKG K872 Cerrado Master Referencia Auriculares
SIN SUB	p180904	Audífonos/None			Soundnetic SN-CCV - Paquete de 500 auriculares con almohadillas para orejas de piel sintético, estér
SIN SUB	p180905	Audífonos/None			ACE Active Reduction - Auriculares de aviación con reducción de ruido (ANR)
SIN SUB	p180906	Audífonos/None			HEDD HEDDphone AMT - Auriculares de conductor
SIN SUB	p180911	Audífonos/None			Cyber Acoustics AC-5002 - Auriculares estéreo de 3,5 mm con TuffCord, paquete de 80
SIN SUB	p180914	Audífonos/None			HamiltonBuhl Schoolmate Auriculares estéreo con volumen en línea, azul (HA2V) - Paquete de 100
SIN SUB	p180917	Audífonos/None			HamiltonBuhl - Auriculares estéreo personales (MS2L), color gris, paquete de 100
SIN SUB	p180923	Audífonos/None			beyerdynamic T 1 (Segunda generación) Auriculares estéreo de Gama Alta
SIN SUB	p180929	Audífonos/None			Astell&Kern Beyerdynamic Edición Especial AK T5p - Auriculares Cerrados con Conector de Auriculares 
SIN SUB	p180944	Audífonos/None			Bose Conversation Enhancing Auriculares Negro (770341-0010)
SIN SUB	p180946	Audífonos/None			Sony MDR-NC60 - Auriculares con cancelación de Ruido (versión Antigua), Color Negro
SIN SUB	p180948	Audífonos/None			GTW - Paquete de auriculares EPOS EDU 11 USB mono (paquete de 30) con paño de microfibra Global Teck
SIN SUB	p180950	Audífonos/None			Audio-Technica ATH-AP2000TI - Auriculares Cerrados, Color Negro
SIN SUB	p180961	Audífonos/None			Audiopark Audífonos Ear Koko 10 -Negro
SIN SUB	p180971	Audífonos/None			Sony MDR-NC33 Audífono - Audífonos
SIN SUB	p180978	Audífonos/None			HamiltonBuhl Primo - Auriculares estéreo de 50 unidades, color rojo, con reducción de ruido, resiste
SIN SUB	p180981	Audífonos/None			Audio-Technica ATH-ESW990H - Auriculares portátiles de madera
SIN SUB	p180982	Audífonos/None			Maeline Bulk - Auriculares con conector para auriculares de 3,5 mm, paquete de 400 unidades, multico
SIN SUB	p180984	Audífonos/None			Maeline Bulk - Auriculares estéreo para estudiantes de aula, banda ajustable y cojines de piel sinté
SIN SUB	p180989	Audífonos/None			Maeline Bulk - Auriculares con conector para auriculares de 3,5 mm, paquete de 500 unidades, multico
SIN SUB	p180993	Audífonos/None			Maeline Bulk - Auriculares con conector para auriculares de 3,5 mm, 500 unidades, color negro
SIN SUB	p181012	Audífonos/None			HamiltonBuhl Lab Pack con 24 Auriculares SC7V en Bolsa de Transporte Grande
SIN SUB	p181017	Audífonos/None			Fitness Bundle - 10 auriculares + 1 transmisor silencioso disco paquete (fiesta de 3 canales)
SIN SUB	p181046	Audífonos/None			Fostex T60RPmk2ai Premium Maple - Auriculares RP semiabiertos con Acabado Aizome
SIN SUB	p181047	Audífonos/None			Audeze ASY-1039 auricular / audífono accesorio Cinta - Accesorio para auriculares (Cinta, Audeze, LC
SIN SUB	p181049	Audífonos/None			B&O PLAY by Bang & Olufsen BeoPlay H6 con DJ Khaled Auriculares, Negro/Dorado
SIN SUB	p181051	Audífonos/None			Beyerdynamic AT1350-A32 - Auriculares de audiometría para análisis y medición acústicos, 32 ohmios
SIN SUB	p181057	Audífonos/None			Cyber Acoustics - Auriculares estéreo USB (AC-5008-80) - Comunicación duradera, nítida y clara en au
SIN SUB	p181058	Audífonos/None			Disco silencioso - discotecas silencioso e Bundl de fiesta (de 25 auriculares + 3 transmisores)
SIN SUB	p181061	Audífonos/None			Sistema de sonido silencioso, paquete de 50 auriculares LED para discoteca silenciosa (50 auriculare
SIN SUB	p181062	Audífonos/None			Silent Disco Paquete de auriculares LED de 3 canales (25 auriculares RF / 3 transmisores), color neg
SIN SUB	p181063	Audífonos/None			Focal Clear MG Pro Auriculares de estudio de referencia con espalda abierta
SIN SUB	p181065	Audífonos/None			Audio Technica ATH-AWAS Audiophile High Res Closed-Back Dynamic WoodenHeadphones Asada Zakura Japane
SIN SUB	p181066	Audífonos/None			Sony MDRZ1R Signature, Auriculares Hi-Res, Negro
SIN SUB	p181071	Audífonos/None			Cyber Acoustics - Auriculares estéreo USB (ACM-6005-80) para PC y otros dispositivos USB en la ofici
SIN SUB	p181072	Audífonos/None			Minihub Eartec HUB7SMXD, base doble, sistema para 7 personas, incluye 6 audífonos individuales ultra
SIN SUB	p181073	Audífonos/None			Audio-Technica Aire Dinámico Auriculares ath-adx5000 【 Japón Domestic Genuine Productos 】
SIN SUB	p181074	Audífonos/None			Denon DJ AH-D9200EM Audifonos Bamboo, Color Pack of/Paquete de 1
SIN SUB	p181076	Audífonos/None			Beyerdynamic T 5 p (Segunda generación) Auriculares estéreo de Gama Alta
SIN SUB	p181078	Audífonos/None			Cyber Acoustics - Auriculares estéreo USB-C (AC-5014-80) - Comunicación duradera, nítida y clara en 
SIN SUB	p181081	Audífonos/None			Fostex TH900mk2 - Auriculares estéreo Premium con Circuito magnético de neodimio y tecnología de dia
SIN SUB	p181083	Audífonos/None			Maeline Bulk - Auriculares estéreo para estudiantes de aula, banda ajustable flexible para aprendiza
SIN SUB	p181084	Audífonos/None			SENDYAUDIO - Auriculares de madera magnética planar de pavo real, clásicos, elegantes y lujosos (dor
SIN SUB	p181085	Audífonos/None			Maeline Bulk - Auriculares estéreo para estudiantes en el aula con banda ajustable y cojines de piel
SIN SUB	p181093	Audífonos/None			Fostex TH910 - Auriculares de Alta Calidad con Parte Trasera Cerrada para audiófilos, Driver BioDyna
SIN SUB	p181096	Audífonos/None			Accsoon - Como - Incluye UN Auricular Host y Ocho Auriculares remotos - Diseño ergonómico - Alcance 
SIN SUB	p181098	Audífonos/None			HamiltonBuhl - Paquete de 100 auriculares Primo, enchufe de 3,5 mm, negro, hecho de plástico ABS, co
SIN SUB	p181102	Audífonos/None			Fostex TH1100RP Premium - Auriculares planares para audiófilos, Espalda Abierta
SIN SUB	p181106	Audífonos/None			QUAD - ERA-1 Auriculares magnéticos planares
SIN SUB	p181108	Audífonos/None			Maeline Bulk - Auriculares con micrófono, auriculares estéreo con micrófono y cojines de piel sintét
SIN SUB	p181116	Audífonos/None			Fostex EE. UU. 25-ohms th900 Premium auriculares estéreo con japonés lacado auriculares y 1,5 Tesla 
SIN SUB	p181118	Audífonos/None			Paquete de fiesta de eventos silenciosos, 40 auriculares + 3 transmisores de disco silencioso (fiest
SIN SUB	p181119	Audífonos/None			Maeline Bulk - Auriculares para estudiantes con micrófono, auriculares estéreo en la oreja con micró
SIN SUB	p181122	Audífonos/None			Fostex TH1000RP Premium - Auriculares planares para audiófilos, Espalda Cerrada
SIN SUB	p181131	Audífonos/None			Focal Utopia - Auriculares de Espalda Abierta de Alta fidelidad (2022)
SIN SUB	p181135	Audífonos/None			Audio-Technica ATH-ADX7000 Air Dynamic Auriculares de espalda abierta
SIN SUB	p181136	Audífonos/None			SHURE KSE1500 Sistema de auriculares electrostáticos
SIN SUB	p181140	Audífonos/None			Fostex TH1000RPmk2 Auriculares planares Premium para audiófilos, Espalda Abierta
SIN SUB	p181142	Audífonos/None			Cisco Auriculares CS-T10-WM-L-K9= Blanco - Marca EAN: 0889728565592
SIN SUB	p181143	Audífonos/None			Pioneer Auriculares estéreo (se-master1)
SIN SUB	p181147	Audífonos/None			Ultrasone Edición 10 Limited S-Logic Plus Surround Sound Auriculares profesionales de espalda abiert
SIN SUB	p181149	Audífonos/None			Conference, Expo y Reuniones - Paquete de 40 auriculares + 5 transmisores Silent Disco (10CH Ultra)
SIN SUB	p181163	Audífonos/None			Audífonos USB C para iPhone 17/16/15, con Micrófono y Control
SIN SUB	p181168	Audífonos/None			Motorola PACE 115 WH Audífonos de Inserción con Manos Libres, Blancos
SIN SUB	p181177	Audífonos/None			Tosuny Auriculares para Walkie Talkie, Auriculares de Tubo Acústico Universal de 2 Pines con botón P
SIN SUB	p181188	Audífonos/None			ljhnba - Auriculares de música Mp3 retro Feelings portátiles de voz pequeños auriculares deportivos 
SIN SUB	p181189	Audífonos/None			STF Audífonos Tipo C Micrófono Incorporado |
SIN SUB	p181213	Audífonos/None			Mitzu MH-0094BK Audífonos Manos Libres Ergonómicos
SIN SUB	p181224	Audífonos/None			Mitzu MH-0070BK Audífonos Manos Libres de Alta Fidelidad
SIN SUB	p181226	Audífonos/None			Auriculares LED, Auriculares, Colorido Apariencia de Dibujos Animados de Caricaturas Seguros Extraíb
SIN SUB	p181239	Audífonos/None			Mitzu MH-0032BK Audífonos Manos Libres Metálicos
SIN SUB	p181244	Audífonos/None			Auriculares Con Tapón Para Los Oídos,Auriculares Para Trabajadores De La Construcción - Auriculares 
SIN SUB	p181245	Audífonos/None			ljhnba - Auriculares con cancelación de cable de 3,5 mm para jugadores y música portátiles con micró
SIN SUB	p181256	Audífonos/None			Auricular con Tubo de Aire Antiradiación de Doble Espiral de 3,5 Mm con Micrófono Incorporado para T
SIN SUB	p181258	Audífonos/None			FastUU Auriculares de Cable Corto, audífonos portátiles Impermeables ampliamente aplicables para Pra
SIN SUB	p181259	Audífonos/None			Auriculares de reducción de ruido de fábrica con reducción de ruido y reducción de ruido de trabajo 
SIN SUB	p181274	Audífonos/None			Master Audifonos Tipo Boton con Funcion de Manos Libres Fresco y Elegante MS-350W
SIN SUB	p181276	Audífonos/None			Auriculares Retro, Auriculares pequeños versátiles, fáciles de Transportar, Accesorios fotográficos 
SIN SUB	p181280	Audífonos/None			Plástico Auriculares Falso Negro Micrófono para Disfraz
SIN SUB	p181283	Audífonos/None			Audifonos Antirradiacion con Tubo De Aire Acustico para Llamadas Y Musica 3 5mm Plug Universal CTIA 
SIN SUB	p181284	Audífonos/None			Kit Limpieza 32 en 1 para PC, Teclado, Audífonos, Cámara y Celular, Blanco
SIN SUB	p181292	Audífonos/None			Auriculares USB, Auriculares Profesionales para Computadora con Micrófono, Cancelación de Ruido, Esp
SIN SUB	p181295	Audífonos/None			Auriculares suaves de diseño ergonómico para auriculares Huawei AM61 para auriculares de uso repetid
SIN SUB	p181297	Audífonos/None			Auriculares depovos universales AK6 de 3,5 mm para Correr, con micrófono y para Escuchar música.
SIN SUB	p181299	Audífonos/None			Gadpiparty Auriculares con Orejas de Gatito para Niñas con Caja de Almacenamiento de Dibujos Animado
SIN SUB	p181304	Audífonos/None			Reemplazo de Micrófono de Juego para G733, Micrófono de Reducción de Ruido Desmontable con Brazo Fle
SIN SUB	p181307	Audífonos/None			Tangxi 2 Paquetes de Auriculares Grandes, Ganchos de Abrazadera para el Cable del Auricular para Aur
SIN SUB	p181314	Audífonos/None			HearClear Tamaño 10 PR230 - Baterías para audífonos (12 baterías)
SIN SUB	p181315	Audífonos/None			Divisor Audifonos y Microfono, 50CM Cable Audio Extensión Macho a Hembra
SIN SUB	p181316	Audífonos/None			Cubiertas de Esponja Azules para Auriculares Pequeños, 100 Piezas
SIN SUB	p181318	Audífonos/None			Balacoo Cordón Antipérdida Para Audífonos Clip De Soporte Protector Bte De Silicona Adultos Activida
SIN SUB	p181322	Audífonos/None			Auriculares de Estilo Retro, Auriculares pequeños Multiusos, Accesorios de fotografía fáciles de Lle
SIN SUB	p181349	Audífonos/None			TANGZU HE CAIWENJI - Auriculares electrónicos de alta fidelidad en la oreja con un solo driver dinám
SIN SUB	p181362	Audífonos/None			Auriculares Xiaomi Type-C, Color Negro
SIN SUB	p181390	Audífonos/None			Widex - Batería para audífonos Tamaño 675 (PR44) (4 paquetes = 24 baterías)
SIN SUB	p181397	Audífonos/None			Zengli Kz Castor Auriculares de Alta fidelidad 2 Armadura Equilibrio tunable Alta Gama dinámicos Aur
SIN SUB	p181399	Audífonos/None			Zengli Kz Castor Auriculares de Alta fidelidad 2 Armadura Equilibrio tunable Alta Gama dinámicos Aur
SIN SUB	p181411	Audífonos/None			Auriculares USB Tipo C para niños, actualización de Volumen Seguro de 94 dB, Sonido estéreo HD, Pleg
SIN SUB	p181466	Audífonos/None			Audífonos Plugfones PLG1st-001 -Amarillo
SIN SUB	p181482	Audífonos/None			Behringer HC 200 VABEHHC200 Audifonos
SIN SUB	p181485	Audífonos/None			Auriculares estéreo OEM con micrófono para Samsung Galaxy S8 S9 S8 Plus S9 Plus Note 8 - Diseñado po
SIN SUB	p181489	Audífonos/None			New Bee Auriculares para Computadora, Auriculares USB con Micrófono, Controles de Llamadas en Línea,
SIN SUB	p181494	Audífonos/None			ONANOFF BuddyPhones Standard. Audífonos para Niños con Límite de Volumen, Protección contra Ruido, R
SIN SUB	p181501	Audífonos/None			Jelanry - Auriculares de 3,5 mm con mando a distancia para Shuffle 2, 3, 4, 5, 6, Touch 2G, 3G, 4G, 
SIN SUB	p181508	Audífonos/None			POPCORN Bass X8 Pro tipo C en los monitores de oído auriculares auriculares estéreo con micrófono (b
SIN SUB	p181510	Audífonos/None			Steren Audífonos multimedia USB ultraconfort Azul AUD-536AZ
SIN SUB	p181516	Audífonos/None			Snug Play+ - Auriculares para niños con limitación de Volumen para niños pequeños (niños/niñas) - Pr
SIN SUB	p181525	Audífonos/None			Zengli Kz Castor Pro Auriculares de Alta fidelidad 2 Armadura Equilibrio tunable Alta Gama dinámicos
SIN SUB	p181530	Audífonos/None			ONIX Audifonos DJ Little Friends: Ositos Gomita
SIN SUB	p181572	Audífonos/None			Sony MDR-ZX110AP Audífonos Estéreo con Micrófono, color Blanco
SIN SUB	p181573	Audífonos/None			Moondrop CHU II Conductor dinámico de alto rendimiento IEMs Cable intercambiable en la oreja auricul
SIN SUB	p181602	Audífonos/None			Moondrop Auriculares al O?do de Estilo Antiguo de 40 Mm
SIN SUB	p181632	Audífonos/None			ONIX Audífonos DJ Pinkipods MAX Lila Magia
SIN SUB	p181673	Audífonos/None			OBEST Auriculares de Traducción de Lenguaje AI para Negocios y Aprendizaje
SIN SUB	p181675	Audífonos/None			POPCORN - Auriculares de alta gama con tacto suave, textura esmerilada, controladores de circuito ma
SIN SUB	p181703	Audífonos/None			Sony ZX110NC - Auriculares con cancelación de ruido, versión internacional (sin garantía)
SIN SUB	p181716	Audífonos/None			Skullcandy Audifonos con Micrófono Xtplyo Mod. S2WIHX-449 Rosa
SIN SUB	p181728	Audífonos/None			Reebok - Active Pack, Smartwatch y Audifonos, Color Rosa
SIN SUB	p181752	Audífonos/None			Audífonos Sennheiser CX 300-II Precision Black
SIN SUB	p181769	Audífonos/None			Reebok - Active Pack, Smartwatch y Audifonos, Color Azul
SIN SUB	p181772	Audífonos/None			Auriculares SAMSUNG AKG Originales USB Tipo C con Micrófono y Control Remoto para Galaxy A53 5G, S22
SIN SUB	p181786	Audífonos/None			Hmusic HS88 BT Auriculares Dormir, Aislamiento de Ruido
SIN SUB	p181789	Audífonos/None			Juego de 50 audífonos para escuela, aula, estudiantes, niños, niños, niñas, adolescentes y adultos (
SIN SUB	p181821	Audífonos/None			Numark HF175 Audífonos DJ Cerrados
SIN SUB	p181842	Audífonos/None			SoundMAGIC E11D - Auriculares digitales USB C tipo C con micrófono, auriculares estéreo de alta fide
SIN SUB	p181885	Audífonos/None			Auriculares tácticos de potencia ilimitada con intercomunicador y micrófono, auriculares impermeable
SIN SUB	p181908	Audífonos/None			BASN Bsinger Pro - Auriculares con Monitor de oído para músicos, Auriculares dinámicos con Aislamien
SIN SUB	p181920	Audífonos/None			Auriculares DVD Honda Pilot Odyssey (juego de dos) 2006 2007 2008 2009 2010 2011 2012 2013
SIN SUB	p181925	Audífonos/None			Auriculares para niños, paquete de 5 unidades, variedades de colores para estudiantes, cómodos auric
SIN SUB	p181973	Audífonos/None			Baseus Bowie Mh1 - Auriculares Adaptables con Cancelaci?n de Ruido Activa, Anc H?brido Adaptativo en
SIN SUB	p181996	Audífonos/None			Behringer DH100 Audifonos para bateria, Negro
SIN SUB	p182008	Audífonos/None			Auriculares Abiertos con Cámara Inteligente De 8 MP (#B)
SIN SUB	p182014	Audífonos/None			HPP Poly Blackwire C3220 - Auriculares estéreo USB-C/A
SIN SUB	p182027	Audífonos/None			Jabra Audífonos con microfono 5393-829-309 -Negro
SIN SUB	p182042	Audífonos/None			Tascam, audifonos TH-MX2 color negro
SIN SUB	p182069	Audífonos/None			TAKSTAR PRO 82 - Auriculares para monitor de estudio, ajuste de graves de 3 etapas
SIN SUB	p182071	Audífonos/None			KRK KNS8400 Audífonos Profesionales para Estudio
SIN SUB	p182116	Audífonos/None			Fanmusic Truthear x crinacle Zero:Red de Doble dinámica Rojo en Auriculares para la Oreja con 0.78 2
SIN SUB	p182125	Audífonos/None			KRK KNS-6402 Audífonos Profesionales para monitoreo
SIN SUB	p182128	Audífonos/None			Wooask M3 - Auriculares de traducción de IA en tiempo real, 144 idiomas Traductor Audifonos Traducto
SIN SUB	p182134	Audífonos/None			Cane Creek 40 Auriculares - ZS44/ZS56 Negro
SIN SUB	p182153	Audífonos/None			Juego de 200 audífonos a granel para niños en el aula, paquete de 200 unidades, resistentes al por m
SIN SUB	p182162	Audífonos/None			iKF Rona, Auriculares retroclásicos con cancelación Activa del Ruido, 75 Horas de reproducción, Soni
SIN SUB	p182173	Audífonos/None			NE20 - Auriculares de traducción en tiempo real - AI 135 auriculares de traductor de idiomas, Audifo
SIN SUB	p182188	Audífonos/None			Sennheiser HD 400U - Auriculares con Mando a Distancia Inteligente, Color Negro
SIN SUB	p182214	Audífonos/None			Auriculares de aviación GA con reducción de ruido para pilotos, aprendices principiantes, PPL, estud
SIN SUB	p182239	Audífonos/None			Reloop AMS‐RHP‐10‐Overol RHP 10 - Auriculares Profesionales Overol con un oído con Driver de neodimi
SIN SUB	p182247	Audífonos/None			Auriculares Abiertos Con Cámara 8MP, Traducción IA, Video EIS, BT 5.3 (BK)
SIN SUB	p182260	Audífonos/None			Sony MDRX05/BR X - Auriculares, Blanco/Plateado
SIN SUB	p182265	Audífonos/None			Timekettle M3 Audífonos Traductores en Tiempo Real, Negro
SIN SUB	p182286	Audífonos/None			Sennheiser IE4 - Auriculares de Alto Rendimiento para receptores de Sistema de Monitor
SIN SUB	p182299	Audífonos/None			Roland RH-A7-BK Auriculares de Monitor al Aire Libre
SIN SUB	p182319	Audífonos/None			Marley Audífonos Positive Vibration Frecuency House of Dorados
SIN SUB	p182330	Audífonos/None			Jabra Evolve 30 II Overol MS - Auriculares de comunicación unificada Profesional
SIN SUB	p182331	Audífonos/None			Yealink UH48 Dual UC Auriculares – USB-C/A Hybrid ANC, 4 micrófonos de cancelación de Ruido, Luces D
SIN SUB	p182334	Audífonos/None			Austrian Audio Hi-X15 - Audífonos Profesionales Cerrados y Ligeros - High End - con Increíble Resolu
SIN SUB	p182339	Audífonos/None			OKCSC G40 - Auriculares clásico con espalda abierta, conductores de alta fidelidad de 40 mm, comodid
SIN SUB	p182341	Audífonos/None			Puro Sound Labs - Auriculares con cancelación de ruido para niños - Límite de volumen de 85 dB, micr
SIN SUB	p182348	Audífonos/None			Sony MDRMA300 Auriculares sobre la Cabeza
SIN SUB	p182361	Audífonos/None			Auriculares Deportivos Abiertos Endurance Pace Morado
SIN SUB	p182367	Audífonos/None			TRN Jaws Monitores en el oído con Auriculares 3DD + 4BA + 1Planar HiFi, diseño ergonómico & Cable De
SIN SUB	p182368	Audífonos/None			BASN MMCX Auriculares dentro del oído, controladores triples, auriculares dentro del oído para músic
SIN SUB	p182371	Audífonos/None			Plantronics Poly - Auriculares USB EncorePro 515 USB-A y USB-C Actualizaciones del Sistema en la Nub
SIN SUB	p182373	Audífonos/None			Noble FoKus Kama - Audífonos Auriculares estéreo abiertos y portátiles de alta resolución, sonido de
SIN SUB	p182374	Audífonos/None			Shure SRH440-BK Audífonos de Calidad Profesional, Diseño Cerrado, Cable Desmontable, Construcción Pl
SIN SUB	p182384	Audífonos/None			G.K KZ ZAS Auriculares Metálicos HiFi Con 7BAs + 1DDs, 16 Drivers Híbridos, Monitor de Oído, Cancela
SIN SUB	p182416	Audífonos/None			Denon Canal Tipo Auriculares Alta resolución Apoyo compresión Dual de Aire Conductor montado ah-c820
SIN SUB	p182437	Audífonos/None			Baseus Inspire XP1 - Auriculares adaptables con cancelación de ruido, sonido de Bose, Dolby Audio, A
SIN SUB	p182441	Audífonos/None			Aiaiai TMA-2 Studio - Auriculares Profesionales de Estudio con Audio Altamente detallado y Comodidad
SIN SUB	p182463	Audífonos/None			Shure SRH840A - Audífonos Profesionales para Estudio
SIN SUB	p182464	Audífonos/None			Soundcore Anker Liberty 5 Pro - Audífonos con cancelación de Ruido
SIN SUB	p182470	Audífonos/None			Audífonos Sennheiser Momentum Sport Graphito
SIN SUB	p182494	Audífonos/None			AIAIAI TMA-2 - Auriculares de DJ profesionales de alto aislamiento, color negro
SIN SUB	p182505	Audífonos/None			Sennheiser Audífonos Accentum Clip (Crema)
SIN SUB	p182511	Audífonos/None			Rode NTH-100M - Auriculares Profesionales con micrófono para Auriculares
SIN SUB	p182512	Audífonos/None			Audio-Technica portátiles Auriculares ath-a900z
SIN SUB	p182527	Audífonos/None			Mackie MC-350 - Auriculares cerrados profesionales, color negro
SIN SUB	p182532	Audífonos/None			para TDH39 y DD45 Audiómetro Auriculares Transductores de Aire Auriculares Auriculares
SIN SUB	p182539	Audífonos/None			Audio-Technica ATH-E50 - Auriculares profesionales para monitor de estudio, color negro
SIN SUB	p182551	Audífonos/None			TV Ears 5.0 - Sistema de Auriculares Digitales, Negro
SIN SUB	p182554	Televisores/None			SEREONIC Audífonos de TV que mejoran la voz para dificultad auditiva, peso ligero con transmisor RF 
SIN SUB	p182563	Audífonos/None			OpenNote OpenNote - Auriculares para tomar notas y grabadora de voz
SIN SUB	p182566	Audífonos/None			Sony Audífonos WH-CH720N Noise Canceling Azul + Audífonos WH-CH720N Rosa
SIN SUB	p182613	Audífonos/None			Sony MDR-ZX600 sobre la Cabeza Auriculares Tipo, Blanco
SIN SUB	p182624	Audífonos/None			Beyerdynamic 483966 Audífonos
SIN SUB	p182625	Audífonos/None			Sony Audifonos ULT Wear Negro + Verde (Bundle)
SIN SUB	p182629	Audífonos/None			Audio-Technica BPHS1 - Auriculares estéreo con micrófono cardioide dinámico, color negro, ajustable
SIN SUB	p182656	Audífonos/None			Yamaha HPH-MT8 - Auriculares para Monitor, Color Negro
SIN SUB	p182665	Audífonos/None			HeiL Audífonos PROSET-3 -
SIN SUB	p182689	Audífonos/None			Soundcore Anker Liberty 5 Pro - Audífonos con cancelación de Ruido
SIN SUB	p182694	Audífonos/None			Final E5000 - Auriculares aislantes de oído, Driver dinámico de 6,4 mm, Alta resolución, Carcasa de 
SIN SUB	p182708	Audífonos/None			Sennheiser Amperior - Auriculares, Color Plateado
SIN SUB	p182711	Audífonos/None			Monoprice M1070 - Auriculares Planos con Parte Trasera Abierta, Ligeros, Acolchados, Almohadillas pa
SIN SUB	p182716	Televisores/None			Sennheiser Consumer Audio RS 5200 - Auriculares inalámbricos Digitales para Escuchar televisión, Col
SIN SUB	p182725	Audífonos/None			Auriculares de fibra de carbono resistentes para intercomunicadores estéreo y todoterreno con micróf
SIN SUB	p182727	Audífonos/None			Jabra Perform 75 Auriculares
SIN SUB	p182732	Audífonos/None			Cyber Acoustics audífonos estéreo con micrófono, Ideal para el Aula Escolar K12 y la educación (AC-2
SIN SUB	p182765	Audífonos/None			NICEHCK EBX25Ti - Auriculares planos de berilio de 14,2 mm, 4,4 mm, equilibrados, MMCX, sin micrófon
SIN SUB	p182766	Audífonos/None			Logitech H390 - Auriculares USB con micrófono con cancelación de Ruido, Paquete de 16, Color Negro
SIN SUB	p182768	Audífonos/None			NICEHCK EBX25Ti - Auriculares planos de berilio de 14,2 mm, 3,5 mm, MMCX, sin micrófono
SIN SUB	p182772	Audífonos/None			Auriculares de traducción
SIN SUB	p182788	Audífonos/None			Soundnetic SN-CCV - Paquete de 100 auriculares con almohadillas para orejas de piel sintético, estér
SIN SUB	p182795	Audífonos/None			Auriculares de Juego con 7.1 Sonido Envolvente, un Auricular con micrófono de cancelación de Ruido Y
SIN SUB	p182811	Audífonos/None			HOSA Mogan Eio-BG-at, Elite Ice - Auriculares omnidireccionales de Audio, Color Beige
SIN SUB	p182815	Audífonos/None			Auriculares de Juego,USB Auriculares de Juego con micrófono, Auriculares de Juego de Deportes de sub
SIN SUB	p182821	Audífonos/None			Auriculares for Juegos for PS4 con micrófono, Sonido Envolvente sobre el Ruido de la Oreja Que Cance
SIN SUB	p182825	Audífonos/None			Sony Moda Auriculares, Color Negro
SIN SUB	p182845	Audífonos/None			Zildjian Alchem-E PerfectTune Auriculares - Sandstorm
SIN SUB	p182848	Audífonos/None			Sony WHULT900N/B ULT Auriculares con cancelación de Ruido con Soporte para Auriculares y 4 Puertos
SIN SUB	p182855	Audífonos/None			Logitech Zone 900 Auriculares
SIN SUB	p182858	Audífonos/None			Sony H. Ear Sealed cinanabar plegable para auriculares con mando a distancia sonido de alta resoluci
SIN SUB	p182871	Audífonos/None			Auriculares resistentes NASCAR enlazables detrás de la cabeza para fanáticos de carreras, radios de 
SIN SUB	p182883	Televisores/None			Sennheiser Consumer Audio TV Clear Set 2 Auriculares – Auriculares inalámbricos de televisión con ca
SIN SUB	p182899	Audífonos/None			Avantone Pro Planar The II Auriculares de espalda abierta, color negro
SIN SUB	p182900	Audífonos/None			Pioneer DJ HDJ-CUE1 Auriculares DJ + Controlador DDJ-FLX4 2 Canales Negro
SIN SUB	p182915	Audífonos/None			Bose Auriculares Ultra Abiertos Audio Inmersivo OpenAudio 48h Azul + Puesta Sol
SIN SUB	p182921	Audífonos/None			Audio-Technica BPHS2SA-XF4 - Auriculares de Oreja Individuales, XLR4
SIN SUB	p182928	Audífonos/None			Retekess TA003 Auriculares para Discoteca silenciosa(1-10)
SIN SUB	p182929	Audífonos/None			Dyson Zone™ Auriculares con cancelación de Ruido
SIN SUB	p182947	Audífonos/None			Telex Airman 8+ ANR - Auriculares dobles GA
SIN SUB	p182951	Audífonos/None			Shure SRH1540-BK Audífonos Cerrados de Gama Alta
SIN SUB	p182956	Audífonos/None			Audio-Technica BPHS2Ca - Auriculares estéreo de transmisión
SIN SUB	p182964	Audífonos/None			Cyber Acoustics AC-5002 - Auriculares estéreo de 3,5 mm con TuffCord, paquete de 20
SIN SUB	p182968	Audífonos/None			Sony MDR-XB50AP - Auriculares para Graves Extra H
SIN SUB	p182976	Audífonos/None			Sony MDR-ZX300AP/B - Auriculares estéreo con micrófono y Mando a Distancia configurable, Color Negro
SIN SUB	p182980	Audífonos/None			Audio-Technica ATH-R70xa - Auriculares profesionales de referencia con espalda abierta, paquete negr
SIN SUB	p182981	Audífonos/None			Sony Outdoor Monitor Auriculares para Apple con llamadas manos libres | mdr-zx700ip
SIN SUB	p182984	Audífonos/None			Moondrop PAVANE - Auriculares de cabeza plana con enchufes intercambiables de 4,4 mm y 3,5 mm
SIN SUB	p182992	Audífonos/None			Sony mdr-e827g Sports Series – Fontopia Resistente al Agua Ear-Bud Auriculares estéreo, Amarillo
SIN SUB	p182993	Audífonos/None			Telex Airman 8 ANR - Auriculares dobles GA
SIN SUB	p182999	Audífonos/None			PHONON SMB-01L - Auriculares profesionales de monitoreo de estudio, conmutables entre tipo cerrado y
SIN SUB	p183020	Audífonos/None			Maeline Bulk - Auriculares con conector para auriculares de 3,5 mm, 200 unidades, color negro
SIN SUB	p183060	Audífonos/None			Auriculares de Madera de Madera de Alto Nivel de Madera, Auriculares de Madera en Bobina móvil de Pa
SIN SUB	p183108	Audífonos/None			PENON Fidue Thunder 15 mm driver dinámico + 2 auriculares híbridos de metal con armadura equilibrada
SIN SUB	p183154	Audífonos/None			3M PELTOR WS 100 Auriculares de comunicación MT16H21FWS5UM580
SIN SUB	p183158	Audífonos/None			Sivga Peng Hifi Dynamic Driver - Auriculares de Madera
SIN SUB	p183159	Audífonos/None			Aune SR7000 - Auriculares de tamaño completo con driver MLD, driver dinámico, cable desmontable, aur
SIN SUB	p183163	Audífonos/None			Hamilton Val – U – Pack Escucha de CD Center Número de Auriculares: Seis
SIN SUB	p183164	Audífonos/None			Kenwood, KHS-10-BH, auriculares reductores de ruido, detrás de la cabeza
SIN SUB	p183181	Audífonos/None			SYNCO XTALK Master 8 usuarios Sistema de auriculares de intercomunicación
SIN SUB	p183183	Audífonos/None			Audeze LCD-2 - Auriculares clásicos de espalda abierta con funda de transporte modelo 2021
SIN SUB	p183204	Audífonos/None			AIAIAI TMA-2 - Auriculares modulares para Monitor
SIN SUB	p183205	Audífonos/None			Soundnetic SN-CCV - Paquete de 200 auriculares para aula, estéreo, con almohadillas para orejas de p
SIN SUB	p183206	Audífonos/None			HamiltonBuhl Flex‑Phones - Auriculares de espuma para niños, paquete de 20 unidades, espuma EVA dura
SIN SUB	p183214	Audífonos/None			Auriculares, Auriculares del Juego, Audio de Alta resolución, bajo Profundo, Tierras de Espuma de Me
SIN SUB	p183228	Audífonos/None			Hamilton Buhl - Auriculares personales, 160 Unidades
SIN SUB	p183238	Audífonos/None			amplificador de audífonos portátil AMP & Battery AMP&NE
SIN SUB	p183240	Audífonos/None			HamiltonBuhl - Auriculares estéreo personales (MS2L), color gris, paquete de 50
SIN SUB	p183243	Audífonos/None			HamiltonBuhl Schoolmate Auriculares estéreo con volumen en línea, azul (HA2V) - Paquete de 50
SIN SUB	p183258	Audífonos/None			Sennheiser SL Dw-4-Us R - Juego de Auriculares para Cabeza (Incluye Cabezal SL 1, Montaje en Rack)
SIN SUB	p183262	Audífonos/None			Teac UD-503-B DAC USB Dual Monoaural con Amplificador para Auriculares, Color Negro
SIN SUB	p183267	Audífonos/None			Genérico Audífonos intraóseos KD100 con micrófono, Negro
SIN SUB	p183270	Audífonos/None			Auriculares ligeros con cancelación de ruido y micrófono para dormir cómodos durante 24 horas, perfe
SIN SUB	p183281	Audífonos/None			Mitzu MH-2015YL Audífonos Portables Ergonómicos
SIN SUB	p183283	Audífonos/None			Mitzu MH-0014WH Audífonos Manos Libres con Aislamiento de Ruido
SIN SUB	p183292	Audífonos/None			Stylos BOCSTY200 Audífonos Stsaua1B, Negro, 1.2 m
SIN SUB	p183299	Audífonos/None			Auricular Estéreo A Mono Único - Auricular Mono De 3,5 Mm, Audífonos De Un
SIN SUB	p183301	Audífonos/None			Mitzu MH-2066WH Audífonos Manos Libres Ergonómicos
SIN SUB	p183305	Audífonos/None			Auriculares de un solo lado estéreo en la oreja auriculares extraíbles para PC, smartphones, MP3, MP
SIN SUB	p183308	Audífonos/None			Cuerda De Audífonos Cordón Protector Anticaídas Clip Antipérdida Para Amplificador Auditivo Diseño B
SIN SUB	p183322	Audífonos/None			Auriculares Antiradiación Audífono Mono de 3,5 Mm para Monitor de Tubo Acústico Auriculares Antirrad
SIN SUB	p183353	Audífonos/None			Auriculares de un solo lado estéreo en la oreja auriculares extraíbles para PC, smartphones, MP3, MP
SIN SUB	p183357	Audífonos/None			Auriculares de un solo lado con micrófono de 3,5 mm USB C, cable de sonido estéreo, dispositivos ais
SIN SUB	p183365	Audífonos/None			Auriculares de alambre de 3,5 mm para móviles, tabletas, computadoras electrónicas, auriculares para
SIN SUB	p183366	Audífonos/None			LS-Q140P - Auriculares deportivos con micrófono de 3 5 mm de control de línea para teléfono
SIN SUB	p183368	Audífonos/None			Auriculares monofónicos económicos en el oído con aislamiento de ruido, cable reforzado de 3,5 mm, c
SIN SUB	p183371	Audífonos/None			UV5R - Auriculares trenzados de alambre de flores de 2 pines para radio de seguridad portátil de dos
SIN SUB	p183373	Audífonos/None			Auriculares de música con conector de 3,5 mm para dispositivos MP3 MP4
SIN SUB	p183376	Audífonos/None			Auriculares con micrófono: auriculares para computadora de 3,5 mm, auricula
SIN SUB	p183381	Audífonos/None			Auriculares estéreo de color aleatorio, diseño ligero y portátil, mejora la música, compatibilidad u
SIN SUB	p183388	Audífonos/None			Auriculares con micrófono integrado para correr o ciclismo, 3,5 mm
SIN SUB	p183394	Audífonos/None			Auriculares abiertos, pantalla digital, auriculares LED individuales en el
SIN SUB	p183432	Audífonos/None			Auriculares internos de un Lado compatibles con con Puerto de 5 Pines para Dispositivos con Aislamie
SIN SUB	p183438	Audífonos/None			Yunseity Auriculares Deportivos, Diseño Ergonómico, Batería de Larga Duración, Reducción de Ruido, 2
SIN SUB	p183460	Audífonos/None			Auriculares tipo C de una sola cara con decodificación de chip digital, 45
SIN SUB	p183465	Audífonos/None			Auriculares Portátiles con Tubo de Aire sin Radiación, Auriculares Binaurales con Reducción de Ruido
SIN SUB	p183468	Audífonos/None			C550 - Auriculares semiconductores de 3,5 mm, con botón de control
SIN SUB	p183469	Audífonos/None			Y08 Auriculares para Niños con Sonido Estéreo Elegante, Plegables en la Oreja, Auriculares para Niño
SIN SUB	p183473	Audífonos/None			Almohadillas transpirables para auriculares WH-CH520 almohadillas elásticas para auriculares de espu
SIN SUB	p183480	Audífonos/None			Auriculares Portátiles con Tubo de Aire sin Radiación, Auriculares Binaurales con Reducción de Ruido
SIN SUB	p183486	Audífonos/None			BeisDirect - almohadillas para orejas de repuesto para auriculares JBL LIVE400BT/460NC, almohadillas
SIN SUB	p183487	Audífonos/None			Clip Seguro para La Oreja con Detalles De Perlas De Cobres Galvanizados Livianos para Varios Audífon
SIN SUB	p183488	Audífonos/None			Tosuny 1 par de Almohadillas de Repuesto universales de 70 mm para Auriculares, Funda de audífono de
SIN SUB	p183489	Audífonos/None			Cuernos de Diablo Universales para Audífonos, Accesorio de Cosplay, Disfraz Demonio (Blanco)
SIN SUB	p183491	Audífonos/None			GANAZONO Correa para Audífono Antipérdida para Personas Mayores, Soporte para Audífonos Bte, Color, 
SIN SUB	p183492	Audífonos/None			Soundcore Anker Liberty 5 Pro - Audífonos con cancelación de Ruido
SIN SUB	p183505	Audífonos/None			Behringer HPM1000 Audífonos
SIN SUB	p183518	Audífonos/None			Behringer HPM1100 Audifonos, Negro
SIN SUB	p183547	Audífonos/None			Behringer Auriculares (HS20)
SIN SUB	p183549	Audífonos/None			Hune Audífonos Manos Libres Haya Sustentable con Micrófono (Bosque)
SIN SUB	p183550	Audífonos/None			Mehomeli - Auriculares para niños, auriculares abiertos con conducción de aire, conector de 3,5 mm
SIN SUB	p183560	Audífonos/None			ACAGET - Auriculares USB C para iPhone 18 Pro Max Duo 17 16 15 Plus/iPad
SIN SUB	p183572	Audífonos/None			Logitech Ultimate Ears 600vi Noise-Isolating Audífonos - Dark Silver
SIN SUB	p183575	Audífonos/None			Behringer - Auriculares de Estudio de Alto Rendimiento de Tipo Cerrado HPS5000
SIN SUB	p183577	Audífonos/None			Lexibook, Spider-Man, Auriculares estéreo, Volumen Seguro para niños, Plegables y Ajustables, Rojo/A
SIN SUB	p183579	Audífonos/None			LUDOS Audífonos USB-C Ferox para iPhone 16, 15 Pro MAX Plus Y iPad Pro. Audífonos USB-C para Samsung
SIN SUB	p183586	Audífonos/None			HamiltonBuhl - Auriculares de Espuma Flexibles duraderos para niños, Color Morado (Kids-PPL), Color 
SIN SUB	p183589	Audífonos/None			Kensington Auriculares Hi-Fi USB-C con micrófono (K97457WW), Color Negro
SIN SUB	p183591	Audífonos/None			Mehomeli - Auriculares para niños, auriculares abiertos con conducción de aire, conector de 3,5 mm
SIN SUB	p183597	Audífonos/None			Audifonos Pulsera Moda 2019 Wraps Clasic (AZUL)
SIN SUB	p183602	Audífonos/None			LUDOS Zenith - Auriculares USB C para iPhone 17 16 15 Pro Max Plus Air iPad Pro Air, 2 años de garan
SIN SUB	p183604	Audífonos/None			Auriculares de oro rosa, para niñas, con micrófono, control de volumen, 3,5 mm, para smartphones, MP
SIN SUB	p183627	Audífonos/None			JVC HAFX103MW Xtreme Xplosives Series - Auriculares con mando a distancia y micrófono blanco (HAFX10
SIN SUB	p183628	Audífonos/None			ProCase Orejera contra Ruido para Niños, Protector Auditivo Infantil Audífonos Reducción Cancelación
SIN SUB	p183630	Audífonos/None			Auriculares para Google Pixel 11/11 Pro/11 Pro XL/10A/10/10Pro XL/9A/9/9Pro
SIN SUB	p183633	Audífonos/None			Auriculares USB tipo C para niños, actualización de volumen seguro de 94 dB, sonido estéreo HD, pleg
SIN SUB	p183652	Audífonos/None			Voistek - Auriculares de 3,5 mm con micrófono para PC (380FJ3.5VM)
SIN SUB	p183653	Audífonos/None			Srhythm Auriculares híbridos con cancelación de Ruido NiceComfort 35
SIN SUB	p183776	Teclados/None			JESWO Magic Keyboard para iPad 11ª(A16, 2025)/10ª 2022 + Pencil iPad
SIN SUB	p183798	Teclados/None			JESWO Magic Keyboard con Multitáctil y Retroiluminación, Ultraligero 538g
SIN SUB	p183855	Teclados/None			Retro Mechanical Keyboard (C64 Edition) (Beige/Schwarz, Kailh Box White V2)
SIN SUB	p183872	Teclados/None			Magic Keyboard para Samsung Galaxy Tab S11/ S10 Lite/ S10 FE/ S9 FE/ S9
SIN SUB	p183877	Teclados/None			8Bitdo Retro 87 Mechanical Keyboard for Windows PC & Android, Clear Blue
SIN SUB	p183880	Teclados/None			Magic Keyboard para iPad 11ª(A16,2025)/iPad 10ª Generación 10.9 Pulgadas
SIN SUB	p183894	Teclados/None			AXNEN Magic Keyboard para iPad 11ª(A16, 2025) y iPad 10ª Generación 10.9"
SIN SUB	p184946	Audífonos/None			INIU Cable Link de 5m, Cable Link USB 3.0 a USB C con Meta Oculus Quest 3s, Quest 3 2 1, Quest Pro, 
SIN SUB	p184980	Muebles/Otros			JOY Worker - Soporte de PC para computadora de pie, soporte de computadora con abrazadera para compu
SIN SUB	p184994	Teclados/None			excovip Alfombrilla de Ratón para C++ 31.4x11.7x0.07 Pulgadas Extended Large Cheat Sheet Mousepad PC
SIN SUB	p185007	Audífonos/None			Cable Link VR de 16 pies compatible con Meta Oculus Quest 2/Quest 3/Pro Pico, accesorios trenzados d
SIN SUB	p185014	Audífonos/None			EPOS Sennheiser PC 5 Chat - Auriculares para comunicaciones por Internet, Aprendizaje electrónico y 
SIN SUB	p185304	Televisores/None			Pale Gold Prismatic - Marco de TV de aleación de 65 pulgadas, compatible solo con Samsung The Frame 
SIN SUB	p185311	Televisores/None			Gatsby Silver - Marco de TV Premiere Deco de 55 pulgadas, compatible solo con televisores Samsung Th
SIN SUB	p185319	Televisores/None			Marco de TV Deco de 32 pulgadas negro para televisores Samsung The Frame/Pro
SIN SUB	p185322	Televisores/None			Marco Tv Guard para TV Frame, Compatible con Samsung The Frame TV, 75 Pulgadas, Oro Antiguo, Adecuad
SIN SUB	p185330	Televisores/None			Marco de TV de madera maciza antigua, compatible solo con televisores Samsung The Frame TV Pro de 65
SIN SUB	p185334	Televisores/None			MR25GA Magic Remote compatible con televisores LG, incluye AI, puntero y voz, 2025 (MR25GA)
SIN SUB	p185338	Televisores/None			Marco de TV decorativo de aleación de 55 pulgadas, color dorado pálido, compatible solo con televiso
SIN SUB	p185339	Televisores/None			Carrito de TV móvil para televisores de 33 a 55 pulgadas con
SIN SUB	p185340	Televisores/None			El Botón De Encendido/placa De Sensor IR BN96-45912A Es Compatible Con Samsung, UN65NU7200F, UN50NU7
SIN SUB	p185350	Televisores/None			VEVOR Elevador de TV Automatizado, Compatible con Televisores de 32 a 70 Pulgadas, Altura Ajustable 
SIN SUB	p185353	Televisores/None			20GA AKB75855501 - Mando a distancia de repuesto para televisores inteligentes LG, control remoto po
SIN SUB	p185358	Televisores/None			Cubierta para TV al Aire Libre de 75 Pulgadas – Resistente a la Intemperie, Impermeable, a Prueba de
SIN SUB	p185383	Audífonos/None			Genérico Auriculares con Cambio de Cara Giratorio Reducción Ruido y Batería Duradera Diseño Divertid
SIN SUB	p185393	Audífonos/None			OSTENT Auriculares estéreo con Control Remoto para Auriculares compatibles con la Consola Sony PSP 1
SIN SUB	p185399	Audífonos/None			Auriculares USB-C para Samsung Galaxy S26FE S26 S26+ S26Ultra S25 S25+
SIN SUB	p185403	Audífonos/None			Auriculares USB-C para iPhone 18 Pro 18 Pro Max Duo 17e 17 17 Pro 17 Pro
SIN SUB	p185405	Audífonos/None			Auriculares USB-C para Moto G Stylus 2025/Moto G Power 2025/Moto G 2024
SIN SUB	p185407	Audífonos/None			Cyber Acoustics AC-4000 - Auriculares estéreo de 3,5 mm con Auriculares y micrófono de cancelación d
SIN SUB	p185411	Audífonos/None			lyrlody Auriculares de Radio con Micrófono Auriculares de Radio con Arete para SL1K SL2K SL2M SL2M S
SIN SUB	p185413	Audífonos/None			Auriculares para Dormir orientación Lateral para Dormir, Evita el Mal Funcionamiento Ultraligero 2,1
SIN SUB	p185427	Audífonos/None			Cable de 70/100 / 120cm, Auriculares de Trabajo de Seguridad Industrial, Puerto USB C, Protecciones 
SIN SUB	p185435	Audífonos/None			Partes Express Mini estéreo auriculares livianos con 121,92 cm Cable
SIN SUB	p185439	Audífonos/None			Elegantes auriculares tipo C compatibles con varios dispositivos, sonido potente y claro para dispos
SIN SUB	p185443	Audífonos/None			SPORTLINK Base de Cargador para Spot - Batería 5000mAh, Soporte Portátil con Puerto USB-C, Carga Tu 
SIN SUB	p185450	Audífonos/None			Traductor de Idiomas con la en Tiempo Real,Audifonos Traductores
SIN SUB	p185452	Audífonos/None			Auriculares Walkie Talkie Air Conduit, 2-Pin Conducto Acústico Auricular Auricular, Cabezal K Univer
SIN SUB	p185453	Audífonos/None			Zengli Kz Castor Auriculares de Alta fidelidad 2 Armadura Equilibrio tunable Alta Gama dinámicos Aur
SIN SUB	p185499	Audífonos/None			Cyber Acoustics - Auriculares estéreo para PC (AC-6008), conexión de 3,5 mm, micrófono unidirecciona
SIN SUB	p185502	Audífonos/None			Ekids LLC Super Mario Bros - Auriculares múltiples (MO140)
SIN SUB	p185515	Audífonos/None			Snug Play+ - Auriculares para niños con limitación de Volumen para niños pequeños (niños/niñas) - Ca
SIN SUB	p185527	Audífonos/None			SIMOLIO - Audífonos Alambrados con Micrófono de Pluma para Niños, para Escuela, Reuniones y Juegos, 
SIN SUB	p185530	Audífonos/None			ASKUBSKU Auriculares USB con Micrófono para PC, Cable de 7.5 Pies, Auriculares USB-A para Computador
SIN SUB	p185531	Audífonos/None			PDP Auriculares con micrófono por cable AIRLITE: Radiant Racers Para Nintendo Switch, Nintendo Switc
SIN SUB	p185532	Audífonos/None			JVC - Auriculares de Silicona con Paquete de Papel, Sonido Potente, Ajuste cómodo y Seguro, Piezas d
SIN SUB	p185533	Audífonos/None			Auriculares USB con micrófono con cancelación de ruido, USB-C/USB-A/3,5 mm para PC Mac
SIN SUB	p185538	Audífonos/None			NE70 - Auriculares de traducción de IA en tiempo real, compatible con 165 idiomas, traductor de idio
SIN SUB	p185541	Audífonos/None			Auriculares USB C para iPad de 10ª generación para iPhone Duo 18 Pro 17 15
SIN SUB	p185543	Audífonos/None			PALOVUE - Auriculares USB C, auriculares magnéticos tipo C con micrófono compatible con Samsung Gala
SIN SUB	p185555	Audífonos/None			Moondrop Pudding Wts - Auriculares Est?reo Inal?mbricos True Anc Ai Enc
SIN SUB	p185583	Audífonos/None			Trust 21472 Auriculares y Mouse gxt 784 Negros, Color Pack of/Paquete de 1
SIN SUB	p185587	Audífonos/None			Poly Auriculares con Micrófono 8X214A6 Negro
SIN SUB	p185592	Audífonos/None			Turtle Beach TBS-6003-01 Auriculares Ear Force Recon 50 para PC, Color Negro
SIN SUB	p185594	Audífonos/None			August EPG100L - Auriculares estéreo de Sonido Envolvente con cancelación de Ruido con micrófono Aju
SIN SUB	p185601	Audífonos/None			NE70 - Auriculares de traducción de IA en tiempo real, compatible con 165 idiomas, traductor de idio
SIN SUB	p185625	Audífonos/None			MEE Audio M6 Pro - Auriculares de Monitor Dentro del oído para músicos, Modelo de Segunda generación
SIN SUB	p185642	Audífonos/None			JIAMQISHI - Auriculares USB con micrófono para PC, auriculares para computadora portátil con cancela
SIN SUB	p185663	Audífonos/None			Kit de Audio Portero con 2 Auriculares y Frente de Calle
SIN SUB	p185679	Audífonos/None			Base Station V2 Chroma Soporte para auriculares para auriculares: Chroma RGB Lighting – Soporte más 
SIN SUB	p185686	Audífonos/None			Jabra Evolve 20 SE - Auriculares estéreo con certificación de comunicación unificada para softphone 
SIN SUB	p185703	Audífonos/None			Corsair AURICULARES HS60 HAPTIC STEREO CARBON CA-9011228-EU
SIN SUB	p185721	Audífonos/None			Yealink Auriculares UH46 Dual Teams USB-C/A
SIN SUB	p185734	Audífonos/None			EarFun Air Pro 4i - Auriculares con cancelación de ruido, llamada transparente AI, conexión multipun
SIN SUB	p185738	Audífonos/None			Srhythm Auriculares NiceComfort 95 con Cancelación de Ruido Adaptativa
SIN SUB	p185746	Audífonos/None			AIRVOICE - Auriculares de Pilotos con Cancelación Pasiva de Ruido, Almohadillas para Oreja Cómfort y
SIN SUB	p185761	Audífonos/None			Auriculares P1 para Aviación General para Pilotos - Mono, Reducción de Ruido Pasiva, Micrófono con C
SIN SUB	p185765	Audífonos/None			Auriculares originales originales originales para Pod Pro 3ª generación, modelo A3063 A3064 3065, so
SIN SUB	p185770	Audífonos/None			Auriculares para Honda y Acura (2 unidades) para Odyssey, CR-V, Accord, HR-V, Pilot, Passport, Ridge
SIN SUB	p185775	Audífonos/None			BASN Bmaster - Auriculares de triple monitor con dos cables desmontables, aptos para ingenieros de a
SIN SUB	p185784	Audífonos/None			Sony MDRX05/BR X - Auriculares, Negro Rojo, Black Red
SIN SUB	p185789	Audífonos/None			Auriculares de conducción de Hueso Naranja, con Cargador magnético
SIN SUB	p185793	Audífonos/None			Newskill Kimera V2 Ivory 7.1 - Auriculares para Videojuegos compatibles con PC y PS4, Color Blanco
SIN SUB	p185802	Audífonos/None			BASN MMCX - Auriculares de Triple Driver para músico, Color Verde Bosque
SIN SUB	p185812	Audífonos/None			AIRVOICE - Auriculares de aviación PNR con sonido overol y cancelación pasiva de ruido, almohadillas
SIN SUB	p185817	Audífonos/None			Shure Auriculares aislantes de Sonido SE215SPE-A edición Especial Transformer Graphics Lucent Blue S
SIN SUB	p185836	Audífonos/None			Poly Mission 825 - Auriculares
SIN SUB	p185846	Audífonos/None			ASA AirClassics HS-1A - Durabilidad de los auriculares piloto - Reducción de ruido de 23 dB - Micróf
SIN SUB	p185850	Audífonos/None			Auriculares de conducción de aire para audición, transductores de aire, auriculares para DD45 y TDH3
SIN SUB	p185875	Audífonos/None			TDH39 DD45 Auriculares transductores de aire para auriculares (auriculares THD39)
SIN SUB	p185887	Audífonos/None			Cyber Acoustics - Auriculares estéreo USB (AC-5008-5) - Comunicación duradera, nítida y clara en aul
SIN SUB	p185898	Audífonos/None			KRK KNS 8402 - Auriculares para Estudio de Mezcla/masterización, Color Negro (KNS-8402)
SIN SUB	p185901	Televisores/None			Avantree HT381 - Auriculares inalámbricos de TV para Personas Mayores y con Problemas de audición, a
SIN SUB	p185918	Audífonos/None			H2O Audio Zwift x RIPT Ultra - Auriculares deportivos para entrenamiento Zwift 100% a prueba de sudo
SIN SUB	p185920	Audífonos/None			Jabra Evolve2 65 Auriculares
SIN SUB	p185928	Audífonos/None			Auriculares EPOS Adapt 660
SIN SUB	p185929	Audífonos/None			Nacon RIG 900 MAX HX - Auriculares para Videojuegos
SIN SUB	p185941	Audífonos/None			Telex Airman 7+ Auriculares pasivos
SIN SUB	p185946	Audífonos/None			Telex Airman 750/64300-300 - Auriculares piloto de un solo lado
SIN SUB	p185947	Audífonos/None			AIRVOICE Auriculares de aviación para Conductor de Remolque de Grupo de Control de Tierra con cancel
SIN SUB	p185949	Audífonos/None			Austrian Audio Hi-X60 - Auriculares Profesionales para Monitor en Vivo con Calidad de Studio Color N
SIN SUB	p185950	Audífonos/None			Jabra Evolve 40 - Auriculares de Repuesto estéreo 14401-10
SIN SUB	p185952	Audífonos/None			Anfier A9S - Auriculares de traducción de IA en tiempo real, dispositivo de traducción de idiomas Ch
SIN SUB	p185972	Audífonos/None			iFi hip-dac 3 Hi-Res DAC USB-C y AIRO Astra - Paquete de auriculares – PCM de 384 kHz, salida equili
SIN SUB	p185973	Audífonos/None			ITO DUNU x KOTO - Auriculares de colaboración
SIN SUB	p185991	Audífonos/None			Jabra Evolve 65 Overol UC, Soporte de Carga y Enlace 370 - Auriculares Profesionales de comunicación
SIN SUB	p185994	Audífonos/None			Audio-Technica BPHS1 - Auriculares estéreo de transmisión, color negro con funda, soporte, cable XLR
SIN SUB	p185997	Audífonos/None			FiiO Auriculares Cerrados FT13 (Natural (Rojo)
SIN SUB	p186000	Audífonos/None			Factory Sell Silent Disco LED Auriculares Sistema completo (10 auriculares + 3 transmisores), Silent
SIN SUB	p186002	Audífonos/None			Essonio Auriculares para Dormir de 53 dB, reducción de Ruido de Alta frecuencia, Matriz de 8 micrófo
SIN SUB	p186004	Audífonos/None			Cyber Acoustics - Auriculares estéreo USB-C (AC-5014-10) - Comunicación duradera, nítida y clara en 
SIN SUB	p186011	Audífonos/None			H60 4BA + 2 controladores dinámicos híbridos de 2 pines de 0,78 mm HiFi Audiófilos en la oreja auric
SIN SUB	p186012	Audífonos/None			SYNCO Xtalk XMax5 - Sistema de auriculares de intercomunicación
SIN SUB	p186014	Audífonos/None			Lake People G105 MK II Amplificador Compacto de Auriculares de Estudio para 2 Auriculares
SIN SUB	p186018	Audífonos/None			Camden EC1 Preamplificador de micrófono y mezclador de auriculares
SIN SUB	p186020	Televisores/None			Hollyland Solidcom C1 Pro - Auriculares estéreo inalámbricos ENC Full Duplex de 1000 pies con auricu
SIN SUB	p186035	Audífonos/None			Auriculares con micrófono for Juegos, computadora, USB, 7.1 Canales, for Comer Pollo, Graves potente
SIN SUB	p186047	Audífonos/None			Portátil 16-300Ohm Hifi Auriculares Auriculares Auriculares Auriculares Ganancia de Dos Etapas Inter
SIN SUB	p186049	Audífonos/None			Kit completo de auriculares VR todo en uno Valve Index Experiencia de juego de realidad virtual inme
SIN SUB	p186051	Audífonos/None			Kit completo de auriculares VR todo en uno Valve Index, controlador de juego 2,0 y estación base, ex
SIN SUB	p186053	Audífonos/None			Tinz AI - Auriculares de grabación de voz
SIN SUB	p186055	Audífonos/None			Compatible con dji Neo y 2, Auriculares con Pantalla ultragrande for una Experiencia de Vuelo inmers
SIN SUB	p186056	Audífonos/None			beyerdynamic DT 1770 Pro MKII (30 Ohm), auriculares de estudio con espalda
SIN SUB	p186060	Audífonos/None			Turtle Beach STEALTH 420X+ auricular con micrófono - Auriculares con micrófono
SIN SUB	p186063	Audífonos/None			Auriculares for Juegos, Auriculares con Auriculares for Juegos envolventes de cancelación de Ruido f
SIN SUB	p186074	Audífonos/None			Audeze Maxwell - Juego de Auriculares Inal?mbricos
SIN SUB	p186075	Audífonos/None			Shure Sistema de Monitoreo Personal con Auriculares P3TR112GR
SIN SUB	p186077	Audífonos/None			Cyber Acoustics - Auriculares estéreo USB-C (AC-5014-20) - Comunicación duradera, nítida y clara en 
SIN SUB	p186078	Audífonos/None			Cyber Acoustics AC-6012 - Auriculares USB-A con micrófono de pluma flexible
SIN SUB	p186086	Audífonos/None			Sennheiser HD-490 PRO Plus - Auriculares de estudio de referencia profesional con respaldo abierto y
SIN SUB	p186087	Audífonos/None			Retekess TA003P - Auriculares silenciosos para discoteca (1-20)
SIN SUB	p186090	Audífonos/None			HamiltonBuhl Primo - Auriculares estéreo de 50 unidades, color negro, con reducción de ruido, resist
SIN SUB	p186094	Audífonos/None			Sennheiser HMDC 27 | Auriculares de difusión cerrados con reducción de ruido
SIN SUB	p186099	Audífonos/None			Kit completo de auriculares VR todo en uno Valve Index, controlador de juego 2,0 y estación base, ex
SIN SUB	p186105	Audífonos/None			AI Interpreter Hub entidad Independiente Dispositivo de Auriculares de traductor de Idiomas simultán
SIN SUB	p186109	Audífonos/None			Hifiman He1000 Unveiled Auriculares con Movimiento de Campo Magn?tico
SIN SUB	p186112	Audífonos/None			eartec hub6d | Ultralite – 6 sistema de doble auriculares con hub Transceptor
SIN SUB	p186120	Audífonos/None			Focal Clear MG Auriculares Profesionales Abiertos con Soporte y Funda, Color Rojo
SIN SUB	p186121	Audífonos/None			Amplificador de Tubo Audio 40WX2 Professá Auriculares
SIN SUB	p186123	Audífonos/None			Fostex Premium Auriculares audiófilos de Espalda Abierta
SIN SUB	p186125	Audífonos/None			Soundnetic Auriculares estéreo desechables para el aula con micrófono Boom, paquete de 500
SIN SUB	p186133	Audífonos/None			AudioT ATH-AWKT/f Hi-Fi Kopfh. BK - Auriculares dinámicos (Kokutan)
SIN SUB	p186134	Audífonos/None			Kit Completo 2.0 Realidad Virtual VR Auriculares Pc VR Auriculares Controlador Realidad Virtual(Kit)
SIN SUB	p186139	Audífonos/None			GagalU Tocadiscos Compatible con Discos de Vinilo de 7/10/12 ″, Conector para Auriculares, Tocadisco
SIN SUB	p186140	Audífonos/None			GAGALU Tocadiscos Compatible con Discos de Vinilo de 7/10/12 ″, Conector para Auriculares, Tocadisco
SIN SUB	p186142	Audífonos/None			Caja de música Fonógrafo portátil Funcional Maleta Tocadiscos Grabadora y Conector para Auriculares 
SIN SUB	p186144	Audífonos/None			Audeze LCD-5 Auriculares magnéticos con espalda abierta
SIN SUB	p186145	Audífonos/None			Yamaha YH-5000SE - Auriculares con soporte para auriculares de aluminio
SIN SUB	p186150	Audífonos/None			Motorola RMU2080d - Radio comercial de 2 vías con visualización (RMU2080D) - Paquete de 12 paquetes 
SIN SUB	p186154	Audífonos/None			Soundnetic - Auriculares estéreo USB (500 unidades)
SIN SUB	p186155	Audífonos/None			Audeze LCD-5 - Auriculares con tapa abierta
SIN SUB	p186156	Audífonos/None			Paquete de fiesta de eventos silenciosos, 100 auriculares + 3 transmisores de disco silencioso (fies
SIN SUB	p186157	Audífonos/None			Conference, Expo y Reuniones - 100 auriculares + 5 transmisores Silent Disco Bundle (10 CH Ultra)
SIN SUB	p186159	Audífonos/None			Motorola DTR700 - Radio digital de 2 vías (50 canales) (DTR700) + 4 auriculares Motorola HKLN4604 PT
SIN SUB	p186160	Audífonos/None			Audio-Technica ATH-AWKG - Auriculares de madera dinámicos con espalda cerrada (madera de kurogaki)
SIN SUB	p186522	Teclados/None			Magic Keyboard para Pad Pro 11" (1ª2ª3ª4ª Gen) y Pad Air 10.9" (4ª5ª Gen)
SIN SUB	p186528	Teclados/None			JESWO Magic Keyboard(Incluye Ñ) con Combo Touch, 7 Color Retroiluminación
SIN SUB	p186658	Teclados/None			JESWO Magic Keyboard para iPad 11ª(A16, 2025) y iPad 10.9'' 10ª Generación
SIN SUB	p186673	Teclados/None			JESWO Magic Keyboard para iPad Air 13'' M4/M3/M2, Pro 12.9'' 3ª 4ª 5ª 6ª
SIN SUB	p186687	Teclados/None			Magic Keyboard Apto iPad 11ª(A16, 2025) y 10ª Generación 2022
SIN SUB	p186690	Teclados/None			JESWO Incluye Ñ Magic Keyboard para iPad 11ª(A16, 2025) y iPad 10.9'' 10ª
SIN SUB	p186702	Teclados/None			JESWO Magic Keyboard para iPad 10.9'' 10ª 2022 y iPad A16 11'' 2025
SIN SUB	p186723	Teclados/None			JESWO Magic Keyboard para iPad Pro 11" M4 (2024)/M5 (2025)
SIN SUB	p186855	Teclados/None			Magic Keyboard para iPad 11ª(A16,2025)/iPad 10ª Generación 2022 10.9''
SIN SUB	p186858	Teclados/None			Magic Keyboard para Samsung Galaxy Tab S11/ S10 Lite/ S10 FE/ S9 FE/ S9
SIN SUB	p186865	Teclados/None			Magic Keyboard para iPad 11ª (A16 2025)/ iPad 10ª Generación(2022) 10.9-11"
SIN SUB	p186867	Teclados/None			Magic Keyboard para Samsung Galaxy Tab 12.4''S10+/S9 FE+/S9+/S8+/S7+/S7 FE
SIN SUB	p186871	Teclados/None			Magic Keyboard para iPad 11ª(A16,2025)/iPad 10ª Generación 10.9 Pulgadas
SIN SUB	p186872	Teclados/None			JESWO Magic Keyboard para iPad Pro 13" M4 (2024)/M5 (2025)
SIN SUB	p186875	Teclados/None			QPHWHFQ Magic Keyboard para iPad Pro 11" M5/M4 (2025/2024)
SIN SUB	p186881	Teclados/None			Magic Keyboard para iPad Air 11" M4/M3/M2, iPad Air 4/5, iPad Pro 11"(1-4ª)
SIN SUB	p186888	Teclados/None			Magic Keyboard para iPad 11ª (A16 2025)/ iPad 10ª Generación(2022) 10.9-11"
SIN SUB	p186892	Teclados/None			Magic Keyboard para iPad Air 13" M4/M3/M2 y iPad Pro 12.9"(6ª/5ª/4ª/3ª Gen)
SIN SUB	p186893	Teclados/None			Magic Keyboard para Samsung Galaxy Tab S10 Lite/S10 FE/S9 FE 10.9" y 11"
SIN SUB	p186895	Teclados/None			Magic Keyboard para iPad 11ª(A16,2025)/iPad 10ª Generación 10.9 Pulgadas
SIN SUB	p186901	Teclados/None			Magic Keyboard para Samsung Galaxy Tab S10 Lite/S10 FE/S9 FE 10.9" y 11"
SIN SUB	p187071	Teclados/None			Apple Magic Keyboard con Touch ID para Modelos de Mac con Chip de Apple - Español (América Latina) ​
SIN SUB	p187116	Teclados/None			Apple Magic Keyboard con Touch ID para Modelos de Mac con Chip de Apple - Español ​​​​​​​
SIN SUB	p187147	Teclados/None			Razer Huntsman V3 Pro Mini - 60% Analog Optical Keyboard - White
SIN SUB	p187267	Teclados/None			HP Elite x2 G8 Premium Keyboard (55G42AA) - Conectividad de Acoplamiento - Interfaz Pogo Pin - Resis
SIN SUB	p187285	Teclados/None			Apple Magic Keyboard para el iPad Air de 11 Pulgadas (M3) – Español (América Latina) Negro
SIN SUB	p187286	Teclados/None			Apple Magic Keyboard para el iPad Air de 13 Pulgadas (M3) – Español (América Latina) Negro
SIN SUB	p187312	Teclados/None			Apple Magic Keyboard para el iPad Pro de 11 Pulgadas (M4) - Español (América Latina) - ​​​​​​​
SIN SUB	p187314	Audífonos/None			Yamaha P-SRE283 Teclado 61 Teclas Con Audifonos y Funda para transportar comódamente
SIN SUB	p187342	Audífonos/None			Yamaha P-SRE283 Teclado de 5 octavas (61 teclas) con Banco y Audifonos.
SIN SUB	p187352	Teclados/None			Apple Magic Keyboard para el iPad Air de 13 Pulgadas (M3) – Inglés (EE.UU.) Negro
SIN SUB	p187356	Teclados/None			Apple Magic Keyboard para el iPad Air de 11 Pulgadas (M3) – Español (España) Negro
SIN SUB	p187359	Audífonos/None			Teclado digital de 88 teclas, piano eléctrico semi-pesado, piano acústico para principiantes con aur
SIN SUB	p187374	Teclados/None			Apple Magic Keyboard para el iPad Pro de 11 Pulgadas (M4) - Español (España) - Blanco ​​​​​​​
SIN SUB	p187391	Teclados/None			Apple Magic Keyboard Folio para el iPad (décima generación) - Español (Latinoamérica) ​​​​​​​
SIN SUB	p187405	Audífonos/None			UISCOM - Teclado de piano digital de 88 teclas semipesadas para principiantes, piano eléctrico de ta
SIN SUB	p187412	Audífonos/None			Yamaha P-SRE283 Paquete de teclado premium de 61 teclas con fuente de alimentación, soporte atornill
SIN SUB	p187445	Audífonos/None			Ｌｏｎｇｅｙｅ Longeye Teclado de piano digital compacto portátil de 88 teclas, piano digital para principi
SIN SUB	p187452	Teclados/None			Logickeyboard Retroiluminado 'Astra2' Diseñado para la edición en Adobe Premiere Pro en Mac • p/n LK
SIN SUB	p187483	Teclados/None			Apple Magic Keyboard para el iPad Pro de 13 Pulgadas (M4) - Español (América Latina) - ​​​​​​​
SIN SUB	p187498	Teclados/None			Apple Magic Keyboard Touch ID Español + Magic Trackpad Negro (Bundle)
SIN SUB	p187507	Teclados/None			Apple Magic Keyboard para el iPad Pro de 13 Pulgadas (M4) - Inglés (EE.UU.) - ​​​​​​​
SIN SUB	p187514	Teclados/None			Apple Magic Keyboard para el iPad Pro de 13 Pulgadas (M4) - Español (España) - ​​​​​​​
SIN SUB	p187525	Audífonos/None			Microsoft Natural teclado ergonómico 4000 para negocios – Auriculares, Negro, Paquete de 1
SIN SUB	p187570	Audífonos/None			Casio CT-S300 - Paquete de teclado premium de 61 teclas con audífonos, soporte, fuente de alimentaci
SIN SUB	p187589	Teclados/None			X-keys P.I. Engineering - XK-128 USB Programmable Keyboard
SIN SUB	p187659	Audífonos/None			Donner DDP-80 PLUS - Teclado con peso para piano digital de 88 teclas, piano eléctrico para el hogar
SIN SUB	p187735	Teclados/None			Yamaha NP32 76-Key Lightweight Portable Keyboard, Black
SIN SUB	p188754	Teclados/None			3M Gel Wrist Rest for Keyboard and Mouse with Tilt-Adjustable Platform, Soothing Gel with Durable, E
SIN SUB	p188972	Teclados/None			Apple Magic Keyboard - Español ​​​​​​​ + Apple Magic Mouse - Superficie Multi-Touch Blanca
SIN SUB	p188974	Teclados/None			Apple Magic Keyboard con Touch ID para Modelos de Mac con Chip de Apple - Español América Latina ​​​
SIN SUB	p189038	Teclados/None			Marada Universal Flight Racing Simulator Stand,Hold Mouse and Keyboard
SIN SUB	p189225	Teclados/None			Logitech 967300 Cordless MX Duo Keyboard & Mouse ( PC / Mac )
SIN SUB	p189252	Teclados/None			Metal-encased Industrial Keyboard and Mouse, Made of 304 Stainless Steel, Waterproof and Dustproof, 
SIN SUB	p189259	Teclados/None			IIC T6 Intrinsically Safe Explosion-Proof Stainless Steel Industrial Trackball Mouse and Keyboard Co
SIN SUB	p189266	Teclados/None			Embedded Industrial Metal Keyboard, Waterproof and Explosion-Proof Touchpad Mouse(USB)
SIN SUB	p189267	Teclados/None			Metal-Embedded Full-Size Keyboard with Touchpad Mouse, Stainless Steel Kiosk Keyboard(USB)
SIN SUB	p189269	Teclados/None			Stainless Steel Desktop Explosion-Proof Keyboard, Trackball Mouse, Industrial-Grade Keyboard(USB)
SIN SUB	p191869	Muebles/Otros			Juego De Roperos Mod. Hollywood, 4 Módulos | Cdmx Chocolate
SIN SUB	p191876	Herramientas/None			Caja Organizadora Plástica Modular 23 X 15 X 5 Urrea
SIN SUB	p191877	Herramientas/None			Caja Organizadora Urrea de Plástico Apilable con 12 Compartimentos
SIN SUB	p191878	Herramientas/None			Caja Modular Plástica Color Negro 22 X13-1/2 X6-1/2 Urrea
SIN SUB	p191881	Relojes inteligentes/None			Extensible para reloj de pulsera VentDepot MXRAM-003-4 Negro - 3.8cm de ancho
SIN SUB	p191882	Relojes inteligentes/None			Extensible para reloj de pulsera VentDepot MXRAM-003-5 Negro - 4cm de ancho
SIN SUB	p191883	Relojes inteligentes/None			Extensible para reloj de pulsera VentDepot MXEQU-003-1 Plata - 38mm de ancho
SIN SUB	p191884	Relojes inteligentes/None			Extensible para reloj de pulsera VentDepot MXYAR-009-2 Rojo - 40mm de ancho
SIN SUB	p191885	Relojes inteligentes/None			Extensible para reloj de pulsera VentDepot MXRAM-004-1 Negro - 4.2cm de ancho
SIN SUB	p191886	Relojes inteligentes/None			Extensible para reloj de pulsera VentDepot MXMMO-003-1 Azul - 32mm de ancho
SIN SUB	p191887	Relojes inteligentes/None			Extensible para reloj de pulsera VentDepot MXEQU-005-3 Oro - 38mm de ancho
SIN SUB	p191888	Relojes inteligentes/None			Extensible Para Reloj De Pulsera Ventdepot Mxmbe-006-3 Azul - 40mm De Ancho
SIN SUB	p191889	Relojes inteligentes/None			Extensible para reloj de pulsera VentDepot MXYAR-012-2 Rojo - 40mm de ancho
SIN SUB	p191892	Cámaras de seguridad/None			Ring Cam Plus Batería 2k Visión Nocturna Montaje Versátil
SIN SUB	p191893	Cámaras de seguridad/None			Ring Spotlight Cam Plus, Bateria | Vision Nocturna En Color
SIN SUB	p191915	Redes/None			Kit Wifi Mercusys Halo H70x(2-pack)
SIN SUB	p191922	Impresoras/None			Impresora Zebra ZT230
SIN SUB	p191924	Impresoras/None			Impresora simple función monocromática Zebra ZD510
SIN SUB	p191953	Almacenamiento/None			Disco Rigido Synology Hat3310-12t Plateado
SIN SUB	p191965	Iluminación/None			Apricity lamparas para pared lamparas pared interior Negro con Pantalla de Cristal Moderna lamparas 
SIN SUB	p191966	Iluminación/None			Set 2 Lámparas Pared Rumi Modern Decoration Ajustables Brazo Negro
SIN SUB	p191968	Iluminación/None			Pack 8 Lamparas Pared Farol Español Negro 100w Geopower Negro
SIN SUB	p191973	Iluminación/None			Empotrado, Dirigible, Blanco Para Mr16 Volteck 46615
SIN SUB	p192004	Mascotas/None			Mascotera de Plástico Rosa Grande Sunny con Detalles Estéticos (Outlet)
SIN SUB	p192021	Deportes y fitness/None			Liga De Resistencia Extra Fuerte Wilson
SIN SUB	p192022	Deportes y fitness/None			Liga De Resistencia Wilson Fitness Fuerte LR000F
SIN SUB	p192023	Deportes y fitness/None			Liga Wilson WLT800F Tensión Fuerte Verde Lima Entrenamiento
SIN SUB	p192024	Deportes y fitness/None			Liga De Tensión Media Wilson Para Entrenamiento LT800M
SIN SUB	p192025	Deportes y fitness/None			Liga De Resistencia Media Wilson Para Entrenamiento Fitness LR000M
SIN SUB	p192026	Deportes y fitness/None			Liga Resistencia Forma 8 Tensión Extra Fuerte Fitness Wilson LT80XF
SIN SUB	p20137	Muebles/Otros			Outdoor Folding Hammock Rocking Swinging Camping Chair Portable Heavy Duty High Load Bearing  For Be
SIN SUB	p20168	Muebles/Otros			#For Outdoor Furniture Household Beach Chairs Fold Portable Picnic Leisure High Load Bearing Capacit
SIN SUB	p20181	Deportes y fitness/Otros			Hot-selling new teen adult right-handed baseball softball sliding gloves protective gear
SIN SUB	p20187	Deportes y fitness/Otros			#Suitable ForElectric Pulley Lifter Ascent And Descent Device Rope Climber CCD Electric Ascent And D
SIN SUB	p20188	Deportes y fitness/Otros			Pulley Over Knot Safety Lock Rock Climbing Cross Hoisting Cableway Zipline Emergency Rescue Side Boa
SIN SUB	p20189	Muebles/Otros			AHome Large Power Lift Chair with Massage and Heat for Elderly Recliner Brown Power Lift Chair with 
SIN SUB	p20456	Muebles/Otros			New Simple Red Glass Vase Christmas Flower Vase Ornaments High Quality Flower Arrangements Props  fo
SIN SUB	p20471	Muebles/Otros			Solid Wood Photo Frame High-Quality Walnut and Teak Desk Frame 6/7/8/10in Stand & Wall Picture Frame
SIN SUB	p20484	Muebles/Otros			Resin Double Balloon Dog Statue Abstract Ornament Creative Sculpt Home Decor Office Accessories Desk
SIN SUB	p20485	Muebles/Otros			CuteLife Nordic Black Body Ceramic Flower Vase Interior Desk Assessories Retro Home Decor Table Vase
SIN SUB	p20521	Muebles/Otros			Brass for office desk, decorative storage ornament, "Hundred Blessings" pen holder, featuring plum, 
SIN SUB	p20598	Muebles/Otros			ZML Chinese rockery, flowing water fountain decoration, water landscape company front desk fish pond
SIN SUB	p20619	Juguetes y bebés/Otros			Light Emitting Diode Wheels Foldable Lightweight Plastic and Steel for 3-10 Years
SIN SUB	p20710	Joyería y bisutería/Otros			Mobile Jewelry Display Stand Wood Stainless Steel Pink Jewelry Display Stand with Light Emitting Dio
SIN SUB	p20805	Muebles/Otros			Outdoor Folding Camping Stool Portable Storage Multi-Purpose Fishing Chair for Hiking Picnic
SIN SUB	p20809	Muebles/Otros			Outdoor folding chair bench fishing low stool Mazar sketch train four corner stool
SIN SUB	p20814	Muebles/Otros			Increase the knight fishing chair wild fishing multi-function
SIN SUB	p20815	Muebles/Otros			Outdoor Camping Camp Picnic BBQ Egg Roll Folding Table and Chair Set Kermit Chair
SIN SUB	p20840	Muebles/Otros			Thickened folding Kermit chair camping outdoor custom portable simple picnic chair seaside leisure b
SIN SUB	p20845	Muebles/Otros			Outdoor folding stool 7075 aluminum alloy fishing chair portable travel beach chair Mazar train fold
SIN SUB	p20861	Muebles/Otros			Outdoor camping automatic folding lounge chair, beach camping picnic chair, office lunch break singl
SIN SUB	p20865	Muebles/Otros			# Hot Sales # Hot Sales Camping Wooden Folding Chair Wholesale Outdoor Beach Wooden Chair With Carry
SIN SUB	p20896	Muebles/Otros			10pcsModern Design Metal Folding Camping Chair for Outdoor Use for Garden Park and Dining
SIN SUB	p20922	Muebles/Otros			Candle Light Picnic Camping Retro Decorative Ambience Light Desktop LED Electronic Candle Desk Lamp 
SIN SUB	p20963	Muebles/Otros			for Relaxing Foldable Leisure Travel Furniture Picnic Outdoor Folding Chair Tourist Camping Fishing 
SIN SUB	p20975	Muebles/Otros			High back casual nap chair picnic outdoor folding portable outdoor camping chair
SIN SUB	p21220	Muebles/Otros			New High-End Listing Detachable Woodpecker Classic Whack-A-Mole Eco-Friendly Material Multi Function
SIN SUB	p21272	Muebles/Otros			Mobile puzzle table flip adjustment large desktop multi-function advanced desktop storage box availa
SIN SUB	p21277	Muebles/Otros			Adult Event Team Building Table Curling Community Puzzle Casual Table Ice Hockey
SIN SUB	p21309	Muebles/Otros			Foldable Mahjong Table Multi Functional Manual Chess Game Table for Home Use Square Dining Table
SIN SUB	p21350	Muebles/Otros			Portable Folding Wooden Chess Table Outdoor Use Adult and Student Travel Set
SIN SUB	p21390	Muebles/Otros			Indoor Curling Board Game Fun Team Building Training Game Synthetic Ice Curling Set
SIN SUB	p21391	Muebles/Otros			ZZ modern high-end marble home living room puzzle coffee table villa high and low special-shaped com
SIN SUB	p21393	Muebles/Otros			HXL Eight Immortals Table Solid Wood Square Chess and Card Table and Chair Set Dining Table
SIN SUB	p21394	Muebles/Otros			SS Modern light luxury automatic mahjong dining table integrated dual-purpose high-end simple, dedic
SIN SUB	p21396	Muebles/Otros			Hold'em Table Chip Table Chess and Card Room Special Folding Desktop Cloth Mat Color Size Customizab
SIN SUB	p21397	Muebles/Otros			Mini 7-in-1 multi-game table with bowling, chess, poker, and 4 regular game tables for family entert
SIN SUB	p21399	Muebles/Otros			Solid wood egg table dedicated advanced square chess and card poker mahjong modern simple leisure  F
SIN SUB	p21407	Muebles/Otros			z Electric Skateboard Seat Chair Foldable Height Adjustable Shock-Absorbing Retractable Seat For Xia
SIN SUB	p21533	Muebles/Otros			Electric Scooter with Seat 4-Wheel Skateboard Chair Urban Scooter for Adults Teens
SIN SUB	p2200	Deportes y fitness/Otros			Máquina lanzapelotas de tenis PONGBOT Pace S Pro
SIN SUB	p222773	Juegos de mesa/Otros juegos			Illusion: El Juego de Percepción de Color que Unirá a Tu Familia
SIN SUB	p222778	Juegos de mesa/Otros juegos			Exit. El juego. La isla olvidada
SIN SUB	p222779	Juegos de mesa/Otros juegos			EL TAROT: Guía Completa de Simbolismo, Historia y Juegos Adivinatorios
SIN SUB	p222794	Juegos de mesa/Otros juegos			Splash!: Puzzles, Doodles, and Fishy Facts! – An Ocean of Fun!
SIN SUB	p222801	Juegos de mesa/Otros juegos			Juego: We rate dogs! The card game
SIN SUB	p222802	Juegos de mesa/Otros juegos			Exit. El juego. Tesoro hundido: La Aventura Submarina de Escape para Principiantes
SIN SUB	p222805	Juegos de mesa/Otros juegos			Exit. El Juego: Muerte en el Orient Express – Un Misterio en Vías
SIN SUB	p222811	Juegos de mesa/Otros juegos			Big Apple Bingo: Un Juego de Nueva York para Viajeros de Corazón
SIN SUB	p222814	Juegos de mesa/Otros juegos			50 Juegos en 1 Novelty: La Colección Definitiva para la Diversión Familiar
SIN SUB	p222818	Juegos de mesa/Otros juegos			Exit. El Juego: El Señor de los Anillos. Sombras sobre la Tierra Media
SIN SUB	p222940	Juegos de mesa/Otros juegos			Pokémon TCG Sorpresa: Mega Evolution ME05 - Pitch Black Sleeved Booster en Inglés 14275
SIN SUB	p222941	Juegos de mesa/Otros juegos			Pokémon TCG Sorpresa: Mega Evolution ME05 - Pitch Black Sleeved Booster en Español 14279
SIN SUB	p222942	Juegos de mesa/Otros juegos			Pokémon TCG: Mega Evolution Chaos Rising - Sleeved Booster Pack En Español 14046
SIN SUB	p222943	Juegos de mesa/Otros juegos			Pokémon TCG: Mega Evolution en Inglés  - Perfect Order - Build & Battle Box 15048
SIN SUB	p222944	Juegos de mesa/Otros juegos			Magic The Gathering Tmt Special Bundle En Ingles 30837
SIN SUB	p222945	Juegos de mesa/Otros juegos			Pokémon TCG: Team Rocket's Mewtwo ex League Battle Deck En Inglés  11889
SIN SUB	p222946	Juegos de mesa/Otros juegos			Rubik's 3x3 Cristal
SIN SUB	p222949	Juegos de mesa/Otros juegos			Sobresaltos M7901
SIN SUB	p222950	Juegos de mesa/Otros juegos			Esquinados M4701
SIN SUB	p222951	Juegos de mesa/Otros juegos			El Erudito Mexico M1101
SIN SUB	p222982	Juegos de mesa/Otros juegos			Bingo Foil  JCA-3300
SIN SUB	p222998	Juegos de mesa/Otros juegos			Pokémon TCG: Mega Zygarde ex Premium Collection en Español 13506
SIN SUB	p222999	Juegos de mesa/Otros juegos			Pokémon TCG: Mega Evolution ME05 - Pitch Black Three-Booster Blister en Inglés 15747
SIN SUB	p223000	Juegos de mesa/Otros juegos			Arkitec 3D de construccion Plaza del Pueblo AK8014Z
SIN SUB	p223001	Juegos de mesa/Otros juegos			Arkitec 3D de construccion Feria Estatal AK8013Z
SIN SUB	p223002	Juegos de mesa/Otros juegos			Arkitec 3D de construccion Jardin Botanico AK8009Z
SIN SUB	p223003	Juegos de mesa/Otros juegos			Arkitec 3D de construccion Roma AK8008Z
SIN SUB	p223004	Juegos de mesa/Otros juegos			Arkitec 3D de construccion Paris AK8007Z
SIN SUB	p223005	Juegos de mesa/Otros juegos			Arkitec 3D de construccion Londres AK8006Z
SIN SUB	p223006	Juegos de mesa/Otros juegos			Arkitec 3D de construccion Tokyo AK8005Z
SIN SUB	p223007	Juegos de mesa/Otros juegos			Arkitec 3D de construccion Las Vegas AK8002Z
SIN SUB	p223008	Juegos de mesa/Otros juegos			Terapeuta De Pacotilla EKIHT01ES
SIN SUB	p223009	Juegos de mesa/Otros juegos			Mandibulas 330721
SIN SUB	p223023	Juegos de mesa/Otros juegos			Little People Nintendo Figuras Mario Bros Educativo JHG63
SIN SUB	p223030	Juegos de mesa/Otros juegos			Torre De Madera 3 En 1 Toy Story 5, Caja De Cartón JCA-5063
SIN SUB	p223040	Juegos de mesa/Otros juegos			Torre De Madera 3 En 1 Spidey Caja Carton JCA-5014
SIN SUB	p223046	Juegos de mesa/Otros juegos			Juego De Viaje Maratón, Caja De Carton JCA-4823
SIN SUB	p223070	Juegos de mesa/Otros juegos			Magic The Gathering Tmt Play Booster En Ingles  30802
SIN SUB	p223077	Juegos de mesa/Otros juegos			Ahorcado viaje Fotorama 1741
SIN SUB	p223078	Juegos de mesa/Otros juegos			Pokémon Tcg: Lumiose City Mini Tin En Inglés Feraligatr/Budew  15578
SIN SUB	p223079	Juegos de mesa/Otros juegos			Pokémon Tcg: Lumiose City Mini Tin En Inglés Meganium/Meowstic 15578
SIN SUB	p223080	Juegos de mesa/Otros juegos			Pokémon Tcg: Lumiose City Mini Tin En Inglés Salamence/Litleo 15578
SIN SUB	p223081	Juegos de mesa/Otros juegos			Pokémon Tcg: Lumiose City Mini Tin En Inglés Emboar/Inkay  15578
SIN SUB	p223082	Juegos de mesa/Otros juegos			Pokémon Tcg: Lumiose City Mini Tin En Inglés Gallade/Gloomy  15578
SIN SUB	p223083	Juegos de mesa/Otros juegos			Pokémon Tcg: Mega Lucario League Battle Deck En Inglés 13507
SIN SUB	p223085	Juegos de mesa/Otros juegos			Gatitos Coloridos 1000 Pz  10559
SIN SUB	p223087	Juegos de mesa/Otros juegos			Maceta De Stitch K1136
SIN SUB	p223088	Juegos de mesa/Otros juegos			Rey Leon 1000 H7055
SIN SUB	p223089	Juegos de mesa/Otros juegos			Mickey Arte 600 H7053
SIN SUB	p223093	Juegos de mesa/Otros juegos			Scream The Game 932600
SIN SUB	p223097	Juegos de mesa/Otros juegos			Cubo Rubik's Tetris 6076575
SIN SUB	p223099	Juegos de mesa/Otros juegos			Tic Tac Toe Clásico 6075938
SIN SUB	p223100	Juegos de mesa/Otros juegos			Cubo 3x3 Grogu 6074030
SIN SUB	p223101	Juegos de mesa/Otros juegos			Rubik's Tracks 150 6068620
SIN SUB	p223102	Juegos de mesa/Otros juegos			Rubik's Tracks 125 6068619
SIN SUB	p223106	Juegos de mesa/Otros juegos			Juegos De Mesa Monstruo de Colores Edición de Viaje BGMONVSP
SIN SUB	p223110	Juegos de mesa/Otros juegos			Coloretto 22570
SIN SUB	p223127	Juegos de mesa/Otros juegos			5 Segundos Para Ganar JCA-1944
SIN SUB	p223136	Juegos de mesa/Otros juegos			Juego Demesa Mente Vacuna, Caja De Carton JCA-4988
SIN SUB	p223147	Juegos de mesa/Otros juegos			Figura de Acción iron Man and his Awesome Friends Iron Hulk G1468
SIN SUB	p223163	Juegos de mesa/Otros juegos			Cubo Rubik's 2x2 Speed
SIN SUB	p223168	Juegos de mesa/Otros juegos			Cronómetro para Cubo Rubik Timer Profesional 074028
SIN SUB	p223173	Juegos de mesa/Otros juegos			Rubik’s Edge: Diversión y Desafío en un Cubo Compacto
SIN SUB	p223174	Juegos de mesa/Otros juegos			Hijos vs Padres Bluey 11956075609 | Juego Familiar
SIN SUB	p223175	Juegos de mesa/Otros juegos			Juego de Equilibrio 11956074987 , Diversión y Destreza
SIN SUB	p223191	Juegos de mesa/Otros juegos			Rubik'S Pulse 6074026
SIN SUB	p223193	Juegos de mesa/Otros juegos			Clásicos Pop Up Game 6067994
SIN SUB	p223202	Juegos de mesa/Otros juegos			Fotorama Triggle
SIN SUB	p223208	Juegos de mesa/Otros juegos			Fotorama Rummy Travel
SIN SUB	p223210	Juegos de mesa/Otros juegos			Spin Master Rubik's Cubo 2x2
SIN SUB	p223211	Juegos de mesa/Otros juegos			Secuencia de Goliat Clásico 919752
SIN SUB	p223214	Juegos de mesa/Otros juegos			Goliat Tic Tac Boum 70438
SIN SUB	p223229	Juegos de mesa/Otros juegos			Spin Master Family Games Hedbanz Star Wars 11956073979
SIN SUB	p223230	Juegos de mesa/Otros juegos			Spin Master Etch A Sketch Etch A Sketch Clásico 6066719
SIN SUB	p223232	Juegos de mesa/Otros juegos			Spin Master  Hedbanz Disney Refresh 11956070780
SIN SUB	p223233	Juegos de mesa/Otros juegos			Clásicos Cuatro En Línea
SIN SUB	p223241	Juegos de mesa/Otros juegos			Clásicos Harry Potter Set De Juegos 6071060
SIN SUB	p223243	Juegos de mesa/Otros juegos			Kinetic Sand Kinetic Sand Tesoro Escondido 6064300
SIN SUB	p223244	Juegos de mesa/Otros juegos			Maldón El Erudito 903
SIN SUB	p223245	Juegos de mesa/Otros juegos			Maldón El Señor Dix 1901
SIN SUB	p223246	Juegos de mesa/Otros juegos			Maldón Jardinero 4901
SIN SUB	p223247	Juegos de mesa/Otros juegos			Maldón Shiki 3501
SIN SUB	p223248	Juegos de mesa/Otros juegos			Maldón Esquinados 4701
SIN SUB	p223249	Juegos de mesa/Otros juegos			Maldón El Ilustrado 904
SIN SUB	p223263	Juegos de mesa/Otros juegos			Fotorama Torre Movediza
SIN SUB	p223375	Juegos de mesa/Otros juegos			Casino Básico Juegos de Mesa
SIN SUB	p223380	Juegos de mesa/Otros juegos			Juegos de Mesa Clásicos 10 en 1
SIN SUB	p223381	Juegos de mesa/Otros juegos			Drinkpooly Juegos de Mesa
SIN SUB	p223386	Juegos de mesa/Otros juegos			Estadio Azteca Set de Colección
SIN SUB	p223390	Juegos de mesa/Otros juegos			FC Águilas del América Escudo Edición Especial
SIN SUB	p223393	Juegos de mesa/Otros juegos			Casino Nocturno Juegos de Mesa
SIN SUB	p223396	Juegos de mesa/Otros juegos			Disney Pixar Set de 10 Juegos de Mesa
SIN SUB	p223398	Juegos de mesa/Otros juegos			Alien Visión, Juego de Realidad Aumentada
SIN SUB	p223402	Juegos de mesa/Otros juegos			Operando Mini Juegos para Viaje
SIN SUB	p223405	Juegos de mesa/Otros juegos			Traitor Tots Juegos de Mesa
SIN SUB	p223410	Juegos de mesa/Otros juegos			Etch a Sketch Pizarrón Mágico
SIN SUB	p223411	Juegos de mesa/Otros juegos			Futbolito Sports Land Mesa de Fútbol Chico
SIN SUB	p223419	Juegos de mesa/Otros juegos			Multijuegos 4 en 1, Juegos de Mesa
SIN SUB	p223433	Juegos de mesa/Otros juegos			Rummy Jumbo Juegos de Mesa
SIN SUB	p223437	Juegos de mesa/Otros juegos			Palillos Chinos Juegos de Mesa
SIN SUB	p223440	Juegos de mesa/Otros juegos			Twister Clásico
SIN SUB	p223442	Juegos de mesa/Otros juegos			Battleship Clásico
SIN SUB	p223445	Juegos de mesa/Otros juegos			Pulgas Locas Juegos de Mesa
SIN SUB	p223446	Juegos de mesa/Otros juegos			Bop It Juegos de Mesa
SIN SUB	p223447	Juegos de mesa/Otros juegos			Que Soy Familia, Juegos de Mesa
SIN SUB	p223454	Juegos de mesa/Otros juegos			Rummy O Deluxe Juegos de Mesa
SIN SUB	p223460	Juegos de mesa/Otros juegos			RummiKu Clásico Juegos de Mesa
SIN SUB	p223461	Juegos de mesa/Otros juegos			Rubik's 2x2 Aprendiz
SIN SUB	p223462	Juegos de mesa/Otros juegos			RummiKub Twist-K
SIN SUB	p223464	Juegos de mesa/Otros juegos			Rummy Clásico Juegos de Mesa
SIN SUB	p223466	Juegos de mesa/Otros juegos			Phase 10 Juegos de Mesa
SIN SUB	p223469	Juegos de mesa/Otros juegos			Me Caigo de Risa 15 Juegos de Mesa
SIN SUB	p223478	Juegos de mesa/Otros juegos			Futbolito Sports Land Mesa de Fútbol Jumbo
SIN SUB	p223481	Juegos de mesa/Otros juegos			Disney Pixar 44 Juegos de Mesa
SIN SUB	p223485	Juegos de mesa/Otros juegos			Rubik's Set de Juego 3 Packs: Cubo 3x3, Cubo 2x2 y Cubo 4x4
SIN SUB	p223486	Juegos de mesa/Otros juegos			Rubik's 5x5 Profesor
SIN SUB	p223487	Juegos de mesa/Otros juegos			Rubik's 4x4
SIN SUB	p223488	Juegos de mesa/Otros juegos			Rubik's 3x3 con Llavero
SIN SUB	p223490	Juegos de mesa/Otros juegos			Rubik's 3x3 Edición 50 Aniversario
SIN SUB	p223491	Juegos de mesa/Otros juegos			Rubik's 3x3 Colo Block
SIN SUB	p223492	Juegos de mesa/Otros juegos			Rubik's 3x3
SIN SUB	p223494	Juegos de mesa/Otros juegos			Cubo Rubiks 3x3 Refresh
SIN SUB	p223495	Juegos de mesa/Otros juegos			Cubo Rubiks Connected X 3x3 conexión a Smartphones
SIN SUB	p223578	Juguetes y bebés/Otros			Smartwatch Nu Nordic + Hello Kitty HK2
SIN SUB	p223579	Juguetes y bebés/Otros			Smartwatch Nu Nordic + Hello Kitty HK3
SIN SUB	p223580	Juguetes y bebés/Otros			Tamagotchi Paradise Rosa 43420
SIN SUB	p223581	Juguetes y bebés/Otros			Furblets Pix-Elle
SIN SUB	p223582	Juguetes y bebés/Otros			Tamagotchi Connection Azul 43400
SIN SUB	p223583	Juguetes y bebés/Otros			Tamagotchi Connection Rosa 43400
SIN SUB	p223584	Juguetes y bebés/Otros			Tamagotchi - Mascota de Juguete - Sofmallow - Mametchi Amarillo  91145
SIN SUB	p223585	Juguetes y bebés/Otros			Tamagotchi - Mascota de Juguete - Sofmallow - Kuchipatchi Verde 91145
SIN SUB	p223586	Juguetes y bebés/Otros			Tamagotchi Connection Gris  C 43400
SIN SUB	p223588	Juguetes y bebés/Otros			DC Juguete Batlink Batarang JMD54
SIN SUB	p223591	Juguetes y bebés/Otros			Melissa And Doug Fire Chief Role Play Costume Set 6073066
SIN SUB	p223592	Juguetes y bebés/Otros			Jurassic World Máscara Raptor Rebirth Velociraptor  Mandíbula JGG13
SIN SUB	p223593	Juguetes y bebés/Otros			MOTU Máscara Skeletor Luces Sonidos Disfraz Villano  JKJ15
SIN SUB	p223594	Juguetes y bebés/Otros			Jurassic World Juguete Máscara de Raptor Con Efectos de Sonido JKG94
SIN SUB	p223595	Juguetes y bebés/Otros			Minecraft Arco Flecha Electrónico Sonidos Juguete Gamer JDJ04
SIN SUB	p223596	Juguetes y bebés/Otros			Máscara Electrónica Star Wars The Mandalorian G2839
SIN SUB	p223597	Juguetes y bebés/Otros			DC Juguete Máscara de Batman JMF01
SIN SUB	p223598	Juguetes y bebés/Otros			DC Juguete Máscara de Flash JMF01
SIN SUB	p223599	Juguetes y bebés/Otros			Minecraft Espada‑Pico Transformable Versión Inventor JKC15
SIN SUB	p223601	Juguetes y bebés/Otros			Little Live Pets Mi Pingüino Interactivo 26535
SIN SUB	p223602	Juguetes y bebés/Otros			Lámpara Hello Kitty con Corazón PP13650HK
SIN SUB	p223603	Juguetes y bebés/Otros			Lámpara Super Estrella Super Mario PP6361NNV3ID
SIN SUB	p223604	Juguetes y bebés/Otros			Lámpara Máscara Stormtrooper Star Wars PP13340SW
SIN SUB	p223607	Juguetes y bebés/Otros			Lámpara de Escritorio Snitch Dorada Harry Potter PP12796HP
SIN SUB	p223608	Juguetes y bebés/Otros			Lámpara Star Wars R2-D2 Sway Light PP9481SW
SIN SUB	p223609	Juguetes y bebés/Otros			Lámpara Super Mario Honguito PP4017NN
SIN SUB	p223611	Juguetes y bebés/Otros			Mascota Electrónica Nano-mals Azul  G1880
SIN SUB	p223612	Juguetes y bebés/Otros			Lámpara Zorro Minecraft  PP9472MCF
SIN SUB	p223613	Juguetes y bebés/Otros			Lámpara Minecraft TNT con Luz y Sonido PP8080MCF
SIN SUB	p223614	Juguetes y bebés/Otros			Lámpara The Mandalorian The Child PP7335MAN
SIN SUB	p223616	Juguetes y bebés/Otros			Lámpara Minecraft Creeper Icon LED PP6593MCF
SIN SUB	p223617	Juguetes y bebés/Otros			Lámpara Fantasma Pac-Man V2 LED Decorativa Gamer PP4336PM
SIN SUB	p223618	Juguetes y bebés/Otros			Lámpara Uplighter Sable de Luz Star Wars PP11320SW
SIN SUB	p223619	Juguetes y bebés/Otros			Lámpara de Escritorio Posable X-Wing Star Wars PP11319SW
SIN SUB	p223620	Juguetes y bebés/Otros			Lámpara Icon Panda PP13276MCF
SIN SUB	p223621	Juguetes y bebés/Otros			Lámpara Proyector Hello Kitty PP14577HK
SIN SUB	p223622	Juguetes y bebés/Otros			Lámpara Icon Hello Kitty PP14445HK
SIN SUB	p223623	Juguetes y bebés/Otros			Lámpara Kuromi PP14396KUR
SIN SUB	p223624	Juguetes y bebés/Otros			Lámpara Icon Bluey PP14355BLU
SIN SUB	p223625	Juguetes y bebés/Otros			Lámpara Bluey con Sonido PP14334BLU
SIN SUB	p223626	Juguetes y bebés/Otros			Reloj Despertador Bluey PP14331BLU
SIN SUB	p223627	Juguetes y bebés/Otros			Reloj Despertador Stitch Icon Disney PP14273LS
SIN SUB	p223628	Juguetes y bebés/Otros			Lámpara Panda Mniecraft   PP12710MCF
SIN SUB	p223629	Juguetes y bebés/Otros			Super Mario Bros Icons Lámpara PP9407NN
SIN SUB	p223630	Juguetes y bebés/Otros			Fire Flower Icon Lámpara PP6362NN
SIN SUB	p223631	Juguetes y bebés/Otros			Mini Yoshi Egg Lámpara Bdp PP6046NN
SIN SUB	p223632	Juguetes y bebés/Otros			Super Star Lámpara PP5100NN
SIN SUB	p223633	Juguetes y bebés/Otros			Boo Icon Lámpara  PP4374NN
SIN SUB	p223634	Juguetes y bebés/Otros			Toy Story Alien Squishyglo Lámpara Recargable PP15867TS
SIN SUB	p223635	Juguetes y bebés/Otros			Bluey Party Projection Lámpara PP14568BLU
SIN SUB	p223636	Juguetes y bebés/Otros			Hello Kitty Box Lámpara PP13280HK
SIN SUB	p223637	Juguetes y bebés/Otros			Super Mushroom  Reloj Digital   PP10064NN
SIN SUB	p223638	Juguetes y bebés/Otros			Pac Man And Ghosts Lámpara PP7097PM
SIN SUB	p223640	Juguetes y bebés/Otros			Goliath Tilly Terry Dog 919920
SIN SUB	p223641	Juguetes y bebés/Otros			Lámpara Care Bears  PP14477CB
SIN SUB	p223642	Juguetes y bebés/Otros			Lámpara Minecraft Fox PP13275MCF
SIN SUB	p223643	Juguetes y bebés/Otros			Lámpara Stich PP9652LS
SIN SUB	p223644	Juguetes y bebés/Otros			Lámpara Acrílica Super Mario PP8023NN
SIN SUB	p223645	Juguetes y bebés/Otros			Lampara Minecraft Axolotl Icon  V2  PP11390MCF
SIN SUB	p223646	Juguetes y bebés/Otros			Sable de Luz Star Wars Darth Vader G0777
SIN SUB	p223647	Juguetes y bebés/Otros			Sable de Luz Star Wars Maestro Yoda  G0777
SIN SUB	p223648	Juguetes y bebés/Otros			Set Iron Man and his Awesome Friends G1256
SIN SUB	p223649	Juguetes y bebés/Otros			Casco Electrónico Star Wars Black Series La Venganza de los Sith Comandante Clon Cody G1861
SIN SUB	p223650	Juguetes y bebés/Otros			Máscara Spider-Man VenomVersus Venom G1828
SIN SUB	p223651	Juguetes y bebés/Otros			Tamagotchi Paradise  Azul 43420
SIN SUB	p223652	Juguetes y bebés/Otros			Tamagotchi Nano Jurassic Spinosaurus Café 90997
SIN SUB	p223653	Juguetes y bebés/Otros			Bitzee Doghouse
SIN SUB	p223654	Juguetes y bebés/Otros			HexBots Gecko Brilla En La Oscuridad 6075451
SIN SUB	p223655	Juguetes y bebés/Otros			Walkie Talkie Infantil Temático Jurassic  3162304
SIN SUB	p223657	Juguetes y bebés/Otros			Ziggy Robot Interactivo Happy Learning 3142046
SIN SUB	p223659	Juguetes y bebés/Otros			Walkie Talkies Bluey para Niños 3132603
SIN SUB	p223661	Juguetes y bebés/Otros			Walkie Talkies Stitch – ¡Diversión y Aventura para Niños!  3112703
SIN SUB	p223662	Juguetes y bebés/Otros			Mascara Godzilla X Kong Roleplay 12135
SIN SUB	p223663	Juguetes y bebés/Otros			Spin Master Bitzee  Hamster Ball
SIN SUB	p223664	Juguetes y bebés/Otros			Bateria Alcalina Maxell 4PK AAA 723865
SIN SUB	p223665	Juguetes y bebés/Otros			Spin Master Bitzee Bit Harry Potter Bitzee Gml 4Pk 6072599
SIN SUB	p223666	Juguetes y bebés/Otros			Furblets DJ Dis co Dazz
SIN SUB	p223667	Juguetes y bebés/Otros			Furblets DJ Can Dee Swirl
SIN SUB	p223668	Juguetes y bebés/Otros			Furblets DJ Pepp Oh Roni
SIN SUB	p223669	Juguetes y bebés/Otros			Furblets DJ Rain Bow Kat
SIN SUB	p223670	Juguetes y bebés/Otros			Furblets DJ Kitt Ee Luv
SIN SUB	p223671	Juguetes y bebés/Otros			Furblets DJ Berry Cup Cake
SIN SUB	p223674	Juguetes y bebés/Otros			Spin  Master Dragones Máscara de Dragón 6072832
SIN SUB	p223676	Juguetes y bebés/Otros			Tortugas Ninja Disfraz Leonardo
SIN SUB	p223678	Juguetes y bebés/Otros			Spiderman Máscara con Iluminación para Niños
SIN SUB	p223684	Juguetes y bebés/Otros			Tortugas Ninja Movie Kit Bo Staff con Máscara de Donatello
SIN SUB	p223685	Juguetes y bebés/Otros			Súper Puños Gamma De Hulk F9332
SIN SUB	p223686	Juguetes y bebés/Otros			Tortugas Ninja Movie Kit Sais con Máscara de Rafael para Niños
SIN SUB	p223687	Juguetes y bebés/Otros			Spiderman Miles Moráles Máscara para Niños
SIN SUB	p223688	Juguetes y bebés/Otros			Harry Potter Sombrero Interactivo Seleccionador a la Casa que Perteneces
SIN SUB	p223689	Juguetes y bebés/Otros			Dragon Ball Roleplay Goku 37185
SIN SUB	p223691	Juguetes y bebés/Otros			Harry Potter Dobby Interactivo con Sonidos y movimientos
SIN SUB	p223692	Juguetes y bebés/Otros			Furby Tie Dye
SIN SUB	p223693	Juguetes y bebés/Otros			Furby Galaxy
SIN SUB	p223694	Juguetes y bebés/Otros			Furblets Ray-Vee
SIN SUB	p223695	Juguetes y bebés/Otros			Furblets Hip-Bop
SIN SUB	p223696	Juguetes y bebés/Otros			Furblets Mello-Nee
SIN SUB	p223697	Juguetes y bebés/Otros			Furblets Ooh-Koo
SIN SUB	p223698	Juguetes y bebés/Otros			Harry Potter Hedwing Interactivo con Sonidos y movimientos
SIN SUB	p223699	Juguetes y bebés/Otros			Furby Morado
SIN SUB	p225031	Juguetes y bebés/Otros			Bicicleta De Equilibrio Roja E1207
SIN SUB	p2260	Deportes y fitness/Otros			Botella de agua deportiva motivacional con pajita, 32 oz
SIN SUB	p227216	Audífonos/None			Funda Para Audífonos Minions And Monsters Sintética Amarilla 8x4.5x7.5 cm
SIN SUB	p227218	Audífonos/None			Audífonos De Cable Mini Bean Metallics Sintéticos Lila 120 cm Tipo C
SIN SUB	p227219	Audífonos/None			Audífonos De Cable Mini Bean Metallics Sintéticos Negros 120 cm Tipo C
SIN SUB	p227222	Audífonos/None			Audífonos De Cable USB C Negro
SIN SUB	p227263	Audífonos/None			Funda Para Audífonos Jurassic World DunDun Disfraz De Dinosaurio Textil Azul 11x8 cm
SIN SUB	p227264	Audífonos/None			Funda Para Audífonos Jurassic World PenPen Mini Family Textil Café 11x8 cm Disfraz De Dinosaurio
SIN SUB	p227265	Audífonos/None			Funda Para Audífonos League Of Legends Yuumi Silicona Gris
SIN SUB	p227266	Audífonos/None			Funda Para Audífonos League Of Legends Teemo Silicona Verde
SIN SUB	p227267	Audífonos/None			Audífonos De Cable Capsule Pro Rosas 120 cm Tipo C
SIN SUB	p227270	Audífonos/None			Audífonos De Cable Capsule Pro Morados 120 cm Tipo C
SIN SUB	p227281	Audífonos/None			Funda Para Audífonos Con Colgante Star Wars Darth Vader Sintética Negra
SIN SUB	p227284	Audífonos/None			Audífonos De Cable Tipo C Sintéticos Morados 120 cm
SIN SUB	p227290	Audífonos/None			Funda Para Audífonos Con Correa Colección Ultra Sintética Blanca 7x6.5x3.5 cm
SIN SUB	p227292	Audífonos/None			Funda Para Audífonos Con Correa Sintética Negra 7x6.5x3.5 cm
SIN SUB	p227293	Audífonos/None			Audífonos De Cable Con Estuche Sanrio Hello Kitty Tipo C Sintéticos Rojos 120 cm
SIN SUB	p227308	Audífonos/None			Audífonos De Cable Tipo C Tech Morados 120 cm
SIN SUB	p227309	Audífonos/None			Audífonos De Cable Tipo C Tech Negros 120 cm
SIN SUB	p227315	Audífonos/None			Funda Para Audífonos Sanrio Hello Kitty Protectora Sintética Roja
SIN SUB	p227322	Audífonos/None			Funda Protectora  Para Audífonos Sintética Negra 7.5x6x5 cm
SIN SUB	p227327	Audífonos/None			Funda Para Audífonos Sanrio Hello Kitty Sintética  Azul Portátil
SIN SUB	p227328	Audífonos/None			Funda Para Audífonos Sanrio Hello Kitty Con Asa Sintética  Blanca Portátil
SIN SUB	p227329	Audífonos/None			Funda Para Audífonos Snoopy Con Correa Sintética Azul Portátil
SIN SUB	p227347	Audífonos/None			Audífonos De Cable Con Estuche Sanrio Kuromi Tipo C Lila 120 cm
SIN SUB	p227348	Audífonos/None			Audífonos De Cable Con Estuche Sanrio My Melody Tipo C Rosa 120 cm
SIN SUB	p227353	Audífonos/None			Audífonos De Cable Life Is For Fun Lilas Tipo C
SIN SUB	p227400	Audífonos/None			Audífonos De Cable Mod HF230 Blanco
SIN SUB	p227401	Audífonos/None			Audífonos De Cable   Con Estuche En Forma De Cápsula Amarillos
SIN SUB	p227405	Audífonos/None			Audifonos De Cable 120cm Con Microfono y Con Estuche En Forma De Capsula  Hf236  Auriculares Rojo
SIN SUB	p227409	Mascotas/None			Accesorio Para Mascotas Gorro PenPen Mini Family Poliéster Azul 17x12 cm Talla Chica
SIN SUB	p227410	Mascotas/None			Accesorio Para Mascotas Gorro Cerdita Gigi Mini Family Poliéster Rosa 17x12 cm Talla Chica
SIN SUB	p227411	Mascotas/None			Accesorio Para Mascotas Diseño De Cerdito Gorro 100% Poliéster Rosa 28x35 cm Talla Chica
SIN SUB	p227412	Mascotas/None			Accesorio Para Mascotas Diseño De Cerdito Gorro 100% Poliéster Rosa 30x37 cm Talla Mediana
SIN SUB	p227413	Mascotas/None			Accesorio Para Mascotas Diseño De Cerdito Gorro 100% Poliéster Rosa 32x39 cm Talla Grande
SIN SUB	p227414	Mascotas/None			Accesorio Para Mascotas Diseño De Oso Gorro 100% Poliéster Café 28x35 cm Talla Chica
SIN SUB	p227415	Mascotas/None			Accesorio Para Mascotas Diseño De Oso Gorro 100% Poliéster Café 30x37 cm Talla Mediana
SIN SUB	p227416	Mascotas/None			Accesorio Para Mascotas Diseño De Panda Gorro 100% Poliéster Blanco 30x37 cm Talla Mediana
SIN SUB	p227417	Mascotas/None			Accesorio Para Mascotas Diseño De Panda Gorro 100% Poliéster Blanco 32x39 cm Talla Grande
SIN SUB	p227418	Mascotas/None			Spray Limpiador De Patas Para Mascotas Cotton & Orange 85 ml
SIN SUB	p227419	Mascotas/None			Spray Limpiador De Patas Para Mascotas Cotton & Orange 240 ml
SIN SUB	p227423	Mascotas/None			Snacks Para Perros Galletas De Carnaza 100 gr
SIN SUB	p227424	Mascotas/None			Snacks Para Perros Dona De Carnaza
SIN SUB	p227425	Mascotas/None			Snacks Para Perros Huesitos De Carnaza 3 Piezas
SIN SUB	p227426	Mascotas/None			Snacks Para Perros Palitos De Carnaza 10 Piezas
SIN SUB	p227431	Mascotas/None			Doble Plato Plegable Para Mascotas Silicona 35.8x17x5 cm
SIN SUB	p227458	Mascotas/None			Accesorio Para Mascotas Star Wars Grogu Gorro Textil Verde Talla Chica
SIN SUB	p227459	Mascotas/None			Accesorio Para Mascotas Star Wars Grogu Gorro Textil Verde Talla Grande
SIN SUB	p227460	Mascotas/None			Plato Para Para Mascotas Plegable Silicona Gris
SIN SUB	p227475	Mascotas/None			Cuchara Para Croquetas Dosificadora Sintética Rosa 7.5x17 cm
SIN SUB	p227476	Mascotas/None			Botella Con Plato Plegable Para Mascotas Plástico 350 ml
SIN SUB	p227490	Mascotas/None			Botella De Agua Para Mascotas Sanrio Pochacco Sintética Verde 550 ml
SIN SUB	p227491	Mascotas/None			Botella De Agua Para Mascotas Sanrio Cinnamoroll Sintética Azul 550 ml
SIN SUB	p227494	Mascotas/None			Set Peluches Para Mascotas Sanrio My Melody 100% Poliéster Rosas 2 Piezas
SIN SUB	p227497	Mascotas/None			Tazón Portátil Para Mascotas Plegable Silicona Rosa Mexicano 16x15x5 cm
SIN SUB	p227501	Mascotas/None			Tazón Portátil Para Mascota Plegable Plástico 1 L
SIN SUB	p227503	Mascotas/None			Tazón Portátil Para Mascota Plegable Plástico 650 ml
SIN SUB	p227505	Mascotas/None			Tazón Portátil Para Mascota Plegable Plástico Rojo 350 ml
SIN SUB	p227507	Mascotas/None			Gorro Para Mascota Dinosaurio 100% Poliéster 10x15 cm
SIN SUB	p227508	Mascotas/None			Gorro Para Mascota Cerdito 100% Poliéster 10x15 cm
SIN SUB	p227509	Mascotas/None			Gorro Para Mascota Cerdito 100% Poliéster 9x14 cm
SIN SUB	p227510	Mascotas/None			Set De Belleza Mascotas Rosa 15.5 cm, 12.5 cm, 14 cm 3 Piezas
SIN SUB	p231597	Audífonos/None			Audífonos Sound Form Motion Negro
SIN SUB	p231691	Impresoras/None			Canon ImageFORMULA DR-C230 Escáner
SIN SUB	p232103	Lavadoras/None			Pedestal 39 cm Lavadora Secadora Whirlpool WFP2715HW
SIN SUB	p232104	Lavadoras/None			Pedestal 39 cm Lavadora Secadora Whirlpool WFP2715HC
SIN SUB	p232105	Lavadoras/None			Pedestal 28 cm Lavadora Secadora Whirlpool WFP2411GX
SIN SUB	p232630	Juguetes y bebés/Otros			Nickelodeon Bob Esponja Doctor Plankton
SIN SUB	p232852	Impresoras/None			Datapac Cinta Negra DP-080 para impresora Epson ERC-3034 Negro
SIN SUB	p232978	Televisores/None			Compaq Pantalla Smart TV 43? QLG43EFHD
SIN SUB	p233270	Videojuegos/None			Nintendo Joy-Con (R) - Neon Red Neon Rojo StandardNintendo Switch - Standard Edition
SIN SUB	p233345	Audífonos/None			Orzly Accesorios para Nintendo Switch Lite – Pack Incluye: Protectores de Pantalla & Funda para Swit
SIN SUB	p233433	Audífonos/None			GXTrust Forta Audífonos con Licencia Oficial para PlayStation 5, Azul
SIN SUB	p233706	Audífonos/None			Wall Mount de Pared PS5/PS5 Slim y PS5 Pro, Soporte PS5/Slim/Pro con Ventilador de 3 Velocidades de 
SIN SUB	p234624	Audífonos/None			Auriculares de Realidad Virtual para Nintendo Switch 2(2025)
SIN SUB	p234668	Audífonos/None			Turtle Beach - Auriculares Recon Chat PlayStation 4 - Standard Edition
SIN SUB	p234745	Audífonos/None			Numskull - Taquilla y soporte de almacenamiento oficial inspirado en la PS5 - Capacidad para 10 jueg
SIN SUB	p234937	Audífonos/None			Toma de Auriculares de Repuesto para PS5, Puerto de Audio con Caja de Almacenamiento, Compatible con
SIN SUB	p234958	Audífonos/None			Mcbazel - Ventilador de refrigeración RGB solo para consola Xbox Series X con soporte para auricular
SIN SUB	p234986	Audífonos/None			Balam Rush Froost Xtreme Base Enfriadora para Xbox Series X/S y One, con Sistema de Ventilación, Car
SIN SUB	p235294	Audífonos/None			DKJBF Base Enfriadora Compatible con Xbox Series S,Ventilador de Refrigeración con Recarga Control,I
SIN SUB	p235367	Videojuegos/None			GOTOTOP Disco Duro para X Box 360, Consola de Juegos Portátil Disco Duro Interno Almacenamiento de D
SIN SUB	p235476	Audífonos/None			Keenso Reemplazo de Puerto de Auriculares para Consola Switch 2
SIN SUB	p235490	Audífonos/None			Reemplazo del Conector de Auriculares para la Consola Switch 2
SIN SUB	p236148	Muebles/Otros			Sillones para Sala de 2 Plazas - Espuma alta densidad, Tela Acanalada-Negro
SIN SUB	p236914	Muebles/Otros			Recamara Matrimonial, 2 Mesitas, Regleta y LED, Negro
SIN SUB	p237112	Muebles/Otros			Literas Individuales y Matrimoniales Estructura Metálica 3 en 1 con
SIN SUB	p237377	Muebles/Otros			KITUL Set de 2 Buros Mesitas de Noche Modernas Minimalistas con Estantes para Recamara, Negro
SIN SUB	p237595	Muebles/Otros			Burós Mesitas de alojamiento redondas Espacio de almacenamiento escondido Iron Neart Standstand Tria
SIN SUB	p237939	Muebles/Otros			Organizador de Zapato, MCSWSEE 4 Niveles Zapateros Organizador de Acero Inoxidable, Zapateros Almace
SIN SUB	p237979	Muebles/Otros			TUMYES Organizador de Zapateros con Puertas 8 Niveles 16 Pares
SIN SUB	p238107	Muebles/Otros			Organizador de Ranuras para Zapatos 8 Zapateras Organizador Doble Plástico
SIN SUB	p238126	Muebles/Otros			Juego de 2 Zapateros Plegables Montados en la Pared, Organizadores de Zapatos para Baño y Entrada, S
SIN SUB	p238174	Muebles/Otros			Tendedero Plegable para Ropa de Acero Inoxidable, Área de Secado de 100 CM con Dos Alas Laterales, L
SIN SUB	p238318	Muebles/Otros			Percheros para Puerta Set de 2 Unidades con 12 Ganchos Cada Uno, Gancho Resistente sin Perforar, Org
SIN SUB	p238369	Muebles/Otros			4Pcs Percheros Pared de Madera Multiformas con Adhesivos y Clavos (Madera)
SIN SUB	p238387	Muebles/Otros			2 Percheros de Puerta para Guardar Sombreros y Accesorios de Ropa
SIN SUB	p238395	Muebles/Otros			Ganchos Percheros de Pared Vintage
SIN SUB	p238450	Muebles/Otros			Set 6 Unidades Estantes Flotantes, Repisas Flotantes 30*15 CM,Negro
SIN SUB	p238451	Muebles/Otros			KITUL Set de 3 Repisas Flotantes de Melamina 80x20 cm, No Aptas para Tablaroca, Nogal
SIN SUB	p238452	Muebles/Otros			Juego 6 Repisas Flotantes con Borde de Seguridad, Estantes Flotantes Marrón
SIN SUB	p238453	Muebles/Otros			Garselay 3 Piezas Repisas Flotantes para Baño con Cesta de Alambre y Valla
SIN SUB	p238454	Muebles/Otros			Redlemon 3 Repisas Flotantes de Madera para Pared Minimalistas 50 x 15 cm
SIN SUB	p238455	Muebles/Otros			4PCS Repisas Flotantes,Repisas para Baño Cesta con Metal Almacenamiento
SIN SUB	p238456	Muebles/Otros			VIOPY 5 Pzs Repisas Flotantes,Estantes Flotantes,Repisas Flotantes De Pared
SIN SUB	p238457	Muebles/Otros			4 Repisas Flotantes de Pared,3 Diferentes Medidas,Soportan 18 kg,(Nuez)
SIN SUB	p238460	Muebles/Otros			KITUL Set de 3 Repisas Flotantes de Pared 40x15 cm de MDF, No Aptas para Tablaroca, Nogal
SIN SUB	p238461	Muebles/Otros			KITUL Set de 3 Repisas Flotantes Mixtas 50x15 40x15 30x15 cm de MDF, 9 kg c/u, Roble Mérida
SIN SUB	p238462	Muebles/Otros			DECOMOBIL Juego de 3 repisas flotantes minimalistas 30x10cm color chocolate
SIN SUB	p238465	Muebles/Otros			4 Repisas Flotantes de Pared,3 Diferentes Medidas,Soportan 18 kg,(Gris)
SIN SUB	p238467	Muebles/Otros			Repisas Flotantes Modernas Minimalistas | Set de 3 o 6 Piezas | Tamaños: 30x15, 50x15 y 80x20 cm | D
SIN SUB	p238474	Muebles/Otros			Repisas Flotantes de Pared 2PCS, 58 * 10 * 12CM
SIN SUB	p238475	Muebles/Otros			Lifewit Repisas flotantes de Pared, 35.5cm x10.2cm Baldas Organizadoras, Estantes Flotantes para Lib
SIN SUB	p238476	Muebles/Otros			upsimples 4PCS Repisas Flotantes de Pared, Repisas de Acrilico, Estantes Flotantes Acrílicos de 15 P
SIN SUB	p238477	Muebles/Otros			BLACK MAMUT Kit 3 Repisas Flotantes Medidas 50x15 cm, Montaje en Pared, Estantes Modernos, Decoració
SIN SUB	p238479	Muebles/Otros			4PCS Repisas Flotantes, Repisas para Recamara y Baño, Con Canasta de Cuadrícula de Metal, Fácil de i
SIN SUB	p238480	Muebles/Otros			BEE VIBES Conjunto De 3 Repisas Flotantes Montados En La Pared, Diseño Versátil con Cesta De Alambre
SIN SUB	p238482	Muebles/Otros			KITUL Set de 3 Repisas Flotantes de Pared 60x15 cm de MDF, No Aptas para Tablaroca, Blanco
SIN SUB	p238483	Muebles/Otros			WALI Repisas Flotantes para TV, 2 Nivel, Negro (CS202B)
SIN SUB	p238484	Muebles/Otros			upsimples 4PCS Repisas Flotantes de Pared, Repisas de Acrilico, Estantes Flotantes Acrílicos de 15 P
SIN SUB	p238485	Muebles/Otros			VASAGLE Repisas Flotantes en L, Estantes Esquineros, Juego de 3
SIN SUB	p238487	Muebles/Otros			HAWOO Repisas Flotantes 3PCS para Baño con Cesta de Alambre
SIN SUB	p238488	Muebles/Otros			FURRIFIC Set de 5 Repisas Flotantes, Estantes Flotantes de Esquina
SIN SUB	p238489	Muebles/Otros			3 Repisas Flotantes Minimalistas Melamina Vintage 30 X 10 Cm (Moscato)
SIN SUB	p238490	Muebles/Otros			3 Repisas Flotantes Minimalistas Melamina Vintage 30 X 10 Cm Blanco
SIN SUB	p238491	Muebles/Otros			mornwell 3 Repisas Flotantes Medidas 40x15cm,Montaje en Pared,Estantes Modernos,Decoración Minimalis
SIN SUB	p238495	Muebles/Otros			VIOPY 5Pzs Repisas Flotantes,Estantes Flotantes,Repisas Flotantes De Pared
SIN SUB	p238499	Muebles/Otros			Set de repisas de cristal templado de 60x20 cm (2 piezas)
SIN SUB	p238500	Muebles/Otros			"Genérico" 3 Repisas Flotantes Minimalistas Melamina Vintage 30 X 10 Cm Negro Mate.
SIN SUB	p238503	Muebles/Otros			KITUL Set de 3 Repisas Flotantes de Pared de MDF, Estantes Minimalistas Modernos, Nogal
SIN SUB	p238504	Muebles/Otros			Juego 4 Repisas Flotantes con Borde de Seguridad, Estantes Flotantes Marrón
SIN SUB	p238508	Muebles/Otros			OSLIFE Repisas Flotantes De Pared para Baño, Organizador y Accesorios De Muebles con Cesta De Alambr
SIN SUB	p238509	Muebles/Otros			Set Olivia 2 Repisas Flotantes Madera Estantes 55x15 cm
SIN SUB	p238515	Muebles/Otros			Juego 4 Repisas Flotantes con Borde de Seguridad, Estantes Flotantes Negro
SIN SUB	p238516	Muebles/Otros			OSLIFE Repisas Flotantes De Pared para Baño, Organizador y Accesorios De Muebles con Cesta De Alambr
SIN SUB	p238519	Muebles/Otros			Jeeleeko 2pcs Repisas Flotantes de Pared Blancas Flotantes
SIN SUB	p238520	Muebles/Otros			Kit 5 Repisas Flotantes，Estantes Flotantes de Almacenamiento y Decoración, Repisas para Recamara Bañ
SIN SUB	p238522	Muebles/Otros			4PCS Repisas Flotantes, Repisas para Recamara y Baño, con Canasta de Cuadrícula de Metal, Fácil de I
SIN SUB	p238525	Muebles/Otros			HuLuHouse Repisas flotantes de Pared, 22.9cm x8.9cm Baldas Organizadoras
SIN SUB	p238526	Muebles/Otros			3 Piezas Estantes Flotantes con Cesta de Alambre, Repisas Flotantes de Pared,Decoración de Pared,par
SIN SUB	p238527	Muebles/Otros			Set 2 Repisas Flotantes Amalia 40cm Pared Wengue
SIN SUB	p238528	Muebles/Otros			Set 6 Unidades Estantes Flotantes, Repisas Flotantes 30*15 CM,Blanco
SIN SUB	p238530	Muebles/Otros			Repisas Flotantes para Baño, Tabla de Acrílico Removible, Fácil de Limpiar
SIN SUB	p238533	Muebles/Otros			MTQ Repisas para Cocina, Organizador de Especias de 2 Niveles
SIN SUB	p238537	Muebles/Otros			3RECT060206C Kit 3 Repisas Cristal Templado 60x20 cm/ 6 milímetros de Espesor/Varios Colores/para Ba
SIN SUB	p238538	Muebles/Otros			Set 3 Unidades Estantes Flotantes, Repisas Flotantes 30*15 CM,Blanco
SIN SUB	p238542	Muebles/Otros			6 repisas flotantes Blancas 50x15cm repisas Blancas flotantes
SIN SUB	p238543	Muebles/Otros			Juego 6 Repisas Flotantes con Borde de Seguridad, Estantes Flotantes Blanco
SIN SUB	p238544	Muebles/Otros			QICHEN 2 Repisas Flotantes de Pared Estantes,Flotantes Modernos Minimalistas,Repisas Flotantes,2 Pie
SIN SUB	p238545	Muebles/Otros			mornwell 6 Repisas Flotantes Medidas 30x15cm,Máx 10kg,Montaje en Pared,Estantes Modernos,Decoración 
SIN SUB	p238547	Muebles/Otros			mornwell 3 Repisas Flotantes Medidas 30x15cm,Máx 10kg,Montaje en Pared,Estantes Modernos,Decoración 
SIN SUB	p238548	Muebles/Otros			repisas flotantes,4 Repisas de repisas flotantes marrón 30x15
SIN SUB	p238550	Muebles/Otros			OSLIFE Repisas Flotantes De Pared para Baño, Organizador y Accesorios De Muebles con Cesta De Alambr
SIN SUB	p238551	Muebles/Otros			Haerzon16 Piezas Soporte para Repisas Flotantes
SIN SUB	p238553	Muebles/Otros			Repisas para Baño, Juego de 2 Repisas Flotantes de Pared, Repisas Flotantes
SIN SUB	p238555	Muebles/Otros			Repisas Flotantes de Madera de 50cm x 15cm Set 3 Estantes para Pared Minimalistas Resistentes Modern
SIN SUB	p238557	Muebles/Otros			2 Pcs Escuadras para Repisas, Escuadras para Repisas Reforzadas.
SIN SUB	p238558	Muebles/Otros			Set 6 Unidades Estantes Flotantes (50 * 20 cm), Repisas Flotantes de Pared
SIN SUB	p238559	Muebles/Otros			SA DE CV Repisas de Vidrio Templado, 2 Piezas, Varios Colores, 40x11cm, Grosor 9mm (Transparente)
SIN SUB	p238560	Muebles/Otros			El Camaleón 3 pzas. Repisas flotantes de Pared de Alta Calidad para la decoración hogar, recamara, C
SIN SUB	p238564	Muebles/Otros			Organizador de Baño Set de 5 Piezas, Repisas de Acero Inoxidable 304 con Porta Jabón, Canastilla y G
SIN SUB	p238565	Muebles/Otros			4pcs Soporte para Repisas Flotantes
SIN SUB	p238569	Muebles/Otros			Hermosa Vida Repisas Flotantes Doble Nivel 2 Pcs
SIN SUB	p238570	Muebles/Otros			6 Pcs Estantes Flotantes Acrílico de Pared, Repisas Flotantes de Pared de Acrilico Transparentes, Al
SIN SUB	p238571	Muebles/Otros			Repisas Flotantes de Pared 3 Estantes Minimalistas Baldas Flotantes Moderno
SIN SUB	p238572	Muebles/Otros			4 Repisas De Acrilico, Estantes Flotantes De Pared Sin Clavos,para Mostrar Colecciones y Decoracione
SIN SUB	p238573	Muebles/Otros			Repisas Flotantes, Estantes Flotantes de Pared, 58 * 12 cm (Blanco)
SIN SUB	p238576	Muebles/Otros			6 Estantes Flotantes Acrílico de Pared, Repisas Flotantes de Pared
SIN SUB	p238577	Muebles/Otros			2 Piezas Repisas Flotantes,Estantes Flotantes de Pared, Que Se Pueden Ensamblar Libremente,Repisas F
SIN SUB	p238578	Muebles/Otros			4 Repisas De Acrilico, Repisas Flotantes para Montaje En Pared, 10.2 X 10.2 CM, Organizador para Mon
SIN SUB	p238579	Muebles/Otros			Set Repisas Cristal Templado Negro para Baño Vidrio 60x20 (2 Repisas)
SIN SUB	p238581	Muebles/Otros			LOKOOY Mueble Flotante para TV 70" con Luces LED, Repisas Flotantes para TV
SIN SUB	p238584	Muebles/Otros			2 Repisas Flotantes Elegante Modernas Alto Brillo 40 X 17cm (Gris)
SIN SUB	p238588	Muebles/Otros			Yolispa Repisas Flotantes de Pared para Baño
SIN SUB	p238590	Muebles/Otros			Repisas Flotantes de Pared 60cm de Largo 3 Niveles, Estantes de Pared Industrial para Libro y Decora
SIN SUB	p238591	Muebles/Otros			Fixwal - Juego de 4 repisas flotantes para pared con acabado de madera rústica, con soportes invisib
SIN SUB	p238592	Muebles/Otros			Estantes Flotantes De Acrílico En Forma De U 2 Piezas Repisas Transparentes Montadas En Pared Sin Pe
SIN SUB	p238594	Muebles/Otros			Repisas Hexagonales Flotantes de Madera, Set 3 Grandes (SIN Laca (Pulida))
SIN SUB	p238597	Muebles/Otros			Hogare, Set de 3 Repisas flotantes, Organiza Tus Espacios, Diseño Moderno, Fabricadas en melanina, I
SIN SUB	p238608	Muebles/Otros			Repisas flotantes de Madera montadas en la Pared Organizador exhibición Alto con Bearing Estilo ahor
SIN SUB	p238615	Muebles/Otros			Perfect Space Repisas flotantes de Madera 40x15x2.5 cm, 3 estantes Minimalistas, soporta 10 Kg.
SIN SUB	p238620	Muebles/Otros			Repisas para Baño, Estilo Minimalista Repisas Flotantes de Pared, con toallero, Vidrio Esmerilado, R
SIN SUB	p238625	Muebles/Otros			2RECT060206S Kit 2 Repisas Cristal Templado 60cm x 20cm / 6 milímetros de Espesor/Apto para Baño Coc
SIN SUB	p238630	Muebles/Otros			Lifkome 2 Piezas Estantes Flotantes de Acrílico Transparentes para Pared sin Taladro de Repisas Pequ
SIN SUB	p238631	Muebles/Otros			Repisas Flotantes para Baño, 2 Unidades, Estilo Minimalista, Negro
SIN SUB	p238632	Muebles/Otros			Querube Set 2 Repisas Montessori para Libros 60 cm
SIN SUB	p238634	Muebles/Otros			NCONCO Repisas Flotantes de Pared para Baño con Barra de Toalla
SIN SUB	p238641	Muebles/Otros			Repisas de Interior (Negro, 115x25x10 cm)
SIN SUB	p238648	Muebles/Otros			Set 3 Repisas Flotantes de Madera Natural para Pared
SIN SUB	p238649	Muebles/Otros			TOYANDONA Estantes Flotantes Acrílicos Transparentes 20X15 CM Organizador de Baño sin Perforaciones 
SIN SUB	p238651	Muebles/Otros			Genérico Repisas África – Mueble de Pared en melamina Color parota con Diseño Zigzag – Estilo Modern
SIN SUB	p238654	Muebles/Otros			Estantes Flotantes De Madera, Paquete De 4, Estantes Pequeños Colgantes De Pared, Juego De Estantes 
SIN SUB	p238658	Muebles/Otros			L Set 3 Repisas Flotantes MInimalistas Estantes Empotrados Anclaje Oculto Negro Blanco Chocolate (Ch
SIN SUB	p238659	Muebles/Otros			Furniture 23 Cm Mueble Repisas Flotantes Pared
SIN SUB	p238660	Muebles/Otros			Argento | Trip Set de 3 Estantes Flotantes de esquina | Repisas Minimalistas esquineras| almacenamie
SIN SUB	p238661	Muebles/Otros			Hogare Mueble Alacena Despensero Organizador Multiusos Melamina de Alta Resistencia, con Puerta, Est
SIN SUB	p238662	Muebles/Otros			Repisas Flotantes de Pared de madera solida Kit de 3 Repisas de 50x20 (4cm Grosor mas kit de 2 de Su
SIN SUB	p238663	Muebles/Otros			Set de 5 Estantes de Esquina en Forma de L, Repisas para Pared en Esquina de Madera para Almacenamie
SIN SUB	p238664	Muebles/Otros			Querube Set 2 Repisas De Ondas para Cuentos niños Montessori (Rosa)
SIN SUB	p238667	Muebles/Otros			Escuadras para Repisas 10pcs de Pared
SIN SUB	p238669	Muebles/Otros			Set de 4 repisas flotantes de Pared | Ideal para Cualquier Ambiente de tu hogar | con diseño Minimal
SIN SUB	p238677	Muebles/Otros			Genérico Argento Muebles | Set 2 Estantes Flotantes de Pared | Repisas para Marcos, Fotos, Libros, V
SIN SUB	p238707	Muebles/Otros			Cajoneras, Comodas para Recamara con Estación de Carga y luces LED(Blanco)
SIN SUB	p238813	Muebles/Otros			4 Percheros para Pantalones Compactos con 5 Niveles Antideslizantes,Una Percha Versátil Y Plegable I
SIN SUB	p238844	Muebles/Otros			Comodas y Cajoneras con Puerta de Malla con 10 Cajones de Tela (Marron)
SIN SUB	p239677	Muebles/Otros			Organizadores y Accesorios para Escritorios, Bandejas para Papel 4 Niveles, 2 Portabol?grafos Colgan
SIN SUB	p239725	Muebles/Otros			Organizadores y accesorios para escritorios, bandejas para papel 4 niveles, 2 portabolígrafos colgan
SIN SUB	p239741	Audífonos/None			KDD 7 en 1 Tablero de Clavijas de Escritorio con Abrazaderas - Almacenamiento Lateral de Escritorio 
SIN SUB	p240109	Muebles/Otros			Escritorios de Oficina Blanco, con 5 Cajones de 4 Niveles
SIN SUB	p240186	Teclados/None			4Tune Escritorio para Oficina Techni Mobili | Con 3 Puertos USB | Gaveta para Archivo, Panel para Im
SIN SUB	p240209	Audífonos/None			Casaottima - computadora de computadora de 63 Pulgadas para Oficina en casa, Mesa de Estudio para Es
SIN SUB	p240326	Muebles/Otros			Claiks - computadora de pie de Vidrio, 48 x 24 Pulgadas, Color Blanco, Altura Ajustable, de pie, ins
SIN SUB	p240472	Muebles/Otros			Escritorios de Madera Maciza Nogal con cajones, 120cm
SIN SUB	p240705	Audífonos/None			FiiO K15 DAC de escritorio y amplificador de audífonos (Negro)
SIN SUB	p240981	Muebles/Otros			Escritorios Estilo Rústico Francés 47 Pulgadas, Escritorios Blancos Madera Maciza, Respetuosos con S
SIN SUB	p242322	Muebles/Otros			MIREL Bancos para Bar y Barra de Cocina con Respaldo y Reposapies de Altura Ajustable - Taburetes de
SIN SUB	p242349	Muebles/Otros			VASAGLE Juego de 2 Taburetes de Bar, Respaldo de Malla
SIN SUB	p243346	Muebles/Otros			Juego de 2 sillones Modernos de Piel sintética, Color café Retro
SIN SUB	p243418	Muebles/Otros			DUOMAY - Juego de 2 sillones Modernos de Piel sintética, Color café
SIN SUB	p243469	Muebles/Otros			Moderno Juego de 4 Taburetes de Bar Giratorios
SIN SUB	p243563	Muebles/Otros			Juego de 4 taburetes de bar de 66 cm, altura de mostrador de granja, taburetes de bar de lino tapiza
SIN SUB	p244397	Muebles/Otros			VIOPY Impermeable Cubre Sillones 2 plazas,（145-178CM）Resistente a arañazos, lavable a máquina，Tela E
SIN SUB	p244408	Muebles/Otros			Forros para sillones de sala (Blue,Backrest or Armrest/70*70cm/27.5"*27.5")
SIN SUB	p244415	Muebles/Otros			Forros para sillones de sala (Gray,Backrest or Armrest/70*70cm/27.5*27.5in)
SIN SUB	p244426	Muebles/Otros			Forros para sillones de sala (Gray,Backrest or Armrest/70*70cm/27.5"*27.5")
SIN SUB	p244444	Muebles/Otros			Genérico Forros para sillones de Sala (Blanco,70 * 70cm27.5"*27.5")
SIN SUB	p244473	Muebles/Otros			VIOPY Impermeable Cubre Sillones Individual(80-120CM),Resistente a arañazos, Lavable a máquina，Tela 
SIN SUB	p244489	Muebles/Otros			Genérico Forros para sillones de Sala (Khaki,70 * 150cm)
SIN SUB	p244497	Muebles/Otros			Genérico Forros para sillones de Sala (Brown,70 * 120cm/27.5"*47.2")
SIN SUB	p244498	Muebles/Otros			Cubre Sillones de 2 Plazas Gris Oscuro
SIN SUB	p244506	Muebles/Otros			Genérico Forros para sillones de Sala (Blanco,70 * 150cm27.5 * 59")
SIN SUB	p244562	Muebles/Otros			Genérico Forros para sillones de Sala, Light White, 70 * 180cm/27.5"*70"
SIN SUB	p244603	Muebles/Otros			Forros para sillones de sala (Light Gray,3 seats, 90*210cm / 36"*83")
SIN SUB	p244656	Muebles/Otros			Genérico Forros para sillones de Sala (Khaki,3 Seats, 90 * 210cm)
SIN SUB	p244939	Muebles/Otros			VASAGLE Juego de 2 Taburetes de Bar, 63 cm de Alto, Fácil Montaje | Bancos de Cocina, Taburetes de D
SIN SUB	p244940	Muebles/Otros			VASAGLE Juego de 2 Taburetes de Bar, 76.2 cm de Alto, Fácil Montaje | Bancos de Cocina, Taburetes de
SIN SUB	p244942	Muebles/Otros			VASAGLE Juego de 2 Taburetes de Bar, 63 cm de Alto, Fácil Montaje | Bancos de Cocina, Taburetes de D
SIN SUB	p246020	Muebles/Otros			Pintador Sin Aire Ligero de Cintura de 2,8KG, Pintador Sin Aire Inalámbrico con Batería, de Rociado 
SIN SUB	p246028	Muebles/Otros			Plataforma de escenario portátil, escenario modular plegable, unidad modular para elevador de baterí
SIN SUB	p246063	Autos, bicicletas y motos/None			Focal ES 165 KX3E K2 EVO Kit de altavoces de componentes de 3 vías
SIN SUB	p246065	Autos, bicicletas y motos/None			Alpine - Juego de 2 pares de altavoces de componentes de alta resolución HDZ-65C Status Series de 6.
SIN SUB	p246068	Autos, bicicletas y motos/None			JBL Professional AWC159-BK - Altavoz coaxial Compacto para Todo Tipo de Clima de 2 vías con 15 Pulga
SIN SUB	p246070	Autos, bicicletas y motos/None			Focal KIT 165WRC 6-1/2" Component Speaker System
SIN SUB	p246076	Autos, bicicletas y motos/None			HERTZ HTX 8 M-CL-TW.2-8 pulgadas. Altavoz de torre coaxial, color blanco total, incluye abrazadera (
SIN SUB	p246377	Autos, bicicletas y motos/None			Alpine - Juego de 2 pares de altavoces de componentes delgados de alta resolución HDZ-65CS Status Se
SIN SUB	p246386	Autos, bicicletas y motos/None			Alpine ILX-F511 Halo11 Receptor de visualización táctil multimedia de 11 pulgadas y un par Alpine SX
SIN SUB	p246387	Autos, bicicletas y motos/None			Alpine ILX-F511 Halo11 Receptor de visualización táctil multimedia de 11 pulgadas con 2 pares Alpine
SIN SUB	p246388	Autos, bicicletas y motos/None			Hertz HSP2 Plug and Play Kit de 4 altavoces para paquete turístico de fábrica, incluye : Altavoces c
SIN SUB	p246453	Autos, bicicletas y motos/None			El kit de altavoces frontales Hertz HSP1 Plug and Play incluye: altavoces coaxiales SP4.900 amp SX 1
SIN SUB	p246455	Muebles/Otros			Frigrobar modelo RSR 10520 GBK Cristal Negro 4 pies (113 litros) con puerta reversible y repisas de 
SIN SUB	p246702	Muebles/Otros			Almohadillas de Repuesto para Auriculares Anker Life Q20 Q20 BT, Almohadillas de Cuero Proteico para
SIN SUB	p246716	Autos, bicicletas y motos/None			Fuente de alimentación DC regulable para prueba cargador batería motor
SIN SUB	p246730	Autos, bicicletas y motos/None			APUM Paneles solares monocristalinos, módulo Flexible de Alta eficiencia de 600 W, Cargador de energ
SIN SUB	p246803	Audífonos/None			Monitor para reposacabezas de Coche de 13,3 Pulgadas, Tableta táctil de 4+64 GB, Reproductor Multime
SIN SUB	p246818	Audífonos/None			Monitor para reposacabezas de Coche de 13,3 Pulgadas, Tableta táctil de 4+64 GB, Reproductor Multime
SIN SUB	p246826	Audífonos/None			Monitor para reposacabezas de Coche de 13,3 Pulgadas, Tableta táctil de 4+64 GB, Reproductor Multime
SIN SUB	p246827	Audífonos/None			Monitor para reposacabezas de Coche de 11,6/13,3 Pulgadas con resolución 4K y procesador de 8 núcleo
SIN SUB	p246830	Audífonos/None			Monitor de reposacabezas para TV de automóvil de 13,3 pulgadas, tableta táctil de 4 + 64 GB, reprodu
SIN SUB	p246832	Audífonos/None			Monitor de reposacabezas para TV de automóvil de 13,3 pulgadas, tableta táctil de 4 + 64 GB, reprodu
SIN SUB	p246899	Audífonos/None			Monitor para reposacabezas de Coche de 11,6/13,3 Pulgadas con resolución 4K y procesador de 8 núcleo
SIN SUB	p246900	Audífonos/None			Monitor para reposacabezas de Coche de 13,3 Pulgadas, Tableta táctil de 4+64 GB, Reproductor Multime
SIN SUB	p246909	Audífonos/None			Monitor de reposacabezas para TV de automóvil de 13,3 pulgadas, tableta táctil de 4+64 GB, reproduct
SIN SUB	p246922	Audífonos/None			Monitor de reposacabezas para TV de automóvil de 13,3 pulgadas, tableta táctil de 4 + 64 GB, reprodu
SIN SUB	p246923	Audífonos/None			Monitor de reposacabezas para TV de automóvil de 13,3 pulgadas, tableta táctil de 4+64 GB, reproduct
SIN SUB	p246934	Audífonos/None			Monitor para reposacabezas de Coche de 11,6/13,3 Pulgadas con resolución 4K y procesador de 8 núcleo
SIN SUB	p247310	Herramientas/None			Vivicreate Multiherramienta 28 en 1 para Electricista
SIN SUB	p247322	Herramientas/None			CRAFTSMAN V20 Kit combinado de herramientas eléctricas, juego de herramientas eléctricas inalámbrica
SIN SUB	p247348	Herramientas/None			Kit Herramientas Electricas Inalambricas
SIN SUB	p247354	Herramientas/None			CRAFTSMAN - Atornillador sin cable de 4 V con cargador y puntas de atornillar incluidas (CMHT6650C)
SIN SUB	p247359	Herramientas/None			MLMLH Juego de Herramientas Rotativas, 8000-18000 Rpm, 5 Velocidad Variable
SIN SUB	p247361	Herramientas/None			Kit Herramientas Electricas Inalambricas
SIN SUB	p247362	Autos, bicicletas y motos/None			para Ryobi 18v JUMP STARTER, para arrancar automóviles, camiones, tractores (la batería NO está incl
SIN SUB	p247401	Herramientas/None			Clavadora Inalámbrica para Muebles con 100 Clavos de Código N y 100 Clavos Rectos, 21V Clavadora Elé
SIN SUB	p247421	Herramientas/None			Power Tool Set Azul 21V 4 Piezas Herramientas Elctricas
SIN SUB	p247427	Herramientas/None			Kit de Accesorios para Herramientas Rotativas de 145 Piezas - Accesorios de Rectificado Eléctrico pa
SIN SUB	p247437	Herramientas/None			CRAFTSMAN V20 Kit combinado de herramientas eléctricas inalámbricas de 4 herramientas con 2 baterías
SIN SUB	p247461	Herramientas/None			Truper CHP-1925R, Caja para herramientas 19"x25" 3 en 1 desmontable con ruedas grandes de uso rudo
SIN SUB	p247470	Herramientas/None			LUTEMA Kit de Accesorios de Herramientas Rotativas Juegos Surtidos (130 Piezas) 713-01
SIN SUB	p247476	Herramientas/None			WEN 230321A - Juego de accesorios para herramientas giratorias (320 piezas)
SIN SUB	p247478	Herramientas/None			RYOBI - Juego de herramientas eléctricas inalámbricas combinadas de iones de litio P884 One+ (6 herr
SIN SUB	p247479	Herramientas/None			Makita DTD156Z 18V Li-ion LXT Impact Driver - Batteries and Charger Not Included
SIN SUB	p247487	Herramientas/None			Hilitand Bolígrafo de Grabado Eléctrico, Juego de Herramientas de Tallado de Alta Velocidad para Pul
SIN SUB	p247492	Herramientas/None			Lutema 729-01 Kit de Accesorios para Herramientas Giratorias
SIN SUB	p247851	Muebles/Otros			Balacoo 6piezas Bandas Absorbentes para Cascos De Seguridad De Material De Toalla Cómodas y Reutiliz
SIN SUB	p247916	Herramientas/None			FUNYSUMMER FS PARATODOS Juego de Herramientas 238 Piezas
SIN SUB	p247921	Herramientas/None			Pretul SET Juego de herramientas para mecánica, 83 piezas
SIN SUB	p247923	Herramientas/None			Amazon Basics - Juego general de herramientas manuales para reparación del hogar y para mecánicos (6
SIN SUB	p247924	Herramientas/None			Kroner Juego de Herramientas 114 Piezas Cromo-Vanadio con Maletín
SIN SUB	p247925	Herramientas/None			Amazon Basics - Juego de herramientas manuales para reparación general del hogar y mecánico de 131 p
SIN SUB	p247926	Herramientas/None			Pretul SET-39, Set de herramientas para mecánica, 39 piezas
SIN SUB	p247928	Herramientas/None			Juego de Herramientas de 141 Piezas para Reparaciones Diarias
SIN SUB	p247929	Herramientas/None			Cat Juego de 3 piezas 12 en 1 multiherramienta, cuchillo y llavero multiherramienta, 240192, amarill
SIN SUB	p247930	Herramientas/None			Amazon Basics - Juego de herramientas manuales de 173 piezas para reparación de hogar general con es
SIN SUB	p247933	Herramientas/None			Pretul Set de Herramientas SET-133 133 Piezas
SIN SUB	p247934	Herramientas/None			CRAFTSMAN - Juego de herramientas mecánicas de 9.5 mm, 61 piezas (CMMT45161)
SIN SUB	p247937	Herramientas/None			Ruistli Herramientas 14 en 1 para Llaves
SIN SUB	p247938	Herramientas/None			Juego de herramientas para remaches de acero al carbono，M3-M12
SIN SUB	p247940	Herramientas/None			Kroner Juego de Herramientas 108 Piezas Cromo-Vanadio con Maletín
SIN SUB	p247941	Herramientas/None			CRAFTSMAN Versastack CMMT45171 - Juego de herramientas mecánicas de 0.64 y 0.95 cm, 71 piezas
SIN SUB	p247942	Herramientas/None			Amazon Basics Juego de llaves hexagonales de varios tamaños para tareas ligeras de bricolaje en el h
SIN SUB	p247943	Herramientas/None			KADIGO Juego de Herramientas Manuales y Caja 46 Piezas
SIN SUB	p247944	Herramientas/None			CRAFTSMAN - Juego de herramientas mecánicas, 83 piezas de herramientas manuales y zócalos SAE/métric
SIN SUB	p247946	Herramientas/None			Herramientas para Tallar Madera
SIN SUB	p247950	Herramientas/None			TEENO Juego Completo de Herramientas Manuales 191 Piezas, Maleta Trolley Resistente con Ruedas, Herr
SIN SUB	p247951	Herramientas/None			Doxasik Navaja Multiherramienta Alicates Multiusos
SIN SUB	p247952	Herramientas/None			2kit(92PCS) Herramientas Mecanicas Manuales Juego de Herramientas
SIN SUB	p247953	Herramientas/None			Herramientas de Precisión para Manualidades, Herramientas de Manualidades, Herramientas de Desmaleza
SIN SUB	p247955	Herramientas/None			Amazon Basics - Juego de 65 herramientas de reparación básicas para el hogar con bolsa
SIN SUB	p247957	Herramientas/None			Multiherramienta 24 en 1, Herramientas Multifuncional
SIN SUB	p247958	Herramientas/None			Juego de Herramientas Cartman de 148 Piezas, Herramientas Resistentes Anticorrosivas con Estuche de 
SIN SUB	p247959	Herramientas/None			CRAFTSMAN Juego de herramientas para mecánicos, milimétrica, con entrada de 1/4 de pulgada 11 piezas
SIN SUB	p247962	Herramientas/None			CARTMAN Juego de herramientas de mano para el hogar de 218 piezas con estuche de almacenamiento de p
SIN SUB	p247964	Herramientas/None			herramientas,ratchet wrench set, 8 Pcs para Mantenimiento de Tubos
SIN SUB	p247966	Herramientas/None			Kit Herramientas Hogar 24 Piezas, Juego Manual con Caja de Almacenamiento
SIN SUB	p247967	Herramientas/None			Amazon Basics - Juego de 201 piezas para herramientas con funda, SAE/métrico
SIN SUB	p247973	Herramientas/None			Kroner Juego de Herramientas 283 Piezas Cromo-Vanadio con Maletín
SIN SUB	p247976	Herramientas/None			Amazon Basics Juego de herramientas con bolsa fácil de llevar, 104 piezas, turquesa, 36.5 x 29 x 7.6
SIN SUB	p247977	Herramientas/None			Kroner Juego de Herramientas 300 Piezas con Maletín de Aluminio
SIN SUB	p247979	Herramientas/None			Juego de 6 Alicates para Joyas, Herramientas para Manualidades
SIN SUB	p247981	Herramientas/None			DEWALT Juego de herramientas mecánicas 84 piezas DWMT81531
SIN SUB	p247982	Herramientas/None			JUEGO DE HERRAMIENTAS MANUALES 76 PIEZAS Makita E-10899
SIN SUB	p247983	Herramientas/None			Amazon Basics - Juego de herramientas mecánicas y enchufes de 145 piezas con caja de almacenamiento,
SIN SUB	p247985	Herramientas/None			CARTMAN - Juego de herramientas para el hogar 39- piezas herramientas esenciales para el hogar con e
SIN SUB	p247987	Herramientas/None			GEARWRENCH - Juego de herramientas manuales mecánicas de 0.5 pulgadas Dr 12 Pt SAE/mm | GWXSCBMTS12
SIN SUB	p247988	Herramientas/None			DeWalt DWMT73809 set de llaves de combinación SAE, caja dura de herramientas, 8 piezas, DWMT73810, J
SIN SUB	p247991	Herramientas/None			Pretul SET-MA8, Set de Herramientas 8 Piezas
SIN SUB	p247992	Herramientas/None			Nivofu Tools S 145 Mm Herramientas Desbarbado Metal, Raspador
SIN SUB	p247993	Herramientas/None			GEARWRENCH 34 piezas 72 dientes 1/4 pulgadas Drive Mechanics - Juego de herramientas manuales con zó
SIN SUB	p247995	Herramientas/None			RYOBI Hobby Juego de herramientas manuales, RHTK101
SIN SUB	p247997	Herramientas/None			HuLuHouse Juego 8 Alicates Joyería Bisutería Herramientas Mini Manualidades
SIN SUB	p247998	Herramientas/None			Juego de herramientas manuales de reparación para el hogar, 248
SIN SUB	p247999	Herramientas/None			CRAFTSMAN - Juego de herramientas mecánicas, 24 piezas, 3/8 pulgadas (CMMT12112)
SIN SUB	p248001	Herramientas/None			Juego de Trinquete de Cabeza Flexible, 1/4", 3/8", 1/2" Accionamiento Trinquete Flexible con Mango R
SIN SUB	p248002	Herramientas/None			Juego de herramientas manuales de reparación general 39 piezas originales
SIN SUB	p248003	Herramientas/None			108pcs Doméstica Ferretería Básicas Herramientas Kits, Aleación Acero
SIN SUB	p248007	Herramientas/None			Juego de Herramientas 258 Multiusos
SIN SUB	p248014	Herramientas/None			Bosch Home and Garden - Juego de Herramientas de Mano (52 Piezas) Bosch (Juego de Herramientas de Gr
SIN SUB	p248023	Herramientas/None			WORKPRO W000846A - Juego de 9 púas de precisión con raspador, herramientas manuales automotrices y e
SIN SUB	p248025	Herramientas/None			CARTMAN - Juego de herramientas para el hogar, 39 piezas, kit de mano
SIN SUB	p248027	Herramientas/None			KLEIN TOOLS 92919S | Juego De Herramientas Solares | Kit Completo
SIN SUB	p248028	Herramientas/None			FUNYSUMMER FS PARATODOS Juego de Herramientas 238 Piezas
SIN SUB	p248033	Herramientas/None			STANLEY Juego de Herramientas mecánicas, encastre 1/4", 3/8" y 1/2", Acero Cromado, Incluye Estuche 
SIN SUB	p248035	Herramientas/None			Herramientas de Tallado de Madera
SIN SUB	p248041	Herramientas/None			Juego de llaves hexagonales DEWALT OEM 72-592D, Set de herramientas DWMT72163 DWMT72164 DWMT72165
SIN SUB	p248043	Herramientas/None			Yunseity 10-24, 6-32, 8-32 Mandriles para Herramientas de Tuercas de Remache Juego de Mandriles para
SIN SUB	p248044	Herramientas/None			Yosoo Health Gear Kit Herramientas Desmalezado Manualidades 5 Piezas, Tijer
SIN SUB	p248045	Herramientas/None			Cartman - Juego de Herramientas de Mano para el Hogar 152-piezas
SIN SUB	p248046	Herramientas/None			DEWALT - Juego de herramientas mecánicas de 142 piezas, 1/4 pulgadas y 3/8 pulgadas, SAE y métrico (
SIN SUB	p248050	Herramientas/None			Juego de Herramientas Manualidades Desmalezamiento Succionado Vinilo 11 Piezas kit Básico para Desma
SIN SUB	p248052	Herramientas/None			Kit de Joyer?a, Herramientas de Bricolaje Herramientas de Bricolaje de 4.5
SIN SUB	p248057	Herramientas/None			Juego de 10 alicates profesionales para hacer joyas, herramientas para manualidades
SIN SUB	p248067	Herramientas/None			Juego de ganchos y púas de precisión para automóviles | Herramientas manuales de 4 piezas
SIN SUB	p248116	Muebles/Otros			Estacas de Riego para Plantas, Globo de Riego de Vidrio, Picos de Autorriego para Césped, Escritorio
SIN SUB	p248175	Herramientas/None			LiebeWH Juego de 40 Herramientas para Caja Interruptores
SIN SUB	p248182	Herramientas/None			VEVOR - Elevador eléctrico, capacidad de elevación de 420 libras, cabrestante eléctrico de acero de 
SIN SUB	p248204	Herramientas/None			Bolígrafo de Grabado Eléctrico, Juego de Herramientas de Tallado de Alta Velocidad para Pulir, Graba
SIN SUB	p248328	Herramientas/None			MFG PRVHDNL75 Válvula de alivio de presión de latón resistente sin plomo, 75 PSI, grado contratista,
SIN SUB	p248360	Herramientas/None			Klein Tools 93547SQVP - Kit cuadrado de molduras y vigas, 2 piezas, 4-1/2 y 7 pulgadas, juego cuadra
SIN SUB	p248766	Herramientas/None			Compresor Aire Portátil, 150PSI, 4000mAh con Luz LED e Inflador Recargable
SIN SUB	p248809	Herramientas/None			Estante Organizador de Plástico, Estantería de Almacenamiento para Cocina, Baño y Hogar con Diseño V
SIN SUB	p248811	Muebles/Otros			Juego de 10 Organizadores para Cajones,Separadores Plegables para Armarios para Organizar Ropa Inter
SIN SUB	p248813	Muebles/Otros			Lifewit Organizador de Ropa para Clósets, Caja Organizadora Plegables de Tela, Cubos de Almacenamien
SIN SUB	p248826	Herramientas/None			Tucorresi Divisores de Estante:8 Piezas Divisores de Estante Ajustables Separadores de Plástico ABS 
SIN SUB	p248845	Muebles/Otros			SONGMICS Organizador de Cocina de Bambú y MDF, Especiero, Repisas, 41.0 x 18.6 x 41.0 cm, para Baño,
SIN SUB	p248846	Muebles/Otros			Juego de 10 Organizadores para Cajones,Separadores Plegables para Armarios para Organizar Ropa Inter
SIN SUB	p248848	Muebles/Otros			YOMYM 4 PCS Organizador de Ropa,Cajas Organizadoras para Clósets Apilables,Organizador de Cajones pa
SIN SUB	p248852	Muebles/Otros			IKEA Bandeja para cubiertos, gris, inserto para cajón. 31 x 26 cm. Los accesorios inteligentes en el
SIN SUB	p248858	Herramientas/None			Lifewit Organizador Utensilios Extensible, de 2 a 3 Compartimentos, Bandeja Cubiertos de Bambú, Sepa
SIN SUB	p248859	Muebles/Otros			4PCS Transparencia Organizador de Ropa,añadir Marco de Acero Cajas Organizadoras Para Clósets，Se Pue
SIN SUB	p248860	Muebles/Otros			Caja de Almacenamiento de Cosméticos con Cajones 24×18×46.5cm 3 Niveles con puerta transparente,Orga
SIN SUB	p248876	Herramientas/None			Lifewit Organizador Menaje de Cocina, Bandeja Cubiertos Extensible Cajon, Soporte Utensilios para En
SIN SUB	p248877	Muebles/Otros			4PCS Organizador de Bolsas para Dama, Acrílicos Repisas Organizador de Bolsas, con 16 Separadores, T
SIN SUB	p248880	Muebles/Otros			Lifewit Organizador de Ropa, Cajas Organizadoras para Clósets, Bolsas de Almacenamiento, Guardar Cob
SIN SUB	p248881	Muebles/Otros			Lifewit Organizador de Ropa, Cajas Organizadoras para Clósets, Bolsas de Almacenamiento, Guardar Cob
SIN SUB	p249094	Herramientas/None			Base de inclinación para RT0700C DRT50 3709 370, base de aleación de aluminio de 65 mm con ajuste de
SIN SUB	p249098	Herramientas/None			2 pares de cepillos de carbono de 12 x 8 x 5 mm para amoladora angular, compatibles con herramientas
SIN SUB	p249103	Herramientas/None			Calcetines de cable de metal antideslizantes para cables de conducto, herramientas eléctricas para t
SIN SUB	p249121	Herramientas/None			4 pares de cepillos de carbono de 12 x 8 x 5 mm para amoladora angular, para herramientas eléctricas
SIN SUB	p249125	Herramientas/None			Amoladoras Angulares Accesorios para Amoladora Angular Kit de Adaptador de Amoladora Angular Máquina
SIN SUB	p249130	Herramientas/None			Tuerca de Bloqueo y Liberación Rápida para Amoladora, 5/8-11, Acero de Aleación, 45mm, 2 Piezas, Acc
SIN SUB	p249154	Herramientas/None			Oumefar Kit Adaptador de Amoladora Angular, Máquina Ranuradora Ranuradora de Aleación de Aluminio Du
SIN SUB	p249160	Herramientas/None			OSALADI Escobillas De Motor De Carbono 20 Piezas Escobillas De Carbón Para Motor Eléctrico Piezas De
SIN SUB	p249177	Herramientas/None			Kit de accesorios para herramientas rotativas, kit de perforación de pulido eléctrico de 1/8 pulgada
SIN SUB	p249181	Herramientas/None			Dremel - Piezas de repuesto para herramientas giratorias 395 compatibles con piezas de herramientas 
SIN SUB	p249182	Herramientas/None			Pluma de micrograbado eléctrica, mini máquina grabadora Cordl, herramientas de tallado de bricolaje,
SIN SUB	p249184	Herramientas/None			Juego de accesorios de amoladora angular modificada para ranuradora Juego amoladora angular Juego de
SIN SUB	p249192	Herramientas/None			Amoladora angular de fresa giratoria de esfera | amoladora esférica de potencia 10 mm / 14 mm, acces
SIN SUB	p249199	Herramientas/None			Amoladoras Angulares, Kit de Adaptador de Amoladora Angular Máquina Ranuradora Ranuradora Variable C
SIN SUB	p249200	Herramientas/None			Conjunto de Accesorios para Herramientas, 99 Piezas
SIN SUB	p249210	Herramientas/None			Juego de tallado de piedra, rebabas de diamante, herramientas giratorias, accesorios de molienda con
SIN SUB	p249212	Herramientas/None			Escobillas de carbón Milwaukee para HD18PD HD18DD HD18HIW Impact M18 Mw1 Kit - 18V, 27W, 1.5A - Negr
SIN SUB	p249216	Herramientas/None			Pretul CAU-60P2, Cautín tipo lápiz de 60 watts sin accesorios, Pretul
SIN SUB	p249249	Herramientas/None			Hilitand Bolígrafo de Grabado Eléctrico, Juego de Herramientas de Tallado de Alta Velocidad para Pul
SIN SUB	p249254	Herramientas/None			Juego de accesorios WEN 230151A de herramientas rotatorias de 150 piezas con estuche de transporte.
SIN SUB	p249255	Herramientas/None			Stalwart - Juego de herramientas 75-HT2007 de 7 piezas, color rosa, para el hogar
SIN SUB	p249259	Herramientas/None			Bolígrafo de Grabado Eléctrico, Juego de Herramientas de Tallado de Alta Velocidad para Pulir, Graba
SIN SUB	p249394	Herramientas/None			Compresor Aire Portátil, 150PSI, 4000mAh con Luz LED e Inflador Recargable
SIN SUB	p249461	Autos, bicicletas y motos/None			Turtle Wax Removedor y Reparador de Rayones para Automóviles
SIN SUB	p249523	Videojuegos/None			Bicicleta Plegable para Niños R16, con Desmontable Ruedas de Entrenamiento con LED Luces, Adjustable
SIN SUB	p249536	Videojuegos/None			Bicicleta para Niños de 4 a 8 Años R16, con Asiento Ajustable y Freno de Mano, Ruedas de Entrenamien
SIN SUB	p249568	Videojuegos/None			Bicicleta para Niños R16, con Desmontable Ruedas de Entrenamiento con Luces, Adjustable Seat Handbra
SIN SUB	p249604	Herramientas/None			TOCOZOC Foot Pump 6 en 1, Bomba de Acero Inoxidable para Bicicleta con Manómetro, con 2 Juegos Aguja
SIN SUB	p249653	Videojuegos/None			Bicicleta Plegable para Niños R16, con Desmontable Ruedas de Entrenamiento, Adjustable Seat Handbrak
SIN SUB	p249671	Herramientas/None			Pata De Cabra para Bicicleta, 2 Piezas con Herramientas,Adecuado para Ruedas De 22-28 Pulgadas, Esta
SIN SUB	p249732	Autos, bicicletas y motos/None			PUBAMALL Cubierta Impermeable para Motocicletas, protección contra el Polvo, escombros, Lluvia y Cli
SIN SUB	p249746	Autos, bicicletas y motos/None			Texa Navigator TXT MULTIHUB 2 | Escáner Profesional Multimarca para Autos, Camiones, Maquinaria y Mo
SIN SUB	p249769	Herramientas/None			Tefola Bolsa de Herramientas para Motocicleta Universal, Ajuste Sin Perforación Mochila para moto, A
SIN SUB	p249770	Autos, bicicletas y motos/None			PUBAMALL Cubierta Impermeable para Motocicletas, protección contra el Polvo, escombros, Lluvia y Cli
SIN SUB	p249808	Autos, bicicletas y motos/None			Cubierta Impermeable para Motocicletas, Resistente al Agua y al Polvo, Sol
SIN SUB	p249860	Autos, bicicletas y motos/None			Yosoo Health Gear - Bomba de freno trasera, cilindro maestro de freno trasero, cilindro maestro tras
SIN SUB	p249880	Herramientas/None			CruzTools RoadTech B2 RTB2, Multiherramienta para Motocicletas BMW 2019+, Gris
SIN SUB	p249886	Herramientas/None			Bolsas de motocicleta clásico para motocicleta, bolsa de herramientas impermeable, bolsa de mensajer
SIN SUB	p249891	Herramientas/None			Bolsa de Herramientas para Motocicleta de Cuero PU Impermeable de Gran Capacidad 16L, Bolsa de Equip
SIN SUB	p249931	Herramientas/None			Alforja de motocicleta Retro impermeable bolsa de almacenamiento de herramientas lateral grande negr
SIN SUB	p249946	Autos, bicicletas y motos/None			Gazechimp Motocicletas Gafas Vintage - Gafas Antirrayas Gafas de Terre De Motos para Cascos De Media
SIN SUB	p249949	Autos, bicicletas y motos/None			Top 10x10 Motocicletas: Las 100 Motos Más Representativas de la Historia
SIN SUB	p250451	Autos, bicicletas y motos/None			Craftsman Cargador y Mantenedor de Batería 3 en 1, 1.5A, 6V/12V, para Automóviles, SUV, Camiones y B
SIN SUB	p250486	Autos, bicicletas y motos/None			NOCO BT27S Charola de baterías de Grupo para baterías de vehículos Marinos y vehículos recreativos, 
SIN SUB	p250523	Autos, bicicletas y motos/None			Camco Caja de Batería Doble para Vehículos Recreativos, Polímero Resistente a la Corrosión, 55375
SIN SUB	p250532	Autos, bicicletas y motos/None			PRV AUDIO 5MR450-NDY-4, Altavoz de Rango Medio de 5 Pulgadas, imán de neodimio de Gama Alta, 4 ohmio
SIN SUB	p250564	Autos, bicicletas y motos/None			Cerwin-Vega V465C 6.5-Inch 400 Watts Max/100Watts RMS Power Handling 2-Way Component Speaker Set
SIN SUB	p250583	Autos, bicicletas y motos/None			NVX NSP65KIT 600W Peak (200W RMS) 6.5" Serie N Sistema de altavoces de componentes de 2 vías con twe
SIN SUB	p250602	Autos, bicicletas y motos/None			Infinity REF507CF - Altavoces de componentes automotrices de Alto Rendimiento de 5.25 Pulgadas
SIN SUB	p250603	Autos, bicicletas y motos/None			Rockford Fosgate Punch Altavoces componentes
SIN SUB	p250604	Autos, bicicletas y motos/None			ALPINE EL-E65-G Altavoces coaxiales y componentes EL-E65C-G de 6.5 pulgadas con paquete de rejilla
SIN SUB	p250605	Autos, bicicletas y motos/None			HERTZ Cento Series CK-165L Kit de altavoces de componentes bidireccionales de 6.5 pulgadas con Woofe
SIN SUB	p250606	Autos, bicicletas y motos/None			Metra Electronics Vibe Liteair Series 5 - Altavoz de componentes Poco Profundos de 90 W
SIN SUB	p250607	Autos, bicicletas y motos/None			Kicker 46CSS674 Car Audio 6 3/4" Component Full Range Stereo Speakers Set CSS67
SIN SUB	p250609	Autos, bicicletas y motos/None			Hertz DT24.3 Dieci Component Tweeter
SIN SUB	p250612	Autos, bicicletas y motos/None			MB Quart - Kit de actualización de altavoces de componentes de 3 vías para Ford Bronco 21-24, paquet
SIN SUB	p250614	Autos, bicicletas y motos/None			JVC CS-DR1700C 360W Peak (55W RMS) 6.75a 2-Way Factory Upgrade Component Speakers (Does Not Include 
SIN SUB	p250615	Autos, bicicletas y motos/None			Morel Virtus Nano MM2 - Altavoces finos de componentes de rango medio
SIN SUB	p250616	Autos, bicicletas y motos/None			Alpine S2-S80C - Juego de altavoces componentes de próxima generación de serie S de 8 pulgadas
SIN SUB	p250620	Autos, bicicletas y motos/None			AGAKULL Inside IS VW 180 7" 60W RMS Component Speaker System for Select Volkswagen Vehicles
SIN SUB	p250623	Autos, bicicletas y motos/None			Hertz MP 25.3 120W Max 4-Ohm 1" Car Audio Component Tweeters
SIN SUB	p250626	Autos, bicicletas y motos/None			Kicker 51KSS6904: Sistema de Altavoces Componentes, 2 Vías, 2 Woofers de 6x9 Pulgadas, 2 Tweeters de
SIN SUB	p250627	Autos, bicicletas y motos/None			Rockford Fosgate T165-S T1 Power Sistema de Altavoces componentes de 6.5 Pulgadas
SIN SUB	p250628	Autos, bicicletas y motos/None			Morel MT120N - Tweeters de componentes de 1.1" para altavoces Virtus Nano Carbon
SIN SUB	p250630	Autos, bicicletas y motos/None			Alpine SPS610C / SPS-610C / SPS-610C 6.25, 230W, Component Speakers
SIN SUB	p250635	Autos, bicicletas y motos/None			PowerBass OE69C-TY 6x9" 160W OE Series 2-Way Component Speaker System
SIN SUB	p250636	Autos, bicicletas y motos/None			Focal EC165K Kit de Componente Coaxial Elite K2 Power, 2 Vías
SIN SUB	p250637	Autos, bicicletas y motos/None			Focal KIT PS165F 6-1/2" Component Speaker System
SIN SUB	p250638	Autos, bicicletas y motos/None			Morel IP-BMW42 - Altavoces de componentes de 2 vías de 4 pulgadas para vehículos BMW
SIN SUB	p250639	Autos, bicicletas y motos/None			Focal for Toyota - IS165TOY 6.5" Componente altavoces y IS690TOY 6x9 Componente altavoces
SIN SUB	p250640	Autos, bicicletas y motos/None			Audison AP BMW K4E KIT Prima Series 4 pulgadas (100 mm) Juego de altavoces componentes de 2 vías TW 
SIN SUB	p250643	Autos, bicicletas y motos/None			DYNAUDIO System 222 5-3/4" Esotec 2-Way Component Speakers
SIN SUB	p250644	Autos, bicicletas y motos/None			Es-62i Gold Series 6.5" Eurosport Component Speakers
SIN SUB	p250648	Autos, bicicletas y motos/None			Skar Audio FSX10-8 Altavoz de Rango Medio de Audio Profesional de 10 Pulgadas, 300 W, 8 ohmios, Cada
SIN SUB	p250653	Autos, bicicletas y motos/None			MTX Audio THUNDER61 Serie Thunder de 6.5 pulgadas, 2 vías, 90 W RMS 4 ohmios par de altavoces compon
SIN SUB	p250671	Autos, bicicletas y motos/None			Rockford Fosgate P3V2-25 Punch P3 - Altavoces de componentes de rango medio de 2.5 pulgadas, color n
SIN SUB	p250672	Autos, bicicletas y motos/None			Memphis A-PRIV2 Componente Coaxial y Twiter 1"
SIN SUB	p250673	Autos, bicicletas y motos/None			Powerbass Componentes de altavoces de reemplazo OEM OE69C-FD 6x9 para Ford/Lincoln
SIN SUB	p250679	Autos, bicicletas y motos/None			JBL Stage2 65 (Gen 2), Altavoz Coaxial 6-1/2 (165mm), 60W RMS, Pico de 480W, 4 Ω, 90dB, 55HZ-20kHz, 
SIN SUB	p250693	Autos, bicicletas y motos/None			Kimiss 160W/12V Altavoz para Autom?vil
SIN SUB	p251018	Autos, bicicletas y motos/None			STETSOM IR400.4 2 ohms - Iron Line Car Audio 400W Compact Amplifier 4 channel
SIN SUB	p251330	Autos, bicicletas y motos/None			Inmovilizador de Motor Aramox, Inmovilizador de Motor de 2,4 GHz, de Alarma Anti-secuestro, Corte de
SIN SUB	p251423	Autos, bicicletas y motos/None			Adaptador de Pistola de Lavado de Alta Presión de 1/4 Pulgadas, Antioxidante y Antidecoloración, se 
SIN SUB	p251425	Herramientas/None			Soporte Magnético para Starlink Mini, Kit de Montaje para Techo de Auto sin Herramientas, Accesorios
SIN SUB	p251475	Autos, bicicletas y motos/None			Kit de emergencia para vehículos en carretera, kit de emergencia de primeros auxilios con compresor 
SIN SUB	p251525	Autos, bicicletas y motos/None			1/64 Caja de exhibición estilo neón con LED Diorama - Compatible con Hot Wheels Matchbox Mini GT coc
SIN SUB	p251538	Autos, bicicletas y motos/None			LUCITEX 5 Lts - Fino Shampoo para Autos y Camiones Rinde Hasta 500 Litros Suave y Fino para Limpiar 
SIN SUB	p251601	Herramientas/None			GearAmerica - Polea de Bloque de arrebate, 25T (25 Libras), polea de cabrestante Resistente para Cue
SIN SUB	p251604	Autos, bicicletas y motos/None			Hot Wheels City, Pista Lavado de Autos Mega Tiburón con Vehículo Color Reveal y Función de Cambio de
SIN SUB	p251649	Audífonos/None			Chassis Ears - Detector de ruido del motor automotriz de 6 canales, probador de sonido anormal autom
SIN SUB	p251687	Autos, bicicletas y motos/None			Compustar CS932-A Sistema de seguridad de vehículo AP de 1 vía
SIN SUB	p251688	Autos, bicicletas y motos/None			500 Piezas Alfombrillas de Papel para Suelo de Autos - 20×16" Alfombrillas de Suelo Desechables para
SIN SUB	p251733	Autos, bicicletas y motos/None			Alfombrillas personalizadas para Mazda CX-30 2020-2026, protección para todo tipo de clima, TPE, res
SIN SUB	p251737	Autos, bicicletas y motos/None			SARAHS - Alfombrillas personalizadas para el 99% de coches, SUV y camiones, protectores para protege
SIN SUB	p251843	Autos, bicicletas y motos/None			Viper 2-way sistema de seguridad del vehículo 3305 V - Negro - 1 unidad - REMOTO
SIN SUB	p252328	Autos, bicicletas y motos/None			Rouge Rosa a Dorado Encantador - Película de vinilo de camaleón brillante con cambio de color, DIY p
SIN SUB	p252399	Herramientas/None			Warn 101140 AXON 45-S - Cabrestante Deportivo con Cuerda sintética Spydura y Receptor inalámbrico HU
SIN SUB	p252508	Autos, bicicletas y motos/None			Carros de Almacenamiento para Servicio de Autos, vehículo utilitario, multifunción, portátil, Carrit
SIN SUB	p252509	Autos, bicicletas y motos/None			Carros de Almacenamiento para Servicio de Autos, vehículo utilitario, multifunción, portátil, Carrit
SIN SUB	p252510	Autos, bicicletas y motos/None			Carros de Almacenamiento para Servicio de Autos, vehículo utilitario, multifunción, portátil, Carrit
SIN SUB	p252512	Autos, bicicletas y motos/None			Carros de Almacenamiento, Servicio de Autos, vehículo utilitario, Carrito portátil multifunción para
SIN SUB	p252513	Autos, bicicletas y motos/None			Carros de Almacenamiento para Servicio de Autos, vehículo utilitario, Carrito portátil multifunción 
SIN SUB	p252514	Autos, bicicletas y motos/None			Carros de Almacenamiento, Servicio de Autos, vehículo utilitario, Carrito portátil multifunción, Car
SIN SUB	p252516	Autos, bicicletas y motos/None			Carros de Almacenamiento para Servicio de Autos, vehículo utilitario, Carrito portátil multifunción,
SIN SUB	p252517	Autos, bicicletas y motos/None			Carros de Almacenamiento para Servicio de Autos, vehículo utilitario, Carrito portátil multifunción 
SIN SUB	p252518	Autos, bicicletas y motos/None			Carros de Almacenamiento para Servicio de Autos, vehículo utilitario, Carrito portátil multifunción 
SIN SUB	p252542	Autos, bicicletas y motos/None			Barrera De Estacionamiento De Autos Poste Entrada De Vehículos Garaje Bolardo De Seguridad,Llaves Y 
SIN SUB	p252622	Autos, bicicletas y motos/None			Cabina de Pintura Inflable con Soplo - Carpa Portátil de 4x2.5x2.5M para Autos y Motocicletas - Perf
SIN SUB	p252654	Autos, bicicletas y motos/None			Cabina de Pintura Inflable Portátil con Soplador - Carpa de Pintura de Autos y Motocicletas 7x4x2.5M
SIN SUB	p252714	Autos, bicicletas y motos/None			Máquina de lavado de autos sin contacto de un solo brazo de 360°, lavadora de alta presión, sin esco
SIN SUB	p252764	Herramientas/None			TOCOZOC Foot Pump 6 en 1, Bomba de Acero Inoxidable para Bicicleta con Manómetro, con 2 Juegos Aguja
SIN SUB	p252775	Herramientas/None			Bomba de Aire para Bicicleta de pie 160 PSI con manómetro
SIN SUB	p252787	Herramientas/None			Truper BOM-MI-X, Mini Bomba Manual para Bicicleta, abatible, 30 PSI
SIN SUB	p252800	Herramientas/None			Ruedas de Entrenamiento LED para Bicicleta de Niños, Material de acero al carbono engrosado, Altura 
SIN SUB	p252849	Herramientas/None			Multiherramienta 16 en 1, Kit Reparación Bicicletas Portátil
SIN SUB	p253032	Herramientas/None			Compresor Aire Portatil para Auto, 150PSI Bomba de Aire Bicicleta, Inflador Ruedas Coche con Pantall
SIN SUB	p253290	Herramientas/None			Almohadilla para portón trasero de bicicleta – Almohadilla para portón trasero para bicicletas de mo
SIN SUB	p253364	Herramientas/None			Vibrelli Vibrelli - Bomba de piso para bicicleta con manómetro - Alta presión 160 PSI - Válvula Pres
SIN SUB	p253400	Videojuegos/None			BREEZEE Bicicleta Balance 12 Pulgadas Asiento Y Manubrio Ajustables con Neumáticos De Aire Y Freno D
SIN SUB	p253622	Videojuegos/None			Bicicleta para Niños de 4 a 8 Años R16, con Asiento Ajustable y Freno de Mano, Ruedas de Entrenamien
SIN SUB	p253653	Videojuegos/None			Bicicleta Infantil niños R16 Plegable con Ruedas auxiliares Freno de Mano y Cesta extraíble Color Ro
SIN SUB	p253656	Videojuegos/None			Bicicleta para Niños R16, con Asiento Ajustable, Handbrake, Desmontable Ruedas de Entrenamiento con 
SIN SUB	p253663	Herramientas/None			Soporte de Reparación de Bicicletas de Aluminio para Mantenimiento Capacidad de Carga de 30.84 kg Al
SIN SUB	p253679	Videojuegos/None			Bicicleta para Niños R16, con Asiento Ajustable, Handbrake, Desmontable Ruedas de Entrenamiento, Ter
SIN SUB	p254240	Videojuegos/None			RoyalBaby Freestyle 5/7 Sport Kids Bike 12 14 16 18 20 Inch Wheel Dual Handbrake BMX Bicycle Boys Gi
SIN SUB	p254387	Herramientas/None			Strider 20x,White-Bicicleta de Equilibrio para Aprender a Andar para Mayores de 8 años-Incluye Freno
SIN SUB	p254437	Autos, bicicletas y motos/None			Thule 598002 Portabicicletas de Techo ProRide, Negro
SIN SUB	p254467	Autos, bicicletas y motos/None			Yakima, Ridgeback - Portabicicletas inclinable para Coches, SUV, Camiones y más, se Adapta a enganch
SIN SUB	p254471	Videojuegos/None			RoyalBaby Freestyle 5/7 Sport Kids Bike 12 14 16 18 20 Inch Wheel Dual Handbrake BMX Bicycle Boys Gi
SIN SUB	p254487	Autos, bicicletas y motos/None			Thule Gateway Pro - Portabicicletas
SIN SUB	p254525	Videojuegos/None			Woom GO 3 Bicicleta para niños de 4 a 6 años, bicicleta ligera de 16 pulgadas con freno de mano, lim
SIN SUB	p254558	Autos, bicicletas y motos/None			Enganche para portabicicletas eléctricas con rampa, capacidad de 200
SIN SUB	p254589	Videojuegos/None			Woom GO 4 Bicicleta para niños de 6 a 8 años, bicicleta ligera de 7 velocidades con freno de mano pa
SIN SUB	p254634	Autos, bicicletas y motos/None			Thule - Portabicicletas con Plataforma Helium
SIN SUB	p254680	Herramientas/None			Reparación Bicicletas Metal Resisn Reparación con Banja Herramientas Metálico para Aficionados Al Ci
SIN SUB	p255509	Autos, bicicletas y motos/None			PUBAMALL Cubierta Impermeable para Motocicletas, protección contra el Polvo, escombros, Lluvia y Cli
SIN SUB	p255530	Autos, bicicletas y motos/None			Cubierta Impermeable para Motocicletas, Resistente al Agua y al Polvo, Sol
SIN SUB	p255532	Autos, bicicletas y motos/None			Cubierta Impermeable para Motocicletas, Resistente al Agua y al Polvo, Sol
SIN SUB	p255554	Autos, bicicletas y motos/None			Cubierta Impermeable para Motocicletas, Resistente al Agua y al Polvo, Sol
SIN SUB	p255579	Autos, bicicletas y motos/None			Yosoo Kit de Elevación del Tanque de Material de Hierro Resistente Fácil de Instalar para Motociclet
SIN SUB	p255630	Autos, bicicletas y motos/None			CHICIRIS Perno Hueco para Interruptor de Luz Trasera, Compatible con Freno Hidráulico Universal M10 
SIN SUB	p255635	Autos, bicicletas y motos/None			Interruptor de apagado universal, parada de emergencia con cordón de amarre, interruptor de motor pa
SIN SUB	p255645	Herramientas/None			MAGICLULU Asistente De Acelerador De Motocicleta Control De Crucero Universal Para Manillar Repuesto
SIN SUB	p255646	Autos, bicicletas y motos/None			Motocicletas En Acción (Motorcycles on the Go)
SIN SUB	p255658	Autos, bicicletas y motos/None			Interruptor de Parada del Motor, Interruptor de Apagado del Motor de Emergencia con Amarre de Cable 
SIN SUB	p255677	Videojuegos/None			Juego de interruptores de encendido para motocicleta Hawk 250 para TBR7, bloqueo de interruptor de e
SIN SUB	p255685	Autos, bicicletas y motos/None			Manual Electricidad de Motocicletas: Fundamentos básicos, electrónica, reparación, mantenimiento
SIN SUB	p255688	Herramientas/None			ROCKBROS - Bolsa de herramientas para motocicleta, bolsa lateral triangular, carcasa dura de EVA, bo
SIN SUB	p255712	Autos, bicicletas y motos/None			Guantes de piel de cabra para motocicletas, motocicletas, deportes de motor, visualización táctil re
SIN SUB	p255795	Autos, bicicletas y motos/None			MOTOCICLETAS Comportamiento dinámico y diseño de chasis: el arte y la ciencia
SIN SUB	p255829	Autos, bicicletas y motos/None			Mantenimiento y Servicio Profesional de Motocicletas: Manuales Técnicos Profesionales (Biblioteca pr
SIN SUB	p255838	Autos, bicicletas y motos/None			Electricidad y Electrónica de Motocicletas: Manuales Técnicos Profesionales (Biblioteca profesional 
SIN SUB	p255848	Autos, bicicletas y motos/None			Briidea Equalizador de carga y estabilizador driver/resistencia compatible con motocicletas Harley D
SIN SUB	p255869	Herramientas/None			MASO - Alforjas universales para motocicleta, bolsa lateral de herramientas, bolsas impermeables par
SIN SUB	p255890	Herramientas/None			Juego de herramientas de extracción de rodamientos de rueda compatible con motocicletas Harley David
SIN SUB	p255947	Autos, bicicletas y motos/None			REPARACIÓN MECÁNICA DE MOTOCICLETAS
SIN SUB	p255958	Autos, bicicletas y motos/None			TMVG0026 – Electricidad y electrónica para motocicletas
SIN SUB	p256003	Autos, bicicletas y motos/None			PANGOLIN 53-644 Módulo de Encendido Electrónico Programable de Fuego Único apto para Harley apto par
SIN SUB	p256013	Herramientas/None			DNA MOTORING - Soporte de Motocicleta Que Proporciona Soporte Esencial, para la mayoría de Motocicle
SIN SUB	p256019	Autos, bicicletas y motos/None			KEMIMOTO Alforjas para motocicletas, alforjas para motocicletas, alforjas de cuero PU para Sportster
SIN SUB	p256022	Autos, bicicletas y motos/None			Electricidad y electrónica para motocicletas (Spanish Edition)
SIN SUB	p256034	Autos, bicicletas y motos/None			TMVG0026 – Electricidad y electrónica para motocicletas (Spanish Edition)
SIN SUB	p256069	Autos, bicicletas y motos/None			Accesorios para motos Paquete impermeable Bolsas de equipaje para motocicletas Bolsas adicionales pa
SIN SUB	p256070	Autos, bicicletas y motos/None			Deflectores de Calor para Motocicletas Harley Touring 2009-2025 (Protector térmico del Motor)
SIN SUB	p256095	Autos, bicicletas y motos/None			Asiento con absorción de impactos suave para Honda Ruckus, apto para Honda Ruckus Zoomer NPS50, acce
SIN SUB	p256100	Herramientas/None			Instalador de Retenes de Horquilla, 35‑50 Mm Juego de Herramientas de Instalación de Retenes de Horq
SIN SUB	p256102	Videojuegos/None			Freno de mano Accesorios Para Motocicletas Palancas De Freno Y Embrague Para Y-AMAHA XMAX300 X MAX X
SIN SUB	p256198	Herramientas/None			Alforjas para Motocicleta Bolsas para Moto Maleteros Laterales k2 c/a con broche 44x25x18 + Portaher
SIN SUB	p256207	Herramientas/None			Alforjas para Motocicleta Bolsas para Moto Maleteros laterales K2 Linea Roja c/a con Broche 44x25x18
SIN SUB	p256222	Autos, bicicletas y motos/None			Accesorios para Motocicletas Parabrisas Parabrisas Deflector de Viento para BMW G310GS G 310 GS 310G
SIN SUB	p256239	Autos, bicicletas y motos/None			Faros delanteros LED de 7 pulgadas en negro estilo X con anillo halo en ámbar y blanco, luz diurna D
SIN SUB	p256267	Autos, bicicletas y motos/None			Eagle Lights Ecualizador Plug and Play y Estabilizador de Carga para Señales de Giro LED de Motocicl
SIN SUB	p256279	Herramientas/None			Alforjas de piel de alta densidad para motocicleta, bolsas de sillín con soporte para tazas, Harley 
SIN SUB	p256282	Autos, bicicletas y motos/None			Eagle Lights - Módulo de marcha/freno/giro para motocicletas Harley Davidson
SIN SUB	p256297	Autos, bicicletas y motos/None			MOTOCICLETAS Comportamiento dinámico y diseño de chasis: el arte y la ciencia (Spanish Edition)
SIN SUB	p256302	Autos, bicicletas y motos/None			Eagle Lights HALOS Layback - Luz trasera LED con intermitentes para motocicletas Harley-Davidson®
SIN SUB	p256315	Autos, bicicletas y motos/None			Módulo de giro de freno para Harley Davidson Motocicletas FLHR FLHRC FLHTCU FLHTCU FLHTK Sportsters 
SIN SUB	p256334	Autos, bicicletas y motos/None			Motocicletas
SIN SUB	p256356	Autos, bicicletas y motos/None			Yinhing Alforjas para Motocicletas Bolsas Laterales de Equipaje de Cuero PU con Capacidad de 30 Litr
SIN SUB	p256357	Autos, bicicletas y motos/None			para Ducati Diavel 2019-2021 Accesorios De Motocicletas Wantedshield Wantscreen Cover Deflector Oren
SIN SUB	p256359	Autos, bicicletas y motos/None			Zen e Arte da Manutenção de Motocicletas
SIN SUB	p256364	Autos, bicicletas y motos/None			Manutencao De Motocicletas Em Figuras
SIN SUB	p256369	Herramientas/None			Alforjas de piel de alta densidad para motocicleta, bolsas de sillín con soporte para tazas, Harley 
SIN SUB	p256378	Herramientas/None			Alforjas Motocicleta, 30 L Cuero sintético, para Herramientas Laterales, Bolsa Impermeable Ciclismo,
SIN SUB	p256419	Herramientas/None			Bolsa de 12L impermeable para tanque de combustible de motocicleta, compatible con BMW R1300GS Adven
SIN SUB	p256432	Autos, bicicletas y motos/None			Protector de motor de placa deslizante compatible con Honda Goldwing 1800 GL1800 2018-2025 de 3 mm d
SIN SUB	p256436	Autos, bicicletas y motos/None			CHIFUN Barras de choque superiores de protección del motor para CRF 1100L CRF1100L Africa Twin Adven
SIN SUB	p256517	Autos, bicicletas y motos/None			VEVOR Plataforma Elevadora para Motocicletas 41,5 x 35 cm Elevador de Motos Hidráulicos de Tijera Ca
SIN SUB	p256530	Autos, bicicletas y motos/None			Motocicletas Motor y Caja de Cambios
SIN SUB	p256551	Autos, bicicletas y motos/None			Reparacion de motocicletas
SIN SUB	p256553	Autos, bicicletas y motos/None			Motocicletas y ciclomotores
SIN SUB	p256559	Autos, bicicletas y motos/None			CUBE BOOKS-MOTOCICLETAS
SIN SUB	p256604	Autos, bicicletas y motos/None			Fydun Alforjas Duras para Motocicletas Maletas Laterales Maleta Lateral Dura 45L Apertura Superior c
SIN SUB	p256621	Herramientas/None			Alforjas de piel de alta densidad para motocicleta, bolsas de sillín con soporte para tazas, Harley 
SIN SUB	p256628	Autos, bicicletas y motos/None			Compatible con barras de choque for alforjas de motocicletas BMW, protección trasera for carreteras,
SIN SUB	p256636	Autos, bicicletas y motos/None			For HONDA CB190R motocicletas cubierta de tanque de combustible（2021-2024） (Protección izquierda -ro
SIN SUB	p256691	Autos, bicicletas y motos/None			Refugio for motocicletas de servicio pesado Cubierta de cobertizo Almacenamiento Tienda de garaje Re
SIN SUB	p256702	Autos, bicicletas y motos/None			Motocicletas
SIN SUB	p256705	Autos, bicicletas y motos/None			Conduccion deportiva de motocicletas (Motor)
SIN SUB	p256719	Autos, bicicletas y motos/None			Backrest de motocicletas compatible con V400 V650 Classic Models 1998-2013
SIN SUB	p256721	Autos, bicicletas y motos/None			Hell's Angels: The Strange and Terrible Saga of the Outlaw - Bandas para motocicletas
SIN SUB	p256740	Autos, bicicletas y motos/None			Montaje de calguazas de 39 mm transparente parabrisas compatible con Sportster XL883 XL1200 Modelos 
SIN SUB	p256748	Autos, bicicletas y motos/None			Guardería de barro de motocicletas delantera frontal de 19 pulgadas compatible con Flhtk Ultra Custo
SIN SUB	p256850	Autos, bicicletas y motos/None			Bloque de Cilindros de 94 mm Compatible con Motocicletas DR-Z400, LTZ400, K3-L2 y KLX400
SIN SUB	p256956	Autos, bicicletas y motos/None			Panel Solar de 20 W, Kit de Células Solares de 12 V y 24 V con Controlador MPPT Resistente Al Agua, 
SIN SUB	p256965	Autos, bicicletas y motos/None			Kit de paneles solares de 50 W 12 V monocristalinos, mantenedor solar con controlador de carga de ba
SIN SUB	p256972	Autos, bicicletas y motos/None			Equipo de paneles solares, Kit de inicio de panel solar de módulo fotovoltaico monocristalino de alt
SIN SUB	p257057	Audífonos/None			Retevis RT68 Walkie Talkie con Auriculares, Radio Portátil para Escuelas
SIN SUB	p257063	Audífonos/None			Retevis RT22MX Walkie Talkie con Auriculares,14 Canales,Transmisión Español
SIN SUB	p257082	Audífonos/None			Retevis RT22MX Walkie Takie con Auriculares,14 Canales,Sin Licencia
SIN SUB	p257091	Audífonos/None			Radio FM portátil de amplitud modulada，Radio de 4 Bandas FM/AM/SW1-2，con Toma de Auriculares y Linte
SIN SUB	p257092	Audífonos/None			Mini Radio Digital FM, Reproductor de Música de Radio FM de 1,1 Pulgadas con Auriculares, Búsqueda A
SIN SUB	p257122	Audífonos/None			FM/Am 2 Banda de Radio Estéreo, Portátil Mini Receptor de Radio de Bolsillo Construir en Altavoz con
SIN SUB	p257127	Audífonos/None			Studebaker SB2002YL Radio AM/FM portátil con conector para auriculares y entrada auxiliar (Amarillo)
SIN SUB	p257130	Audífonos/None			ASHATA Radio de Bolsillo Personal Am/FM Portátil - Mini Radio Estéreo de Sintonización Digital con P
SIN SUB	p257140	Audífonos/None			LEOTEC - Radios de bolsillo pequeño, funciona con pilas, función DBS, gran recepción para uso en int
SIN SUB	p257144	Audífonos/None			Radio Am/FM/Ondas Corta Portátil con Conector para Auriculares de 3,5 Mm, Ideal para Caminar, Viajar
SIN SUB	p257148	Audífonos/None			Radio FM portátil, radio recargable de bolsillo con la mejor recepción de sintonización digital, pan
SIN SUB	p257150	Audífonos/None			Radio FM de Bolsillo, Mini Radio Portátil Personal Recargable con Pantalla LCD Retroiluminada, Clip 
SIN SUB	p257155	Audífonos/None			TOPINCN Radio Am FM con Transistores, Radio Portátil de Bolsillo con Chip DSP Y Conector para Auricu
SIN SUB	p257159	Audífonos/None			Mini radio ATS MINI V4 – SI4732 Radio de onda corta de bolsillo, amplificador de auriculares integra
SIN SUB	p257161	Teclados/None			Radio Digital Am FM SW Portátil, Receptor de Banda Completa con Reloj Despertador, Memoria de Emisor
SIN SUB	p257167	Audífonos/None			Auriculares Walkie Talkie 10-Pack con Micrófono y Botón PTT, Cable Reforzado, Conector 2 Pines, Comp
SIN SUB	p257204	Muebles/Otros			WolliLe Elásticas Correa de Nailon Compatible con Xiaomi Smart Band 9 Active/Redmi Smart Band 3, Tra
SIN SUB	p257207	Muebles/Otros			WolliLe Elásticas Correa de Nailon Compatible con Xiaomi Smart Band 9 Active/Redmi Smart Band 3, Tra
SIN SUB	p257242	Autos, bicicletas y motos/None			Tapo Kit de cámara de vigilancia para Exteriores con energía Solar, inalámbrica, 2 K 3 MP, Seguimien
SIN SUB	p257271	Autos, bicicletas y motos/None			Kit de 4 Cámaras Seguridad Exterior 2MP + DVR 4CH, Audio bidireccional, Detección de Persona/Vehícul
SIN SUB	p257288	Autos, bicicletas y motos/None			EZVIZ 4K Cámara Vigilancia WiFi Exterior Bateria con Solar,AOV 2.0 360° Cámara Inalámbrica 10400mAh,
SIN SUB	p257350	Teclados/None			Cubiertas de cerraduras inteligentes, elegantes y funcionales, para timbre con teclado y protector d
SIN SUB	p257351	Teclados/None			Sistema de control de acceso de video intercomunicador y timbre WiFi inteligente Tuya, teclado de hu
SIN SUB	p257364	Autos, bicicletas y motos/None			DAHUA-Kit de 4 Canales Full Color de 2 MP/DVR Cooper-I WizSense/H.265+/4 Ch + 1 IP o hasta 5 Ch IP/4
SIN SUB	p257370	Autos, bicicletas y motos/None			Kit de 4 Cámaras metálicas 5 MP Lente de 2.8mm y un DVR Cooper-I WizSense, 4 Canales + 1 IP o hasta 
SIN SUB	p257373	Autos, bicicletas y motos/None			Kit de sistema de cámara de seguridad PoE, NVR de vigilancia, 4 cámaras con detección de personas/ma
SIN SUB	p257378	Audífonos/None			Diyeeni Kit De Vigilancia De Audio, Auriculares De Tubo Acústico Transparente De 0,9 m De 2 Clavijas
SIN SUB	p257381	Autos, bicicletas y motos/None			Sistema de seguridad de cámara de 16 canales PoE con micrófono, detección de vehículos humanos, 8 do
SIN SUB	p257385	Autos, bicicletas y motos/None			Swann Sistema de cámara de seguridad para el hogar, 6 cámaras H.265 con cable con detección de vehíc
SIN SUB	p257386	Autos, bicicletas y motos/None			Hilook IK28P-480T - Kit de vigilancia para exteriores 4K, 4 cámaras PoE de torreta 4K, disco duro NV
SIN SUB	p257390	Autos, bicicletas y motos/None			Hieasy Sistema de cámara de seguridad PoE 4K 8CH, kit de reconocimiento facial AI de 5MP 8MP con 8 c
SIN SUB	p257466	Teclados/None			Amazon Basics: Cerradura para puerta con cerrojo y teclado electrónico, con entrada sin llave por co
SIN SUB	p257498	Teclados/None			Veise VE017 - Cerradura de puerta inteligente con huellas dactilares, control de aplicación, entrada
SIN SUB	p257522	Teclados/None			HEI LIANG - Cerradura de puerta inteligente con teclado y control por aplicación, adecuada para dorm
SIN SUB	p257525	Teclados/None			Amazon Basics - Cerradura para puerta con cerrojo y teclado electrónico, con entrada sin llave por c
SIN SUB	p257555	Teclados/None			Kwikset SmartCode 260 - Teclado electrónico sin llave, teclado con protección Microban, cerradura de
SIN SUB	p257558	Teclados/None			DS10 - Cerradura de puerta de entrada sin llave, bloqueo de puerta de entrada sin llave, bloqueo de 
SIN SUB	p257572	Teclados/None			Kwikset HomeConnect 620 Z-Wave - Teclado inteligente de largo alcance habilitado con cerradura conve
SIN SUB	p257573	Teclados/None			Cerradura de puerta inteligente con teclado y llave, 50 códigos de usuario, impermeable, bloqueo aut
SIN SUB	p257582	Teclados/None			TEEHO TE001 - Cerradura de puerta de entrada sin llave con teclado - Cerradura de pestillo inteligen
SIN SUB	p257585	Teclados/None			Yale Assure Lock - Cerrojo de seguridad de 2 toques, cerradura de puerta de entrada sin llave de níq
SIN SUB	p257591	Teclados/None			TEEHO TE002 - Cerradura de puerta con huellas dactilares, cierre de teclado electrónico de entrada s
SIN SUB	p257597	Teclados/None			Amazon Basics - Cerradura de puerta con palanca de entrada para teclado electrónico, color negro mat
SIN SUB	p257634	Teclados/None			Lloyd's Cerradura WiFi Teclado Táctil, Huella Digital,4 Métodos de Apertura
SIN SUB	p257647	Teclados/None			Yale Assure SL - Cerradura de cerrojo con Z-Wave, cerradura de puerta de entrada sin llave de gamuza
SIN SUB	p257663	Autos, bicicletas y motos/None			Dioche A02yyuw A0Sensor de Distancia Ultrasónico Detector de Estacionamiento de Garaje a Prueba de A
SIN SUB	p257676	Herramientas/None			Sensor de proximidad Capacitivo, DC12-24V Interruptor de proximidad de detección, 3 Hilos PNP Normal
SIN SUB	p257681	Autos, bicicletas y motos/None			Sensor de Distancia Ultrasónico DC3.3V-5V IP67 Protección Impermeable Detector de Vehículos Sensor d
SIN SUB	p257707	Teclados/None			Fockety Controlador De Cámara Domo PTZ, Controlador Joystick 2D Para Cámaras IP Y Analógicas Con Ent
SIN SUB	p257718	Teclados/None			Yunseity Controlador de Cámara PTZ, Pantalla HD de 5 Pulgadas, Joystick 3D, Teclado de Control de Cá
SIN SUB	p257720	Autos, bicicletas y motos/None			REOLINK Cámara de Seguridad con Cable 4K WiFi para Exteriores, Lente Dual de 8MP, cámara PTZ 360, Se
SIN SUB	p257725	Teclados/None			Teclado de Cámara PTZ, Interfaz RS485 232 Ideal para Controlar hasta 32 DVR NVR, 256 Ball, Cámaras P
SIN SUB	p257738	Autos, bicicletas y motos/None			4K 8MP Mini cámara PTZ para exteriores, 3X zoom óptico PoE cámara domo IP, detección de vehículos hu
SIN SUB	p257772	Teclados/None			Sistemas de Alarma para el Hogar Alarma para Puerta de Garaje 24 × 13 × 3 de Alarma para Puerta 3 Co
SIN SUB	p257841	Televisores/None			Soporte de pared ajustable para caja de cables, montaje en enrutador, soportes para módem, soporte p
SIN SUB	p257861	Herramientas/None			Caja de Almacenamiento para enrutador de 2 Niveles, Organizador WiFi plástico con Tapa abatible, Est
SIN SUB	p258062	Autos, bicicletas y motos/None			for adaptador for coaxial SMA-TNC para y Router for adaptador
SIN SUB	p258067	Autos, bicicletas y motos/None			Cable Adaptador Coaxial Tipo N Rg316 de Cobre para Routers y
SIN SUB	p258079	Televisores/None			Repetidor inalámbrico WiFi Mini 300M Repetidor inalámbrico USB Convierta la señal inalámbrica en un 
SIN SUB	p258082	Televisores/None			Repetidor wifi USB, amplificador de señal con cable e inalámbrico AP WiFi Smart TV Adaptador de red 
SIN SUB	p258089	Televisores/None			Tosuny Repetidor de Red USB WiFi Inalámbrico, Mini WiFi Range Extender, 300M Adaptador de Red Enruta
SIN SUB	p258090	Televisores/None			Amplificador WiFi USB 300Mbps 2.4GHz, Repetidor Inalámbrico Portátil para Smart TV con RJ45, Modos A
SIN SUB	p258134	Muebles/Otros			BETAFPV ELRS Cetus X Kit de dron FPV con transmisor de radio LiteRadio 3 VR03 Gafas FPV con grabació
SIN SUB	p258169	Impresoras/None			Paquete con impresora para smartphone Fuji Mini Link 3 color blanco arcilla + paquete de película Fu
SIN SUB	p258173	Impresoras/None			Fujifilm Instax Mini Link 3 - Impresora para Smartphone - Rosa
SIN SUB	p258176	Impresoras/None			Fujifilm Instax Mini Link 3 Google Pixel Special Edition - Impresora para Smartphone - Rosa
SIN SUB	p258178	Impresoras/None			Fujifilm Instax Mini Link 2 - Impresora para Smartphone - Azul Espacial
SIN SUB	p258183	Impresoras/None			Impresora para smartphone Fujifilm INSTAX Mini Link 3 | Rosado, con película instantánea Fujifilm IN
SIN SUB	p258186	Impresoras/None			Fujifilm Instax Mini Link 3 - Impresora para Smartphone - Blanco arcilloso
SIN SUB	p258351	Autos, bicicletas y motos/None			Cable de extensión solar de 10 paneles de calibre 6 pies, 10 AWG (6 mm²) alambre PV SJZ SUN RUN alam
SIN SUB	p258927	Lavadoras/None			Kit De Pértiga con Suministro De Agua 9 Metros con Pértiga Telescópica Extensible De Aluminio Y Cepi
SIN SUB	p259383	Herramientas/None			Herramienta Eléctrica De Limpieza De Paneles Solares, Cepillo De Limpieza Automático De Paneles Sola
SIN SUB	p259394	Herramientas/None			Cepillo Automático Para Paneles Solares, Herramienta Eléctrica De Limpieza Fotovoltaica, Kit De Pért
SIN SUB	p259453	Herramientas/None			Herramienta eléctrica de Limpieza de Paneles solares con pértiga Extensible Ajustable y Cabezal de C
SIN SUB	p259460	Herramientas/None			Herramienta Eléctrica Limpieza Paneles Solares-Altura de Limpieza PoweredVersion-7.5m/24.61ft
SIN SUB	p259485	Herramientas/None			Herramienta Eléctrica De Limpieza De Paneles Solares con Cepillo De Doble Cabezal Y Mango Ajustable 
SIN SUB	p259495	Herramientas/None			Herramientas eléctricas para la Limpieza de Paneles solares, Cabezal de Cepillo Giratorio de 64 cm, 
SIN SUB	p259499	Herramientas/None			Máquina Comercial de Limpieza de Paneles solares con Litio, Herramienta eléctrica de Limpieza de Pan
SIN SUB	p259548	Herramientas/None			Herramienta Eléctrica De Pulverización Agua Para Limpiar Paneles Solares
SIN SUB	p259549	Herramientas/None			Herramienta Eléctrica De Limpieza De Paneles Solares, Cepillo De Limpieza Automático De Paneles Sola
SIN SUB	p259582	Herramientas/None			Herramienta eléctrica de Limpieza de Paneles solares con pértiga Extensible Ajustable y Cabezal de C
SIN SUB	p259600	Herramientas/None			Herramienta Eléctrica Limpieza Paneles Solares-Altura de Limpieza BatteryVersion-7.5m/24.61ft
SIN SUB	p259606	Herramientas/None			Máquina Comercial de Limpieza de Paneles solares con Litio, Herramienta eléctrica de Limpieza de Pan
SIN SUB	p259619	Herramientas/None			Herramienta Eléctrica De Limpieza De Paneles Solares con Cepillo De Doble Cabezal Y Mango Ajustable 
SIN SUB	p259630	Herramientas/None			Herramienta Eléctrica De Limpieza De Paneles Solares con Batería De Litio Y Cabezal De Doble Cepillo
SIN SUB	p259700	Herramientas/None			Herramienta eléctrica de Limpieza de Paneles solares, Cepillo Extensible Ajustable con Doble Cabezal
SIN SUB	p259714	Herramientas/None			Genérico Cepillo para Limpiar vidrios, Kit de pértiga telescópica con alimentación de Agua para Pane
SIN SUB	p259726	Herramientas/None			Herramienta eléctrica para Limpieza de Paneles solares: Kit de Cepillo y pértiga automáticos de Dobl
SIN SUB	p259762	Lavadoras/None			Kit de cepillo para polvo de limpieza eléctrico para paneles solares – poste alimentado con agua de 
SIN SUB	p259769	Herramientas/None			Herramienta eléctrica de Limpieza de Paneles solares con Doble Cepillo, Cepillo de Lavado para Panel
SIN SUB	p259770	Herramientas/None			Herramientas eléctricas para limpieza de paneles solares, cabezal de cepillo doble giratorio de 27,6
SIN SUB	p259848	Audífonos/None			10 Piezas Walkie Talkie Auricular con Micrófono,Audifonos para Radio Kenwood,2 Pines K Head Conducto
SIN SUB	p259849	Audífonos/None			Radio FM de Bolsillo, Mini Radio Portátil Personal Recargable con Pantalla LCD Retroiluminada, Clip 
SIN SUB	p259857	Audífonos/None			Radio FM Mini Portátil, Receptor de Conferencia Transistor de Bolsillo con Sintonización Digital, Pa
SIN SUB	p259862	Audífonos/None			Changor Auricular Walkie Talkie, ABS Negro con Cancelación de Ruido, Auriculares Multifuncionales de
SIN SUB	p259876	Audífonos/None			Auriculares Walkie Talkie Cómodos y duraderos no fáciles de Perder Transmisión de señal Estable, Son
SIN SUB	p259878	Audífonos/None			Longzhuo Auriculares para Walkie Talkie,Tubo Acústico Universal De 2 Pines En El Oído Auricular,Equi
SIN SUB	p259881	Audífonos/None			Radio Am/FM/Ondas Corta Portátil con Conector para Auriculares de 3,5 Mm, Ideal para Caminar, Viajar
SIN SUB	p259886	Audífonos/None			Auriculares Walkie Talkie, Auricular Universal de Tubo acústico de 2 Pines con tecla PTT, Auriculare
SIN SUB	p259888	Audífonos/None			ASHATA Auriculares con micrófono para Radio XPR Series, MTP3100, DEP550
SIN SUB	p259894	Televisores/None			Antena Telescópica Universal, Acero Inoxidable, Latón, 4 Secciones, Antena de Radio AM FM de Repuest
SIN SUB	p259898	Audífonos/None			Asixxsix Manos Libres PTT Cancelación de Ruido encubierta 2 Pines Auricular de Radio bidireccional, 
SIN SUB	p259900	Audífonos/None			Auricular Walkie Talkie con Micrófono con Botón PTT, Manos Libres en Forma de G Auriculares de Radio
SIN SUB	p259902	Audífonos/None			Tangxi PTT Earpieces K-Head 120cm Walkie-Talkie Auriculares HD para TK3180 TK5210 TK5400 TK290 TK380
SIN SUB	p259921	Audífonos/None			Sarcia - Auriculares para micrófono PTT de 2 Pines para Motorola CP200 CP200D CP185 Rdm2070d mag One
SIN SUB	p259941	Audífonos/None			Walkie Talkie Auricular 1 Pin 2.5mm Radio de Dos Vías Auriculares Proceso de Galvanoplastia para T10
SIN SUB	p259942	Audífonos/None			Auriculares de 1 pin de 2,5 mm para Motorola Radio Talkabout T200 T260 T600 T800 MH230R MR350R MT350
SIN SUB	p259945	Audífonos/None			10 Piezas Tubo de Bobina Acústica de Repuesto para Auriculares Walkie Talkie y Auriculares de Radio 
SIN SUB	p259949	Autos, bicicletas y motos/None			Qiilu Antena de Radio Universal para Vehículos - Antena FM de Radio para Techo de Vehículo Automotor
SIN SUB	p259963	Audífonos/None			12 Piezas Walkie Talkie Auricular con Micrófono, Auriculares acústicos de 2 Pines PTT compatibles co
SIN SUB	p259965	Audífonos/None			Paquete de 10 Walkie Talkie Auricular con Micrófono, Auriculares de o tubo Acústico de 2 Pines, Auri
SIN SUB	p259967	Audífonos/None			Baofeng UV-5R Radio bidireccional de doble banda de 8 W, radio de jamón UV-5RTP de mano con auricula
SIN SUB	p259971	Audífonos/None			Walkie Talkies Baofeng T26 de largo alcance, batería recargable de iones de litio, radio de dos vías
SIN SUB	p259982	Audífonos/None			Auriculares de radio FM X5 AM recargables, auriculares de radio portátil personal am/fm con la mejor
SIN SUB	p259985	Audífonos/None			SWDSTP Mini radio AM FM portátil, radio recargable con gran recepción, pantalla LCD de sintonización
SIN SUB	p259991	Audífonos/None			Radio portátil AM FM, radio de bolsillo con linterna, luz de sintonización, clip trasero, conector p
SIN SUB	p259996	Audífonos/None			SWDSTP - Mini radio FM portátil AM, radio personal con excelente recepción, visualización LCD de sin
SIN SUB	p260001	Audífonos/None			PRUNUS J-985 Mini Radio AM FM Portátil Pequeña Con Auriculares (Estéreo en Modo FM-ST), Funciona Con
SIN SUB	p260009	Herramientas/None			2X BATT3R Paquete de baterías recargables de repuesto para Midland BATT3R BATT-3R, AVP14 LXT600 LXT-
SIN SUB	p260011	Herramientas/None			Kastar - Paquete de 4 baterías de repuesto para Midland BATT3R BATT-3R, AVP14 MID-AVP14, LXT600 LXT-
SIN SUB	p260013	Herramientas/None			Kastar - Paquete de 2 baterías de repuesto para Midland BATT3R BATT-3R, AVP14 MID-AVP14, LXT600 LXT-
SIN SUB	p260015	Audífonos/None			Radio Portátil, Spirit Box, Mini Radio Am/FM con Pantalla Led, Carga USB, Conector De Auriculares, A
SIN SUB	p260016	Audífonos/None			HRD-767 FM/Am/Air Radio de Banda múltiple Receptor de Radio de Banda de avión Botón de Bloqueo de Pa
SIN SUB	p260018	Audífonos/None			CS‑106 Radio de Banda Completa, FM/Am/SW/MW/LW/Receptor de TV Radio Reloj Digital de Alta Sensibilid
SIN SUB	p260020	Audífonos/None			Yunir Auriculares de Tubo Acústico para Sepura STP8000 STP9000, 2 Auriculares de Radio con Micrófono
SIN SUB	p260025	Audífonos/None			CALIDAKA - Audífonos Auriculares de Radio FM Portátiles con Visualización LCD, Reducción de Ruido, A
SIN SUB	p260026	Audífonos/None			Auriculares compatibles con HYT Hytera PD502 PD562 BD502 TC-508 y TC-580 Walkie Talkie Radio Big PTT
SIN SUB	p260027	Herramientas/None			Sarcia - Juego de 6 audífonos de tubo acústico para radios Midland GXT LXT
SIN SUB	p260029	Audífonos/None			Renastar - Auriculares de radio de dos vías con micrófono Boom K1 Plug para Kenwood 2 pines Baofeng 
SIN SUB	p260034	Audífonos/None			Walkie Talkie - Auriculares de radio
SIN SUB	p260042	Audífonos/None			Longzhuo Auriculares para Walkie Talkie,Tubo Acústico Universal De 2 Pines En El Oído Auricular,Equi
SIN SUB	p260054	Audífonos/None			Retevis Auriculares para Radio, 2 Pines con Tubo Acústico
SIN SUB	p260056	Audífonos/None			Walkie Talkies - Radios recargables de largo alcance bidireccional con auriculares, radios de 2 vías
SIN SUB	p260057	Audífonos/None			walkie talkies para adultos con auriculares mejorados, radios de dos vías portátiles FRS de largo al
SIN SUB	p260067	Audífonos/None			Retevis EHK012 - Auriculares de radio de dos vías con micrófono, reducción de ruido, ajuste de volum
SIN SUB	p260069	Audífonos/None			AM FM Walkman Radio: 900 mAh Transistor portátil recargable Radio de bolsillo con la mejor recepción
SIN SUB	p260074	Audífonos/None			Walkie Talkies de largo alcance para adultos, Walkie Talkies recargables FRS NOAA Family Emergency W
SIN SUB	p260086	Autos, bicicletas y motos/None			Antena de Radio Móvil de Vehículo de Banda Dual VHF/UHF con Cable Base de Montaje Magnético Doble Ba
SIN SUB	p260088	Audífonos/None			Radio meteorológica de emergencia solar de manivela de emergencia 37000 mWh AM/FM NOAA Radio meteoro
SIN SUB	p260097	Audífonos/None			ICSTATION - Kit de soldadura de radio FM, kit de radio DIY con luces LED intermitentes FM 76-108 MHz
SIN SUB	p260099	Herramientas/None			Juego de 25 indicadores de radio de 0.04 a 0.5 pulgadas, herramienta de
SIN SUB	p260102	Audífonos/None			Reproductor de Casete Retro Boombox, Radio Am SW FM Estéreo, Grabadora Portátil de Cinta de Casete V
SIN SUB	p260120	Audífonos/None			DEWALT DXFRSSV1 - Auriculares DXFRS300 y DXFRS800 Walkie Talkie radios bidireccionales, Conector de 
SIN SUB	p260122	Audífonos/None			Auriculares con micrófono manos libres Midland AVP1 VOX para radios portátiles Midland - Paquete de 
SIN SUB	p260127	Autos, bicicletas y motos/None			Antena de radio marina VHF de largo alcance, 156-163 MHz, conector PL259, con cable coaxial de baja 
SIN SUB	p260130	Audífonos/None			Reproductor de CD, Compatible con Radio AM/FM, Control Remoto, Entrada AUX, Puerto USB y Conector pa
SIN SUB	p260136	Audífonos/None			Retevis Walkie Talkie Auricular para H-777 RT21 RT22 Baofeng UV-5R 888S, Auriculares Tácticos Milita
SIN SUB	p260150	Audífonos/None			Reproductor de Cd, Reproductor de Cassette, Compatible con Radio AM/FM, Control Remoto, Entrada AUX,
SIN SUB	p260157	Autos, bicicletas y motos/None			SiriusXM SXWB1V1 Tour Dock & Play Radio con 360L, Base para vehículos PowerConnect y Bluetooth
SIN SUB	p260162	Audífonos/None			Reproductor de Casete Retro Boombox, Reproductor de Casete de Radio AM FM, Capturas de Reproductor d
SIN SUB	p260165	Audífonos/None			Radios bidireccionales de largo alcance Walkie talkies para adultos con auriculares, radio de mano d
SIN SUB	p260176	Herramientas/None			Capital Safety 3M DBI-SALA - Protección contra caídas para herramientas, 1500089, combo de funda de 
SIN SUB	p260193	Audífonos/None			SingingWood GC01 Macarons Series - Reproductor de CD portátil con radio estéreo AM FM para niños, vi
SIN SUB	p260197	Herramientas/None			Kastar - Paquete de 6 baterías de repuesto para Midland BATT3R BATT-3R, AVP14 MID-AVP14, LXT600 LXT-
SIN SUB	p260200	Audífonos/None			Jensen CD-490 Reproductor de CD estéreo Deportivo portátil con Radio Am/FM y Entrada de línea Auxili
SIN SUB	p260203	Audífonos/None			Retevis RT22S Walkie Talkie Recargable, Radios de Comunicacion con Auriculares, FRS Sin Licencia,VOX
SIN SUB	p260204	Audífonos/None			Mini Radio Portatil Pequeña Digital Radio de Bolsillo FM/Am Estéreo, Cuenta Regresiva para Apagar, c
SIN SUB	p260205	Audífonos/None			Retevis - Auricular de radio, tubo acústico adicional y auriculares de silicona suave (5 pares), par
SIN SUB	p260209	Audífonos/None			Midland - Auriculares con micrófono - Auriculares de seguridad para radios bidireccionales - Compati
SIN SUB	p260221	Herramientas/None			Soporte Magnético para Starlink Mini, Kit de Montaje para Techo de Auto sin Herramientas, Accesorios
SIN SUB	p260226	Audífonos/None			Retevis RT68 Radios de Comunicacion Largo Alcance, Walkie Talkie Largo Alcance,16 CH, FRS, VOX Manos
SIN SUB	p260238	Audífonos/None			Midland - LXT600VP4 - Radio portátil bidireccional - Par de radios LXT600 FRS con auriculares, radio
SIN SUB	p260256	Autos, bicicletas y motos/None			Radio portátil President Jerry FCC Am/FM con Sistema de Carga de vehículo, Perfecta para el Guerrero
SIN SUB	p260260	Audífonos/None			Retevis RB66P Walkie Talkies para adultos, carga rápida, linterna, Walkie Talkies con auriculares, 1
SIN SUB	p260278	Audífonos/None			Walkie Talkies Baofeng T26 de largo alcance, batería recargable de iones de litio, radio de dos vías
SIN SUB	p260295	Audífonos/None			T-M9 Super Mini Walkie Talkies con auriculares, radio bidireccional pequeña recargable de 25 canales
SIN SUB	p260328	Audífonos/None			Motorola Talkabout T270 Radio bidireccional con auriculares, paquete de 4
SIN SUB	p260330	Audífonos/None			Motorola Talkabout T470 Radio de dos vías 4 unidades Walkie Talkies negro/amarillo con auriculares d
SIN SUB	p260331	Audífonos/None			Retevis RB48 Walkie Talkies con Auriculares, MIL-STD 810H (Paquete de 4)
SIN SUB	p260341	Audífonos/None			Retevis RT18 Walkie Talkie, Radios de Comunicacion Largo Alcance,PTT Doble, VOX, Clip de Metal, Mini
SIN SUB	p260395	Audífonos/None			Walkie Talkies para adultos Radios bidireccionales de largo alcance con auriculares, radio de mano d
SIN SUB	p260396	Audífonos/None			Motorola Solutions - Radio portátil FRS Talkabout T470 de dos vías recargable, paquete de 2 walkie t
SIN SUB	p260444	Herramientas/None			DEWALT - Radio Bluetooth de 20 V MAX, Alcance de 100 pies, portátil para Lugares de Trabajo (DCR025)
SIN SUB	p260447	Herramientas/None			Dewalt XR DCR029 - Radio con batería y Red (Dab+ y FM estéreo, Carcasa Extremadamente Resistente, co
SIN SUB	p260460	Audífonos/None			DEWALT DXFRS300 - Walkie talkies Resistentes de 1 W con Auriculares, Impermeable, Resistente a los G
SIN SUB	p260466	Audífonos/None			BAOFENG: Paquete de 20 Walkie Talkies para Negocios y Escuelas, Largo Alcance, Recargable, con Auric
SIN SUB	p260510	Audífonos/None			Baofeng Walkie Talkies 888S recargable de largo alcance con auriculares para adultos, radio profesio
SIN SUB	p260512	Audífonos/None			LXT600BBX6 Midland LXT600BBX6 FRS - Walkie talkies empresariales - Radios bidireccionales de Largo A
SIN SUB	p260540	Autos, bicicletas y motos/None			Retro Manufacturing HI-304-68-78 Hermosa Radio de Ajuste Directo para vehículo clásico (Botones faci
SIN SUB	p260546	Audífonos/None			Motorola Talkabout T475 Radio bidireccional Paquete de 6 Walkie Talkies Negro/Amarillo 22 canales PT
SIN SUB	p260557	Audífonos/None			Radio Portátil Multifuncional De Cuerda, Radio De Emergencia con Auriculares con Receptor De Radio c
SIN SUB	p260614	Herramientas/None			Radio Chargeur Milwaukee M18 PRCDAB+-0- 4933472112
SIN SUB	p260626	Autos, bicicletas y motos/None			RetroSound Hermosa - Radio de ajuste directo para vehículos clásicos, cara y botones cromados y bise
SIN SUB	p260634	Audífonos/None			DEWALT DXFRS300 - Radios bidireccionales de 1 W Walkie Talkies de Alta Resistencia, Paquete de 6 con
SIN SUB	p260649	Audífonos/None			Mini Receptor de Radio portátil Recargable, Radio FM de Bolsillo con retroiluminación LCD, Antena re
SIN SUB	p260652	Audífonos/None			Mini Portátil FM/Am Pantalla Estéreo Radio Estación Almacenamiento Reloj 3,5mm Salida Auriculares
SIN SUB	p260688	Audífonos/None			Radio Am FM Radio Personal con Tipos de Auriculares estéreo Multifuncional portátil de Cuerda
SIN SUB	p26070	Muebles/Otros			Marble black pedicure chair,China pedicure chair in cheap price
SIN SUB	p260728	Audífonos/None			DEWALT DXFRS800 - Radios bidireccionales de 2 W Walkie Talkies de Alta Resistencia, Paquete de 6 con
SIN SUB	p260730	Audífonos/None			2 Motorola EVX-S24 - Radio digital UHF y 2 MH-89A4B C-Ring auriculares diseñados para tu equipo de s
SIN SUB	p260731	Audífonos/None			Motorola Solutions, portátil FRS Talkabout T605 H2O Radios bidireccionales, paquete de 8 unidades, W
SIN SUB	p260735	Audífonos/None			4 x Motorola RMV2080 - Radio de negocios de 2 vías (RMV2080) + 4 auriculares Motorola HKLN4604 PTT
SIN SUB	p260738	Herramientas/None			ASVEGE 12.1 Radio de coche para Toyota Tundra 2014-2019 Android11 Tesla visualización Multimedia Pla
SIN SUB	p260739	Audífonos/None			Motorola CP100D - 2 radios de dos vías portátiles analógicas UHF sin visualización, 16 canales, 4 va
SIN SUB	p260743	Audífonos/None			4 x Motorola RMM2050 Radio de 2 vías en el sitio (RMM2050) + 4 x Auriculares Motorola HKLN4604 PTT -
SIN SUB	p260748	Audífonos/None			Motorola Solutions, Talkabout T275, radio de dos vías portátil FRS, paquete de 8 walkie talkies nara
SIN SUB	p260778	Audífonos/None			Motorola Solutions Talkabout - Radio de dos vías portátil FRS T478 - Paquete de 6 walkie talkies bla
SIN SUB	p260782	Audífonos/None			Motorola Solutions, Portable FRS, Talkabout T380 Radios bidireccionales, paquete de 6, Walkie Talkie
SIN SUB	p260789	Audífonos/None			Radio Retro portátil FM/Am SW 3 Soporte de Ancianos Bandas TF Tarjeta Entrada Audio estéreo Carga,5 
SIN SUB	p260807	Autos, bicicletas y motos/None			DYLF-105 Tipo de radios Vehículo Prensa Jack Presión Fuerza Sensor de impacto Sensor de celda de car
SIN SUB	p260822	Herramientas/None			Grúa de Radio inalámbrica Industrial de marcha única, 8 botones, interruptores de Control remoto, co
SIN SUB	p260841	Audífonos/None			Motorola DTR700 - Radio digital de 2 vías (50 canales) (DTR700) + 2 auriculares Motorola HKLN4604 PT
SIN SUB	p260845	Audífonos/None			4 x Motorola RMU2080d - Radio comercial de 2 vías con visualización (RMU2080D) + 4 auriculares Motor
SIN SUB	p260847	Audífonos/None			6 x Motorola CP100D analógico UHF portátil sin visualización Radio bidireccional de 16 canales, 4 va
SIN SUB	p260859	Autos, bicicletas y motos/None			Ruedas Supermoto Radios de aluminio de 17 pulgadas compatibles con motocicletas Yamaha YZ125 YZF125 
SIN SUB	p260866	Herramientas/None			Android 15 Auto Car Radio Reproductor Multimedia Compatible for Toyota C-HR CHR 2016-2020 inalámbric
SIN SUB	p260899	Autos, bicicletas y motos/None			DYLF-105 Tipo de radios Vehículo Prensa Jack Presión Fuerza Sensor de impacto Sensor de celda de car
SIN SUB	p260956	Audífonos/None			Motorola Solutions CLS1410 - Radio de Dos vías Walkie Talkies + 2 Cargadores múltiples + 12 Auricula
SIN SUB	p260958	Audífonos/None			6 unidades de radio Motorola RDU4160d con 6 auriculares Push To Talk (PTT) y un cargador de radio de
SIN SUB	p261032	Herramientas/None			Juego de 2 Atomizador de Agua, 300ml Pulverizador de Agua Antiderrames
SIN SUB	p261039	Herramientas/None			6 Piezas Pizeta,botellas de limpieza de pestañas vacías de 250 ml con herramienta auxiliar de injert
SIN SUB	p261358	Herramientas/None			Cepillo Extensible para Limpieza de Paneles solares - Herramienta eléctrica de Alta Potencia de 3,5 
SIN SUB	p261823	Teclados/None			Liquid Stands Banco de Piano Ajustable ñ Banco de Teclado Musical con Asiento de Respaldo para Tecla
SIN SUB	p261824	Teclados/None			RockJam Piano con teclado de 61 teclas con soporte para partituras, pegatinas para notas de piano y 
SIN SUB	p261825	Teclados/None			Alesis Melody 32 Miniteclado de Piano
SIN SUB	p261830	Teclados/None			EYNSHOO Melodica de 32 Teclas Instrumento de Teclado de Boca, Negra
SIN SUB	p261832	Teclados/None			Melodica Escolar con 32 Teclas, Teclado de Piano para Niños Principiantes
SIN SUB	p261837	Teclados/None			Aleación de Metal Kazoo Aleación de Aluminio Mini Portátil Kazoo Ukulele Guitar Partner Fácil De Apr
SIN SUB	p261839	Audífonos/None			Teclado Musical, 61 Teclas Piano Eléctrico, Piano Digital con Audífonos, Micrófono, Atril, 100 Tonos
SIN SUB	p261840	Teclados/None			Kazoo de Aleación de Aluminio Portátil Instrumento Musical para Acompañar Piano Guitarra Ukelele Vio
SIN SUB	p261841	Teclados/None			LIHYL Taburete de Piano,Taburete de Teclado Ajustable Portátil,Asiento Plegable de Metal en Forma de
SIN SUB	p261842	Audífonos/None			NOVAKA Piano Electrónico 88 Teclas Portátil, con 200 Sonidos, Conexión para Micrófono, Auriculares, 
SIN SUB	p261844	Herramientas/None			Juego de Diapasón, Juego de 9 Diapasón 174Hz a 963 Hz para Terapia de Sonido, Pruebas de Audición, M
SIN SUB	p261845	Teclados/None			Teclado Musical Portatil 61 Teclas con Micrófono, para Principiantes
SIN SUB	p261847	Teclados/None			Piano de Viento 32 Teclas, Teclado Musical con Boquilla Mango Largo, Tubo de Soplado y Bolsa de Tran
SIN SUB	p261848	Teclados/None			Alesis Recital Play Teclado de Piano Eléctrico de 88 Teclas
SIN SUB	p261849	Teclados/None			Teclado de Piano Electrico de 61 Teclas, Piano Eléctrico Multifuncional
SIN SUB	p261852	Herramientas/None			EASTROCK Guiro Instrument - Instrumento de percusión latina de 9.91 x 33.02 cm, con 2 raspadores, he
SIN SUB	p261855	Teclados/None			MTQ Piano Electrico Iluminado, Teclado Musical 61 Teclas, Teclado Piano
SIN SUB	p261858	Teclados/None			Kazoo de metal con diafragma de flauta, de instrumento musical para niños y amante de la música, uke
SIN SUB	p261863	Teclados/None			Foraineam - Paquete de 24 kazoos de metal con 24 diafragmas de flauta Kazoo de 6 colores instrumento
SIN SUB	p261867	Herramientas/None			Instrumento de güiro, güiro de percusión Acero Inoxidable, Instrumentos Musicales para Adultos, Meta
SIN SUB	p261868	Teclados/None			Teclado Piano Portátil Recargable 49 Teclas,Electrónico Enrollable,Negro
SIN SUB	p261869	Teclados/None			Piano Electrónico 37 Teclas, Teclado Piano Mini Multifuncional Rompecabezas, Instrumento Musical Por
SIN SUB	p261872	Teclados/None			CAHAYA Melodica - 37 teclas con bolsa de transporte y 2 con boquillas, teclado de piano de aire, ins
SIN SUB	p261874	Teclados/None			Ejoyous Teclado de Piano, Teclado Eléctrico Instrumento Musical de Piano de 37 Teclas,Aprendizaje de
SIN SUB	p261879	Herramientas/None			Instrumento Guiro con 1 raspador Instrumento de percusión latina portátil en forma de Interesante he
SIN SUB	p261883	Teclados/None			Piano De Mesa Niño,Teclado de música eléctrico para niños,37 Teclas multifunción portátil eléctrico 
SIN SUB	p261885	Teclados/None			XIBANY 8 Teclas Kalimba Mini Thumb Piano Finger Piano Transparente Acrílico Teclado de Dedo Instrume
SIN SUB	p261888	Herramientas/None			Ajustable Aleación de Zinc Snare Drum Marching Drum Strainer Regulador Herramienta de Mantenimiento 
SIN SUB	p261891	Teclados/None			Teclado de Piano Electrico de 61 Teclas apto para Niños y Principiantes
SIN SUB	p261893	Teclados/None			LP1 Pedal de Sustain, Pedal de Sostenido Universal con Interruptor de Polaridad, Pedal Piano para Pi
SIN SUB	p261895	Teclados/None			Teclado de instrumento Melódica de 32 teclas Boquilla Instrumento melódico para Principiantes Instru
SIN SUB	p261896	Teclados/None			Domary piano electronico Teclado electrónico de música Digital de 61 teclas para niños, Piano eléctr
SIN SUB	p261898	Herramientas/None			RANMING Guiro Instrument, 3.9 x 13 pulgadas, Negro, 2 raspadores, herramienta de entrenamiento music
SIN SUB	p261900	Teclados/None			Teclado Eléctrico Piano 37 Teclas con Micrófono para Principiantes Alimentación Dual USB o Baterías 
SIN SUB	p261903	Herramientas/None			Abuff - Instrumento Guiro de metal, 30.5 x 15.24 cm, acero inoxidable con raspador, instrumento de p
SIN SUB	p261907	Teclados/None			Teclado soprano 37 teclas melódicas, instrumento de educación musical, estilo piano, instrumento mus
SIN SUB	p261910	Herramientas/None			Ejoyous Entrenador de Acordes de Guitarra, Herramienta de Enseñanza
SIN SUB	p261913	Teclados/None			Eujgoov 32 teclas melódicas, instrumento musical de viento adecuado para la práctica de principiante
SIN SUB	p261914	Teclados/None			Mlódica CAHAYA de 32 teclas: Instrumento musical de teclado de piano de aire con boquilla de doble t
SIN SUB	p261917	Teclados/None			CAHAYA - Melódica CY0050-3 con boquilla, 32 teclas, doble tubo, teclado de piano de aire, instrument
SIN SUB	p261920	Teclados/None			Oumefar Piano con Teclado de 61 Teclas, Instrumento de Piano Electrónico Portátil con Efectos de Son
SIN SUB	p261921	Teclados/None			Teclado Musical, Pianos Digital 61 Teclas, Teclado Piano Electrico con Micrófono, Cable USB, Soporte
SIN SUB	p261923	Teclados/None			Play22 Alfombra de piano Jumbo de 6 pies con teclado musical para niños pequeños y niños con teclado
SIN SUB	p261924	Teclados/None			Keenso Teclado Eléctrico Piano, 37 Teclas Teclado para Niños con Micrófono para Principiantes, Educa
SIN SUB	p261925	Teclados/None			Eavnbaek - Instrumento melódica, teclado profesional para piano de aire, instrumento musical con boq
SIN SUB	p261926	Herramientas/None			Alomejor Metal Guiro de Acero Inoxidable - Instrumento de percusión Latino de Mano con Mango para Ba
SIN SUB	p261928	Herramientas/None			EASTROCK Instrumento de Güiro 9.9 x 33 cm en forma de pez, instrumento de percusión latino con 2 ras
SIN SUB	p261929	Herramientas/None			EASTROCK Guiro Instrument - Instrumento de percusión latina de 9.91 x 33.02 cm, con 2 raspadores, in
SIN SUB	p261930	Teclados/None			Teclado Electrónico 61 Teclas Piano Instrumento Musical Educativo para Principiantes Portátil con Mi
SIN SUB	p261936	Teclados/None			MOSEN - Instrumento melódica de 32 teclas, teclado de piano de aire, pianica soprano melódica con 2 
SIN SUB	p261939	Herramientas/None			Tachiuwa Regla Digital de nivelación de Guitarra, Herramienta Luthier para Hacer Guitarra, Pieza de 
SIN SUB	p261941	Teclados/None			RiToEasysports Teclado de 37 Teclas Piano Guitarra Portátil Órgano Electrónico Mini Keytar con Micró
SIN SUB	p261945	Audífonos/None			Teclado Musical, 61 Teclas Piano Eléctrico, Piano Digital con Audífonos, Micrófono, Atril, 100 Tonos
SIN SUB	p261947	Teclados/None			MTQ Piano Electrico 61 Teclas, Teclado Musical, Teclado Piano con Micrófono
SIN SUB	p261952	Teclados/None			Play22 Alfombrilla de juego para teclado de 71 pulgadas, 24 teclas, alfombrilla para piano con graba
SIN SUB	p261955	Teclados/None			Piano Electrónico de 61 Teclas Plegable, Teclado Portátil para Viaje, Instrumento Musical Educativo 
SIN SUB	p261960	Herramientas/None			Guitar Bridge Doctor Instrumentos musicales Herramienta de fabricación y reparación para un volumen 
SIN SUB	p261963	Teclados/None			Melodica, Teclado de Piano de Amplio Rango de 41 Teclas, Instrumento Musical de Viento para actuació
SIN SUB	p261964	Teclados/None			Teclado Musical con 61 Teclas, con 61 Percusiones, 225 Ritmos, 255 Tonos, 24 Canciones Demo, AUX, Gr
SIN SUB	p261965	Teclados/None			CHICIRIS Instrumento de Piano con Teclado Eléctrico Profesional de 61 Teclas con Cable USB Micrófono
SIN SUB	p261973	Teclados/None			Teclado Electrónico de 37 Teclas, Piano Electrónico, Piano, Guitarra Portátil, órgano Electrónico, M
SIN SUB	p261981	Teclados/None			Teclado de Piano de 32 Teclas, Teclado Musical de Plástico BF 3200 Teclado Eléctrico 44 X 22 X 6 Cm 
SIN SUB	p261983	Teclados/None			LiebeWH Teclado de Piano Plegable 61 Teclas, con Grabación
SIN SUB	p261985	Teclados/None			Herramienta De Reparación De Afinación De Piano Herramienta De Afinación De Piano Combinada De Mader
SIN SUB	p261987	Teclados/None			Paquete de 8 cables de instrumento de guitarra de 20 pies, 1/4 pulgadas, TS recto a recto, cable de 
SIN SUB	p261989	Herramientas/None			Kit profesional de afinación de piano de 18 piezas, herramientas de
SIN SUB	p261991	Teclados/None			Alesis Melody 61 MK4 Teclado de Piano Eléctrico de 61 Teclas
SIN SUB	p261992	Teclados/None			Alesis Teacher's Choice Teclado de Piano de 61 Teclas Iluminadas
SIN SUB	p261993	Teclados/None			MTQ Piano Electrico Plegable, Teclado Musical Iluminado, 88 Teclas
SIN SUB	p261994	Teclados/None			Yamaha Remie Teclado Infantil PSS-E30
SIN SUB	p261995	Teclados/None			Yamaha Mini teclado portátil PSS-F30
SIN SUB	p262001	Teclados/None			Hand Roll Piano 61 Teclas Teclado Eléctrico Recargable de Silicona Plegable Instrumento Musical para
SIN SUB	p262006	Teclados/None			Donner - Banco de Piano con Almacenamiento, Banco de Teclado de Madera Maciza, Asiento de Silla con 
SIN SUB	p262011	Teclados/None			Teclado de piano de madera para niños, 37 teclas con soporte de música para niños y niñas
SIN SUB	p262013	Teclados/None			Domary Piano Digital Plegable portátil de 88 Teclas, Teclado electrónico Multifuncional, Piano para 
SIN SUB	p262014	Teclados/None			Piano de mano, 61 teclas, flexible, plegable, de silicona, recargable, teclado eléctrico, piano, por
SIN SUB	p262016	Teclados/None			driver de teclado MIDI de 37 teclas con 16 almohadillas para orejas de batería retroiluminadas, perf
SIN SUB	p262019	Audífonos/None			Yamaha Teclado PSS-A50 negro – Portátil con gran sonido y efectos increíbles – Ligero con conexión U
SIN SUB	p262022	Teclados/None			Alesis Teacher's Choice Paquete de Teclado de Piano de 61 Teclas Iluminadas
SIN SUB	p262024	Audífonos/None			RockJam - Kit de piano con teclado de 61 teclas con banco para teclado, soporte para teclado, auricu
SIN SUB	p262031	Teclados/None			Daconovo Piano Plegable De 88 Teclas, Piano Digital Multifuncional, Teclado Electrónico Portátil, In
SIN SUB	p262034	Teclados/None			Donner - Teclado de piano con 88 teclas, teclas sensibles a la velocidad de piano digital para princ
SIN SUB	p262035	Teclados/None			Taramps - Mezclador de audio profesional T0602 PLAYER con conexión BT, función Echo FX y control de 
SIN SUB	p262037	Audífonos/None			Piano con teclado RockJam de 61 teclas con kit de pantalla LCD, soporte para teclado, banco de piano
SIN SUB	p262039	Audífonos/None			MUSTAR - Teclado de piano MEKS-500 con teclado de aprendizaje de 61 teclas con teclas iluminadas, te
SIN SUB	p262042	Audífonos/None			Behringer U-PHORIA STUDIO PRO Paquete completo de grabación con interfaz de audio USB de alta defini
SIN SUB	p262046	Teclados/None			Teclado Piano Donner de 61 Teclas, Kit de Teclado Eléctrico con 249 Voces, 249 Ritmos - Incluye Sopo
SIN SUB	p262056	Teclados/None			Loog Piano digital – Teclado portátil para principiantes con sonido de grado músico, MIDI sobre USB-
SIN SUB	p262064	Herramientas/None			Herramienta de curación "Chakra Sound" Rawa | Carillones de flujo tubular de 12 notas | Sonido de ta
SIN SUB	p262079	Cámaras y fotografía/None			Shure BLX14/B98 - Sistema Inalámbrico de micrófono para Instrumento de Viento
SIN SUB	p262088	Audífonos/None			Yamaha AG03MK2 Kit de transmisión en vivo negro con mezclador/interfaz USB, micrófono de condensador
SIN SUB	p262097	Audífonos/None			Instrumento musical electrónico Suzuki Omnichord OM-108 Sintesizador Digital de Acordes Cítara Acomp
SIN SUB	p262101	Herramientas/None			Roland SH-4d - Sintetizador de computadora compacto | 11 modelos OSC | Herramientas profesionales de
SIN SUB	p262102	Teclados/None			Arturia AstroLab Teclado escenario (37 teclas)
SIN SUB	p262104	Herramientas/None			Roland SH-4d - Sintetizador de escritorio compacto | 11 modelos OSC | Herramientas profesionales de 
SIN SUB	p262117	Teclados/None			Streichfett Negro - Teclado MIDI USB
SIN SUB	p262126	Teclados/None			Acordeón Profesional Piano 26 Teclas 48 Bajos Instrumento Musical Teclado con Bolsa de Transporte y 
SIN SUB	p262130	Teclados/None			Elektron Analog Heat +FX - Efecto analógico para instrumentos de teclado
SIN SUB	p262131	Teclados/None			Acordeón Portátil Piano 34 Teclas 72 Bajos Instrumento Musical con Teclado y Negro Sonido Rico y Def
SIN SUB	p262153	Herramientas/None			Rueda de Círculo Quintos Madera Herramienta Aprendizaje Teoría Musical Melodías y Acordes Accesorios
SIN SUB	p262155	Herramientas/None			Tune Hammer Metal Tuning Hammer Kit Fuerte y Pulgar Piano Kalimba Tone Hammer Hammer Instrumento Mus
SIN SUB	p262158	Teclados/None			Interfaz de 3 5mm Pedal Sostenimiento Universal para Instrumentos Musicales Piano Enrollable portáti
SIN SUB	p262160	Herramientas/None			Diapasón de afinación Standard A Tune 440 Hz Afinador de violín Instrumento de tono Herramienta para
SIN SUB	p262161	Herramientas/None			Puente de violín de madera, herramienta de puente de arce regordete Great Ray, compatible con Acceso
SIN SUB	p262164	Herramientas/None			Herramienta de medición Fritz para guitarra de calibre de acción para instrumentos de cuerda
SIN SUB	p262165	Herramientas/None			Dilwe Afinadores de Guitarra Engranajes, Engranaje Abierto Afinadores de Guitarra de Hierro Engranaj
SIN SUB	p262170	Herramientas/None			3 unids/Lote Saxofón Caucho Pulgar Resto Palm Key Pads Cojines Protector de Dedos Herramientas para 
SIN SUB	p262171	Herramientas/None			Puente Violonchelo Arce Reemplazo Autoajustable 4/4 Accesorio Musical Instrumento Plantilla Herramie
SIN SUB	p262173	Teclados/None			Pedal de Sustain Universal con Interruptor de Polaridad – Pedal de Sostenimiento para Teclado Electr
SIN SUB	p262176	Teclados/None			6PCS Aleación de Metal Kazoo Aleación de Aluminio Mini Portátil Kazoo Ukulele Guitar Partner Fácil D
SIN SUB	p262177	Teclados/None			Soporte de partitura para teclado y música, piezas de instrumentos musicales, portátil, adecuado par
SIN SUB	p262178	Teclados/None			Teclado Electrónico para Niños,61 Teclas con Micrófono,Atril Cable de Datos
SIN SUB	p262179	Teclados/None			Teclado Eléctrico Piano 37 Teclas Rosa
SIN SUB	p262181	Teclados/None			Melódica de 32 Teclas, Teclado de Piano de Aire para Instrumentos Musicales, Melódica con Bolsa de T
SIN SUB	p262183	Teclados/None			Tapete Musical para Niños,2-in-1 Tapete Musical con Tambor,Teclado de Suelo Plegable con 7 Sonidos d
SIN SUB	p262188	Teclados/None			Kit's Kiss - Llavero de piano de música para profesores, regalo para estudiantes, nota musicial, ins
SIN SUB	p262190	Herramientas/None			Dilwe Enderezadora de de violín, Corrector de Ajuste enderezar Herramienta de guía de colimador Sumi
SIN SUB	p262191	Teclados/None			Teclado eléctrico Teclado musical electrónico portátil de 37 teclas con función de grabación de micr
SIN SUB	p262194	Herramientas/None			Kit Reparaci¨®n Clarinete Profesional Herramientas Mantenimiento Accesorios para Piezas de Instrumen
SIN SUB	p262195	Herramientas/None			Eacam Estándar Universal Mecánico Metrónomo Material de ABS para Guitarra Violín Piano Bajo Tambor I
SIN SUB	p262197	Herramientas/None			Metrónomo mecánico universal estándar ABS material para guitarra, violín, piano, bajo, instrumento m
SIN SUB	p262198	Teclados/None			Tapete Musical de Piano para Niños, Grande Alfombrilla de Musicales Infantiles con 2 Batería Drums, 
SIN SUB	p262200	Teclados/None			Soporte de Teclado, Forma de X 30-89 cm Portátiles Soporte Doble para Teclado Musical con 7 Posicion
SIN SUB	p262201	Herramientas/None			Cimbales de mano de 7 tonos para energía, instrumento de percusión, herramienta musical para la gest
SIN SUB	p262202	Teclados/None			Melodica 37 Teclas Teclado Melodica Instrumento Musical de Viento para Entrenamiento Profesional Pri
SIN SUB	p262206	Teclados/None			Melodica 37 Teclas Teclado Melodica Instrumento Musical de Viento para Entrenamiento Profesional Pri
SIN SUB	p262207	Herramientas/None			Foraineam Güiro de acero inoxidable con raspador, 30.5 x 10.2 cm, instrumento profesional de percusi
SIN SUB	p262215	Teclados/None			YAYUZEST - Instrumento melódico de 32 teclas, teclado de piano de aire Soprano melódica con 2 tubos 
SIN SUB	p262226	Teclados/None			Teclado de piano para niños con micrófono de 37 teclas mejorado para 3, 4, 5, 6, color morado
SIN SUB	p262229	Teclados/None			Melódica de 37 Teclas, Instrumento Musical de Viento, Teclado de Piano de Aire, Melódica con Bolsa d
SIN SUB	p262231	Teclados/None			Alfombra de piano de animales de granja, alfombra musical para niños, teclado de aprendizaje educati
SIN SUB	p262233	Teclados/None			Eavnbaek - Instrumento melódica, teclado profesional para piano de aire, instrumento musical con boq
SIN SUB	p262238	Herramientas/None			PLULON - Juego de 6 piezas de mini maracas de madera mexicana para fiesta de fiesta mexicana, decora
SIN SUB	p262239	Teclados/None			MUINS - Bolsa electrónica para teclado de piano de 61 teclas, tela Oxford 600D, de algodón grueso, i
SIN SUB	p262242	Teclados/None			Piano eléctrico Teclado eléctrico de Piano con Micrófono Piano Eléctrico Portátil para Principiantes
SIN SUB	p262245	Teclados/None			Eujgoov 32 teclas melódicas, instrumento musical de viento adecuado para la práctica de principiante
SIN SUB	p262246	Teclados/None			Piano con Teclado de 61 Teclas con Accesorios para Niños función recargable
SIN SUB	p262249	Herramientas/None			Instrumentos De Percusión Para Adultos,Instrumento de Percusión con Sonido Latino,Herramienta para E
SIN SUB	p262254	Teclados/None			Teclado de Piano de 37 Teclas con Micrófono, Correa para el Hombro, Guitarra Órgano Electrónico Keyt
SIN SUB	p262267	Teclados/None			ProMark | Mazas para Teclado de Percusión | Spyr Bell Mallets | SU13R
SIN SUB	p262268	Teclados/None			Teclado de Piano Plegable de 61 Teclas, Teclado Eléctrico Ponderado, Teclado de Música Digital de Pi
SIN SUB	p262269	Teclados/None			TaoBary - 200 lápices de música, notas musicales, teclado de piano, lápices de madera a granel, rega
SIN SUB	p262272	Teclados/None			Battat Piano cocodrilo, Teclado Musical Infantil con 15 Canciones, Plan
SIN SUB	p262274	Teclados/None			LEXiBOOK, Disney Princesses, Teclado Musical electrónico con micrófono (32 Teclas) Disney Princesses
SIN SUB	p262291	Herramientas/None			Juego de herramientas para reparación de instrumentos de viento de madera para saxofón, 26 piezas de
SIN SUB	p262292	Herramientas/None			Cuencos tibetanos auténticos grabados a mano – Cuenco de sonido y cuenco de meditación – Instrumento
SIN SUB	p262298	Teclados/None			driver de teclado MIDI USB de 25 teclas con 8 almohadillas para orejas de tambor, mini teclado profe
SIN SUB	p262303	Teclados/None			Teclado de Piano Enrollable Recargable de 88 Teclas con Opciones de Sonido Versátiles y Pantalla LED
SIN SUB	p262306	Audífonos/None			YAMAHA PSS-F30 Mini Keyboard Negro – Teclado Ligero para niños con miniteclado y Hermosos Sonidos de
SIN SUB	p262316	Teclados/None			Donner - Piano de teclado para piano de 61 teclas para principiantes/profesionales, kit de teclado e
SIN SUB	p262318	Teclados/None			driver midi lotmusic Worlde TUNA PANDA MINI 25 teclas teclado USB portátil Midi con 8 RGB retroilumi
SIN SUB	p262320	Audífonos/None			MUSTAR - Teclado de piano de 61 teclas, teclado de piano eléctrico con teclas iluminadas, teclado de
SIN SUB	p262321	Teclados/None			Coolmusic - Teclado AMP 30 W amplificador de monitor personal con amplificador de tambor eléctrico, 
SIN SUB	p262322	Teclados/None			Korg Amplificador de Teclado, 49 Teclas (MICROKEY249), Negro
SIN SUB	p262323	Teclados/None			Eastar - Kit de piano de teclado electrónico con 61 teclas para principiantes, piano digital E con s
SIN SUB	p262328	Muebles/Otros			Acordeón Profesional Cromático de Botones 62 Teclas 72 Bajos Instrumento Musical con Fuelle Sellado 
SIN SUB	p262329	Teclados/None			Acordeón Portátil Piano 34 Teclas 72 Bajos Instrumento Musical con Teclado y Bajos Precisos Rejilla 
SIN SUB	p262330	Teclados/None			Generic Acordeón Portátil Piano 34 Teclas 72 Bajos Instrumento Musical con Botones de Bajo Responsiv
SIN SUB	p262331	Teclados/None			Almencla Acordeón Teclado Piano Instrumento Musical Cromático Profesional con 34 Teclas 48 Bajos y F
SIN SUB	p262332	Teclados/None			Generic Acordeón Teclado Piano Instrumento Musical Cromático Profesional con Fuelles Resistentes y C
SIN SUB	p262362	Teclados/None			Cepillo para Polvo de Instrumentos, Diseño de Doble Cara, Cerdas Suaves para Piano, Guitarra, Ukelel
SIN SUB	p262369	Herramientas/None			Herramientas de reparación de instrumentos de de madera,
SIN SUB	p262370	Herramientas/None			Afinador universal de metal afinador de acero inoxidable estabiliza y fortalece el sentido estético 
SIN SUB	p262371	Teclados/None			LICAEVEY Flauta Kazoo de Doble Orificio, Instrumento Musical Ajustable para Guitarras y Teclados, Di
SIN SUB	p262372	Herramientas/None			Cuerda de bajo para guitarra eléctrica, depurador de diapasón, limpieza de frotaciones, cuidado de m
SIN SUB	p262373	Herramientas/None			Generic Diapasón de Metal Confiable A440Hz Herramienta para Guitarra Violín Instrumento Musical, par
SIN SUB	p262374	Herramientas/None			Boquilla para trompeta, herramienta limpia, herramienta de latón, instrumento de limpieza, instrumen
SIN SUB	p262375	Herramientas/None			Herramienta de limpieza de mantenimiento para limpiar cuerdas de
SIN SUB	p262380	Teclados/None			Alasum Pegatina Transparente para Teclado de Piano Notas y Letras Adhesivas, Hoja Única para Princip
SIN SUB	p262382	Herramientas/None			Bobinadores de cuerdas de guitarra, herramienta de, Black
SIN SUB	p262384	Teclados/None			Reemplazo de Almohadilla de Pegamento de Conductiva de Grado Profesional para Teclados de Instrument
SIN SUB	p262386	Herramientas/None			Luqeeg Cepillo de Limpieza para Instrumentos Musicales, Cepillo para Polvo de Doble Punta, Herramien
SIN SUB	p262387	Herramientas/None			Soporte para Mástil de Guitarra Herramienta para instrumento musical
SIN SUB	p262388	Herramientas/None			Cepillos para trompeta, boquilla, válvulas, cepillos, instrumentos musicales, herramientas de cuidad
SIN SUB	p262391	Teclados/None			Alomejor Etiqueta engomada del Piano 61/88 Teclado Clave Nota Musical Sitcker Etiqueta extraíble par
SIN SUB	p262399	Herramientas/None			3 Piezas de Cepillo de Limpieza de Tubos Flexibles, Cepillo para Boquilla de Trompeta, Juego de Limp
SIN SUB	p262409	Herramientas/None			Percusión Vibra Slap - Instrumento musical de madera, fabricante de ruido de mano único, herramienta
SIN SUB	p262412	Herramientas/None			Tempaky 6 Pulgadas pequeña Rana Guiro Rasp Frog Sound Maker Instrumento de percusión Musical de Made
SIN SUB	p262413	Teclados/None			Alfombra de Juego de Música de Piano Electrónico para bebé Sonidos de Animales Teclado Musical Manta
SIN SUB	p262418	Herramientas/None			Archivo de Coronación de Traste de Guitarra, Bordes Hexagonales, Reparación de Accesorios para Instr
SIN SUB	p262422	Teclados/None			MEETOOT 50 piezas Teclas de Guitarra Lateral Dot Instrumento Musical Intarsio Dots 50x2mm Teclado de
SIN SUB	p262425	Herramientas/None			Herramienta de Acordes de Melodía, Herramienta Educativa Musical de Aleación de Aluminio, Instrument
SIN SUB	p262426	Teclados/None			Tapete Musical para Niños, Alfombra de Piano y Tambor de Jazz Alfombrilla de Musicales de Piso Manta
SIN SUB	p262428	Teclados/None			32 Teclas Melódica Instrumento, Boca Melódica Teclado para Principiantes Instrumento de Educación Mu
SIN SUB	p262430	Herramientas/None			Herramienta de extracción de perilla de guitarra, herramientas luthier para bajo, herramientas de to
SIN SUB	p262432	Herramientas/None			xilófono,Xilófono de madera de 8 notas, instrumento musical con 2 mazos de madera, instrumento de pe
SIN SUB	p262433	Herramientas/None			Barrilete Para Zapatillas Reparación,Mantenimiento de Clarinete Juego de Herramientas de Reparación 
SIN SUB	p262438	Herramientas/None			ébano Natural,Herramientas Bricolaje Personalizadas para Cuchillas en Blanco - Placa Mango Madera pa
SIN SUB	p262440	Herramientas/None			Fupeen - Cortador de cañas para clarinete, herramienta de reparación de instrumentos de viento de ma
SIN SUB	p262441	Teclados/None			Soporte de Teclado,Forma de X 30-89 cm Portátiles Soporte Doble para Teclado Musical,Forma de X Port
SIN SUB	p262444	Teclados/None			Soporte de Teclado, Soporte Ajustable de Ancho,Soporte Universal de Segundo
SIN SUB	p262445	Teclados/None			Cryfokt Teclado de Piano de Aire Melódica Profesional de 32 Teclas con
SIN SUB	p262447	Teclados/None			Teclado de instrumento melódico de 32 teclas Boquilla Instrumento Melódica para Principiantes Instru
SIN SUB	p262448	Teclados/None			Vbest Life - Teclado de instrumento melódico de 32 teclas, estilo piano con boquilla, juegos de tubo
SIN SUB	p262449	Herramientas/None			Metrónomos Estándar Universal Mecánico Metrónomo Material de ABS para Guitarra Violín Piano Bajo Tam
SIN SUB	p262450	Teclados/None			VBESTLIFE Instrumento de Piano de Teclado, Instrumento de Piano de Teclado 61 Teclas Multifuncional 
SIN SUB	p262456	Teclados/None			Atril Para Partituras De Piano,Atril Para Partituras De Teclado | Base Antideslizante Estable, Acces
SIN SUB	p262459	Herramientas/None			EASTROCK Guiro Instrument - Instrumento de percusión latina en forma de pescado de 3.3"x12" con 1 ra
SIN SUB	p262464	Herramientas/None			Gibraltar SC-RAT Herramienta de ajuste de bastidor
SIN SUB	p262465	Herramientas/None			Esquirla Fricción Gong Mallet, Sounds Gongs, Produce Sonidos, Instrumentos, Herramienta de Sonido de
SIN SUB	p262473	Teclados/None			Teclado de piano para niños con micrófono de 37 teclas mejorado para niños y niñas de 3, 4, 5, 6, co
SIN SUB	p262483	Herramientas/None			Herramienta de reparación de abolladuras de trompeta de metal de repuesto para herramientas de repar
SIN SUB	p262486	Herramientas/None			Cuerdas de Guitarra Clásica Nylon Black3 Juegos Completos y 1 pieza de Afinador de Guitarra 1 pieza 
SIN SUB	p262494	Herramientas/None			Extractor de Boquilla para Trompeta Herramienta Ajustable para Boquillas Atascadas Extracción Repara
SIN SUB	p262497	Teclados/None			Small World Toys - Teclado de matemáticas con texto en inglés "They Keep Multiplying Mate"
SIN SUB	p262499	Herramientas/None			Prensador de acordes de guitarra, entrenador de guitarra para principiantes, 9 acordes preestablecid
SIN SUB	p262500	Teclados/None			Melodica Escolar 37 Teclas, Teclado de Piano de Aire para Niños, Negro
SIN SUB	p262509	Instrumentos musicales/None			ROMOT Instrumentos Musicales para Niños, Set Montessori de 6 Piezas
SIN SUB	p262568	Instrumentos musicales/None			Shruti Box, madera de teca, cromo, Premium, 17 x 14 x 3 pulgadas, afinada 440, 36 llaves, instrument
SIN SUB	p262575	Instrumentos musicales/None			Instrumento Musical Shamisen, Shamisen de Japón para Práctica de Interpretación
SIN SUB	p262581	Instrumentos musicales/None			Yamaha YAC-1094P Papel en polvo para instrumentos musicales de viento y viento
SIN SUB	p262586	Instrumentos musicales/None			LIOOBO Instrumento Musical Triangular de Metal para Niños, Plata
SIN SUB	p262596	Instrumentos musicales/None			Palo de Lluvia de Madera, aitador de Lluvia, Instrumento Musical de juuete, Color arcoíris para niño
SIN SUB	p262607	Instrumentos musicales/None			Genérico Juego Loteria Instrumentos Musicales Juego Didáctico Educativo
SIN SUB	p262609	Instrumentos musicales/None			Keenso 2 Silbatos de Samba,Instrumento Musical para Niños y Adulto
SIN SUB	p262620	Instrumentos musicales/None			Juego de Boquillas ABS para Saxo Tenor con Tapa, Hebilla de Metal, Almohadillas de Lengüeta, Accesor
SIN SUB	p262623	Instrumentos musicales/None			Educar Tecomate Mediano Infantil Instrumento Musical Prehispánico
SIN SUB	p262632	Instrumentos musicales/None			Decoración de Instrumentos Musicales Miniatura para Casa de Muñecas, 1 Set
SIN SUB	p262656	Instrumentos musicales/None			Toddmomy 10 piezas Mini Crotalos de Cobre para Danza Árabe Instrumento Musical para Bailarines de Be
SIN SUB	p262718	Instrumentos musicales/None			VGEBY 13 Piezas de Instrumentos Musicales para Ni?os, Instrumentos Musicales para Ni?os Peque?os, In
SIN SUB	p262728	Instrumentos musicales/None			Yosoo Health Gear Kit Theremin, Mini Instrumento Musical Electrónico, 20 Tipos de Instrumentos, Tipo
SIN SUB	p262730	Instrumentos musicales/None			120 piezas de plástico para huevos, instrumentos musicales
SIN SUB	p262733	Instrumentos musicales/None			Kit de instrumentos, instrumento musical, 19 piezas Kit de instrumentos musicales educativos tempran
SIN SUB	p262741	Instrumentos musicales/None			Sonajero de semillas de caacho natural africano, accesorios para instrumentos musicales peruanos (Pa
SIN SUB	p262742	Instrumentos musicales/None			Kit de Instrumentos Theremin - Mini Instrumento Musical Electrónico Innovador de con Pantalla
SIN SUB	p262749	Instrumentos musicales/None			B. toys Make a Melody, Instrumentos Musicales de Madera
SIN SUB	p262762	Instrumentos musicales/None			Campanas De Computadora Para Niños | Juego De 8 Notas Coloridas De Mano | Instrumento Musical Con 15
SIN SUB	p262784	Instrumentos musicales/None			Mini instrumento musical electrónico Theremin, con pantalla a color, 70+ voces tipo C, carga portáti
SIN SUB	p262810	Instrumentos musicales/None			Instrumentos musicales de madera para niños, juego de música de 7 piezas
SIN SUB	p262811	Instrumentos musicales/None			Meinl Percussion Instrumento musical tradicional sintético de mano para grabar o en vivo, no fabrica
SIN SUB	p262824	Instrumentos musicales/None			Pirámide de cuarzo pirámide de 10 pulgadas hecha a mano, instrumento musical de curación transparent
SIN SUB	p262827	Instrumentos musicales/None			Meinl Percussion - Instrumento musical tradicional sintético de mano para grabación o en vivo, no fa
SIN SUB	p262829	Instrumentos musicales/None			Lexibook, Juego de instrumentos musicales Peppa Pig K360PP
SIN SUB	p262839	Instrumentos musicales/None			Juvale Rhythm Sticks para niños, Paquete de 24, 8 Pulgadas, Multicolor, Instrumentos Musicales para 
SIN SUB	p262865	Instrumentos musicales/None			YAMAHA Adaptador DIN Midi de 5 Pines, Conecta de Forma inalámbrica tu Instrumento Musical y Disposit
SIN SUB	p262873	Instrumentos musicales/None			Accesorios para instrumentos musicales, negro (KR-013-Bass A/W)
SIN SUB	p262892	Instrumentos musicales/None			Book Nook Kit - Bach Strings Tienda de instrumentos musicales
SIN SUB	p262923	Instrumentos musicales/None			Boveda Instrumentos musicales de madera - 49% HR Control de humedad de alta absorbencia - Tamaño 40 
SIN SUB	p262935	Instrumentos musicales/None			TouchMe | driver MIDI | El instrumento musical que convierte la piel, el agua o las flores en sonido
SIN SUB	p262939	Instrumentos musicales/None			M3 - Instrumentos musicales con campanilla de meditación, 5 frecuencias de solfeggio (417-639Hz), pa
SIN SUB	p262944	Instrumentos musicales/None			driver MIDI Playtron, conecta hasta 16 objetos conductivos y convierte todo, de fruta a metal en un 
SIN SUB	p262965	Instrumentos musicales/None			Piezas de instrumentos musicales ResoMax NW2 PS-8593 (PS-8593-C0)
SIN SUB	p263018	Instrumentos musicales/None			Doumbek Darbuka Drum - Instrumento musical
SIN SUB	p263055	Instrumentos musicales/None			Shruti caja con todos los accesorios de madera de primera calidad..C TO C..9 × 12 pulgadas, 432Hz In
SIN SUB	p26311	Muebles/Otros			wholesale pedicure chair spa washing foot basin
SIN SUB	p263131	Instrumentos musicales/None			Royal Kurta Shruti Box Surpeti Pedal de pie grande 440Hz 13 notas Instrumento musical de madera de t
SIN SUB	p263155	Instrumentos musicales/None			Nuevo Gawharet El Fan Drum Darbuka tabla doumbek 17/17.5 pulgadas con incrustaciones de nácar instru
SIN SUB	p263216	Instrumentos musicales/None			Armonio BINA 23B plegable Safari ultraportátil 3 1/4 octavas 6 paradas de color madera clásico, acop
SIN SUB	p263307	Instrumentos musicales/None			Juego de 8 diapasones de cristal de cuarzo de 10 mm, tenedor de canto for meditación curativa de son
SIN SUB	p263373	Instrumentos musicales/None			Juego de 8 diapasones de cristal de cuarzo de 10 mm, tenedor de canto for meditación curativa de son
SIN SUB	p263395	Instrumentos musicales/None			Genérico Tazón de canto principiantes Meditación yoga Instrumento musical
SIN SUB	p263416	Instrumentos musicales/None			Acorón 120 Bajos Profesional Acorón Teclas Portátil Instrumento Musical para Estudiantes Avanzados, 
SIN SUB	p263422	Instrumentos musicales/None			Elegante Pistones | Acabado acabado espejo, Mejorado, Instrumento Musical, para Conciertos, Adultos
SIN SUB	p263425	Instrumentos musicales/None			Genérico Clear Crystal Singing Town June Sound Yoga Music Bowl Bowling Instrumento musical
SIN SUB	p263436	Instrumentos musicales/None			Acorón 120 Bajos Profesional Acorón Teclas Resistente Instrumento Musical para Ensayos, Conservatori
SIN SUB	p263437	Instrumentos musicales/None			Acorón 120 Bajos Resistente Acorón Teclas Duraro Instrumento Musical para Acoronistas, Estudiantes A
SIN SUB	p263439	Instrumentos musicales/None			Generic Acorón 120 Bajos Profesional Acorón Teclas Resistente Instrumento Musical para Acoronistas, 
SIN SUB	p263440	Instrumentos musicales/None			Acorón 120 Bajos Profesional Acorón Teclas Resistente Instrumento Musical para Acoronistas, Conserva
SIN SUB	p263443	Instrumentos musicales/None			Acorón 120 Bajos Profesional Acorón Teclas Portátil Instrumento Musical para Estudiantes Avanzados
SIN SUB	p263447	Instrumentos musicales/None			menolana Acorón 120 Bajos Profesional Acorón Teclas Portátil Instrumento Musical para Acoronistas, M
SIN SUB	p263450	Instrumentos musicales/None			Duraro Instrumento Musical | Acabado acabado espejo, Mejorado, embocadura, para Orquesta, Conciertos
SIN SUB	p263459	Instrumentos musicales/None			Qianly Acorón 120 Bajos Resistente Acorón Teclas Duraro Instrumento Musical para Conciertos, Ensayos
SIN SUB	p263461	Instrumentos musicales/None			Generic Acorón 120 Bajos Profesional Acorón Teclas Resistente Instrumento Musical para Acoronistas, 
SIN SUB	p263462	Instrumentos musicales/None			Acorón 120 Bajos Profesional Acorón Teclas Resistente Instrumento Musical para Músicos, Estudiantes 
SIN SUB	p263464	Instrumentos musicales/None			Acorón 120 Bajos Profesional Acorón Teclas Resistente Instrumento Musical para Músicos, Estudiantes 
SIN SUB	p263466	Instrumentos musicales/None			Acorón 120 Bajos Profesional Acorón Teclas Resistente Instrumento Musical para Acoronistas, Estudian
SIN SUB	p263485	Instrumentos musicales/None			Acorón 120 Bajos Profesional Acorón Teclas Resistente Instrumento Musical para Músicos, Estudiantes 
SIN SUB	p263486	Instrumentos musicales/None			Acorón 120 Bajos Profesional Acorón Teclas Resistente Instrumento Musical para Acoronistas, Estudian
SIN SUB	p263487	Instrumentos musicales/None			Esquirla Acorón 120 Bajos Profesional Acorón Teclas Portátil Instrumento Musical para Estudiantes Av
SIN SUB	p263488	Instrumentos musicales/None			MERIGLARE Dorado Instrumento Musical | Acabado acabado espejo, Antióxido, embocadura, para Orquesta,
SIN SUB	p263489	Instrumentos musicales/None			YIJU Acorón 120 Bajos Profesional Acorón Teclas Portátil Instrumento Musical para Conciertos
SIN SUB	p263495	Instrumentos musicales/None			Generic Acorón 120 Bajos Profesional Acorón Teclas Resistente Instrumento Musical para Estudiantes A
SIN SUB	p263497	Instrumentos musicales/None			MERIGLARE Acorón 120 Bajos Profesional Acorón Teclas Portátil Instrumento Musical para Ensayos
SIN SUB	p263675	Instrumentos musicales/None			Gong Tallado con patrón geométrico de Metatrón, Hecho a Mano, para meditación de relajación, Terapia
SIN SUB	p263725	Instrumentos musicales/None			Instrumento musical profesional de llave vertical Euphonium
SIN SUB	p263745	Instrumentos musicales/None			Gong Tallado con patrón geométrico de Metatrón, Hecho a Mano, para meditación de relajación, Terapia
SIN SUB	p263862	Instrumentos musicales/None			Gong Tallado con patrón geométrico de Metatrón, Hecho a Mano, para meditación de relajación, Terapia
SIN SUB	p263964	Instrumentos musicales/None			Gong Grande de Cobre, Gong de Mano, 60-120 cm, Instrumento Musical Hecho a Mano, para meditación de 
SIN SUB	p264016	Instrumentos musicales/None			FLFL Chinese Instrument Pipa Pipa Rosewood Ebony Xiangzhen Tocando Test Pipa Nacional Instrumento Mu
SIN SUB	p264018	Instrumentos musicales/None			TSTS Pipa China Pipa Rosewood Ebony Xiangzhen Tocando Test Pipa Nacional Instrumento Musical Instrum
SIN SUB	p264030	Instrumentos musicales/None			FLFL Chinese Instrument Pipa El Material De Palisandro De Palisandro Se USA para Jugar Instrumento M
SIN SUB	p264031	Instrumentos musicales/None			FLFL Chinese Instrument Pipa Jugando Y Realizando Material De Madera De ala De Pollo Pipa De Panel N
SIN SUB	p264067	Instrumentos musicales/None			Silbato de Samba Música Latina Brasil Tri-Tono Instrumento Musical Plástico con Cordón Alta Resisten
SIN SUB	p26407	Muebles/Otros			Luxury pedicure chair nail salon throne spa pedicure chairs
SIN SUB	p264084	Instrumentos musicales/None			Instrumento Musical de Rana Tradicional Madera Tailandia artesanía Maciza Hecha a Mano para decoraci
SIN SUB	p264093	Instrumentos musicales/None			Cubierta de Pastilla ABS Cromada Plateada de 2 Piezas Resistente para Barra de P90-Accesorios para I
SIN SUB	p264106	Instrumentos musicales/None			Educar Tecomate Chico Infantil Instrumento Musical Prehispánico
SIN SUB	p264107	Instrumentos musicales/None			Odoria 1/12 Miniaturas Instrumentos Musicales Plasticos Accesorios para Casa de Muñecas
SIN SUB	p264115	Instrumentos musicales/None			Shakven Caja de música de Madera con manivela, Caja de música de cumpleaños - Instrumento Musical Ma
SIN SUB	p264133	Instrumentos musicales/None			LiebeWH 2pcs Guitar Slide 6 Cm Guitar Tone Bar de Acero Inoxidable y Conjunto de Toboganes de Vidrio
SIN SUB	p264134	Instrumentos musicales/None			Matraca De Madera Para Fiestas Y Eventos, Instrumento Musical Giratorio, Matraca Giratoria Tradicion
SIN SUB	p264135	Instrumentos musicales/None			MTLAVISHY 100pcs Colorida Guitar de plástico Picks Accesorios de instrumentos musicales profesionale
SIN SUB	p264170	Instrumentos musicales/None			UPKOCH 2Pares Cobre para Niño Niña Instrumento Musical Mini Crotalos de Perfectos para Danza y Fiest
SIN SUB	p264190	Instrumentos musicales/None			Tuning Fork, 128hz+256hz+512hz+1024hz+2048hz Aleación de Aluminio Tuning Forks para Sound Healing To
SIN SUB	p264197	Instrumentos musicales/None			2 Piezas Silbato Deslizante para Adultos Instrumento Musical Silbato Deslizante Azul y Morado
SIN SUB	p264228	Instrumentos musicales/None			FLYAB Drums Adornos de Navidad, decoración de instrumentos musicales para
SIN SUB	p264233	Instrumentos musicales/None			Soportes Antivibratorios para Micr¨®fonos, Abrazaderas de Fijaci¨®n para Instrumentos Musicales y Ba
SIN SUB	p264261	Instrumentos musicales/None			Cencerros de metal de 9" con asa - (Paquete de 2) Campanas de vaca ruidosas para eventos deportivos,
SIN SUB	p264262	Instrumentos musicales/None			Auténtico Shehnai - Elegante instrumento musical indio para bodas, festivales y actuaciones clásicas
SIN SUB	p264274	Instrumentos musicales/None			Unique Tailandia 5 pulgadas tallado a mano madera rana instrumento musical bloque de tono (arcoíris)
SIN SUB	p264276	Instrumentos musicales/None			Mingzhe Cuenco para cantar budista tibetano, cuenco con sonido de Buda, instrumento Musical para med
SIN SUB	p264288	Instrumentos musicales/None			Btuty - Barra de metal para silbato de acero, instrumento musical para clase musical
SIN SUB	p264306	Instrumentos musicales/None			Mini Theremin, Interfaz Tipo C Instrumento Musical Innovador Electrónico con Pantalla de Color, Voce
SIN SUB	p264351	Instrumentos musicales/None			CrystaLac Brite Tone Barniz Poliuretano de Tono Brillante, Acabado para Instrumentos de Alta Sólidos
SIN SUB	p264378	Instrumentos musicales/None			Mini Instrumento Creativo Electrónico Musical Theremin con Pantalla, Mini de Instrumento Musical
SIN SUB	p264489	Instrumentos musicales/None			Pirámide de cuarzo pirámide de 12 pulgadas, hecha a mano, instrumento musical de curación transparen
SIN SUB	p264500	Instrumentos musicales/None			ROTOSOUND Tru Bass 88, / Instrumento musical (RS886LD)
SIN SUB	p264626	Instrumentos musicales/None			Shruti - Caja con bolsa de color nogal, 13 notas, instrumento musical indio, color negro profesional
SIN SUB	p26466	Muebles/Otros			3 in 1 design vanity desk makeup mirror with light and storage
SIN SUB	p264766	Instrumentos musicales/None			Generic Euphonio Instrumento Musical de Viento Latón Pistones Precisos Campana Grande Respuesta Clar
SIN SUB	p264771	Instrumentos musicales/None			Gralara Acorón 120 Bajos Profesional Acorón Teclas Portátil Instrumento Musical para Acoronistas
SIN SUB	p264772	Instrumentos musicales/None			Acorón 120 Bajos Profesional Acorón Teclas Resistente Instrumento Musical para Conciertos, Conservat
SIN SUB	p264773	Instrumentos musicales/None			Acorón 120 Bajos Profesional Acorón Teclas Resistente Instrumento Musical para Estudiantes Avanzados
SIN SUB	p264776	Instrumentos musicales/None			Acorón 120 Bajos Profesional Acorón Teclas Portátil Instrumento Musical para Músicos
SIN SUB	p264777	Instrumentos musicales/None			predolo Acorón 120 Bajos Profesional Acorón Teclas Portátil Instrumento Musical para Acoronistas, Es
SIN SUB	p264779	Instrumentos musicales/None			Acorón 120 Bajos Profesional Acorón Teclas Portátil Instrumento Musical para Conservatorio
SIN SUB	p264780	Instrumentos musicales/None			Deevoka Acorón 120 Bajos Profesional Acorón Teclas Resistente Instrumento Musical para Estudiantes A
SIN SUB	p264781	Instrumentos musicales/None			Acorón 120 Bajos Profesional Acorón Teclas Resistente Instrumento Musical para Acoronistas, Estudian
SIN SUB	p264782	Instrumentos musicales/None			Milageto Acorón 120 Bajos Profesional Acorón Teclas Portátil Instrumento Musical para Músicos, Estud
SIN SUB	p264784	Instrumentos musicales/None			Resistente Pistones | Viento Metal, Antióxido, Instrumento Musical, para Ensayos, Tubistas
SIN SUB	p264796	Instrumentos musicales/None			harayaa Acorón 120 Bajos Profesional Acorón Teclas Portátil Instrumento Musical para Estudiantes Ava
SIN SUB	p264836	Instrumentos musicales/None			Brillante Instrumento Musical | Dorado, Duraro, Viento Metal, para Conciertos
SIN SUB	p264900	Instrumentos musicales/None			Instrumento musical Euphonium en si bemol lacado en oro
SIN SUB	p264901	Instrumentos musicales/None			Gong Tallado con patrón geométrico de Metatrón, Hecho a Mano, para meditación de relajación, Terapia
SIN SUB	p265170	Instrumentos musicales/None			TSTS Pipa China Hongmu Te's Guyi Sumu Pipa Musical Instrumento Musical Arrancado Instrumento Musical
SIN SUB	p265175	Instrumentos musicales/None			FLFL Chinese Instrument Pipa Instrumento Musical Pipa Rama Agria Madera Tablero Trasero Completo Eje
SIN SUB	p265186	Instrumentos musicales/None			FLFL Chinese Instrument Pipa Hongmu Te's Guyi Sumu Pipa Musical Instrumento Musical Arrancado Instru
SIN SUB	p265206	Instrumentos musicales/None			Cable de Audio DIN de 5 A XLR de 3 para Conectar Instrumentos Musicales o Cables con Midi o XLR DIN 
SIN SUB	p265211	Instrumentos musicales/None			Cuenco sonoro mini instrumentos musicales para reducir estrés
SIN SUB	p265215	Instrumentos musicales/None			Accesorios musicales para Urujas Instrumentos Musicales Bridge Ulheen Instrumento Musical Puente Par
SIN SUB	p265218	Instrumentos musicales/None			Globos Inflables de Instrumentos Musicales 60-100 cm PVC 0 18 mm
SIN SUB	p265221	Instrumentos musicales/None			Keenso Coctelera de Huevos, Instrumento Musical de Plástico para Niños y
SIN SUB	p265222	Instrumentos musicales/None			5 paños de limpieza para instrumentos musicales, microfibra suave para
SIN SUB	p265230	Instrumentos musicales/None			Paño De Microfibra para Instrumentos Musicales 17 14 5 Cm Anti Grasa
SIN SUB	p265247	Instrumentos musicales/None			Silbido de samba tritono instrumento musical plástico para música latina brasileña con cordón el cue
SIN SUB	p265248	Instrumentos musicales/None			Silbato de Samba Música Latina Instrumento Musical Plástico Tritono con Agarre para Dientes y Cordón
SIN SUB	p265257	Instrumentos musicales/None			Instrumento musical, Instrumento musical
SIN SUB	p265261	Instrumentos musicales/None			Paquete de 5 paños de microfibra para pulir instrumentos musicales de 4.72 x 4.72 pulgadas
SIN SUB	p265281	Instrumentos musicales/None			Abrazadera de lápiz antideslizante para instrumentos musicales, 3
SIN SUB	p265289	Instrumentos musicales/None			Y paño de limpieza de algodón absorbente, diseños de paños de limpieza específicos para instrumentos
SIN SUB	p265290	Instrumentos musicales/None			Palanca de afinación de mango, instrumento musical profesional, antideslizante, en forma de L, sinto
SIN SUB	p265298	Instrumentos musicales/None			s de Instrumento Musical decoraciones 2D de acrílico rosa en forma de
SIN SUB	p265300	Instrumentos musicales/None			s de Instrumento Musical decoraciones 2D de acrílico rosa en forma de
SIN SUB	p265312	Instrumentos musicales/None			Pequeñas almohadillas de fieltro de latón para instrumentos de reducción de ruido y reducción de rui
SIN SUB	p265317	Instrumentos musicales/None			Accesorio de instrumento musical colgante que ofrece un solute de almacenamiento visible para guitar
SIN SUB	p265325	Instrumentos musicales/None			Adornos de Instrumento Musical decoraciones 2D de acrílico rosa en forma de
SIN SUB	p265329	Instrumentos musicales/None			Genérico Adornos de Instrumento Musical Bonito corazón Rosa en acrílico 2D
SIN SUB	p265330	Instrumentos musicales/None			Adornos de Instrumento Musical Decoraciones 2D de acrílico Rosa en Forma de
SIN SUB	p265339	Instrumentos musicales/None			Adornos de Instrumento Musical Decoración para el Hogar en Forma de Corazón
SIN SUB	p265344	Instrumentos musicales/None			Manijas de Instrumentos Musicales de DIY Craft Black Ebony Wood Blank 1pc 150x20x20mm Accesorios de 
SIN SUB	p265431	Instrumentos musicales/None			90 piezas de dijes de instrumentos musicales tibetanos, dijes colgantes de música en plata para coll
SIN SUB	p265439	Instrumentos musicales/None			JIALEEY - Dijes musicales multiestilo con notas de instrumentos musicales, símbolos, colgantes para 
SIN SUB	p265448	Instrumentos musicales/None			SinLoon - Cable macho DIN de 5 pines, 5 pines a 3,5 mm (1/8 pulgadas) TRS estéreo macho Jack Cable d
SIN SUB	p265455	Instrumentos musicales/None			SinLoon - Cable macho DIN de 5 pines, enchufe DIN de 5 pines a 3,5 mm (1/8 pulgadas) TRS estéreo mac
SIN SUB	p265458	Instrumentos musicales/None			Pastilla Humbucker de Doble Carril Caliente de 11K con Ruido Protegido con Tornillos de Montaje Y Re
SIN SUB	p265473	Instrumentos musicales/None			2 Piezas Cable de Extensi?n para Instrumentos Musicales
SIN SUB	p265474	Instrumentos musicales/None			JIALEEY Dijes Musicales Multiestilo Notas de Instrumentos Musicales Símbolos Colgantes DIY para Coll
SIN SUB	p265502	Instrumentos musicales/None			Zerone Cable de audio estéreo de 6,35 mm, cable de extensión de audio macho a macho, reducción de ru
SIN SUB	p265526	Instrumentos musicales/None			12 hojas de plantillas de notas musicales para pintura, instrumentos musicales y personal, plantilla
SIN SUB	p265539	Instrumentos musicales/None			Pastilla Humbucker de Doble Carril Caliente de 11K con Ruido Protegido con Tornillos de Montaje Y Re
SIN SUB	p265563	Instrumentos musicales/None			Campana de acero de 17.78 cm con asa para eventos deportivos, campanas grandes sólidas para escuela,
SIN SUB	p265564	Instrumentos musicales/None			Kathak Ghungroo Big Bells atado con cordón de algodón clásico bailarines tobillera para instrumentos
SIN SUB	p265567	Instrumentos musicales/None			Guirnalda de fiesta temática para DJ, pancarta de feliz cumpleaños, guirnalda de letrero de fiesta d
SIN SUB	p265584	Instrumentos musicales/None			Micro Mini juegos de bloques de construcción para niños y adultos, 6 paquetes de instrumentos musica
SIN SUB	p265587	Instrumentos musicales/None			Ernie Ball Patch 3 Unidades, Plano/ángulo 6 Pulgadas, Color Blanco, Cable De Instrumentos Musicales,
SIN SUB	p265594	Instrumentos musicales/None			Cable De Audio 6.35 Mm A USB C 5m (16.4 Ft) - Conector Chapado En Oro, Plug And Play Para Instrument
SIN SUB	p265615	Instrumentos musicales/None			Iktara tumbi Instrumento Musical Hecho a Mano Ektara Mejor Calidad| Instrumentos Musicales Indios He
SIN SUB	p265636	Instrumentos musicales/None			Erosebridal - Juego de 3 piezas para decoración de pared para sala de estar, recámara, flores blanca
SIN SUB	p267154	Joyería y bisutería/Otros			Solitario de Oro Amarillo 14K con 15PTS de Diamante
SIN SUB	p267155	Joyería y bisutería/Otros			Solitario de Oro Blanco 14K con 15PTS de Diamante
SIN SUB	p267156	Joyería y bisutería/Otros			Solitario de Oro Blanco 14K con 15PTS de Diamante
SIN SUB	p267183	Juegos de mesa/Otros juegos			Expansión Fantasy Flight Games Legend of the Five Rings LCG
SIN SUB	p267841	Autos, bicicletas y motos/None			Fuente de alimentación DC regulable para prueba cargador batería motor
SIN SUB	p267842	Autos, bicicletas y motos/None			Fuente de alimentación DC regulable para prueba cargador batería motor
SIN SUB	p267949	Audífonos/None			Maeline Bulk - Auriculares para estudiantes con control de volumen, auriculares estéreo en la oreja 
SIN SUB	p268437	Instrumentos musicales/None			2 Piezas Cable de Extensi?n para Instrumentos Musicales
SIN SUB	p268443	Iluminación/None			HORKEY Iluminación recargable para cuadr
SIN SUB	p268444	Iluminación/None			KAMYSEN Edison Light Bulbs,Dimmable Vint
SIN SUB	p268455	Iluminación/None			BAIWOLF Lámparas de Esfera de Planetas,
SIN SUB	p268456	Iluminación/None			Ejoyous - Bola de Cristal con Base de Lu
SIN SUB	p268462	Iluminación/None			100-240V, Estándar Seguro de usar E26 E2
SIN SUB	p268463	Iluminación/None			100-240V, Estándar Seguro de usar E26 E2
SIN SUB	p268464	Iluminación/None			100-240V, Estándar Seguro de usar E26 E2
SIN SUB	p268465	Iluminación/None			5 Piezas Megaluz lamparas de techo para
SIN SUB	p268479	Iluminación/None			JSXing Kit de iluminación de riel, ilumi
SIN SUB	p268485	Iluminación/None			Sunsign iluminación for Pared de tira la
SIN SUB	p268756	Audífonos/None			Donner - Guitarra eléctrica de nailon para viajes, diseño sin cabeza, kit de guitarra portátil de pr
SIN SUB	p269097	Herramientas/None			4piezas Llaves Para Batería De Metal Resistente Herramienta De Afinación y Ajuste Para Batería Llave
SIN SUB	p269435	Instrumentos musicales/None			Paquete de 2 boquillas de silbato para principiantes, herramienta universal de bambú, fácil de sopla
SIN SUB	p269606	Audífonos/None			JYX Micrófono USB Condensador RGB con Control de Eco, Iluminación LED, Salida para Auriculares y Bot
SIN SUB	p269609	Audífonos/None			FIFINE Micrófono dinámico XLR/USB para grabación de podcasts, micrófono de transmisión juegos comput
SIN SUB	p269652	Cámaras y fotografía/None			Shure BLX14/P31 Sistema Inalámbrico con Micrófono de Diadema, Condensador, Cardioide
SIN SUB	p269695	Audífonos/None			Arturia - Paquete de grabación MiniFuse - Interfaz USB compacta de audio e interfaz MIDI + micrófono
SIN SUB	p269706	Audífonos/None			JOYO - Interfaz de audio de guitarra para teléfono, monitoreo directo con entrada de 6,35 mm y salid
SIN SUB	p269709	Audífonos/None			Steinberg UR22C Recording Pack, incluye microfono y audifonos.
SIN SUB	p269710	Televisores/None			Production sound mixer logbook , No. 06: Audio Tracking, Sound Reports, Equipment Notes & Production
SIN SUB	p269711	Herramientas/None			Xvive AT-1 Probador de Audio Portátil con Generador de Señal y Verificador de Alimentación Fantasma 
SIN SUB	p269716	Televisores/None			Sports Productions for Television
SIN SUB	p269717	Televisores/None			T He Complete Guide to Live Television Sports Production: From Camera Operator to Sports Producer: 1
SIN SUB	p269718	Televisores/None			THE COMPLETE GUIDE TO LIVE TELEVISION SPORTS PRODUCTION: From Camera Operator to Sports Producer
SIN SUB	p269736	Teclados/None			Teclado eléctrico 61 teclas con luces led y pantalla
SIN SUB	p269740	Audífonos/None			Teclado Electrónico de 61 Teclas, Teclado Musical para Principiantes, Teclado Musical Portátil con S
SIN SUB	p269823	Audífonos/None			Amplificador de Auriculares para Bajo Mini Amplificador de Práctica para Guitarrista y Bajista con E
SIN SUB	p269825	Audífonos/None			Amplificador de monitoreo de Metal en el oído Recargable, Amplificador de Auriculares portátil con I
SIN SUB	p269836	Audífonos/None			MackieHM-4 Amplificador de auriculares de 4 vías
SIN SUB	p269848	Audífonos/None			Valeton Rushead MAX Bass USB cargable portátil de Bolsillo para Auriculares de bajo Amplificador de 
SIN SUB	p269855	Audífonos/None			NUX - Amplificador de Auriculares Mighty Plug Pro para Guitarras y Bajos en Formato de Bolsillo y Bo
SIN SUB	p269859	Audífonos/None			Amplificador de guitarra eléctrica de 20 W, amplificador portátil con entrada de auriculares, incluy
SIN SUB	p269870	Audífonos/None			Tomshin Dispositivo de Audio, Enchufe de Guitarra eléctrica Mini Amplificador de Auriculares Amplifi
SIN SUB	p269876	Audífonos/None			SONICAKE - Amplificador de Auriculares para Guitarra Mini Amplificador de Auriculares de Guitarra cl
SIN SUB	p269878	Audífonos/None			Amplificador de Auriculares de Guitarra, Mini Amplificador de bajo de Guitarra Eléctrica Portátil co
SIN SUB	p269880	Audífonos/None			Genérico GP-1 Enchufe de Guitarra eléctrica Mini Amplificador de Auriculares Efecto de distorsión In
SIN SUB	p269910	Audífonos/None			Amplificador de Auriculares de 6 Canales, Amplificador Estéreo Compacto de Metal para Uso en Estudio
SIN SUB	p269911	Audífonos/None			Mini Auriculares Amp Amplificador Enchufe de Guitarra Eléctrica Heavy Rock Compacto Portátil
SIN SUB	p269926	Audífonos/None			Blackstar ICBLSAMPLUGFLB Amplificador Audifonos
SIN SUB	p269928	Audífonos/None			SONICAKE Amplificador para auriculares de guitarra, conector auxiliar
SIN SUB	p269940	Audífonos/None			VALETON - Amplificador de auriculares para guitarra con múltiples efectos, bolsillo recargable, mini
SIN SUB	p269948	Audífonos/None			Blackstar Debut 15E - Amplificador de Guitarra eléctrica para Principiantes con Efecto de retardo, E
SIN SUB	p269949	Audífonos/None			LUCKWBW - Amplificador de guitarra eléctrica de 20 W, amplificador portátil con entrada de auricular
SIN SUB	p269956	Audífonos/None			Amplificador de guitarra eléctrica de 20 W, amplificador de guitarra azul, práctica de viaje portáti
SIN SUB	p269958	Audífonos/None			Amplificador de guitarra eléctrica de 20 W, portátil con entrada de auriculares, negro
SIN SUB	p269960	Audífonos/None			BLACKSTAR Debut 10E - Amplificador de Guitarra eléctrica para Principiantes con Efecto de retardo, E
SIN SUB	p269962	Audífonos/None			Blackstar Debut 30E - Amplificador de guitarra eléctrica para principiantes con efecto de retardo, e
SIN SUB	p269968	Audífonos/None			Vox amPlug Brian May - Amplificador de Guitarra para Auriculares con Refuerzo de Agudos, retardo de 
SIN SUB	p269971	Audífonos/None			Blackstar BA154100 Amplificador Audifonos
SIN SUB	p269974	Audífonos/None			Samson QH4 Amplificador de Auriculares de 4 Canales
SIN SUB	p269975	Audífonos/None			Domary Dispositivo de Audio Enchufe de Guitarra eléctrica Mini Amplificador de Auriculares Amplifica
SIN SUB	p269976	Audífonos/None			GP-1 Enchufe de Guitarra eléctrica Mini Amplificador de Auriculares Efecto de distorsión Incorporado
SIN SUB	p269983	Audífonos/None			Yunir Amplificador de Voz, Amplificador de Voz Personal con Pantalla Recargable Portátil, con Micróf
SIN SUB	p269984	Audífonos/None			Amplificador de Bolsillo portátil para Guitarra y bajo Mini Auriculares Amplificador Enchufe de Guit
SIN SUB	p269989	Audífonos/None			Keenso Amplificador de Auriculares de 10 Canales con Alta Salida
SIN SUB	p269991	Audífonos/None			Generic Yaozher Amplificador de Guitarra portátil GA4 Metal ni, Enchufe de Guitarra eléctrica Recarg
SIN SUB	p269992	Audífonos/None			Amplificador de Auriculares para Guitarra eléctrica, Efectos de
SIN SUB	p270011	Autos, bicicletas y motos/None			S.M.S.L SMSL PL150 Reproductor de CD,Compatible con CD estándar y Mini,CD MP3.Soporta RCA,Auriculare
SIN SUB	p270017	Autos, bicicletas y motos/None			SMSL PL200T CD Player MQA-CD Digital Turntable Hi-Fi Decoder 32bit/768kHz DSD512 Optical/Coaxial/I²S
SIN SUB	p270029	Herramientas/None			Tocadiscos Phono Cartucho Stylus Alineación Transportador Herramienta Precisiones Vinilos Record Pla
SIN SUB	p270161	Audífonos/None			POENVFPO Pedal Multiefectos, 6 Módulos de Efectos con Batería Recargable y Salida de Auriculares, pa
SIN SUB	p270178	Instrumentos musicales/None			Wegrower - Pedal inalámbrico girador de páginas para instrumentos musicales, pedal de pie Bluetooth 
SIN SUB	p270181	Instrumentos musicales/None			Pedal de de Página para musicos Pedal de de Página 4 Modos de Página Soporte Recargable Plata forma 
SIN SUB	p270277	Herramientas/None			Tonebird Dunlop DVP4 Volume X Mini Pedal de efectos con cable de conexión, herramienta multiusos, pa
SIN SUB	p270317	Instrumentos musicales/None			Reverb Effect Pedal Guitar 9 Ambiamiento Digital Accesorios de Instrumentos Musicales R4
SIN SUB	p271283	Audífonos/None			Donner HUSH C Guitarra Clásica Cuerdas de Nailon Elegantes Guitarra Salida de Auriculares Sin Cabeza
SIN SUB	p271621	Audífonos/None			LiberLive - Liberate Your Music Live, Guitarra Eléctrica Inteligente sin Cuerdas, Acompañamiento Aut
SIN SUB	p271853	Audífonos/None			Guitarra Eléctrica Inteligente sin Cuerdas, Guitarra de Acompañamiento de Fusión con Conector para A
SIN SUB	p272586	Lavadoras/None			Accesorios para Platillos de Batería, Kit de Tuercas de Ala y Fieltros, Material de Fieltro y Metal,
SIN SUB	p272865	Audífonos/None			Batería de Aire Eléctrica, Batería Ligera de Realidad Virtual, Ahorro de Espacio para Uso Doméstico,
SIN SUB	p273558	Audífonos/None			Donner DED-200 Lite Juego de Tambor Electrónico para Principiantes con Más de 450 Sonidos, USB MIDI,
SIN SUB	p273835	Audífonos/None			Sensing Batería de silicona profesional conveniente desmontable instrumentos percusión con disparado
SIN SUB	p274604	Instrumentos musicales/None			Gong Grande de Cobre, Gong de Mano, 60-120 cm, Instrumento Musical Hecho a Mano, para meditación de 
SIN SUB	p274855	Herramientas/None			Guitar String Scrubber Guitar String Cleaner Electric Guitar Strings Cleaner Guitar Bass String Scru
SIN SUB	p275485	Audífonos/None			Violín eléctrico de Madera de Arce 4/4, Instrumento de Cuerda con Accesorios de ébano, Cable, Funda 
SIN SUB	p276154	Audífonos/None			Guitarra Eléctrica Inteligente, Guitarra de Acompañamiento Automática Plegable, Guitarra Eléctrica s
SIN SUB	p276159	Audífonos/None			Guitarra Eléctrica Inteligente sin Cuerdas, Guitarra de Acompañamiento Automática Plegable C1 con Co
SIN SUB	p276162	Audífonos/None			Guitarra sin Cuerdas, Guitarra sin Cuerdas Guitarra Eléctrica Inteligente Acompañamiento de Acordes 
SIN SUB	p277051	Instrumentos musicales/None			Papel en polvo, papel en polvo para instrumentos musicales de viento y viento de madera, accesorios 
SIN SUB	p277054	Instrumentos musicales/None			ABS Grabador Descantador Grabadoras de 8 Orificios Estilo Barroco Instrumento Desmontable con Descan
SIN SUB	p277066	Instrumentos musicales/None			HXBER ABS Grabador Descantador Grabadoras de 8 Orificios Estilo Barroco Instrumento Desmontable con 
SIN SUB	p277067	Instrumentos musicales/None			mewmewcat ABS Grabador Descantador Grabadoras de 8 Orificios Estilo Barroco Instrumento Desmontable 
SIN SUB	p277077	Instrumentos musicales/None			Libro para colorear 2: Instrumentos musicales de viento y la Navidad (Spanish Edition)
SIN SUB	p277083	Instrumentos musicales/None			Instrumento musical de viento folclórico , barra de palisandro de calidad, instrumento hecho a mano,
SIN SUB	p277093	Herramientas/None			Chimes Percussion - Soporte De Carillón De Viento De Mesa, Juego De Barras De Resonantes, Creador De
SIN SUB	p277117	Instrumentos musicales/None			Instrumento musical de viento popular, barra de palisandro de calidad, instrumento profesional clave
SIN SUB	p277119	Instrumentos musicales/None			Instrumento musical de viento popular, barra de palisandro de calidad, instrumento profesional clave
SIN SUB	p277333	Instrumentos musicales/None			Instrumento musical de viento electrónico bolsa de transporte instrumento digital viento fuerza moch
SIN SUB	p277356	Autos, bicicletas y motos/None			Feelin Saxy - Cuaderno de jugador de saxofón: Libreta DIN A5 (6x9) para músicos de saxofón y de inst
SIN SUB	p277545	Instrumentos musicales/None			15 tubos de madera de bambú con estampado tribal multicolor – Instrumento musical hecho a mano para 
SIN SUB	p277621	Audífonos/None			Instrumento de viento portátil compacto para nuevos músicos con modo de auriculares silenciosos, ins
SIN SUB	p277622	Audífonos/None			Instrumento de viento portátil compacto para nuevos músicos con modo de auriculares silenciosos, ins
SIN SUB	p277813	Audífonos/None			Instrumento de viento portátil compacto para nuevos músicos con modo de auriculares silenciosos para
SIN SUB	p277814	Audífonos/None			Instrumento de viento portátil compacto para nuevos músicos con modo de auriculares silenciosos para
SIN SUB	p277881	Instrumentos musicales/None			harayaa B Viento Madera Instrumento Musical Llaves Material con Llaves Níquel Suena Cálido y Expresi
SIN SUB	p277882	Instrumentos musicales/None			Esquirla B Viento Madera Instrumento Musical Llaves Cuerpo Sonido Aterciopelado Ataque Controlado Er
SIN SUB	p278241	Instrumentos musicales/None			Instrumento musical para principiantes de viento de madera, para principiantes en C, ajuste B, B, GF
SIN SUB	p278242	Instrumentos musicales/None			Instrumento musical para principiantes de viento de madera, para principiantes en C, ajuste B, B, GF
SIN SUB	p278243	Instrumentos musicales/None			Instrumento musical para principiantes de viento de madera, para principiantes en C, ajuste B, B, GF
SIN SUB	p278360	Instrumentos musicales/None			Instrumento musical para principiantes de viento de madera, para principiantes en C, ajuste B, B, GF
SIN SUB	p278361	Instrumentos musicales/None			Instrumento musical para principiantes de viento de madera, para principiantes en C, ajuste B, B, GF
SIN SUB	p278721	Cámaras y fotografía/None			Fire Cam Onyx - Cámara de Casco 4K
SIN SUB	p278731	Cámaras y fotografía/None			Tangxi Gafas de Cámara Inteligente, Grabación de Video HD Cámara de Gafas de Acción Deportiva Al Air
SIN SUB	p278776	Cámaras y fotografía/None			Genérico Cámara HD,Compatible con RunCam, Thumb Pro 4K V2
SIN SUB	p278809	Cámaras y fotografía/None			Dan&Dre Cámara para Bicicleta Cámara de Visión Trasera HD 1080p, Gran Angular de 140 Grados, Resiste
SIN SUB	p278861	Audífonos/None			Auriculares Asistente Reuniones Grabación Auriculares Asistente(White)
SIN SUB	p278881	Cámaras y fotografía/None			Cámara de Video Compacta 4K con Pantalla de Color de 1.54 Pulgadas para Mover la Grabación de los Am
SIN SUB	p278885	Cámaras y fotografía/None			Cámara TLR de Película Doble de 35 Mm, Lente Dual, Estilo Retro Clásico, Construcción DIY, para Pelí
SIN SUB	p278887	Audífonos/None			Auriculares Asistente Reuniones Grabación Auriculares Asistente(Black)
SIN SUB	p278911	Cámaras y fotografía/None			Kodak M35 - Cámara de película Reutilizable de 35 mm, Verde Menta, icónico Retro, Lomo Kodak M35, Ve
SIN SUB	p278936	Cámaras y fotografía/None			Cámara Sony ZV-1F para videoblogs
SIN SUB	p278982	Cámaras y fotografía/None			Cámara de video ORDRO 4K Camcordeadora de video UHD digital 1080P con lente de zoom óptico 12x para 
SIN SUB	p279051	Audífonos/None			Panasonic HC-X1600 UHD 4K HDMI Videocámara compacta ligera con zoom de 24x (HC-X1600) + micrófono + 
SIN SUB	p279057	Cámaras y fotografía/None			FEELWORLD HV10X Cámara profesional de transmisión en vivo Full HD 1080P 60fps USB 3.0 HDMI con zoom 
SIN SUB	p279120	Cámaras y fotografía/None			Yosoo Health Gear Cámara Frontal 1080P, Grabadora de Vídeo con Luz, ángulo Ajustable de 45°, para Co
SIN SUB	p279128	Cámaras y fotografía/None			Kikumi Cámara de Video con Control Remoto 4K UHD 30MP 10x Zoom Autocococo LED Leche Light 2 Pulgadas
SIN SUB	p279137	Cámaras y fotografía/None			QWYJ 3x Protector Lente Cámara para iPhone 13 mini y iphone 13
SIN SUB	p279139	Cámaras y fotografía/None			QWYJ 3x Protector Lente Cámara para iPhone 13 Pro y Pro MAX
SIN SUB	p279140	Cámaras y fotografía/None			QWYJ 3x Protector Lente Cámara para Huawei Pura 70
SIN SUB	p279143	Cámaras y fotografía/None			JETech Protector Lente Cámara para Samsung Galaxy S26, Negro, 1 Juego
SIN SUB	p279144	Cámaras y fotografía/None			ESR Protector Lente Cámara para iPhone 17 Pro Max/17 Pro, 1 unidad, Transparente
SIN SUB	p279147	Cámaras y fotografía/None			QWYJ 3x Protector Lente Cámara para iPhone 17 6.3/16 6.1/16 Plus 6.7
SIN SUB	p279149	Audífonos/None			8 Pack | Paños de Limpieza de Lentes Ultra Premium | Más Grandes: 19x17cm | Limpia tus Lentes Sin Ra
SIN SUB	p279152	Cámaras y fotografía/None			Gafas de Cámara Portátiles, 4K HD Cámara de Grabación de Video Inteligente Gafas de Sol con Lente de
SIN SUB	p279153	Cámaras y fotografía/None			JETech Protector Lente Cámara para Samsung Galaxy S25, Negro, 1 Juego
SIN SUB	p279154	Cámaras y fotografía/None			CELULARTE Protector de Lente de Cámara para iPhone 16 Pro Max/iPhone 16 Pro Diamante Anillo Brillo I
SIN SUB	p279157	Cámaras y fotografía/None			TOCOL Protectores de Lente Cámara para iPhone 18 Pro Max/Pro, Negro
SIN SUB	p279158	Cámaras y fotografía/None			ESR Protector Lente Cámara para iPhone 18 Pro Max/Pro, 1 Pack, Transparente
SIN SUB	p279159	Cámaras y fotografía/None			Suoman Protector Lente Cámara para iPhone 14 Pro/14 Pro Max, Vidrio HD + Anillo Aluminio Protección 
SIN SUB	p279160	Cámaras y fotografía/None			ESR Protector Lente Cámara para iPhone 18 Pro Max, 1 unidad, Burdeos
SIN SUB	p279162	Cámaras y fotografía/None			Suoman 3-Pack Lente Protector de Cámara para iPhone 17 Pro,Plateado
SIN SUB	p279163	Cámaras y fotografía/None			TOCOL Protectores de Lente Cámara para iPhone 18 Pro Max/Pro, Morado
SIN SUB	p279164	Cámaras y fotografía/None			ESR Protector Lente Cámara para iPhone 18 Pro Max/Pro, 2 Unidades, Negro
SIN SUB	p279166	Cámaras y fotografía/None			TOCOL Protectores de Lente Cámara para iPhone 18 Pro Max/Pro, Azul Cielo
SIN SUB	p279167	Cámaras y fotografía/None			TAURI Protector Lente Cámara para iPhone 18 Pro 6.3" - Negro
SIN SUB	p279168	Cámaras y fotografía/None			Diyeeni Cámara para Mascotas de 2 MP y 2K para acuarios y terrarios. Lente de Enfoque cercano para P
SIN SUB	p279170	Cámaras y fotografía/None			Gafas de Sol con Cámara, Gafas de Sol con Grabación de Video HD 1080P con Antivibración Inteligente,
SIN SUB	p279172	Cámaras y fotografía/None			ESR Protector Lente Cámara para iPhone 18 Pro, 1 unidad, Negro
SIN SUB	p279173	Cámaras y fotografía/None			ESR Protector Lente Cámara para iPhone 18 Pro Max, 1 unidad, Negro
SIN SUB	p279181	Cámaras y fotografía/None			ESR Protector Lente Cámara para iPhone 18 Pro Max/18 Pro, 1 unidad, Negro
SIN SUB	p279182	Herramientas/None			Lente de cámara de repuesto para iPhone 16, lente trasera de cristal con adhesivo preinstalado, jueg
SIN SUB	p279187	Herramientas/None			Green FUSION - 3 piezas de repuesto para lente de cámara trasera ultra trasera para Galaxy S25 con h
SIN SUB	p279197	Cámaras y fotografía/None			Protector de lente de cámara de vidrio templado para Google Pixel
SIN SUB	p279200	Cámaras y fotografía/None			Diruite 2 PCS Protector Lente Cámara para iPhone 17 Pro/Pro Max,Plateado
SIN SUB	p279202	Cámaras y fotografía/None			CASETiFY Protector de lente de cámara de aluminio [aplicación fácil] para iPhone 16 Pro / 16 Pro Max
SIN SUB	p279206	Cámaras y fotografía/None			Protector de lente de cámara (paquete de 3) compatible con iPhone 14 y iPhone 14 Plus, protección de
SIN SUB	p279207	Cámaras y fotografía/None			Asixxsix Gafas de Vídeo con Cámara FPV de 2,7 K
SIN SUB	p279212	Cámaras y fotografía/None			2pzs Protector de Lente Cámara para iPhone 17 Pro y iPhone 17 Pro max,9H Vidrio templado transmisor 
SIN SUB	p279213	Cámaras y fotografía/None			Dpofirs Gafas con Cámara Inteligente para Deportes de Acción, Gafas de Grabación de Vídeo HD 1080P, 
SIN SUB	p279215	Cámaras y fotografía/None			CASETiFY Protector de lente de cámara [claridad HD / fácil aplicación / resistente a los arañazos] p
SIN SUB	p279222	Cámaras y fotografía/None			AUNMAS C Montura Lente de Cámara Industrial, 35mm F2.8 Enfoque Manual
SIN SUB	p279224	Cámaras y fotografía/None			Luminoso Protector de Lente de Cámara Compatible con iPhone 17 Air, Kucheed 9H Pegatinas de Película
SIN SUB	p279227	Televisores/None			Lente de cámara sin espejo de 35 mm F1 7 C para TV con montaje de película, enfoque fijo microúnico,
SIN SUB	p279228	Cámaras y fotografía/None			Ringke Protector de Lente de Cámara para Google Pixel 11 Pro
SIN SUB	p279245	Cámaras y fotografía/None			Sony Cámara Sony ILCE-7CL/BQ E38
SIN SUB	p279273	Cámaras y fotografía/None			Fujifilm Cámara X-M5 Plata + XC15-45mm
SIN SUB	p279278	Cámaras y fotografía/None			Nikon Cámara Z f FX Body
SIN SUB	p279309	Cámaras y fotografía/None			SIGMA Cámara BF Negra
SIN SUB	p279326	Cámaras y fotografía/None			PUSOKEI Tapa de Lente de Cámara de Aleación de Aluminio para GFX100 RF
SIN SUB	p279331	Cámaras y fotografía/None			Nikon Cámara Z f FX Body w/Z 24-70mm f/4 S
SIN SUB	p279394	Herramientas/None			Yinhing Abrazadera de Tethering para Cámara en Aleación de Aluminio, Herramienta de Sujeción Segura 
SIN SUB	p279408	Herramientas/None			Kit Limpieza Camara Fotografica de Gel para Sensor Ccd, Herramienta Adhesiva Reutilizable para Cámar
SIN SUB	p279439	Herramientas/None			JJC 7x Lupa sensor de cámara CCD CMOS sensor de inspección herramienta de limpieza para cámara réfle
SIN SUB	p279446	Herramientas/None			Cabeza de bola panorámica de aleación de aluminio de 720°, herramienta de fotografía precisa para cá
SIN SUB	p279455	Muebles/Otros			Bolsa para cámara con cordón, bolsa de piel café con interior protector, cómodas bolsas de almacenam
SIN SUB	p279466	Cámaras y fotografía/None			Canon Cámara PowerShot ELPH 360 A Negra
SIN SUB	p279468	Cámaras y fotografía/None			Canon Cámara PowerShot ELPH 360 A Blanca
SIN SUB	p279624	Cámaras y fotografía/None			Canon Camara R10 C/RF-S 18-150MM F/3.5-6.3 IS STM Kit
SIN SUB	p279633	Cámaras y fotografía/None			Nikon COOLPIX P1100
SIN SUB	p279684	Cámaras y fotografía/None			LICAEVEY Cámara Pequeña para el Hogar, Oficina, Tienda de Automóviles, Cámara Inalámbrica HD 1080P, 
SIN SUB	p279686	Cámaras y fotografía/None			Cámara SQ11 HD 1080P, cámara depova pequeña, cámara A9
SIN SUB	p279687	Cámaras y fotografía/None			Cámara con Zoom Digital 16X, Cámara HD 4K 44MP con Luz de Relleno Incorporada, Transmisión de Datos,
SIN SUB	p279909	Videojuegos/None			Disco Duro Interno para 360 Slim, Tarjeta de Almacenamiento de Datos Interna Extendida Delgada Portá
SIN SUB	p279922	Almacenamiento/None			Seagate ST2000DM008
SIN SUB	p279926	Videojuegos/None			Disco Duro Interno para 360 Slim, Tarjeta de Almacenamiento de Datos Interna Extendida Delgada Portá
SIN SUB	p279995	Videojuegos/None			Disco Duro Interno para 360 Slim, Tarjeta de Almacenamiento de Datos Interna Extendida Delgada Portá
SIN SUB	p280035	Videojuegos/None			Dpofirs Disco Duro Interno para 360 Slim, Tarjeta de Almacenamiento de Datos Interna Extendida Delga
SIN SUB	p280177	Herramientas/None			Negro Soporte de Montaje de Disco Duro Instalación sin Herramientas, ABS
SIN SUB	p280686	Autos, bicicletas y motos/None			Unidad Flash USB, Unidad USB en Forma de Llave Plug and Play U Disco para el Uso de Automóviles, Com
SIN SUB	p280707	Autos, bicicletas y motos/None			Unidad USB pequeña de 32 GB, Unidad Flash Mini USB-c, Unidades Flash ultracompactas a Prueba de Agua
SIN SUB	p280759	Autos, bicicletas y motos/None			Tarjeta de Memoria TF, 32GB, 64GB, 128GB, 256GB y 512GB Tarjeta de Memoria U3 TF de Alta Velocidad p
SIN SUB	p280788	Autos, bicicletas y motos/None			Lexar Tarjeta SD 800x Pro de Alto Rendimiento de 128 GB, UHS-I, C10, U3, V30, 4K, Tarjeta de Memoria
SIN SUB	p280809	Autos, bicicletas y motos/None			Tarjeta de Memoria TF de Alta Velocidad para Automóviles y Cámaras de Acción hasta 80 MB/S de Lectur
SIN SUB	p280864	Videojuegos/None			Tarjeta de Almacenamiento de 32 GB/64 GB/128 GB/256 GB TF (Micro SD) Adecuada para grabadora de cond
SIN SUB	p280865	Herramientas/None			cablecc - Kit de tarjeta de memoria Micro SD TF macho a hembra adaptador de extensión extensor herra
SIN SUB	p280866	Herramientas/None			cablecc - Kit de tarjeta de memoria Micro SD TF macho a hembra adaptador de extensión extensor herra
SIN SUB	p280976	Herramientas/None			Soporte de expansión de 2 discos duros - Soporte de unidad de aluminio de doble bahía de 3.5 pulgada
SIN SUB	p281079	Cámaras y fotografía/None			Akozon Cámara Sport DV 1280 X 960 170 Grados IP67 IP67 Implaz de Agua Cámara de Cámaras de Acción Po
SIN SUB	p281164	Cámaras y fotografía/None			Gafas de Sol con Cámara 1080P, Lentes Gran Angular Antivibración, Gafas de Acción Deportivas con Fot
SIN SUB	p281210	Cámaras y fotografía/None			Yunir Collar de Cámara para Gatos HD 1080P con Grabación de Vídeo, Cámaras de Acción Pequeñas Gran A
SIN SUB	p281216	Cámaras y fotografía/None			Cámara Portátil Alta Definición ABS, 1920x1080P
SIN SUB	p281221	Cámaras y fotografía/None			Cámara para Casco, 1080P HD Gran Angular de 120 Grados, Aleación de Aluminio, Memoria de 32 GB, Micr
SIN SUB	p281260	Cámaras y fotografía/None			Pissente Cámara Action 6, Protección de Aleación de Aluminio, Cuenta con Zapata Fría, óptima para Av
SIN SUB	p281266	Cámaras y fotografía/None			Genérico Y3000 Cámara de vídeo Digital Pantalla de 0,96 puadas ni Cámara HD 1080P Cámara de Bolsillo
SIN SUB	p281302	Cámaras y fotografía/None			1080P - Cámara de cuerpo para conferencias nocturnas, deportes con clip trasero, grabadora magnética
SIN SUB	p281376	Autos, bicicletas y motos/None			Cámara FPV RunCam Phoenix 2 SPV5 - Edición Especial Micro Cámara para Drones con Lente con Capucha 5
SIN SUB	p281382	Cámaras y fotografía/None			LICAEVEY Cámara de Gafas 2.7K 30fps, Gran Angular de 110°, Cámara de Vídeo POV Manos Libres, Pantall
SIN SUB	p281395	Cámaras y fotografía/None			Pequeña cámara portátil con Banda para Cuello, 128G
SIN SUB	p281399	Cámaras y fotografía/None			Arducam Módulo de cámara gran angular de color IMX519 de 16 MP con lente M12 para Raspberry Pi y Ope
SIN SUB	p281420	Cámaras y fotografía/None			Cámara para Collar de Mascota 1080P HD Inalámbrica Gran Angular Magnética Video Grabador
SIN SUB	p281454	Cámaras y fotografía/None			Cámara de Bolsillo, 4K HD Cámara con Clip Gran Angular Giratoria de 270 ° con Micrófono WiFi, Cámara
SIN SUB	p281481	Cámaras y fotografía/None			NEEWER 6" Ventosa Cámara Montura con Rótula Brazo Mágico, 2 Paquete, CA013
SIN SUB	p281512	Cámaras y fotografía/None			ACAGALA Cámara de Cciclismo Multifuncional 4K 60FPS Cámara para Bicicleta Cámara para Motocicleta Pa
SIN SUB	p281514	Cámaras y fotografía/None			Konftel 931201001 CAM 20 Cámara de Conferencia
SIN SUB	p281682	Cámaras y fotografía/None			2026 4K FHD Timelapse Cámara
SIN SUB	p281715	Cámaras y fotografía/None			Yunir Cámara de lapso de Tiempo, cámara de temporización 4K HD al Aire Libre, IP66 Resistente al Agu
SIN SUB	p281766	Cámaras y fotografía/None			RunCam - Cámara de casco 4K, cámara flexible de acción WiFi con 6 horas de grabación con control de 
SIN SUB	p281816	Cámaras y fotografía/None			Kodak - Cámara PIXPRO ORBIT360 4K 360° VR Adventure Pack
SIN SUB	p281906	Cámaras y fotografía/None			Acción De La Cámara, 4K Ultra HD Impermeable Cámara De Deportes, Con Bulit-En Función Wifi EIS Mic G
SIN SUB	p281961	Cámaras y fotografía/None			C200 4K/30FPS H.264/H.265 6-Axis Cámara transmisión en vivo anti vibración
SIN SUB	p282055	Cámaras y fotografía/None			Fire Cam MINI1080 - Cámara para casco (EE.UU.)
SIN SUB	p282067	Cámaras y fotografía/None			Cámara De Grabación 4K con Giroscopio Integrado Y Luz Compacta
SIN SUB	p282080	Cámaras y fotografía/None			RunCam - Cámara de casco 4K, cámara flexible de acción WiFi con 6 horas de grabación con control de 
SIN SUB	p282086	Cámaras y fotografía/None			AGAGA Cámara de lapso Tiempo TL2300 2.4 "LCD Completo HD 1080P 110 ° Gran Angular LED Grabación Bucl
SIN SUB	p282091	Cámaras y fotografía/None			BOBLOV M11 3.2K Cámara de cuerpo de policía, 128G Big Button Night Vision
SIN SUB	p282092	Cámaras y fotografía/None			Genérico Cámara de Profundidad 3D Full HD 1080p
SIN SUB	p282219	Cámaras y fotografía/None			Módulo de Cámara IMX386 12MP 4K 1/2.86"
SIN SUB	p282225	Cámaras y fotografía/None			4K 60FPS Cámara, TOF Enfoque Automático en Tiempo Real, Zoom Óptico 20x, Micrófonos Duales Reductore
SIN SUB	p282228	Cámaras y fotografía/None			Walksnail Avatar HD V2 1080P cámara HD 160 Grados FOV Compatible con Racing 8G sin Gyroflow o 32G co
SIN SUB	p282357	Cámaras y fotografía/None			Brinno BCC200-BLE Paquete de cámara de lapso de tiempo: 1 x ARC100 + 4 x TLC200PRO-BLE
SIN SUB	p282361	Cámaras y fotografía/None			Cámara para la serie 2 3 Pro 3 Classic Air 2S 2 Zoom(Mavic 3 Complete)
SIN SUB	p282373	Cámaras y fotografía/None			Cámara compatible para 3 zoom cámara 3 cine Hasselblad Camera para 3 series(Complete Camera)
SIN SUB	p282377	Cámaras y fotografía/None			Panasonic Wearable Cámara Naranja hx-a1h-d – Versión Internacional (no de garantía)
SIN SUB	p282379	Cámaras y fotografía/None			YI 360 VR cámara Doble Lente 5.7 K Alta resolución Cámara Panorámica con electrónico estabilización 
SIN SUB	p282383	Cámaras y fotografía/None			Cámara A8 4K 8MP Ultra HD con Zoom Digital 6X 1/1,7 Pulgadas Compatible con cámaras de acción Diseño
SIN SUB	p282384	Cámaras y fotografía/None			Compatible con DJI, cámara de unidad aérea O3 4K/60fps
SIN SUB	p282385	Cámaras y fotografía/None			Cámara tipo pod con cardán 4K de 3 ejes y sensor dual Z-2Mini
SIN SUB	p282386	Cámaras y fotografía/None			Cámara Cardán Ligera 4K, Compatible Con DJI,
SIN SUB	p282388	Cámaras y fotografía/None			Vieworks VH-5MG Cámara DMV Usada
SIN SUB	p282392	Cámaras y fotografía/None			Cámara con zoom para 3 (cámara completa)
SIN SUB	p282393	Cámaras y fotografía/None			Cámara Cardán 4K Con Zoom 6X, Compatible Con YUNEEC
SIN SUB	p282394	Cámaras y fotografía/None			CVBS/USB Cámara analógica para imágenes térmicas de 256 x 192/384 x 288/640 x 512 resolución 9 mm le
SIN SUB	p282396	Autos, bicicletas y motos/None			SIYI A8 4K 8MP Ultra HD 6X Cámara con zoom digital con 1 1 7 pulgadas 95 g Liviana 55x55x70 mm Compa
SIN SUB	p282397	Cámaras y fotografía/None			Avatar GT 1080P HD Pro Cámara 160 Grados FOV Gyro 1 Pulgada 2W Transmisión CAM VTX Compatible con Di
SIN SUB	p282398	Cámaras y fotografía/None			Cámara Industrial A7500CG20
SIN SUB	p282399	Cámaras y fotografía/None			Cámara Industrial A7500CG20
SIN SUB	p282400	Cámaras y fotografía/None			PL-A774 Cámara Usada
SIN SUB	p282426	Cámaras y fotografía/None			ATLI 4G LTE 4K Cámara de lapso de tiempo de doble banda WiFi construcción al aire última intervensió
SIN SUB	p282436	Cámaras y fotografía/None			Sony ILCE-6100 Cámara APS-C con enfoque automático rápido
SIN SUB	p282444	Cámaras y fotografía/None			Cámara 360 X5 - Acción impermeable 8K con sensores de 1/1,28" 48MP Vídeo 8K HDR Fotografía de 72MP D
SIN SUB	p282449	Cámaras y fotografía/None			Pixellot Air - Cámara de seguimiento portátil para fútbol, hockey, baloncesto y fútbol, PXL-650-0011
SIN SUB	p282452	Cámaras y fotografía/None			Camara con Zoom hibrido, Compatible con dji, C14
SIN SUB	p282453	Cámaras y fotografía/None			Kit inalámbrico con Zoom de cámara Dual de 16 Canales(3T(户外运动))
SIN SUB	p282455	Cámaras y fotografía/None			PTZOptics Move 4K 20X Cámara (Blanco)
SIN SUB	p282458	Cámaras y fotografía/None			Kit inalámbrico con Zoom de cámara Dual de 16 Canales(3T(户外运动))
SIN SUB	p282459	Cámaras y fotografía/None			Compatible con DJI, cámara de unidad aérea O3 4K/60fps
SIN SUB	p282460	Cámaras y fotografía/None			Cámara tipo pod con cardán multieje y sensor único UT090S
SIN SUB	p282463	Cámaras y fotografía/None			Jai PULNIX TM-6740CL Industrail Cámara Usada
SIN SUB	p282465	Cámaras y fotografía/None			Módulo de cámara cardán 4K 11MP 3 ejes 1/2.49"Cámara visión robot
SIN SUB	p282467	Cámaras y fotografía/None			Cámara de 3 Ejes, Compatible con dji, C14 5MP
SIN SUB	p282470	Cámaras y fotografía/None			XCG-SX99E Cámara industrial Usada
SIN SUB	p282472	Cámaras y fotografía/None			Cámara de imagen térmica 2K estabilizada de 3 ejes, cardán de luz dual, seguimiento dinámico Compati
SIN SUB	p282473	Cámaras y fotografía/None			Cámara Cardán Con Zoom 4K De 3 Ejes, Compatible Con DJI,
SIN SUB	p282478	Cámaras y fotografía/None			Blackmagic Design - Cámara de Cine de Bolsillo (4 K)
SIN SUB	p282480	Cámaras y fotografía/None			Cámara 360 X5 - Acción impermeable 8K con sensores de 1/1,28" 48MP Vídeo 8K HDR Fotografía de 72MP D
SIN SUB	p282485	Cámaras y fotografía/None			Panono cámara Explorer Edition, Verde + panonostick
SIN SUB	p282486	Cámaras y fotografía/None			Cápsula De Cámara Cardán ZR30 4K, Compatible Con DJI,
SIN SUB	p282487	Cámaras y fotografía/None			PTZOptics Cámara Move 4K 20X (gris)
SIN SUB	p282488	Cámaras y fotografía/None			CVBS/USB Cámara analógica para imágenes térmicas de 256 x 192/384 x 288/640 x 512 resolución 9 mm le
SIN SUB	p282489	Cámaras y fotografía/None			CVBS/USB Cámara analógica para imágenes térmicas de 256 x 192/384 x 288/640 x 512 resolución 9 mm le
SIN SUB	p282490	Cámaras y fotografía/None			CVBS/USB Cámara analógica para imágenes térmicas de 256 x 192/384 x 288/640 x 512 resolución 9 mm le
SIN SUB	p282491	Audífonos/None			JVC GY-HM180 Videocámara Ultra HD 4K con HD-SDI, Paquete de Accesorios con Auriculares Profesionales
SIN SUB	p282493	Autos, bicicletas y motos/None			Minicámara óptica SIYI ZT6 con Doble cardán, Zoom 4K de 8 MP y 6 aumentos, cámara Ultra Imagen térmi
SIN SUB	p282498	Cámaras y fotografía/None			Cámara de Cine de 35 Mm Cámara TLR de Lente Dual, Refleja Retro para Aficionados de Película, Ensamb
SIN SUB	p282499	Televisores/None			Genérico CT8566 Controles remotos de Voz ergonómicos para televisores CT8571 43LF3F63DAZ 40LF3F63DAZ
SIN SUB	p282510	Cámaras y fotografía/None			Cámara de película con 17 películas F/8 de 28 mm para bodas, fiestas, reuniones al aire libre
SIN SUB	p282515	Cámaras y fotografía/None			Cámara de un Uso 17 Disparos Operación Manual Fool Película 135 para Todas Las Ocasiones Película
SIN SUB	p282518	Cámaras y fotografía/None			Cámara de película de exposición de 27 hojas de uso único, 35 mm, uso único para eventos especiales,
SIN SUB	p282523	Audífonos/None			Auriculares para Traductor, Traducción en Tiempo Real, Calidad de Sonido Superior, Batería de Larga 
SIN SUB	p282531	Cámaras y fotografía/None			Cámara no desechable, reutilizable, 135 películas tontas con intermitente estudiante, retro, 35 mm, 
SIN SUB	p282532	Cámaras y fotografía/None			Cámara no desechable, reutilizable, 135 películas tontas con intermitente estudiante, retro, 35 mm, 
SIN SUB	p282533	Cámaras y fotografía/None			Cámara no desechable, reutilizable, 135 películas tontas con intermitente estudiante, retro, 35 mm, 
SIN SUB	p282534	Cámaras y fotografía/None			Cámara no desechable, reutilizable, 135 películas tontas con intermitente estudiante, retro, 35 mm, 
SIN SUB	p282536	Cámaras y fotografía/None			Cámara de película desechable retro con 27 fotos integradas, fácil de operar para principiantes y vi
SIN SUB	p282540	Cámaras y fotografía/None			Kodak M35 - Cámara de película Reutilizable de 35 mm Azul icónico Retro Lomo Kodak M35 Azul
SIN SUB	p282550	Cámaras y fotografía/None			Fujifilm Quick Snap - Cámara impermeable de 35 mm de un solo uso, (azul/verde/blanco) con paño de li
SIN SUB	p282553	Cámaras y fotografía/None			FUJIFILM QuickSnap 800 - Cámara desechable impermeable de 35 mm (2 x 27 exposiciones) paquete con pa
SIN SUB	p282567	Cámaras y fotografía/None			Fujifilm Quick Snap - Cámara impermeable de 35 mm de un solo uso, (azul/verde/blanco) con paño de li
SIN SUB	p282628	Cámaras y fotografía/None			Fujifilm Quick Snap - Cámara impermeable de 35 mm de un solo uso, (azul/verde/blanco) con paño de li
SIN SUB	p282686	Cámaras y fotografía/None			1 Shot Cámara desechable de 1 disparo para boda, 10 cámaras desechables de boda, cámara de película 
SIN SUB	p282753	Cámaras y fotografía/None			FUJIFILM QuickSnap 800 - Cámara desechable impermeable de 35 mm (10 x 27 exposiciones) paquete con p
SIN SUB	p282767	Cámaras y fotografía/None			Fujifilm Quick Snap - Cámara impermeable de 35 mm de un solo uso, (azul/verde/blanco) con paño de li
SIN SUB	p282891	Audífonos/None			dalishp Auriculares Ligeros para la Cabeza, micrófono Condensador, micrófono de 3,5mm, Enchufe para 
SIN SUB	p282953	Cámaras y fotografía/None			HiLetgo OV5647 Cámara OV5647 Módulo de cámara Raspberry Pi para Raspberry Pi A/B+/2 Modelo B con cab
SIN SUB	p282960	Cámaras y fotografía/None			HD Caricatura Cámara de Video Digital (Green)
SIN SUB	p282989	Cámaras y fotografía/None			Nueva cámara X5ni HD1080P compacta, inalámbrica, con WiFi y función de grabación, i para Acampar en 
SIN SUB	p282990	Cámaras y fotografía/None			Nueva Cámara X5 HD1080P Compacta Inalámbrica WiFi con Función de Grabación Detección Móvil Circular 
SIN SUB	p283009	Cámaras y fotografía/None			Llavero Cámara 20MP 720P HD Retro Video Digital para Adolescentes Estudiantes Viajes Escuela
SIN SUB	p283015	Cámaras y fotografía/None			Módulo de cámara USB de ABS OV9726 Sensor, resolución de 1280 x 720p para computadoras portátiles, t
SIN SUB	p283019	Cámaras y fotografía/None			Tbest Llavero Retro de la Cámara de Vídeo Digital 1MP 720P HD para los Viajes de los Estudiantes de 
SIN SUB	p283023	Cámaras y fotografía/None			Cámara de bolsillo para video, diseño portátil, herramienta de documentación para reuniones
SIN SUB	p283025	Cámaras y fotografía/None			ZJchao Cámara de Video Digital 16MP 16x Zoom Anti Shake DV Vistordor para el Registro de Crecimiento
SIN SUB	p283034	Cámaras y fotografía/None			Cámara retro para grabadora de video de bolsillo pequeño 1080P, color azul
SIN SUB	p283041	Cámaras y fotografía/None			Módulo de cámara de velocidad, componente de sensor de 0,3 MP 120 FPS compatible con sistema de grab
SIN SUB	p283046	Cámaras y fotografía/None			UNIT ELECTRONICS Camara Vga Ov7670 640x480 Sin FIFO
SIN SUB	p283047	Cámaras y fotografía/None			Cámara de bolsillo para video, diseño portátil, herramienta de documentación para reuniones
SIN SUB	p283196	Autos, bicicletas y motos/None			Videocámara de Carga Rápida con Faro 1080P para Mantenimiento de Vehículos, Material ABS
SIN SUB	p283371	Cámaras y fotografía/None			Cámara de vídeo portátil, White Single Camera
SIN SUB	p283586	Cámaras y fotografía/None			Cámara de Vídeo 8K, Pantalla Giratoria de Doble Lente
SIN SUB	p283595	Cámaras y fotografía/None			Cámara de Video 8K, 96MP WiFi, Zoom Digital 18X, Pantalla Táctil
SIN SUB	p283872	Videojuegos/None			Samsung MZ- VAP1T0BW 9100 PRO 4T PCIe® 5.0 x4 Memoria interna SSD NVMe™ 2.0 diseñada para consola de
SIN SUB	p284069	Almacenamiento/None			SanDisk - Unidad Ultra Dual SDDDC3-064G-G46 USBType-C de 64 GB hasta 150 MB/s, Velocidad de Lectura 
SIN SUB	p284077	Autos, bicicletas y motos/None			Unidad Flash USB, Unidad USB en Forma de Llave Plug and Play U Disco para el Uso de Automóviles, Com
SIN SUB	p284263	Audífonos/None			Yunir Reproductor MP3 para Natación a Prueba de Agua, Auriculares para Natación con Memoria IPX8 8G 
SIN SUB	p284299	Autos, bicicletas y motos/None			Unidad Flash USB, Unidad USB en Forma de Llave Plug and Play U Disco para el Uso de Automóviles, Com
SIN SUB	p284305	Televisores/None			Vansuny Memoria USB 3.0 de Alta Velocidad de 32 GB, 32 GB, USB 3.0, con indicador LED para PC, portá
SIN SUB	p284392	Autos, bicicletas y motos/None			Unidad Flash USB, Unidad USB en Forma de Llave Plug and Play U Disco para el Uso de Automóviles, Com
SIN SUB	p284467	Televisores/None			K&ZZ - Mini unidad flash USB 3.0 de 32 GB, paquete de 2 unidades de almacenamiento USB Plug and Play
SIN SUB	p284500	Televisores/None			Intenso Micro Line - Memoria USB de 16 GB (5 Unidades, Mini USB 2.0, Disco Compacto para PC, portáti
SIN SUB	p284591	Instrumentos musicales/None			BorlterClamp - Unidad flash USB de 32 GB, paquete de 5 unidades, unidad de memoria con bonito patrón
SIN SUB	p284628	Almacenamiento/None			SanDisk Ultra SDDD3-128G-G46 - 128GB Dual Drive m3.0 for Android Devices and Computers , Color Silve
SIN SUB	p284634	Televisores/None			Transcend SSD Externo de 128 GB, hasta 1050 MB/s, Unidad Flash USB Dual para iPhone, iPad y Mac; Win
SIN SUB	p284646	Televisores/None			Transcend 256 GB SSD externo, hasta 1050 MB/s, unidad flash USB dual para iPhone, iPad y Mac; Window
SIN SUB	p284650	Televisores/None			Unidad flash USB C de 128 GB de hasta 450 MB/s Dual Type-C y USB-A USB 3.2 Unidad de estado sólido U
SIN SUB	p284741	Televisores/None			EASTBULL Unidades Flash De Madera De Nogal De 4 GB, Paquete De 20 Unidades, Memoria USB 2.0 Alta Vel
SIN SUB	p284783	Televisores/None			Transcend 512 GB SSD externo, hasta 1050 MB/s, unidad flash USB dual para iPhone, iPad y Mac; Window
SIN SUB	p284858	Televisores/None			TOPESEL - Paquete de 50 unidades flash USB 2.0 de 4 GB, unidad flash de alta velocidad, unidad de me
SIN SUB	p285006	Almacenamiento/None			SanDisk SDCFSP-256G-A46D Extreme Pro 256 GB CFast Card, 525 MB/s Read, 450 MB/s Write, 2933x Memory 
SIN SUB	p285037	Televisores/None			Transcend SSD Externo de 2 TB, hasta 1.050 MB/s, Disco Duro USB Dual para Tesla, iPhone15, 16 iPad&M
SIN SUB	p285275	Herramientas/None			Máquina eléctrica para marcar metales de 400 W, grabadora de micropercusión para acero y plástico, h
SIN SUB	p285277	Videojuegos/None			Titanium One - SSD Externo portátil de 4 TB USB 3.2 Gen 2 IP66 a Prueba de Agua/Polvo y Golpes para 
SIN SUB	p285500	Videojuegos/None			Tarjeta de alenamiento de 32 GB/64 GB/128 GB/256 GB TF (Micro SD) Adecuada para grabadora de conducc
SIN SUB	p285520	Herramientas/None			SG Store - 2 tarjetas de memoria Micro SD TF macho a hembra adaptador de extensión extensor herramie
SIN SUB	p285599	Audífonos/None			Soundcore A30i Por Anker, Audífonos Inteligentes Con Blanco
SIN SUB	p285603	Audífonos/None			Auriculares Jbl Tune 530bt Dorado Con Sonido Jbl Pure Bass
SIN SUB	p285606	Audífonos/None			Auriculares Jbl Tune 780nc Azul
SIN SUB	p285607	Audífonos/None			Jbl Tune 110 Negro - Negro
SIN SUB	p285608	Audífonos/None			Auricular Samsung TWS7 Negro
SIN SUB	p285609	Audífonos/None			Samsung Galaxy Buds4 Negro
SIN SUB	p285611	Audífonos/None			Samsung Audífonos Galaxy Buds2 - Negro
SIN SUB	p285612	Audífonos/None			Samsung Galaxy Buds4 Pro Blanco
SIN SUB	p285613	Audífonos/None			Samsung Galaxy Buds4 Negro Negro
SIN SUB	p285614	Audífonos/None			Samsung Galaxy Buds4 Pro Pinkgold
SIN SUB	p285615	Audífonos/None			Samsung Galaxy Buds4 Pro Black
SIN SUB	p285616	Audífonos/None			Samsung Galaxy Buds4 Blanco Blanco
SIN SUB	p285620	Audífonos/None			Auriculares Estéreo Xiaomi Openwear
SIN SUB	p285622	Audífonos/None			Audífonos Xiaomi Redmi Neo Anc Azul
SIN SUB	p285643	Audífonos/None			Audifonos Huawei Freeclip 2 S Azul
SIN SUB	p285655	Audífonos/None			Audífonos Huawei Freeclip Diseño Estético Innovador Violeta
SIN SUB	p285656	Teclados/None			Teclado Apple QWERTY inglés US color blanco
SIN SUB	p285657	Teclados/None			Magic Trackpad Apple Multi-touch Blanco (USB-C)
SIN SUB	p285658	Teclados/None			Teclado Apple QWERTY Aula Blue portugués color blanco
SIN SUB	p285659	Teclados/None			Teclado Apple QWERTY Aula Blue inglés US color blanco
SIN SUB	p285660	Teclados/None			Teclado Apple QWERTY Aula Blue español España color blanco
SIN SUB	p285661	Teclados/None			Teclado Apple QWERTY Aula Blue español latinoamericano color blanco
SIN SUB	p285662	Teclados/None			Teclado Apple QWERTY español España color plata y blanco
SIN SUB	p285663	Teclados/None			Teclado Apple QWERTY inglés US color blanco y gris
SIN SUB	p285665	Teclados/None			Teclado Razer BlackWidow QWERTY Razer Yellow inglés US color negro con luz RGB
SIN SUB	p285667	Teclados/None			Teclado Logitech QWERTY español color grafito
SIN SUB	p285672	Teclados/None			Teclado Asus TUF Gaming K1 RGB Negro.
SIN SUB	p285673	Teclados/None			Asus Rog Falchion Ace 65% Rgb Compact Gaming Mechanical
SIN SUB	p285675	Teclados/None			Hp Inc Teclado Hp Alambrico Usb Estandar Negro
SIN SUB	p285676	Teclados/None			Teclado Hp 125, Negro
SIN SUB	p285677	Teclados/None			Teclado Hp 320k
SIN SUB	p285678	Teclados/None			Teclado HP QWERTY español color negro
SIN SUB	p285679	Teclados/None			Teclado Alambrico Hp 266c9aa Estandar Usb Color Negro
SIN SUB	p285680	Teclados/None			Teclado para jugadores HP K500f USB LED negro
SIN SUB	p285682	Teclados/None			Teclado + Mouse Hp 631341-b21 Enterprise Usb Combo Inglés
SIN SUB	p285684	Teclados/None			Attack Shark X68 He 8000hz Teclado De Disparo
SIN SUB	p285690	Teclados/None			Attack Shark X65 He Interruptor Magnético Con Cable Teclado Teclado Star Black
SIN SUB	p285692	Teclados/None			Teclado Lenovo Alámbrico Usb Pc Computadora 000xh587 Negro Inglés Us
SIN SUB	p285693	Teclados/None			Teclado Lenovo alámbrico USB Modelo Ku-1601 Con Numérico
SIN SUB	p285695	Teclados/None			Teclado Alambrico Usb Lenovo Calliope Ingles Negro Inglés Negro Inglés Us
SIN SUB	p285705	Televisores/None			Televisor Hisense 65 Uled Smart Tv 65u6qv
SIN SUB	p285707	Televisores/None			Smart Tv TCL 43'' Roku 43S310R Led
SIN SUB	p285713	Televisores/None			Televisor Sharp Roku TV 32" LED Smart HDMI USB Negro
SIN SUB	p285717	Televisores/None			Sansui Smx32t1hn 32 Smart Tv Sistema Operativo Linux 2022
SIN SUB	p285722	Televisores/None			Pantalla Westinghouse Wx24hx2800 24 Pulgadas Smart Tv Xumo
SIN SUB	p285754	Lavadoras/None			Mabe LRM23A Eléctrica Azul acero
SIN SUB	p285755	Lavadoras/None			Mabe Lavado lmdx8124hbab Corriente doméstica Blanco
SIN SUB	p285999	Videojuegos/None			Video Juego My Arcade Pac Man Color Amarillo
SIN SUB	p286001	Muebles/None			Escritorios Eléctricos De Pie 60 Pulgadas, Marco Bl
SIN SUB	p286003	Muebles/None			Escritorios Reversible Forma Gamer De L computer desk escritorios para oficina minimalistas 129cm*12
SIN SUB	p286091	Muebles/None			Libreros Minimalistas, Organizador Libano Esquinero Hogare Color Roble-blanco
SIN SUB	p286092	Muebles/None			Libreros Minimalistas De Madera Fresh, Hogare. Organizador. Color Blanco
SIN SUB	p286093	Muebles/None			Libreros De Madera Moderno Con Puertas Multiusos General Roble Silvestre
SIN SUB	p286094	Muebles/None			Libreros De Madera Sencillos Modernos Con Puertas Multiusos Blanco Cálido
SIN SUB	p286098	Muebles/None			Libero Modena Wengue Këssa Cdmx Color Chocolate
SIN SUB	p286133	Muebles/None			Librería De 6 Niveles Vasagle Estilo Industrial Color Marrón
SIN SUB	p286134	Muebles/None			Vasagle Alinru Ulls061b01 - Estantera De Almacenamiento De 5
SIN SUB	p286156	Muebles/None			Spring Air Panamá 190x135cm gris matrimonial
SIN SUB	p286158	Muebles/None			Spring Air Panamá 190x100cm gris individual
SIN SUB	p286232	Muebles/None			Juego De Roperos Job, 3 Módulos Chocolate | Muebles Marrón Chocolate Oscuro
SIN SUB	p286301	Muebles/None			Desayunador Edith Gris Këssa Muebles
SIN SUB	p286307	Muebles/None			Periquera Titus de Këssa Muebles, Rústica con Base de Acero
SIN SUB	p286402	Herramientas/None			Caja Organizadora 20 Divisiones Dewalt Dwst14830
SIN SUB	p286403	Herramientas/None			Dewalt Dwst14121 Organizador Mediano 12 Cajones Extraíbles Negro
SIN SUB	p286404	Herramientas/None			Dewalt No combine sus rodilleras con gel Dwst
SIN SUB	p286405	Herramientas/None			Luz De Led Toughsystem 360° Ajustable Dewalt Dwst08062 Negro
SIN SUB	p286406	Herramientas/None			Organizador De Gavetas Truper 10895 Negro
SIN SUB	p286407	Herramientas/None			Organizador 13 Compartimentos Truper 10036 Color Negro
SIN SUB	p286408	Herramientas/None			Caja Multiusos Organizador Chico 15 Espacios Truper Negro
SIN SUB	p286409	Herramientas/None			Organizador Truper 11 Pulgadas 36 Espacios Resistente Negro
SIN SUB	p286410	Herramientas/None			Organizador 11" con 15 compartimentos, Truper 19896
SIN SUB	p286411	Herramientas/None			Organizador Con 44 Gavetas, Color Negro Truper ORG-44
SIN SUB	p286412	Herramientas/None			Organizador 14 Con 18 Compartimentos, Truper 11825 Color Negro
SIN SUB	p286413	Herramientas/None			Organizador 10 Con 16 Compartimentos, Truper, 11851 Color Negro
SIN SUB	p286414	Herramientas/None			Organizador 11 Con 36 Compartimentos, Truper 102760 Color Negro
SIN SUB	p286415	Herramientas/None			Organizador 9' Con 11 Compartimentos Truper 10035 Color Negro
SIN SUB	p286416	Herramientas/None			Organizadores 11, 13 Y 15 Truper Compartimentos 3 Pzas Color Negro
SIN SUB	p286417	Herramientas/None			Pack Organizadores Truper 11, 13 Y 15 Compartimientos 3 Pzas Color Negro
SIN SUB	p286418	Herramientas/None			Gavetero Truper Est-5 Color Negro43cm X 91cm X 1.85m Con 5 Compartimientos De 1 Unidades
SIN SUB	p286419	Herramientas/None			Esquina Magnética Para Soldar 35 Kg Axtech Axt-esm35
SIN SUB	p286423	Autos, bicicletas y motos/None			benotto r16 con portavasos y llantitas
SIN SUB	p286436	Relojes inteligentes/None			Extensible para reloj de pulsera VentDepot MXMSE-021 NA - 40mm de ancho
SIN SUB	p286437	Relojes inteligentes/None			Correa para Reloj de Piel Azul de VentDepot – Colección Holes de 38/40 mm
SIN SUB	p286438	Relojes inteligentes/None			Extensible para reloj de pulsera VentDepot MXEQU-010-3 Rosa Barbie - 44mm de ancho
SIN SUB	p286517	Cámaras de seguridad/None			Wyze Cam V3 Spotlight Foco Lampara Led Accesorio
SIN SUB	p286536	Cámaras de seguridad/None			Presentamos Ring Floodlight Cam Wired Pro Con Vista De Pájar
SIN SUB	p286638	Cámaras de seguridad/None			Ojo 2pcs Double Lent Audio Security Camera 12MP
SIN SUB	p286651	Cámaras de seguridad/None			Dahua Pfa134 Caja De Conexiones Hermética
SIN SUB	p286652	Cámaras de seguridad/None			Dahua Cooper B1A21N-U-28
SIN SUB	p286787	Redes/None			Controlador Cloud Omada Tp-link - Ethernet Lan
SIN SUB	p286794	Redes/None			Convertidor Multimedia Mode Gigabit Tp-link Mc200cm
SIN SUB	p286807	Redes/None			Interruptor Grandstream Gwn7831 24 Sfp 4 Sfp+ 10g
SIN SUB	p286867	Redes/None			Controlador TP-Link Omada OC300
SIN SUB	p286881	Redes/None			Estacion Base Inalambrico Ruijie Radioenlaces Rg-airmetro
SIN SUB	p286882	Redes/None			Dredge Complete Collector's Edition PS5 Astragon Juego Base + DLC
SIN SUB	p286885	Redes/None			Ruijie RG-RAP52-OD acceso omnidireccional blanco de IP65
SIN SUB	p286955	Impresoras/None			HP DesignJet T650 5HB10D
SIN SUB	p286959	Impresoras/None			Kyocera Ecosys Ma4500ix 110c113nl0
SIN SUB	p286960	Impresoras/None			Impresora multifunción monocromática Kyocera 1102Y82UX0
SIN SUB	p286962	Impresoras/None			Impresora multifunción monocromática Kyocera Ecosys M3145idn
SIN SUB	p286963	Impresoras/None			Impresora multifunción monocromática Kyocera Ecosys M2635dw con wifi
SIN SUB	p286964	Impresoras/None			Impresora Kyocera Ecosys Ma4000wifx/l Wifi Blanco Y Negro
SIN SUB	p286966	Impresoras/None			Canon imageCLASS LBP6030W - Blanco -
SIN SUB	p286970	Impresoras/None			Impresora Multifunción Canon 5074c002 Black
SIN SUB	p286973	Impresoras/None			Impresora Canon Imageclass Lbp6230w Color Blanco
SIN SUB	p286974	Impresoras/None			Impresora Plotter Canon Tc-21m Blanco
SIN SUB	p286977	Impresoras/None			Impresora multifunción monocromática Xerox VersaLink B7135_D
SIN SUB	p286979	Impresoras/None			Impresora simple función monocromática Zebra ZD 220
SIN SUB	p286983	Impresoras/None			Impresora etiqueta monocromática Zebra IMPRESSORA DE ETIQUETA ZD 421
SIN SUB	p287001	Instrumentos musicales/None			Sennheiser Profile Streaming Set Color Negro
SIN SUB	p287024	Instrumentos musicales/None			Transmisor Akg De Mano Ht4000 Bandiii Color Negro
SIN SUB	p287026	Instrumentos musicales/None			Sm58s Por Shure
SIN SUB	p287027	Instrumentos musicales/None			Shure Mv88+stereo-usb
SIN SUB	p287032	Instrumentos musicales/None			Shure Beta 58a
SIN SUB	p287036	Instrumentos musicales/None			Fender American Cadena Telecaster Estandar Virolas
SIN SUB	p287037	Instrumentos musicales/None			Eric Clapton Stratocaster® Black Fender Diestro Negro
SIN SUB	p287038	Instrumentos musicales/None			Jim Root Stratocaster® Fender Color Negro
SIN SUB	p287050	Cámaras y fotografía/None			Osmo Dji 360 Adventure Combo Color Negro
SIN SUB	p287076	Cámaras y fotografía/None			Canon Rf15-1.181 In F4.5-6.3 Es Stm Lens Negro
SIN SUB	p287077	Cámaras y fotografía/None			Ocular Canon Eg
SIN SUB	p287079	Cámaras y fotografía/None			Sigma 150-600 mm F/5-6.3 Dg Dn Os Sports Sony Montura E Sony Montura E Negra
SIN SUB	p287096	Cámaras y fotografía/None			Nikon Nikkor Z 50 mm F/1.2S sin lente
SIN SUB	p287108	Cámaras y fotografía/None			Fujinon Fujifilm Lens Xf35mmf1.4 R
SIN SUB	p287110	Cámaras y fotografía/None			Samyang 12mm f/2.0 Gran Angular Fujifilm X-mount
SIN SUB	p287197	Iluminación/None			Interruptor Inteligente Ledvance Wifi Blanco 91913 N/a
SIN SUB	p287198	Iluminación/None			Interruptor Inteligente Ledvance Wifi Negro 91914 N/a
SIN SUB	p287199	Iluminación/None			Interruptor Inteligente Ledvance Wifi Blanco 91911 N/a
SIN SUB	p287202	Iluminación/None			Enchufe Inteligente Ledvance Wifi Usb 91918 N/a
SIN SUB	p287215	Iluminación/None			Lámparas Techo Colgantes Alfelec 2 Piezas Negro Dorado GU10 Mate
SIN SUB	p287216	Iluminación/None			DEHOBO Lamparas Techo Gu10 De Moderna 6 Focos Iluminacion Riel Cromo Lamparas Moderna Ajustable Deco
SIN SUB	p287218	Iluminación/None			Kit 2 Lámparas Techo Empotrables Halógenas 50W GU5.3 Magg Blancas
SIN SUB	p287221	Iluminación/None			Pack 4 Lámparas Techo Led 24w, 3000k, Estévez, Color Blanco Blanco
SIN SUB	p287222	Iluminación/None			Pack De Lámparas Techo Empotrables 10w Acero Satín Tecnolite Color Satinado
SIN SUB	p287225	Iluminación/None			SPOT INTERIOR EMPOTRADO Tecnolite
SIN SUB	p287226	Iluminación/None			Tecnolite Toledo - Unidad - 1 Satinado
SIN SUB	p287229	Iluminación/None			Tecnolite YD-341/N_6 - 6 Negro
SIN SUB	p287232	Iluminación/None			Tecnolite 6HLED941MV30N Color Negro 6 W
SIN SUB	p287238	Iluminación/None			Tecnolite PTL-0005/S - Unidad - 1 Plateado
SIN SUB	p287239	Iluminación/None			Tecnolite 60YSN368LMVS_6 - Pack - 6 Satinado - Blanco frío
SIN SUB	p287245	Iluminación/None			Empotrable Dirigible Tecnolite Blanco Yd-360/b
SIN SUB	p287247	Iluminación/None			Empotrable Dirigible Tecnolite Satinado Yd-360/s
SIN SUB	p287248	Iluminación/None			Candelabro LED YZLDM Dorado con Diseño Ondulado para Comedor
SIN SUB	p287280	Iluminación/None			Candelabro YZLDM Moderno Negro de 36W con Diseño Espiral LED, Temperatura de Color Ajustable para Te
SIN SUB	p287309	Iluminación/None			Lámparas De Pared Inalámbricas BYLIFITRY Lámparas De Pared Con Mando A Distancia, Lámparas De Pared 
SIN SUB	p287328	Iluminación/None			Empotrado, Redondo, 12w, 6500k, Led, Volteck 48348 Color Blanco
SIN SUB	p287354	Iluminación/None			Iluminacion Westinghouse
SIN SUB	p287359	Iluminación/None			Candelabro DEHOBO Techo GU10 de Metal Blanco con 6 Focos Ajustables
SIN SUB	p287370	Iluminación/None			Dehobo Lamparas Banos Modernas Led Estructura Porteria Iluminacion 3000k/4500k/6000k,lamparas Colgan
SIN SUB	p287386	Iluminación/None			Partphoner W-5437 - Unidad - 1 Negro
SIN SUB	p287387	Iluminación/None			SILLUNE lamparas,lamparas Blanco - Blanco frío - 6500 K
SIN SUB	p287388	Iluminación/None			Focos De Paisaje De Alta Calidad
SIN SUB	p287389	Iluminación/None			Guirnalda Con 24 Focos Cable De Pvc Focos De Plastico
SIN SUB	p287390	Iluminación/None			Focos LED Sengled C01-BR30 Blanco Cálido
SIN SUB	p287391	Iluminación/None			Paquete 4 Focos Led 6W Irc90 6DA19LEDF65VC904P
SIN SUB	p287393	Iluminación/None			Focos Hogar Portatil Gancho Led Usb Recargables 150w
SIN SUB	p287433	Iluminación/None			Aksi Farol Clasico Suspendido Negro Blanco Neutro
SIN SUB	p287453	Iluminación/None			Aksi Focos Vintage Globo Panal 3.5w, Dimeable Blanco Cálido
SIN SUB	p287455	Iluminación/None			2pz Focos Led 50w Alta Potecia Blanco Frio Aksi
SIN SUB	p287479	Iluminación/None			Cabeza Robotica Beam Rgbw + Laser Azul - Steelpro
SIN SUB	p287480	Iluminación/None			Cabeza Robotica Beam Rgbw + Laser Verde - Steelpro
SIN SUB	p287481	Iluminación/None			Antenas Inalámbricas Batería Recargable 5w-dmx Steelpro
SIN SUB	p287483	Iluminación/None			Splitter Divisor De Señal Dmx 8 Salidas Dmx512 - Steelpro
SIN SUB	p287484	Iluminación/None			Case 4 Estrobo Profesional 960 Led Rgb+ Estrobo Dmx Steelpro
SIN SUB	p287485	Iluminación/None			4 Cabezas Moviles Wash Steelpro Fractal 1915h Con Zoom Case
SIN SUB	p287486	Iluminación/None			4 Estrobos Dmx Steelpro 488strk Profesional C/case 960 Leds
SIN SUB	p287487	Iluminación/None			Cabeza Móvil Láser Rgb 5 Watts Steelpro Orbital Figuras 2d
SIN SUB	p287488	Iluminación/None			8 Estrobos Dmx Steelpro 488str8k Profesional C/case 960 Leds
SIN SUB	p287489	Iluminación/None			Set 2 Cabezas Moviles Wash Steelpro Fractal 1915h Con Zoom Case
SIN SUB	p287490	Iluminación/None			4 Cabezas Móvil Spot Con Gobos Led 90 Watts Aro Smd Steelpro
SIN SUB	p287492	Iluminación/None			Apolo 8r 4 Cabezas Led Alienpro Mini Arcoíris Dmx 450w
SIN SUB	p287493	Iluminación/None			Par De Cabezas Móviles Cobra Alienpro Tipo Beam Dmx 90w
SIN SUB	p287494	Iluminación/None			X4 Cabeza Móvil Led Índigo 60 Ii 100w Alienpro 7 Colores
SIN SUB	p287495	Iluminación/None			Equipo De Iluminacion Spider Mini 39w Alienpro 8 Leds X 3w
SIN SUB	p287496	Iluminación/None			Cabeza Móvil LED Alienpro 120W RGBW Laser Rotación 360º DMX Ovni
SIN SUB	p287500	Iluminación/None			Cabeza Móvil Mystique 40 Rgbw Megaluz
SIN SUB	p287501	Iluminación/None			Cabeza Movil Robótica Megaluz Show Mars-beam
SIN SUB	p287502	Iluminación/None			Cabeza Móvil Contour 30 Cm007 Megaluz 30 W
SIN SUB	p287505	Iluminación/None			Cabeza Movil Megaluz Fade 285 300w Dmx512 2 Piezas+case
SIN SUB	p287506	Iluminación/None			Disco Cabeza Móvil Audio Rítmico Rgbw Megaluz Mini Bar Beam
SIN SUB	p287509	Iluminación/None			Cabezal Móvil Megaluz CHFIRE FLY DMX y Audi Rítmico con Láser, LED RGBW y Flash
SIN SUB	p287511	Juguetes y bebés/None			Mattel Anna y Elsa Mattel
SIN SUB	p287521	Juguetes y bebés/None			Disney Asha Mattel
SIN SUB	p287523	Juguetes y bebés/None			MGA Rainbow High rainbow
SIN SUB	p287524	Juguetes y bebés/None			MGA Bratz Felicia holiday
SIN SUB	p287525	Juguetes y bebés/None			Miniverse Mini Comida Mga Entertainment
SIN SUB	p287526	Juguetes y bebés/None			Rainbow High Stella Monroe Mga
SIN SUB	p287527	Juguetes y bebés/None			MGA Entertainment Rainbow High Krystal Bailey
SIN SUB	p287529	Juguetes y bebés/None			MGA Entertainment L.O.L. Surprise! Winnie Fashionista
SIN SUB	p287530	Juguetes y bebés/None			Lol Surprise D.j. Big B.b. Mga Entertainment
SIN SUB	p287535	Juguetes y bebés/None			MGA Entertainment Bratz Roxxi y Nevra Bratz
SIN SUB	p287537	Juguetes y bebés/None			Mga Bratz Hello Kitty Yasmin Sanrio Fashion
SIN SUB	p287538	Juguetes y bebés/None			MGA Entertainment Rainbow High Sunny Madison junior
SIN SUB	p287540	Juguetes y bebés/None			MGA Entertainment L.O.L. Surprise! Move & Groove mini
SIN SUB	p287541	Juguetes y bebés/None			Lol Surprise Omg Busy B.b. - 20 Sorpresas - Mga
SIN SUB	p287544	Juguetes y bebés/None			MGA Entertainment Rainbow High Gabriella Icely serie 3
SIN SUB	p287547	Juguetes y bebés/None			Lol Surprise Mc Swag Big B.b. Mga Entertainment
SIN SUB	p287548	Juguetes y bebés/None			Trotties Famosa Emma & Limo
SIN SUB	p287551	Juguetes y bebés/None			Trotties Famosa Lucy En Hawaii
SIN SUB	p287555	Juguetes y bebés/None			Famosa Pinypon Top Figures Morado
SIN SUB	p287556	Juguetes y bebés/None			Nancy Catwaii Con Accesorios 43cm Famosa
SIN SUB	p287557	Juguetes y bebés/None			Hamstars Popstars World Tour Cloe Famosa
SIN SUB	p287559	Juguetes y bebés/None			Pinypon Surprise Reveal 5 Sorpresas Famosa
SIN SUB	p287564	Juguetes y bebés/None			Wandi-doos Hawaiana From Hawaii Sonidos Famosa
SIN SUB	p287565	Juguetes y bebés/None			My First Pinypon School Bus De Famosa
SIN SUB	p287566	Juguetes y bebés/None			My First Pinypon Doctora Figura 10cm Famosa
SIN SUB	p287568	Juguetes y bebés/None			Nancy Un Dia De Peluqueria 42cm Famosa
SIN SUB	p287569	Juguetes y bebés/None			Rapunzel - Princesas De Disney - Disney
SIN SUB	p287571	Juguetes y bebés/None			Disney Mulán - Guerrera - Princesas Disney - Hasbro
SIN SUB	p287572	Juguetes y bebés/None			Anna Frozen 2 - Princesas De Disney - Disney
SIN SUB	p287574	Juguetes y bebés/None			Aurora Bella Durmiente - Princesas De Disney - Disney
SIN SUB	p287575	Juguetes y bebés/None			Rapunzel Disney Style Series Disney Princesas Hasbro
SIN SUB	p287577	Juguetes y bebés/None			Blanca Nieves (snow White) Princesas De Disney Disney
SIN SUB	p287578	Juguetes y bebés/None			Set Disney Princesas Petite Aladdin Y Jasmine Disney 100
SIN SUB	p287580	Juguetes y bebés/None			Disney Sullivan
SIN SUB	p287581	Juguetes y bebés/None			Disney Ariel
SIN SUB	p287582	Juguetes y bebés/None			Disney Moana clásica
SIN SUB	p287583	Juguetes y bebés/None			Disney Stitch Jakks
SIN SUB	p287584	Juguetes y bebés/None			Hasbro Raya Disney
SIN SUB	p287585	Juguetes y bebés/None			Disney Pocahontas clásica
SIN SUB	p287586	Juguetes y bebés/None			Monster High Lorna McNessie monster exchange
SIN SUB	p287587	Juguetes y bebés/None			Monster High Jane Boolittle
SIN SUB	p287588	Juguetes y bebés/None			Monster High Abbey Bominable
SIN SUB	p287589	Juguetes y bebés/None			Monster High Draculaura scaris
SIN SUB	p287590	Juguetes y bebés/None			Monster High Casta Fierce
SIN SUB	p287591	Juguetes y bebés/None			Monster High Venus Fearbook
SIN SUB	p287593	Juguetes y bebés/None			Monster High Lagoona Blue Monster Ball Baile Invierno
SIN SUB	p287594	Juguetes y bebés/None			Monster High - Abbey Bominable - G3
SIN SUB	p287596	Juguetes y bebés/None			Monster High Rochelle Goyle scaris
SIN SUB	p287597	Juguetes y bebés/None			Monster High Skullector Edward Scissorhands
SIN SUB	p287598	Juguetes y bebés/None			Monster High Frankie Stein scaris
SIN SUB	p287600	Juguetes y bebés/None			Monster High Draculaura collector doll
SIN SUB	p287603	Juguetes y bebés/None			Monster High Nefera de Nile
SIN SUB	p287605	Juguetes y bebés/None			Monster High Operetta Primera Edición (eu
SIN SUB	p287612	Juguetes y bebés/None			Playmobil Mi Primer Playmobil Junior 71655 21 Figura Playmobil
SIN SUB	p287613	Juguetes y bebés/None			Playmobil Viperion Miraculous 71868
SIN SUB	p287614	Juguetes y bebés/None			Playmobil Booster Skytrails 72059
SIN SUB	p287615	Juguetes y bebés/None			Playmobil Comisaría Police 71874
SIN SUB	p287616	Juguetes y bebés/None			Playmobil Vesperia Miraculous 71867
SIN SUB	p287617	Juguetes y bebés/None			Playmobil Racing Banana Funstars 71717 31 Figura Playmobil
SIN SUB	p287618	Juguetes y bebés/None			Playmobil Buggy Todoterreno Cars 72063
SIN SUB	p287619	Juguetes y bebés/None			Playmobil Flip Rail Skytrails 71971 20 Figura Playmobil
SIN SUB	p287620	Juguetes y bebés/None			Playmobil Visitante Lejano Princess 72054 45 Figura Playmobil
SIN SUB	p287621	Juguetes y bebés/None			Playmobil Robot Super Heroes 71837 18 Figura Playmobil
SIN SUB	p287622	Juguetes y bebés/None			Playmobil Vehículo Super Heroes 71832 10 Figura Playmobil
SIN SUB	p287623	Juguetes y bebés/None			Playmobil Batalla Super Heroes 71831 72 Figura Playmobil
SIN SUB	p287625	Juguetes y bebés/None			Playmobil Búsqueda Promo Packs 71860
SIN SUB	p287626	Juguetes y bebés/None			Playmobil Moto Todoterreno Cars 72065
SIN SUB	p287627	Juguetes y bebés/None			Playmobil Bomberos Duo Packs 71885
SIN SUB	p287629	Juguetes y bebés/None			Playmobil Quad Todoterreno Cars 72064 34 Figura Playmobil
SIN SUB	p287630	Juguetes y bebés/None			Playmobil WWE Triple H 71963
SIN SUB	p287631	Juguetes y bebés/None			Playmobil Knights Caballero Dragón 72118
SIN SUB	p287632	Juguetes y bebés/None			Playmobil Unicornio Magic Unicorn 71843 19 Figura Playmobil
SIN SUB	p287633	Juguetes y bebés/None			Playmobil Knights Dragón Negro 72114
SIN SUB	p287634	Juguetes y bebés/None			Playmobil Rescate Special Plus 71880
SIN SUB	p287635	Juguetes y bebés/None			Playmobil Lady Wifi Miraculous 71866
SIN SUB	p287636	Juguetes y bebés/None			Playmobil Sombra Super Heroes 71835 12 Figura Playmobil
SIN SUB	p287637	Juguetes y bebés/None			Playmobil Pastelería francesa Miraculous 71863
SIN SUB	p287638	Juguetes y bebés/None			Playmobil Relámpago Super Heroes 71836 6 Figura Playmobil
SIN SUB	p287639	Juguetes y bebés/None			Playmobil WWE Cody Rhodes 71961
SIN SUB	p287640	Juguetes y bebés/None			Playmobil Aventurero Special Plus 72033 14 Figura Playmobil
SIN SUB	p287641	Juguetes y bebés/None			Playmobil Construction Pack Skytrails 71975
SIN SUB	p287642	Juguetes y bebés/None			Playmobil Piratas Duo Packs 72024 15 Figura Playmobil
SIN SUB	p287643	Juguetes y bebés/None			Playmobil Connection Pack Skytrails 71974 35 Figura Playmobil
SIN SUB	p287644	Juguetes y bebés/None			Playmobil Estilista Special Plus 71878
SIN SUB	p287645	Juguetes y bebés/None			Playmobil Robo De Diamantes Police 71876 50 Figura Playmobil
SIN SUB	p287646	Juguetes y bebés/None			Playmobil Pastelería Navideña} Advent Calendars 71952
SIN SUB	p287647	Juguetes y bebés/None			Playmobil S 28 niñas Figures 71890
SIN SUB	p287658	Juguetes y bebés/None			Mattel Brick Shop Honda S2000
SIN SUB	p287660	Juguetes y bebés/None			Pokémon Mega Construx Pokebola Bulbasaur - Mattel
SIN SUB	p287661	Juguetes y bebés/None			Mega Construx Pokémon Pokébola Evergreen Ditto - Mattel
SIN SUB	p287663	Juguetes y bebés/None			Pokémon Mega Construx Pokémon Squirtle - Mattel
SIN SUB	p287664	Juguetes y bebés/None			Pokémon Novato Pokémon Mega Construx - Mattel Hot10
SIN SUB	p287665	Juguetes y bebés/None			Mattel Motu Mega Construx Battle Ram 188 Pzas
SIN SUB	p287668	Juguetes y bebés/None			Mega Construx Pokemon Pokebola Serie 23 Mattel 26 Bidoof
SIN SUB	p287669	Juguetes y bebés/None			Mega Contrux Pokemon Pokebola Serie 23 Mattel 31 Fidough
SIN SUB	p287672	Juguetes y bebés/None			Meccano Junior Vehiculo De Carreras 20104 Spin Master Cantidad De Piezas 34
SIN SUB	p287739	Mascotas/None			Transportador Para Mascotas
SIN SUB	p287772	Mascotas/None			Petmate 21859 Color Café/negro
SIN SUB	p287822	Mascotas/None			CoCorrea Extra Chica Fancy Pets Con Ultra Grip Y Bandas Reflejantes Rojo Para Perro Ideal Para Paseo
SIN SUB	p287865	Climatización/None			VentDepot Breezix De mesa - 30 cm - Blanco Gris - Plástico - 3
SIN SUB	p287936	Climatización/None			Circulador De Aire Metálico Industrial Taurus Colossal
SIN SUB	p287940	Climatización/None			Circulador De Aire Taurus Tropic 20" Silencioso 3Velocidades
SIN SUB	p287959	Deportes y fitness/None			Equipo Gym Press Pecho Inclinado Golden Deluxe Negro Dorado
SIN SUB	p287963	Deportes y fitness/None			Equipo Portátil Entrenamiento Fuerza Evo Gym Nomadix Elite 320 Lbs
SIN SUB	p287964	Deportes y fitness/None			Torre De Entrenamiento Total - Unifitness Ufme392 Gris Oscuro
SIN SUB	p287970	Deportes y fitness/None			Rack de Potencia Multifuncional SF-BH6802 Sunny Health & Fitness
SIN SUB	p287972	Deportes y fitness/None			Gym Multifuncional Altera Brazo Pierna Pecho Peso Incluido
SIN SUB	p287974	Deportes y fitness/None			Maquina Crossover Gym Multifuncional Altera Peso Integrado Negro
SIN SUB	p287978	Deportes y fitness/None			Maquina Multifuncional Gym Con Polea Peso Ajustable Altera Negro Negro
SIN SUB	p287982	Deportes y fitness/None			Jaula Smith Multiestacion De Ejercicio Fitness Funcional Plata
SIN SUB	p287995	Deportes y fitness/None			Set 5 Bandas Elásticas Resistencia Ejercicio Fitness Line Multipack 5 Niveles
SIN SUB	p288016	Juegos de mesa/None			Mecano, Play With Tools Chico Retroexcavadora Wuundentoy
SIN SUB	p288054	Juegos de mesa/None			Disney Memoria Princesas Novelty Español
SIN SUB	p288055	Juegos de mesa/None			Memoria Barbie Novelty Juguete Didactico
SIN SUB	p288057	Juegos de mesa/None			Novelty Rummy Speed Jca-1931
SIN SUB	p288058	Juegos de mesa/None			Torre Del Beber 52 Bloques Novelty
SIN SUB	p288060	Juegos de mesa/None			Torre De Madera Juegos Tradicionales Novelty
SIN SUB	p288062	Juegos de mesa/None			Memoria Sonic Novelty Juguete Didáctico Infantil
SIN SUB	p288063	Juegos de mesa/None			Disney Pixar Lightyear Aventura Espacial Novelty
SIN SUB	p288065	Juegos de mesa/None			Estira Y Afloja Juego De Mesa Novelty
SIN SUB	p288066	Juegos de mesa/None			hashtag! El Juego Contenido Para Adultos Novelty
SIN SUB	p288070	Juegos de mesa/None			Gabbys Dollhouse Gatifantastico Juego De Mesa Novelty
SIN SUB	p288074	Juegos de mesa/None			Otrio Juego De Mesa Spin Master
SIN SUB	p288076	Juegos de mesa/None			Juego de Mesa Torre Equilibrio Spin Master
SIN SUB	p288077	Juegos de mesa/None			Juego 6073031 Scoot Home 3+ Spin Master
SIN SUB	p288079	Juegos de mesa/None			Spin Master Games, Set De 10 Juegos
SIN SUB	p288081	Juegos de mesa/None			Juego Torre Equilibrio de lujo de Spin Master
SIN SUB	p288082	Juegos de mesa/None			Juego De Memoria Paw Patrol Spin Master Games
SIN SUB	p288083	Juegos de mesa/None			Juego Spin Master Vamos A Pescar Edad 3
SIN SUB	p288084	Juegos de mesa/None			Juego De Mesa Hedbanz Harry Potter Spin Master
SIN SUB	p288085	Juegos de mesa/None			Gotrio Juego Spin Master Marbles Brain Workshop Travel
SIN SUB	p288086	Juegos de mesa/None			Juego De Pociones Cardinal Harry Potter Spin Master
SIN SUB	p288087	Juegos de mesa/None			Juego De Mesa El Rey León Spin Master
SIN SUB	p288088	Juegos de mesa/None			Tic Tac Two Juego De Mesa Spin Master
SIN SUB	p288089	Juegos de mesa/None			Hedbanz Disney Princesa Juego De Mesa Spin Master
SIN SUB	p288091	Juegos de mesa/None			Juego De Mesa Spin Master Games Perplexus Hybrid 2x2
SIN SUB	p288095	Juegos de mesa/None			Juego Paw Patrol Dropple Spin Master, 2-4 Jugadores
SIN SUB	p288097	Juegos de mesa/None			Juego De Mesa Spin Master Hedbanz 2-6 Jugadores
SIN SUB	p288099	Juegos de mesa/None			Juego De Mesa Atina Aros Frozen 2 Spin Master
SIN SUB	p288100	Juegos de mesa/None			Tres Juegos Clasicos
SIN SUB	p288103	Juegos de mesa/None			Cuartel De Juegos Clasicos De Gabby's Dollhouse
SIN SUB	p288106	Juegos de mesa/None			4 En 1 Set De Juegos Clasicos Novelty JCA-2930
SIN SUB	p288109	Juegos de mesa/None			Hasbro Gaming, Battleship Clásico
SIN SUB	p288111	Juegos de mesa/None			Hasbro Gaming Clue Disney Villains
SIN SUB	p288112	Juegos de mesa/None			Battleship Combate Naval Hasbro Gaming
SIN SUB	p288113	Juegos de mesa/None			Hasbro Gaming - Connect 4 Grid
SIN SUB	p288114	Juegos de mesa/None			Juego De Mesa Atomix Hasbro Gaming
SIN SUB	p288116	Juegos de mesa/None			Hasbro Gaming Game Ouija Stranger Things
SIN SUB	p288118	Juegos de mesa/None			Juego Plomero En Apuros - Hasbro Gaming
SIN SUB	p288119	Juegos de mesa/None			Hasbro Gaming Hormigas En Los Pantalones
SIN SUB	p288120	Juegos de mesa/None			Juego De Estrategia Hasbro Gaming Dungeons & Dragons
SIN SUB	p288123	Juegos de mesa/None			Juego De Mesa Hasbro Gaming-mause Trap
SIN SUB	p288124	Juegos de mesa/None			Hasbro Gaming Battleship Shots Juego De Mesa
SIN SUB	p288125	Juegos de mesa/None			Juego De Mesa Hasbro Gaming Viaje Battleship
SIN SUB	p288126	Juegos de mesa/None			Edicion Familiar De Hasbro Gaming Trivial Pursuit
SIN SUB	p288127	Juegos de mesa/None			Juego de Mesa Hasbro Gaming Papas Traidoras
SIN SUB	p288128	Juegos de mesa/None			Juego De Mesa Atrapa Ratones Hasbro Gaming
SIN SUB	p288129	Juegos de mesa/None			Juego Simon RefreshHasbro Hasbro Gaming en español
SIN SUB	p288130	Juegos de mesa/None			Earth Juego De Mesa en Español Maldito Games
SIN SUB	p288131	Juegos de mesa/None			Mayor Que Los Juegos Spirit Island: Expansión Jagged Earth
SIN SUB	p288144	Juegos de mesa/None			Pokémon The Pokémon TCG Mega Emboar Ex Caja Clásica Inglés
SIN SUB	p288146	Juegos de mesa/None			Pokémon Academia De Combate 2024 Español
SIN SUB	p288148	Juegos de mesa/None			Pokemon Tcg Palafin Ex Box Español
SIN SUB	p288149	Juegos de mesa/None			Pokemon Tcg: Black Bolt - Binder Collection Ingles
SIN SUB	p288151	Juegos de mesa/None			Juego De Mesa Pokemon Battle Academy 2
SIN SUB	p288152	Juegos de mesa/None			Pokémon Tcg: Mega Evolution - Potenciador en inglés
SIN SUB	p288153	Juegos de mesa/None			Pokemon Tcg Elite Trainer Box - Chaos Rising Ingles
SIN SUB	p288154	Juegos de mesa/None			Pokemon Tcg Mega Lucario Ex Figure Collection Español
SIN SUB	p288155	Juegos de mesa/None			Juego de Trivia Pokémon Trainer Guess: Edición Sinnoh
SIN SUB	p288157	Juegos de mesa/None			Pokemon Tcg Ascended Heroes - Premium Poster Mega Gardevoir
SIN SUB	p288158	Juegos de mesa/None			Pokemon Tcg Ascended Heroes - Booster Bundle En Inglés
SIN SUB	p288159	Juegos de mesa/None			Galápagos Pokémon Tcg: S&v White Flare - Ingles
SIN SUB	p288160	Juegos de mesa/None			Pokémon TCG: Héroes ascendidos: Primeras compañeras Delx Pin Colleen
SIN SUB	p288161	Juegos de mesa/None			Mattel Games Destapa Y Atrapa Original Mattel
SIN SUB	p288162	Juegos de mesa/None			Mattel Games Juego De Mesa Mattel Games Secretos Entre Copas
SIN SUB	p288163	Juegos de mesa/None			Juegos Mattel Gfg17 Zombie Gotcha
SIN SUB	p288164	Juegos de mesa/None			Mattel Pictionary Air HHM51 Español
SIN SUB	p288168	Juegos de mesa/None			Juego Mattel Minions Crazy Monkeys - Gkc08
SIN SUB	p288178	Juegos de mesa/None			Juego De Mesa Mattel Games Señales Cruzadas
SIN SUB	p288180	Juegos de mesa/None			Juego De Mesa Castores Movedizos Kids Mattel Games
SIN SUB	p288181	Juegos de mesa/None			Mattel Games Monos Locos Jurassic World, Jurassic World
SIN SUB	p288183	Juegos de mesa/None			Mattel Games Juego De Mesa Bola 8 Mágica
SIN SUB	p288184	Juegos de mesa/None			Juego De Mesa Pictionary Air Gjg16 Mattel Games
SIN SUB	p288185	Juegos de mesa/None			Juego Monos locos ClásicaMattel Mattel games en español
SIN SUB	p288186	Juegos de mesa/None			Mattel Games Juego De Mesa Magic 8 Ball
SIN SUB	p288187	Juegos de mesa/None			Juego De Mesa Mattel Games ¡no Manches Pulpo
SIN SUB	p288188	Juegos de mesa/None			Mattel Games Juego Familiar Pictionary Vs. Ai Para
SIN SUB	p288189	Juegos de mesa/None			Juego Novedoso Mattel Games Magic 8 Ball 80 Aniversario
SIN SUB	p288191	Juegos de mesa/None			Mattel Games Juego De Mesa Monos Locos 25 Aniversario
SIN SUB	p288192	Juegos de mesa/None			Mattel Games Juego De Mesa Monos Locos Project Target
SIN SUB	p288193	Juegos de mesa/None			Mattel Games Juego De Mesa Bounce-off Pop Out
SIN SUB	p288195	Juegos de mesa/None			Mattel Games Juegos De Mesa ¡no Me Escupas! +5 Años
SIN SUB	p288196	Juegos de mesa/None			Mattel Games Juego De Mesa Hot Wheels Construye Y Destruye
SIN SUB	p288197	Juegos de mesa/None			Mattel Games Preschool Juego De Mesa Barbie 5 En 1
SIN SUB	p288199	Juegos de mesa/None			Disney Lightyear Blast Off Blitz Juego De Mesa Mattel Games
SIN SUB	p288202	Juegos de mesa/None			Mattel Games Preschool Juego De Mesa Mickey Juego 5 En 1
SIN SUB	p288203	Juegos de mesa/None			Mattel Games Escape Room En Un Juego De Caja El Experimento
SIN SUB	p288204	Juegos de mesa/None			Set De 101 Juegos De Mesa Clásicos Spin Master Games 6
SIN SUB	p288206	Juegos de mesa/None			Juego De Mesa Novelty Set Multi Juegos 10 En 1 Clasicos
SIN SUB	p288207	Juegos de mesa/None			Fotorama Pretextos Toques
SIN SUB	p288208	Juegos de mesa/None			Alien Vision Juego Fotorama
SIN SUB	p288210	Juegos de mesa/None			Fotorama Virus 2 Evolution
SIN SUB	p288212	Juegos de mesa/None			10 Juegos Disney Fotorama
SIN SUB	p288215	Juegos de mesa/None			Juego De Mesa Enredos Locos Fotorama
SIN SUB	p288216	Juegos de mesa/None			Juego De Mesa Fotorama Teléfono Descompuesto
SIN SUB	p288217	Juegos de mesa/None			Juego De Mesa Fotorama Shadow Fighter
SIN SUB	p288218	Juegos de mesa/None			Juego De Mesa Virus Fotorama 1194
SIN SUB	p288219	Juegos de mesa/None			Juego Jálale Extremo De Reflejos Fotorama
SIN SUB	p288220	Juegos de mesa/None			Juego De Mesa Meme Manía Fotorama
SIN SUB	p288221	Juegos de mesa/None			Agente X Juego De Mesa Fotorama
SIN SUB	p288222	Juegos de mesa/None			Juego De Mesa Light Ball | Fotorama
SIN SUB	p288223	Juegos de mesa/None			5 Juegos Pa' La Fiesta Fotorama
SIN SUB	p288224	Juegos de mesa/None			Puerquito Enojon Juego Electronico De Mesa Fotorama
SIN SUB	p288225	Juegos de mesa/None			Speed Spong Challenge Juego De Mesa Fotorama
SIN SUB	p288226	Juegos de mesa/None			Factor Radioactivo Juego De Mesa Fotorama Cd
SIN SUB	p288227	Juegos de mesa/None			Juego De Mesa Fotorama Hippo Con Hippo
SIN SUB	p288231	Juegos de mesa/None			Fabrica De Santa Juego De Mesa Fotorama
SIN SUB	p288232	Juegos de mesa/None			Hazaña O Patraña Juego De Mesa Fotorama
SIN SUB	p288233	Juegos de mesa/None			Juego De Mesa Fotorama Factor Radioactivo 1185
SIN SUB	p288234	Juegos de mesa/None			Juego De Mesa Rummy De Lightyear De Fotorama
SIN SUB	p288237	Juegos de mesa/None			Hasbro Juego Twister Air
SIN SUB	p288238	Juegos de mesa/None			Hasbro ¿Qué dijooo? C2018
SIN SUB	p288240	Juegos de mesa/None			Juego clásico Hasbro Twister
SIN SUB	p288241	Juegos de mesa/None			Battleship - Batalla Naval - Hasbro
SIN SUB	p288242	Juegos de mesa/None			Hasbro Tiny pong E3112
SIN SUB	p288243	Juegos de mesa/None			Hasbro Clue Naruto Shippuden
SIN SUB	p288245	Juegos de mesa/None			Cabecero de juguete Hasbro E2371
SIN SUB	p288246	Juegos de mesa/None			No Pierdas La Calma Hasbro
SIN SUB	p288247	Juegos de mesa/None			Huge Yahtzee Gigante- Hasbro Games
SIN SUB	p288249	Juegos de mesa/None			Juego De Mesa Hasbro Games Cosmolancer
SIN SUB	p288250	Juegos de mesa/None			Juego De Mesa Hasbro Games Obstáculos
SIN SUB	p288251	Juegos de mesa/None			Juego de Mesa Electrónico Hasbro Games Trivialista
SIN SUB	p288252	Juegos de mesa/None			Juego De Mesa Hasbro Games Candy Land
SIN SUB	p288253	Juegos de mesa/None			Juego De Mesa Hasbro Games ¡caca Chaf
SIN SUB	p288255	Juegos de mesa/None			Juego De Mesa Hasbro Games Adivina Quién? Edición Pokémon
SIN SUB	p288256	Juegos de mesa/None			Juego De Mesa G0951 Electrónico Operando 6+ Hasbro Games
SIN SUB	p288257	Juegos de mesa/None			Juego Mesa Hasbro Games Cluedo Wizarding World Harry Potter
SIN SUB	p288258	Juegos de mesa/None			Juego De Mesa Hasbro Games Conecta 4 ¡a Rebotar
SIN SUB	p288261	Juegos de mesa/None			Juego Mesa Hasbro Games Verdad O Trago Edición On Vacation
SIN SUB	p288263	Juegos de mesa/None			Juego De Mesa Hasbro Games ¿quién Es Quién? Edición Bluey
SIN SUB	p288265	Juegos de mesa/None			Hasbro Games Juego De Mesa Simon 8+ Años En Plástico Edición Harry Potter
SIN SUB	p288267	Juegos de mesa/None			Hasbro Games Juego De Fiestas Truth Or Drink Para Adultos A Partir De 21 Años
SIN SUB	p288268	Juegos de mesa/None			Hasbro Games Juego De Fiestas Truth Or Drink: Sin Edition Para Adultos A Partir De 21 Años
SIN SUB	p288270	Juegos de mesa/None			Cmon Marvel Zombies Zombicide Juego De Mesa
SIN SUB	p288271	Juegos de mesa/None			Zombicide Divine Beasts Abomination Pack Cmon Juego Estrategia Tablero
SIN SUB	p288272	Juegos de mesa/None			Cmon Army Of The Dead - Un Juego De Zombicidas
SIN SUB	p288273	Juegos de mesa/None			Juego Cthulhu Dark Providenceguillotine Games Cmon En Inglés X Unidad
SIN SUB	p288274	Juegos de mesa/None			Expansión Cthulhu Death May Die Ithaqua The Wind-Walker Cmon
SIN SUB	p288275	Juegos de mesa/None			Munchkin Dungeon Cthulhu Expansión Juego de Mesa Cmon 12+ Años
SIN SUB	p288276	Juegos de mesa/None			Expansión Cthulhu Death May Die Fear of the Unknown Cmon Juego Mesa Inglés
SIN SUB	p288277	Juegos de mesa/None			Juego de Mesa Cmon Zombicide White Death 1ra Edición Inglés 1-6 Jugadores
SIN SUB	p288278	Juegos de mesa/None			Gang Rush Breakout Juego de Mesa en Inglés Cmon 3-5 Jugadores Mafia 1950
SIN SUB	p288279	Juegos de mesa/None			La Casa de la Educadora Bubble Stories Juego de Mesa Creatividad y Memoria
SIN SUB	p288280	Juegos de mesa/None			Juego De Mesa Blue Orange Potion House Español 6+ La Casa De La Educadora
SIN SUB	p288281	Juegos de mesa/None			Wizarding World Juego De Mesa Harry Potter Trivia Caja De Preguntas Más De 350 Preguntas Familiar Ni
SIN SUB	p288282	Juegos de mesa/None			Juego De Mesa Preguntas Rápidas Hedbanz Family Games
SIN SUB	p288284	Juegos de mesa/None			Zacatrus- Listillo - Juego De Preguntas Y Respuestas Español
SIN SUB	p288285	Juegos de mesa/None			Usaopoly Operation Shrek Edición En Inglés
SIN SUB	p288287	Juegos de mesa/None			Juego De Mesa Usaopoly Rick & Morty Clue Tablero
SIN SUB	p288291	Juegos de mesa/None			Usaopoly Juego De Mesa Kingdom Hearts Perilous Pursuit
SIN SUB	p288292	Juegos de mesa/None			Juego de coleccionista Usaopoly Super Mario Checkers Amp Ticta
SIN SUB	p288294	Juegos de mesa/None			Usaopoly Tapple Juego De Palabras Juego De Mesa Familiar
SIN SUB	p288295	Juegos de mesa/None			Juego De Mesa Usaopoly Risk Game Of Thrones Strategy
SIN SUB	p288297	Juegos de mesa/None			Juego De Mesa Usaopoly 10 Días En Ee.uu. Viaje Familiar
SIN SUB	p288298	Juegos de mesa/None			Usaopoly Harry Potter: Batalla De Hogwarts - El Juego De Car
SIN SUB	p288299	Juegos de mesa/None			Juego De Mesa Usaopoly Operation: The Grinch Con Piezas Pers
SIN SUB	p288300	Juegos de mesa/None			Juego De Mesa Ouija Usaopoly Ouija: Wednesday Glow In The Da
SIN SUB	p288301	Juegos de mesa/None			Juego De Mesa Usaopoly Clue: Cómo El Grinch Robó La Navidad
SIN SUB	p288302	Juegos de mesa/None			Juego De Mesa Usaopoly Hues And Cues By Scott Brady Físico de Estrategia
SIN SUB	p288303	Juegos de mesa/None			Set De Belleza Fiesta Spa Mi Alegría
SIN SUB	p288305	Juegos de mesa/None			Juegos De Lanzamiento De Aros Para Fiesta Navideña
SIN SUB	p288306	Juegos de mesa/None			Juego De Mesa Hook And Ring Fiesta Amigos
SIN SUB	p288307	Juegos de mesa/None			Castle Party - Juegos De Mesa - Devir Castillo Fiesta Niños
SIN SUB	p288308	Juegos de mesa/None			Juego De Fiesta Hombre Lobo Fábrica Estelar 35 Jugadores
SIN SUB	p288311	Juegos de mesa/None			10 Juegos De Mesa Matatena Agilidad Piñata Fiesta Mayoreo
SIN SUB	p288312	Juegos de mesa/None			Educational Insights Juego De Mesa Upzzle
SIN SUB	p288313	Juegos de mesa/None			Kanoodle Genius Juego de Estrategia Educational Insights Plástico Español
SIN SUB	p288314	Juegos de mesa/None			Juego de mesa destreza Tumbleos Educational Insights para niños 3-6 años
SIN SUB	p288315	Juegos de mesa/None			Juego de Mesa Educativo Educational Insights T-Rex Rumble Challenge para 2 a 4 Jugadores
SIN SUB	p288316	Juegos de mesa/None			Mental Blox Learning Resources Juego Didactico
SIN SUB	p288317	Juegos de mesa/None			Learning Resources Juego Matemático Diez Marcos Arcoíris
SIN SUB	p288318	Juegos de mesa/None			Learning Resources Juego Familia De Osos Para Contar
SIN SUB	p288319	Juegos de mesa/None			Learning Resources Ler7241 Juego De Palabras Español, Reading Rods, Null
SIN SUB	p288320	Juegos de mesa/None			Juego de Mesa Educativo Learning Resources Crashapult para Niños de 6 a 9 Años
SIN SUB	p288322	Juegos de mesa/None			Junior Learning Fraction Dominoes Inglés
SIN SUB	p288324	Juegos de mesa/None			Blokus Juego De Estrategia
SIN SUB	p288325	Juegos de mesa/None			Futbolito Mesa Juego de Estrategia
SIN SUB	p288326	Juegos de mesa/None			Wingspan - Juego Estrategia En Español /
SIN SUB	p288328	Juegos de mesa/None			Strategeti Juego De Estrategia Flexiq
SIN SUB	p288329	Juegos de mesa/None			Juego De Mesa Akropolis /estrategia
SIN SUB	p288330	Juegos de mesa/None			Arrr- Mada! Juego De Estrategia Flexiq
SIN SUB	p288331	Juegos de mesa/None			Juego De Mesa Pandemic Asmodee
SIN SUB	p288332	Juegos de mesa/None			Juego De Mesa Guatafamily Asmodee
SIN SUB	p288333	Juegos de mesa/None			Dixit 5 Daydreams Expansion - Asmodee
SIN SUB	p288334	Juegos de mesa/None			Juego De Mesa Asmodee Cortex Challenge
SIN SUB	p288335	Juegos de mesa/None			Happy Little Dinosaurs en Español Asmodee
SIN SUB	p288336	Juegos de mesa/None			Brainbox Imágenes: Juego De Mesa Asmodee
SIN SUB	p288338	Juegos de mesa/None			Intimoos Parejas Asmodee Juego De Conversaciones
SIN SUB	p288339	Juegos de mesa/None			Ziggurat - Devir
SIN SUB	p288340	Juegos de mesa/None			Devir España 1936
SIN SUB	p288341	Juegos de mesa/None			Votes For Women - Devir
SIN SUB	p288342	Juegos de mesa/None			Exit: Conspiracion En Venecia - Devir
SIN SUB	p288343	Juegos de mesa/None			Finca Juego De Mesa Devir
SIN SUB	p288344	Juegos de mesa/None			Fantasma Blitz Feliz Aniversario - Devir
SIN SUB	p288345	Juegos de mesa/None			El Lago En Llamas - Devir
SIN SUB	p288346	Juegos de mesa/None			Juego De Mesa: Yangtze Devir
SIN SUB	p288348	Juegos de mesa/None			Ganges - Juego de mesa - Devir
SIN SUB	p288349	Juegos de mesa/None			Juego De Mesa Onirim Devir
SIN SUB	p288350	Juegos de mesa/None			Juego de mesa Holi - Devir
SIN SUB	p288351	Juegos de mesa/None			Juego De Mesa Seafall - Devir
SIN SUB	p288352	Juegos de mesa/None			Hutan - Juego De Mesa - Devir
SIN SUB	p288354	Juegos de mesa/None			Juego De Mesa Genial Devir
SIN SUB	p288355	Juegos de mesa/None			Days of Wonder Ticket to ride Europe Inglés
SIN SUB	p288356	Juegos de mesa/None			Heat Terreno Inestable Expansión Juego De Mesa Days Of Wonde
SIN SUB	p288357	Juegos de mesa/None			Ticket to Ride Legends of the West Juego de Mesa Estrategia Days of Wonder
SIN SUB	p288358	Juegos de mesa/None			Heat: Heavy Rain Expansión para el Juego de Estrategia de Carreras Days of Wonder
SIN SUB	p288359	Juegos de mesa/None			Catan Junior Juego De Mesa Para Niños
SIN SUB	p288360	Juegos de mesa/None			Expansión Catan Explorers & Pirates: Exploración Y Botín
SIN SUB	p288361	Juegos de mesa/None			Catan Ciudades Y Caballeros. Expansión En Español
SIN SUB	p288362	Juegos de mesa/None			Catan Piratas Y Exploradores Ampli 5-6jugadores - Invictvs
SIN SUB	p288363	Juegos de mesa/None			Exit Aventuras En Catan Juego De Mesa Devir
SIN SUB	p288364	Juegos de mesa/None			Catan: Mercaderes y Bárbaros Expansión en Español Devir
SIN SUB	p288365	Juegos de mesa/None			Catan Mercaderes Y Bárbaros Ampliación 5-6 jugadores
SIN SUB	p288366	Juegos de mesa/None			Juego De Mesa Catan Traveler Para Adultos Niños
SIN SUB	p288367	Juegos de mesa/None			Juego De Mesa Devir Catan Piratas Y Exploradores Expansión
SIN SUB	p288368	Juegos de mesa/None			Extensión Catan: Cities & Knights para 5 a 6 Jugadores
SIN SUB	p288369	Juegos de mesa/None			Juego De Mesa Devir Expansión Catan Navegantes En Español
SIN SUB	p288370	Juegos de mesa/None			Expansión Catan para 5 y 6 jugadores - Devir Game
SIN SUB	p288432	Blancos y ropa de cama/None			Spring Air Tencel Memory Foam
SIN SUB	p288476	Blancos y ropa de cama/None			Spring Air Essence Juego de sábanas Queen Size Gris Gris Liso
SIN SUB	p288570	Blancos y ropa de cama/None			Sobrecolchón Individual 5cm Memory Foam Gel Fresco Lucid
SIN SUB	p288573	Blancos y ropa de cama/None			Sobrecolchón De Memory Foam Suave Con Gel De 7.5 Cm Lucid
SIN SUB	p288574	Blancos y ropa de cama/None			Lucid Sobrecolchón De Memory Foam Con Lavanda De 5 Zonas De 7.5
SIN SUB	p288575	Blancos y ropa de cama/None			Lucid - Colchoneta De Memory Foam Con Gel - Sobrecolchón Azul Liso King
SIN SUB	p288576	Blancos y ropa de cama/None			Colchoneta Lucid De Memory Foam Con Infusión De Lavanda - 5 Zonas 5cm Lavanda King Liso
SIN SUB	p288578	Blancos y ropa de cama/None			Lucid Sobrecolchón De Memory Foam Con Gel - Ayuda A Prolongar La Vida De Tu Colchón - Profundidad De
SIN SUB	p288579	Domótica y hogar inteligente/None			Adaptador de enchufe VentDepot PlugXBlack
SIN SUB	p288580	Domótica y hogar inteligente/None			Adaptador de enchufe VentDepot PlugXWhite - pack x 5 unidades
SIN SUB	p288581	Domótica y hogar inteligente/None			Adaptador De Enchufe Ventdepot Plugxblack - Pack X 5 Unidades
SIN SUB	p288582	Domótica y hogar inteligente/None			Adaptador de enchufe VentDepot PlugXWhite - pack x 4 unidades
SIN SUB	p288583	Domótica y hogar inteligente/None			Adaptador De Enchufe Ventdepot Plugpro - Pack X 5 Unidades
SIN SUB	p288584	Domótica y hogar inteligente/None			Adaptador De Enchufe Ventdepot Plugpro - Pack X 4 Unidades
SIN SUB	p288585	Domótica y hogar inteligente/None			Pack de 4 Adaptadores de Enchufe Europeo a Americano VentDepot PlugPro para Viajes
SIN SUB	p288586	Domótica y hogar inteligente/None			Adaptador De Enchufe Steren 905-120
SIN SUB	p288587	Domótica y hogar inteligente/None			Steren Adaptador Universal De Contactos Para Viaje Con Carga
SIN SUB	p288588	Domótica y hogar inteligente/None			Pack de 6 Interruptores Inteligentes Inalámbricos RF433 para Techo y Ventilador
SIN SUB	p288589	Domótica y hogar inteligente/None			2 Interruptores Inteligentes Wifi, 1 Botón Táctil 1 Enchufe Color Negro Corriente Nominal 16 A Volta
SIN SUB	p288591	Domótica y hogar inteligente/None			Placa Valo 2 Interruptores Escalera
SIN SUB	p288592	Domótica y hogar inteligente/None			Placa Valo 3 Interruptores Escalera Madera
SIN SUB	p288593	Domótica y hogar inteligente/None			Placa Valo 3 Interruptores Escalera
SIN SUB	p288594	Domótica y hogar inteligente/None			Placa Valo 3 Interruptores Escalera Aluminio
SIN SUB	p288595	Domótica y hogar inteligente/None			Placa Con 3 Interruptores Sencillos Voltech 48664
SIN SUB	p288596	Domótica y hogar inteligente/None			Placa Valo 3 Interruptores Sencillos Aluminio
SIN SUB	p288597	Domótica y hogar inteligente/None			Placa Cristal Blanco 3 Interruptores Escalera Lucek
SIN SUB	p288598	Domótica y hogar inteligente/None			Placa Armada 3 Interruptores, Marfil, Volteck 26638
SIN SUB	p288599	Domótica y hogar inteligente/None			Placa Valo 2 Interruptores Sencillos Aluminio Negro
SIN SUB	p288600	Domótica y hogar inteligente/None			Placa Valo 2 Interruptores Escalera Aluminio
SIN SUB	p288601	Domótica y hogar inteligente/None			Placa Valo 3 Interruptores Sencillos Aluminio Gris
SIN SUB	p288602	Domótica y hogar inteligente/None			Placa Valo 2 Interruptores Sencillos Aluminio Gris
SIN SUB	p288603	Domótica y hogar inteligente/None			Placa Valo 2 Interruptores Sencillos Pc
SIN SUB	p288604	Domótica y hogar inteligente/None			Placa Ciega, Acero Inoxidable Igoto Color Plata
SIN SUB	p288605	Domótica y hogar inteligente/None			Placa Ciega, Acero Inoxidable Igoto Color Oxford
SIN SUB	p288606	Domótica y hogar inteligente/None			Placa Ciega Contacto Polipropileno Igoto Color Caoba
SIN SUB	p288607	Domótica y hogar inteligente/None			Apagador Escalera 3 Módulos Policarbonato Negro Igoto
SIN SUB	p288608	Domótica y hogar inteligente/None			Placa Inox, iGoto INOX2010P10 10 Pzas Color Plateado
SIN SUB	p288609	Domótica y hogar inteligente/None			Apagador Escalera 3 Módulos Policarbonato Blanco Igoto Blanco
SIN SUB	p288610	Domótica y hogar inteligente/None			Placa 2apagadores Sencillo Oxford Plata Inox1010/2010 Igoto
SIN SUB	p288611	Domótica y hogar inteligente/None			Interruptor Electrico Termomagnetico Igoto 40a 1 Polo Color Negro
SIN SUB	p288612	Domótica y hogar inteligente/None			Apagador Escalera 1 Módulo Policarbonato Blanco Igoto Color Negro
SIN SUB	p288613	Domótica y hogar inteligente/None			Apagador Escalera 1 Módulo Policarbonato Blanco Igoto Color Marfil
SIN SUB	p288614	Domótica y hogar inteligente/None			Placa Armada Ciega Cristal Negro Igoto
SIN SUB	p288615	Domótica y hogar inteligente/None			Apagador Escalera 3 Módulos Policarbonato Negro Igoto Color Marfil
SIN SUB	p288616	Domótica y hogar inteligente/None			Placa Armada Inoxidable Ciega Plata Igoto Inox1015 10
SIN SUB	p288617	Domótica y hogar inteligente/None			Apagador Escalera 3 Módulos Policarbonato Negro Igoto Color Blanco
SIN SUB	p288618	Domótica y hogar inteligente/None			Placa con Toma de Teléfono iGoto LUGANO PLUS Marfil
SIN SUB	p288619	Domótica y hogar inteligente/None			Placa Armada Inoxidable Ciega Oxford Igoto Inox2015 10
SIN SUB	p288620	Domótica y hogar inteligente/None			Placa Armada Con 1 Mecanismo Toma Telefónica, Igoto Color Oxford
SIN SUB	p288621	Domótica y hogar inteligente/None			Placa Armada Igoto 2 Apagadores Sencillos 1.5 Módulos Plata Plata
SIN SUB	p288622	Domótica y hogar inteligente/None			Contacto Dúplex Policarbonato 125v Blanco Igoto 125v
SIN SUB	p288623	Domótica y hogar inteligente/None			Placa Armada Con 1 Mecanismo Toma Telefónica, Igoto Color Plata
SIN SUB	p288624	Domótica y hogar inteligente/None			Pack 5 Placas Con 2 Módulos, Igoto Pb1202 Color Blanco
SIN SUB	p288625	Domótica y hogar inteligente/None			Pack 5 Placas Con 2 Módulos, Igoto Pb1202 Color Caoba
SIN SUB	p288626	Domótica y hogar inteligente/None			Placa Zurich 3 Modulos Blanca Marco Color Negro Igoto
SIN SUB	p288627	Domótica y hogar inteligente/None			Placa Armada Inoxidable Con Toma Coaxial Salida Tv Igoto Color Plata
SIN SUB	p288628	Domótica y hogar inteligente/None			Placa Armada Con 1 Botón Timbre, Acero Inoxidable Igoto Color Plata
SIN SUB	p288629	Domótica y hogar inteligente/None			Pack 5 Pzas Placa De Tres Módulos Igoto Pb1203 Color Blanco
SIN SUB	p288630	Domótica y hogar inteligente/None			Kit 5 Tapa- Placa Ciega Cristal Igoto Cris1015 Color Blanco Blanco
SIN SUB	p288651	Domótica y hogar inteligente/None			Apagador o Contacto Solaris Ultra en Blanco de Policarbonato
SIN SUB	p288652	Domótica y hogar inteligente/None			Placa Armada Solaris Ultra con Apagadores y Contactos Blanco
SIN SUB	p288653	Domótica y hogar inteligente/None			Placa Solaris Ultra C/ 2 Contactos Y 1 Apagador
SIN SUB	p288658	Domótica y hogar inteligente/None			Batería De Respaldo Para Cerraduras Inteligentes 4200 Mah C+C-, P-P+ y P-P+ C+C-.
SIN SUB	p288659	Domótica y hogar inteligente/None			Manijas Inteligentes, Mxmnk-002, Nfc, Oro, Espesor De Puerta Color Oro
SIN SUB	p288660	Domótica y hogar inteligente/None			Perillas Inteligentes, Mxmnk-002, Nfc, Oro, Espesor De Puert Color Oro
SIN SUB	p288661	Domótica y hogar inteligente/None			Chapas Inteligentes, Mxsmt-003, Nfc, Bronce, Espesor De Puer Color Bronce
SIN SUB	p288663	Domótica y hogar inteligente/None			Chapas Inteligentes, Mxsfk-001, Nfc, Plata, Espesor De Puert Color Plata
SIN SUB	p288664	Domótica y hogar inteligente/None			Chapas Inteligentes, Mxdpk-001, Nfc, Plata, Espesor De Puert Color Plata
SIN SUB	p288681	Domótica y hogar inteligente/None			Manija Inteligente VentDepot MiniKey NFC para Puerta
SIN SUB	p288683	Domótica y hogar inteligente/None			Manija Inteligente Bluetooth VentDepot de Cobre para Puertas
SIN SUB	p288686	Domótica y hogar inteligente/None			Perilla Digital de Seguridad IButton VentDepot en Plata
SIN SUB	p288691	Domótica y hogar inteligente/None			Chapa Electrónica VentDepot ConnectKey NFC para Puerta Color Plata
SIN SUB	p288705	Domótica y hogar inteligente/None			Perilla VentDepot NFC de Acero Inoxidable para Puerta
SIN SUB	p288709	Domótica y hogar inteligente/None			Perilla Electrónica NFC RadioKey VentDepot en Oro para Puerta
SIN SUB	p288710	Domótica y hogar inteligente/None			Perilla con Código Digital VentDepot para Puertas, Color Bronce
SIN SUB	p288711	Domótica y hogar inteligente/None			Perilla SmartKey VentDepot para Puerta con Conectividad NFC
SIN SUB	p288716	Domótica y hogar inteligente/None			Manija Inteligente VentDepot DipKey de NFC para Puertas
SIN SUB	p288759	Domótica y hogar inteligente/None			Alarma First Alert Sm210
SIN SUB	p288762	Domótica y hogar inteligente/None			Alarma De Humo First Alert Smi100, Batería, 1-pack
SIN SUB	p288764	Domótica y hogar inteligente/None			First Alert Bateria Sc5 Alarma Inteligente De Humo Y Monoxid
SIN SUB	p288767	Domótica y hogar inteligente/None			First Alert Smico100, Alarma Combinada De Humo Y Monóxido . Color Blanco
SIN SUB	p288770	Domótica y hogar inteligente/None			First Alert Combinación De Gas Explosivo Y Alarma De Monó
SIN SUB	p288771	Domótica y hogar inteligente/None			Alarma de Humo Inalámbrica First Alert Para Seguridad en el Hogar
SIN SUB	p288772	Domótica y hogar inteligente/None			First Alert Alarma Combinada De Humo Y Monóxido De Carbono. Color Blanco
SIN SUB	p288774	Domótica y hogar inteligente/None			Alarma de Humo First Alert SMI100-AC con Interconexión y Pila
SIN SUB	p288775	Domótica y hogar inteligente/None			Adaptador De Alarma De Humo First Alert Adf-12, Paquete De Blanco Negro
SIN SUB	p288777	Domótica y hogar inteligente/None			First Alert Brk Prc710 Alarma De Humo Y Monxido De Carbono C
SIN SUB	p288780	Domótica y hogar inteligente/None			Ring Alarm Kit De 5 Piezas (2.a Generación): Sistema De Segu
SIN SUB	p289108	Audífonos/None			Audifonos Anker Soundcore Liberty Air 2 Pro Inmediato
SIN SUB	p289110	Audífonos/None			Auriculares Logitech H111 Negro
SIN SUB	p289114	Audífonos/None			Auriculares H390 Usb Rose Logitech
SIN SUB	p289126	Audífonos/None			Audífonos Hi-fi Select Sound Color Plateado
SIN SUB	p289144	Audífonos/None			Audifonos Hifi Cable 3.5 Modelo H100 Azul Marca Select Sound
SIN SUB	p289163	Audífonos/None			Auriculares Steren AUD-217
SIN SUB	p289164	Audífonos/None			Auriculares Steren Audio 349 AUD-230NE
SIN SUB	p289165	Audífonos/None			Audífonos Multimedia Ultradelgados | Steren Aud-505
SIN SUB	p289167	Audífonos/None			Steren .Audio Rad-593 Manos Libres - Color Negro
SIN SUB	p289175	Audífonos/None			Audífonos Steren AUD-536NE Multimedia USB Ultraconfort Color Negro
SIN SUB	p289188	Audífonos/None			Audífono Steren Manos Libres Con Guía De Silicón Para | Rad-596
SIN SUB	p289193	Audífonos/None			Audifono Yealink Uh34 Dual Usb Para Teléfonos Ip Y Pc Negro
SIN SUB	p289195	Audífonos/None			Auriculares USB Yealink UH34 con Micrófono y Cancelación de Ruido para PC
SIN SUB	p289196	Audífonos/None			Auriculares Yealink UH44 Dual UC USB-C/A Negros con Micrófono y Cancelación de Ruido
SIN SUB	p289197	Audífonos/None			Audifonos Mobo Click Negro
SIN SUB	p289199	Audífonos/None			Audifonos Mobo Click Morado
SIN SUB	p289208	Audífonos/None			Audifonos Manos Libres Mobo Click Control Vol Color Azul
SIN SUB	p289226	Audífonos/None			Auriculares Bose 718839-0010
SIN SUB	p289230	Audífonos/None			Audífonos Skullcandy Method 360 Anc Bose Café
SIN SUB	p289235	Audífonos/None			Audífonos Skullcandy Method 360 Anc Bose Negro
SIN SUB	p289236	Audífonos/None			Auriculares Bose Quietconfort Noise Cancelling Gris Gris
SIN SUB	p289238	Audífonos/None			/ Earpads Esponjas Para Marshall Major 3 Negro
SIN SUB	p289244	Audífonos/None			Audífonos Marshall Milton Anc Cancelación De Ruido Negro Black
SIN SUB	p289245	Audífonos/None			Ear Pads De Para Marshall Major 4 Iv Negro
SIN SUB	p289255	Audífonos/None			Auriculares Y Estación Base Astro A50 5ta Gen Logitech G Negro
SIN SUB	p289269	Audífonos/None			Audífonos Traductor Idiomas Auralis Ia Ipx6 Perfect Choice Negro
SIN SUB	p289287	Audífonos/None			Audífonos Bt 65 Hrs De Reproducción All Time Perfect Choice Color Negro
SIN SUB	p289288	Audífonos/None			Audífono Manos Libres Bt 20h De Uso Meucci Perfect Choice Color Negro
SIN SUB	p289298	Audífonos/None			Audifonos Behringer Bh 470
SIN SUB	p289300	Audífonos/None			Amplificador Auriculares Behringer Powerplay P1
SIN SUB	p289302	Audífonos/None			Behringer Hc 200 Audífonos Profesionales Monitoreo Dj
SIN SUB	p289303	Audífonos/None			- Audífonos Behringer Hpx6000 - Profesionales Para Dj - Color Negro
SIN SUB	p289304	Audífonos/None			Behringer Bh 470 Auriculares Monitoreo Estudio Audifonos Color Marrón
SIN SUB	p289305	Audífonos/None			Auricular Dj Estudio Behringer Hpm1000-bk Prm Color Negro
SIN SUB	p289306	Audífonos/None			Behringer Dh100 Audifonos Bateria Studio Stereo Profesional Color Negro
SIN SUB	p289308	Audífonos/None			Audífonos De Monitoreo Para Estudio Behringer Sd251-cl Blanco
SIN SUB	p289309	Audífonos/None			Behringer Bdj1000 Audífonos Para Dj Profesional Cerrados Plegables Color Negro
SIN SUB	p289310	Audífonos/None			Behringer Bh40 Audífonos Pro Estéreo Podcast Estudio Monitor Color Negro
SIN SUB	p289314	Audífonos/None			Audifonos Behringer Bdj 1000 Profesionales Con Adaptador 1/8 Negro
SIN SUB	p289316	Audífonos/None			Behringer HPM1000 Audífonos Para Dj S Color Negro Hpm1000-bk
SIN SUB	p289317	Audífonos/None			Auriculares Abiertos Estilo Retro Behringer Alpha Color Negro Luz No Tiene
SIN SUB	p289318	Audífonos/None			Behringer Mo240 Audifonos P/ Monitoreo De Estudio O En Vivo Negro
SIN SUB	p289319	Audífonos/None			Auriculares Abiertos Estilo Retro Behringer Omega Color Negro Luz No Tiene
SIN SUB	p289320	Audífonos/None			Audifonos Behringer SD251-CK - P/ Monitoreo De Estudio O Vivo - Color Blanco
SIN SUB	p289321	Audífonos/None			Auricular Abierto Deluxe Hifi Retro Behringer Alpha - Oddity Color Negro Y Plateado
SIN SUB	p289322	Audífonos/None			Behringer Hpx2000 Audífonos Profesionales Para Dj Color Plateado y Negro
SIN SUB	p289323	Audífonos/None			Audífonos Hi-fi Frecuencia 10 Hz A 35 Khz Behringer Bh60 Color Negro
SIN SUB	p289324	Audífonos/None			Auriculares Jbl Tune 780nc Dorado
SIN SUB	p289325	Audífonos/None			Jbl Tune 235nc Color Negro
SIN SUB	p289326	Audífonos/None			Audífonos Profesionales Audio-Technica Abiertos Ath-r70xa Audio-technica Negro
SIN SUB	p289327	Audífonos/None			Auriculares Audio Technica Ath Pdg1, color negro
SIN SUB	p289331	Audífonos/None			Audífonos Profesionales Abiertos Ath-r50x Audio-technica Negro
SIN SUB	p289332	Audífonos/None			Auriculares De Transmisión Audio Technica Bphs1 Color Negro
SIN SUB	p289333	Audífonos/None			Auriculares Abiertos Audio-Technica ATH-AD500X para Audiófilos
SIN SUB	p289335	Audífonos/None			/ Earpads Para Beats Pro / Beats Detox Negro
SIN SUB	p289337	Audífonos/None			Almohadillas / Earpads Beats Ep Color Rojo
SIN SUB	p289358	Audífonos/None			Audifonos Para Jugadores De Ps4 Hyperx Cloud Color Negro
SIN SUB	p289359	Audífonos/None			Samsung Galaxy Buds3 Color blanco claro
SIN SUB	p289360	Audífonos/None			Audífonos Samsung Galaxy Buds4 Black
SIN SUB	p289362	Audífonos/None			Auriculares Motorola Moto Buds2 Rosa
SIN SUB	p289364	Audífonos/None			Auriculares Motorola Moto Buds2 Verde
SIN SUB	p289365	Audífonos/None			/ Earpads Para Skullcandy Grind Uproar Negro
SIN SUB	p289366	Audífonos/None			Audifonos Skullcandy Push 720 Open Gris
SIN SUB	p289371	Audífonos/None			Audífonos Skullcandy Push Anc Active Black Negro
SIN SUB	p289373	Audífonos/None			Audífonos Skullcandy Modelo Jib Color Blue/black
SIN SUB	p289376	Audífonos/None			Apple EarPods Lightning Connector - Blanco
SIN SUB	p289385	Audífonos/None			Audifonos Huawei Freeclip Diseño Estético Innovador Blanco Arena
SIN SUB	p289388	Audífonos/None			Accessory For Soundcore Aecoclip-butterflies Blanco
SIN SUB	p289389	Audífonos/None			Accessory For Soundcore Aecoclip-snowflakes Blanco
SIN SUB	p289390	Audífonos/None			HP Poly Auriculares Con Micrófono 8x214a6 Negro
SIN SUB	p289391	Audífonos/None			Poly Blackwire C510 Auric Monoaural con Micrófono
SIN SUB	p289393	Audífonos/None			Poly Focus Voyager B825 M B825 M - Negro
SIN SUB	p289397	Audífonos/None			Auricular Poly Blackwire 3200 Series C3210 USB-A negro
SIN SUB	p289399	Audífonos/None			Audífonos Poly Blackwire 3310 Con Adaptador Usb-c Negro
SIN SUB	p289400	Audífonos/None			Audífonos Poly Blackwire 8225 USB-C Cancelación Ruido Micrófono Negro
SIN SUB	p289402	Audífonos/None			Audifonos Poly Blackwire 3310 Usb A Micróf Cancelacion Ruido Negro
SIN SUB	p289404	Audífonos/None			Auriculares Poly Voyager Focus 2 Uc Usb-c Estéreo
SIN SUB	p289405	Audífonos/None			Poly Voyager 4320 Cert Microsoft Teams,usb-a + Dongle Bt700 Negro
SIN SUB	p289408	Audífonos/None			Auriculares Usb-A Blackwire Bw3325-m Poly 214016-01 color negro
SIN SUB	p289420	Teclados/None			Magic Keyboard Con Touch Id Teclado En Español De Apple
SIN SUB	p289422	Teclados/None			Apple Magic Keyboard 2 Español Silver Idioma Español Latinoamérica Color Del Teclado Blanco
SIN SUB	p289425	Teclados/None			Teclado Para Juegos Razer Cynosa Lite: Zona Única Personaliz
SIN SUB	p289426	Teclados/None			Teclado Gamer Razer Blackwidow V4 Pro Switch Amarillo Negro
SIN SUB	p289427	Teclados/None			Teclado Razer Blackwidow V3 Tenkeyless Español Variación Negro
SIN SUB	p289428	Teclados/None			Teclado Logitech QWERTY inglés US color negro
SIN SUB	p289430	Teclados/None			Teclado Logitech K250 Grafito (esp)
SIN SUB	p289432	Teclados/None			Teclado Logitech Ergo Series QWERTY español color negro
SIN SUB	p289435	Teclados/None			Teclado Gamer Asus M602 Rog Falchion Ace Rog Nx Red Usb Rgb
SIN SUB	p289436	Teclados/None			Teclado Gamer HP K300 Retroiluminado Negro USB Ajuste De Luz Español
SIN SUB	p289437	Teclados/None			Teclado inglés HP Business Slim QWERTY de EE. UU., color negro
SIN SUB	p289442	Teclados/None			Teclado Attack Shark R68HE InkShade Magnetico RGB R68 HE Fibra de Carbono 60%
SIN SUB	p289443	Teclados/None			Teclado Gamer Switches Magnéticos Attack Shark X65he 60% Teclado White - Switch Magnetico Idioma Ing
SIN SUB	p289446	Teclados/None			Teclado Attack Shark R68HE Black Magnetico RGB R68 HE Fibra de Carbono 60%
SIN SUB	p289448	Teclados/None			Teclado Dell QWERTY español latinoamericano color negro
SIN SUB	p289449	Teclados/None			Teclado Dell KB216-BK-LTN QWERTY español color negro
SIN SUB	p289450	Teclados/None			Teclado Alambrico Dell Kb216 580-admt Usb Color Negro 1pza
SIN SUB	p289451	Teclados/None			Teclado alámbrico Dell KB216-BK-LTN QWERTY Inglés Internacional Color Negro
SIN SUB	p289452	Teclados/None			Dell Teclado Alienware Gaming Aw420k Negro Negro Español Latinoamérica
SIN SUB	p289453	Teclados/None			Teclado Dell Usb Para Pc Wyse Kb212b Español
SIN SUB	p289454	Teclados/None			Teclado de colaboración con cable Dell Pro KB525C (QWERTY)
SIN SUB	p289455	Teclados/None			Teclado Dell Usb Ññ-latinoame Negro Kb212-b 0c639n 108teclas Negro Español Latinoamérica
SIN SUB	p289456	Teclados/None			Teclado inglés USB negro Dell Kb813 con lector de tarjetas Int
SIN SUB	p289457	Teclados/None			Teclado Dell KB216-BK-LTN Usb Alambrico Color Negro Idioma Español Latinoamérica
SIN SUB	p289458	Teclados/None			Teclado Base Dell Tablet Venue 10 Pro 5000 5050 5055 Color Del Teclado Negro Idioma Español
SIN SUB	p289459	Teclados/None			Msi Gaming Retroiluminado Rgb Teclas De Acceso Rápido Dedica
SIN SUB	p289478	Televisores/None			Smart Tv Toshiba 32 Pulgadas Model 32v35mu
SIN SUB	p289506	Televisores/None			Tv Sony Bravia 5 Mini Led, Dolby Vision & Atmos K-75xr50
SIN SUB	p289519	Televisores/None			Pantalla Philips 32 Pulgadas Smart Tv Roku Led 32pfl6573/f7
SIN SUB	p289552	Lavadoras/None			Whirlpool Xpert System 8MWTW2244WSG Eléctrico Gris oscuro
SIN SUB	p289559	Lavadoras/None			Lavadora De 1 Tina Dace La11101a Color Blanco
SIN SUB	p289562	Lavadoras/None			Lavadora Lms016l/m Marca Mirage
SIN SUB	p289856	Muebles/None			Centro De Computo Maderkit Color Ceniza
SIN SUB	p289882	Muebles/None			Carro De Computadora Compacto Con Almacenamiento Techni Mobi
SIN SUB	p289930	Muebles/None			Tarima King Size Chocolate Kessa Muebles 200x200cm Madera
SIN SUB	p289936	Muebles/None			Base King Size Këssa Muebles Tapizada de Vinipiel, Chocolate
SIN SUB	p289951	Muebles/None			Base Queen Size Tapizada Chocolate Këssa Cdmx
SIN SUB	p289952	Muebles/None			Base King Size Tande Nogal Këssa Cdmx
SIN SUB	p289953	Muebles/None			Base Queen Size Chocolate Kessa 190x152x32cm Tablero Industrializado
SIN SUB	p289969	Muebles/None			Biblioteca Sauder 3 Estantes Ajustables Madera Marrón Oscuro Modelo 420175
SIN SUB	p289973	Muebles/None			Madesa 6906 - Librería con 6 nichos, color blanco
SIN SUB	p289978	Muebles/None			Mueble Organizador Escalera Madik Blanco con 9 Compartimentos
SIN SUB	p289979	Muebles/None			Biblioteca MADIK MO06MDCF color marrón de mdp 91cm x 61cm x 30cm con 6 estantes
SIN SUB	p289983	Muebles/None			Biblioteca Cantia Camargo color nogal de tablero melamina 200cm x 80.2cm x 29cm con 6 estantes
SIN SUB	p289984	Muebles/None			Biblioteca Cantia Camargo color blanco de tablero melamina 200cm x 80.2cm x 29cm con 6 estantes
SIN SUB	p290259	Muebles/None			Sobrecolchón Individual Lucid Memory Foam Con Lavanda 5 Zona Lila
SIN SUB	p290285	Muebles/None			Paquete De 2 Percheros Closets Armablecon 3 Divisiones Color Negro Bluelander
SIN SUB	p290288	Muebles/None			Placard Bambú Kitul Home 2 Puertas 4 Estantes 140x100x30 cm Marrón Claro
SIN SUB	p290342	Muebles/None			Reposet Asti Cafe Këssa Muebles
SIN SUB	p290352	Muebles/None			Reposet Sagitario Rojo Këssa Muebles
SIN SUB	p290365	Muebles/None			Sala Modular Makora Cassanova Respaldo 3 Posiciones Gris Lino
SIN SUB	p290368	Muebles/None			Sala Modular Scotch Makora Essentials De Velvet Color Rosa
SIN SUB	p290369	Muebles/None			Sala Modular Scotch Makora Essentials De Velvet Color Azul
SIN SUB	p290370	Muebles/None			Sala Modular Jerome Makora Essentials De Lino Reversible Color Rosa
SIN SUB	p290371	Muebles/None			Sala Modular Praia Makora Essentials De Lino Reversible Color Chocolate
SIN SUB	p290374	Muebles/None			Sala Modular Reversible Makora Mykolo Respaldo 3 Posiciones Azul Lino
SIN SUB	p290375	Muebles/None			Sala Modular Reversible De Lino Modelo Calatrava Makora Color Azul
SIN SUB	p290376	Muebles/None			Sala Modular Cassanova Makora Essentials De Lino Reversible Color Chocolate
SIN SUB	p290377	Muebles/None			Sala Modular Jerome Makora Essentials De Lino Reversible Color Chocolate
SIN SUB	p290378	Muebles/None			Sala Modular Praia Makora Essentials De Lino Reversible Color Rojo
SIN SUB	p290379	Muebles/None			Sala Modular Praia Makora Essentials De Lino Reversible Color Azul
SIN SUB	p290381	Muebles/None			Sala Modular Reversible Makora Mykolo Respaldo 3 Posiciones Rojo Lino
SIN SUB	p290382	Muebles/None			Sala Modular Reversible Makora Calatrava Con Memory Foam Chocolate Lino
SIN SUB	p290383	Muebles/None			Sala Modular Cassanova Makora Essentials De Lino Reversible Color Azul
SIN SUB	p290384	Muebles/None			Sala Modular Reversible Makora Calatrava Con Memory Foam Gris Lino
SIN SUB	p290385	Muebles/None			Sala Modular Calatrava Makora Essentials De Lino Reversible Color Rojo
SIN SUB	p290386	Muebles/None			Sala Modular Calatrava Makora Essentials De Lino Reversible Color Rosa
SIN SUB	p290387	Muebles/None			Sala Modular Jerome Makora Essentials De Lino Reversible Color Azul
SIN SUB	p290388	Muebles/None			Sala Modular Praia Makora Essentials De Lino Reversible Color Gris
SIN SUB	p290389	Muebles/None			Sala Modular Cassanova Makora Essentials De Lino Reversible Color Rosa
SIN SUB	p290390	Muebles/None			Sala Modular Mykolo Makora Essentials De Lino Reversible Color Rosa
SIN SUB	p290391	Muebles/None			Sala Modular Reversible Makora Mykolo Respaldo 3 Posiciones Chocolate Lino
SIN SUB	p290392	Muebles/None			Sala Modular Mykolo Makora Essentials De Lino Reversible Color Gris
SIN SUB	p290396	Muebles/None			Sala Modular Scotch Makora Essentials De Velvet Color Chocolate
SIN SUB	p290397	Muebles/None			Sala Modular Reversible Makora Jerome Respaldo 3 Posiciones Rojo Lino
SIN SUB	p290398	Muebles/None			Sala Modular Reversible Makora Praia Respaldo 3 Posiciones Rosa Lino
SIN SUB	p290399	Muebles/None			Sala Modular Reversible Makora Annara Respaldo 3 Posiciones Terciopelo Gris Oscuro
SIN SUB	p290400	Muebles/None			Sala Modular Avocata Makora Essentials De Velvet Reversible Color Gris
SIN SUB	p290401	Muebles/None			Sala Modular Analia Makora Beehive Memory Foam De Lino Color Azul
SIN SUB	p290402	Muebles/None			Sala Modular Scotch Makora Essentials De Velvet Color Gris Oscuro
SIN SUB	p290403	Muebles/None			Sala Modular Reversible Makora Hassan Con Memory Foam Gris Oscuro
SIN SUB	p290405	Muebles/None			Sala Modular Avocata Makora Essentials De Velvet Reversible Color Azul
SIN SUB	p290406	Muebles/None			Sala Modular Mykolo Makora Essentials De Lino Reversible Color Gris Oscuro
SIN SUB	p290408	Muebles/None			Sala Modular Calatrava Makora Essentials De Lino Reversible Color Gris Oscuro
SIN SUB	p290409	Muebles/None			Sala Modular Analia Makora Beehive Memory Foam De Lino Color Chocolate
SIN SUB	p290410	Muebles/None			Sala Modular Analia Makora Beehive Memory Foam De Lino Color Gris
SIN SUB	p290411	Muebles/None			Sala Modular Praia Makora Essentials De Lino Reversible Color Gris Oscuro
SIN SUB	p290412	Muebles/None			Sala Modular Jerome Makora Essentials De Lino Reversible Color Gris Oscuro
SIN SUB	p290414	Muebles/None			Sala Modular Analia Makora Beehive Memory Foam De Lino Color Rojo
SIN SUB	p290415	Muebles/None			Sala Modular Avocata Makora Essentials De Velvet Reversible Color Verde
SIN SUB	p290416	Muebles/None			Sala Modular Scotch Makora Essentials De Velvet Color Violeta Oscuro
SIN SUB	p290417	Muebles/None			Sala Modular Scotch Makora Essentials De Velvet Color Verde Oscuro
SIN SUB	p290418	Muebles/None			Sala Modular Analia Makora Beehive Memory Foam De Lino Color Rosa
SIN SUB	p290419	Muebles/None			Sala Modular Avocata Makora Essentials De Velvet Reversible Color Rosa
SIN SUB	p290420	Muebles/None			Sala Modular Avocata Makora Essentials De Velvet Reversible Color Violeta
SIN SUB	p290421	Muebles/None			Sala Modular Avocata Makora Essentials De Velvet Reversible Color Chocolate
SIN SUB	p290422	Muebles/None			Sala Modular Reversible Makora Scotch Respaldo 3 Posiciones Gris Claro Terciopelo
SIN SUB	p290430	Muebles/None			Mecedora Reclinable Para Descanso Ergonómica Bossa Sloga Gris Oscuro Rayado
SIN SUB	p290460	Muebles/None			Periquera Alto Café/oro Këssa Cdmx Tapa Café Patas Oro
SIN SUB	p290558	Herramientas/None			Organizador Móvil 2 Secciones Accesorios Herramientas Surtek Color Multicolor
SIN SUB	p290559	Herramientas/None			Caja Organizadora Surtek 125010 8.5 PuLG Plastica 15 Compart Color Negro
SIN SUB	p290560	Herramientas/None			Organizador Gavetero 5 Divisiones Packout Milwaukee Rojo
SIN SUB	p290561	Herramientas/None			Caja Organizadora Compartimientos Milwaukee 48228431 Color Rojo
SIN SUB	p290562	Herramientas/None			Recipiente Organizador Placa Packout 48228336 Milwaukee Rojo
SIN SUB	p290563	Herramientas/None			Altavoz Bluetooth Milwaukee M12 2955-20 Solo Aparato Rojo
SIN SUB	p290564	Herramientas/None			Placa Packout Milwaukee 48-22-8497 68 Kg Negro
SIN SUB	p290565	Herramientas/None			Organizador Para Herramientas Packout Milwaukee Fijo Con 10
SIN SUB	p290566	Herramientas/None			Gavetero Organizador Caja Compacta 9 Packout Ip65 Milwaukee Rojo
SIN SUB	p290567	Herramientas/None			Bandejas Para Organizador Packout 4x4in Milwaukee 48-22-8062 Rojo
SIN SUB	p290568	Herramientas/None			Milwaukee Juego De 4 Organizadores Packout 48-22-8636 Rojo
SIN SUB	p290569	Herramientas/None			Placa Para Muro Compacta Milwaukee Packout 48-22-8496 Color Negro
SIN SUB	p290571	Herramientas/None			Organizador de dados Magnético 6 piezas WORKPRO, Soporte Base y Bandeja SAE Métricas de 1/4", 3/8", 
SIN SUB	p290573	Herramientas/None			Organizador Magnético Para Dados 9 Piezas, Mikel S Omd-3 Rojo
SIN SUB	p290574	Herramientas/None			Craftsman CMST40730 Organizador Almacenamiento Negro/Blanco 15.19x37.29x24 cm.
SIN SUB	p290575	Herramientas/None			Caja Organizador Plastico 39 Cajones Craftsman Cmst40739 Color Negro
SIN SUB	p290578	Herramientas/None			Set 2 Escuadras Magnéticas Chicago Electric Welding Soldar 25kg Ángulos
SIN SUB	p290606	Autos, bicicletas y motos/None			Biciclete Huffy Rodada 20 Niños 5-9 Años Color Azul
SIN SUB	p290613	Autos, bicicletas y motos/None			Tricicleta Terrafit Adultos Sin Género 7 Velocidades 3cycle Azul Marino M
SIN SUB	p290726	Relojes inteligentes/None			Extensible Para Xiaomi Rmwtbd01 Rosa
SIN SUB	p290738	Relojes inteligentes/None			Correa De Caucho Diver Compatible Con Stf Kronos 20mm 22mm Naranja 2.2 Cm
SIN SUB	p290741	Relojes inteligentes/None			Correa De Caucho Diver Compatible Con Stf Kronos 20mm 22mm Verde 2 Cm
SIN SUB	p290743	Relojes inteligentes/None			Correa De Caucho Buzo Compatible Con Stf Kronos 20mm 22mm Verde 2.2 Cm
SIN SUB	p290744	Relojes inteligentes/None			Correa De Caucho Diver Compatible Con Stf Kronos 20mm 22mm Negro 2.2 Cm
SIN SUB	p290745	Relojes inteligentes/None			Correa De Caucho Diver Compatible Con Stf Kronos 20mm 22mm Verde 2.2 Cm
SIN SUB	p290746	Relojes inteligentes/None			Correa De Caucho Tropical Compatible C/ Stf Kronos 20mm 22mm Naranja 2 Cm
SIN SUB	p290748	Relojes inteligentes/None			Correa De Caucho Diver Compatible Con Stf Kronos 20mm 22mm Azul 2.2 Cm
SIN SUB	p290749	Relojes inteligentes/None			Correa De Caucho Buzo Compatible Con Stf Kronos 20mm 22mm Verde 2 Cm
SIN SUB	p290750	Relojes inteligentes/None			Correa De Caucho Diver Compatible Con Stf Kronos 20mm 22mm Naranja 2 Cm
SIN SUB	p290756	Relojes inteligentes/None			Correa De Piel Genuina Compatible Con Stf Kronos 20mm 22mm N Negro 2 Cm
SIN SUB	p290757	Relojes inteligentes/None			Correa De Canva Nylon Hq Compatible Con Stf Kronos Trek 22mm Khaki 2.2 Cm
SIN SUB	p290763	Relojes inteligentes/None			Correa De Piel Genuina Compatible Con Stf Kronos 20mm 22mm N Negro Mate 2.2 Cm
SIN SUB	p290877	Cámaras de seguridad/None			Xiaomi Smart Camera C701 Blanco
SIN SUB	p291086	Cámaras de seguridad/None			Monitor Led 7 Dahua 1024x600 Pixeles Para Grabadores
SIN SUB	p291088	Cámaras de seguridad/None			Dahua Transceptores PFM800B-4K de 8 unidades 4K
SIN SUB	p291090	Cámaras de seguridad/None			Extensor Video Utp Balum 100m Circuitos Cerrados Steren
SIN SUB	p291131	Cámaras de seguridad/None			Body Cam Security Hikvision 2k Seguridad Ds-mcw406
SIN SUB	p291198	Redes/None			Interruptor Inteligente Tp-link Hs200 Wi-fi Googlehome Alexa
SIN SUB	p291202	Redes/None			Controlador Tp-link Cloud Omada Oc300 - Gestion 500 Equipos
SIN SUB	p291205	Redes/None			TP-Link TL-SM331t, módulo Sfp RJ45 1000base-t
SIN SUB	p291274	Redes/None			Distribuidor de alimentación DCDU dc -48v 100A 03b -48v 100a Conexión Huawei 9
SIN SUB	p291317	Redes/None			Interruptor exterior Mikrotik CRS310-1G-5S-4s+Out Netfiber 9 L5
SIN SUB	p291391	Redes/None			TP-Link Archer AX53 AX 3000
SIN SUB	p291393	Redes/None			Convertidor De Medios Mc100cm Tp-link
SIN SUB	p291394	Redes/None			Aprobación del adaptador inalámbrico TP-Link: 25481602799
SIN SUB	p291401	Redes/None			Sistema Wi-fi Malla Ac1900 H50g Mercusys Dual Banda (3-pack)
SIN SUB	p291404	Redes/None			Asus Rp-ax58 Ax3000 Dual Band Wifi 6 (802.11ax) Range Extend
SIN SUB	p291440	Redes/None			Bridge, PtP, PtMP Ubiquiti airMAX
SIN SUB	p291444	Redes/None			Ubiquiti Litebeam 5ac Gen2 Lbe5acgen2 Color Blanco
SIN SUB	p291445	Redes/None			Protector Ethernet Contra Descargas Ubiquiti Red Cat5e Utp
SIN SUB	p291447	Redes/None			Ubiquiti Compacto Cloud Gateway Ucg-max 2.5g Unifi
SIN SUB	p291448	Redes/None			Bridge Ubiquiti airFiber 60 LR AF60-LR blanco
SIN SUB	p291451	Redes/None			Ubiquiti Litebeam M5 23 Dbi Lbem523 Color Blanco
SIN SUB	p291452	Redes/None			Ubiquiti Radio De Backhaul Af5xhd Ltu Airfiber 1 Gbps
SIN SUB	p291461	Redes/None			Bullet M2 Hp 2.4 Ghz Antena Ubiquiti Internet Bulletm2 Wifi
SIN SUB	p291464	Redes/None			Radio Estación Airmax Ubiquiti R5ac-lite 500 Mbps, 5 Ghz
SIN SUB	p291466	Redes/None			Gl. Inet Blanco
SIN SUB	p291486	Redes/None			Wifi ZTE 4G gris
SIN SUB	p291561	Impresoras/None			Rotuladora Brother Electrónica Bluetooth Pt-e560btvp Naranja
SIN SUB	p291562	Impresoras/None			Impresora Brother Cz-1004 25mm x 5m.
SIN SUB	p291580	Impresoras/None			Impresora multifunción monocromática Canon imageCLASS MF3010
SIN SUB	p291592	Impresoras/None			Impresora multifunción monocromática Pantum P2509W con wifi
SIN SUB	p291596	Impresoras/None			Impresora multifunción monocromática Elgin Pantum M6550NW con wifi
SIN SUB	p291597	Impresoras/None			Impresora simple función monocromática Pantum Hero P2509W con wifi
SIN SUB	p291600	Impresoras/None			Impresora simple función monocromática Pantum P2500 P2500W con wifi
SIN SUB	p291604	Impresoras/None			Paq Impresora Pantum M6509nw + 1000 Hojas + 2 Usb Lucky Owl Blanco
SIN SUB	p291605	Impresoras/None			Impresora Pantum 2509w Wifi a Blanco Y Negro en Color Blanca
SIN SUB	p291607	Impresoras/None			Impresora multifunción monocromática Ricoh IM 550F
SIN SUB	p291608	Impresoras/None			Impresora multifunción monocromática Ricoh IM 430
SIN SUB	p291609	Impresoras/None			Impresora multifunción monocromática Ricoh SP 3710SF
SIN SUB	p291612	Impresoras/None			Impresora Simple Función Monocromática Ricoh P 311 Blanco
SIN SUB	p291613	Impresoras/None			Impresora multifunción monocromática Ricoh M 320F
SIN SUB	p291619	Impresoras/None			Impresora portátil monocromática Zebra ZQ31-A0E02TL-00 con wifi
SIN SUB	p291621	Impresoras/None			Zebra Zd220 Impresora Etiquetadora De Código De Barras Usb Color Negro
SIN SUB	p291623	Impresoras/None			Impresora simple función monocromática 3nStar RPT001
SIN SUB	p291624	Impresoras/None			Impresora 3nstar Rpt004 Usb Ethernet Lan Comandera Color Negro
SIN SUB	p291625	Impresoras/None			Impresora 3nStar Rpt006w 80mm USB WiFi Ethernet Monocromática
SIN SUB	p291627	Impresoras/None			Impresora Monocromática 3nStar RPT006B Simple Función USB Bluetooth
SIN SUB	p291629	Impresoras/None			Impresora Monocromática 3nStar RPT006S USB Serial Lan 80mm Negra
SIN SUB	p291630	Impresoras/None			Fujifilm Impresora Apeos C325 Dw Blanco
SIN SUB	p291631	Impresoras/None			Impresora portátil instantánea Fujifilm Instax Mini Link color Rosa
SIN SUB	p291632	Impresoras/None			Impresora portátil instantánea Fujifilm Instax Mini Link color blanco
SIN SUB	p291633	Impresoras/None			Impresora multifunción monocromática Fujifilm Apeos C 325 DW con wifi
SIN SUB	p291634	Impresoras/None			Impresora IDP Smart-21 Series YMCKO.
SIN SUB	p291635	Impresoras/None			Mini Impresora Nextep NE-511X Monocromática USB LAN
SIN SUB	p291636	Impresoras/None			Mini Impresora Nextep NE-510 58mm USB RJ11 Negro
SIN SUB	p291637	Impresoras/None			Miniprinter Nextep Ne-510x 58mm USB Bluetooth Portátil Negro
SIN SUB	p291638	Impresoras/None			Impresora Portátil Nextep Ne-512B USB Bluetooth Monocromática 80mm
SIN SUB	p291639	Impresoras/None			Mini impresora oortátil bluetooth para celular pc color rosa ele-gate im 04
SIN SUB	p291640	Impresoras/None			Impresora Qian Monocromática con Bluetooth y USB
SIN SUB	p291643	Impresoras/None			Impresora Evolis Primacy2
SIN SUB	p291644	Impresoras/None			Impresora de Tarjetas Evolis Badgy200 a Color para Credenciales y Carnets con Software
SIN SUB	p291645	Impresoras/None			Mini Impresora Portátil Wohingo X23 Bluetooth Azul para Celular con 5 Rollos de Papel y Bolígrafos
SIN SUB	p291646	Impresoras/None			Impresora Kodak 6950 Photo Printer Negro
SIN SUB	p291647	Impresoras/None			Rongta Pos Printer, Impresora De Recibos Usb
SIN SUB	p291653	Impresoras/None			Impresora Portátil Bryxent con Bluetooth y USB para Recibos de 58 mm
SIN SUB	p291655	Impresoras/None			Aiyin mini impresoras portatiles Impresoras impresora portatil - Verde
SIN SUB	p291657	Impresoras/None			Impresora Portátil Aiyin A4 Bluetooth para Hogar y Negocios
SIN SUB	p291672	Instrumentos musicales/None			Transmisor De Mano Inalámbrico Dht800 Bd2 Akg Color Negro
SIN SUB	p291675	Instrumentos musicales/None			Transmisor Ht40 Kr4 Profesional De Mano Akg Color Negro
SIN SUB	p291679	Instrumentos musicales/None			Shure BLX2/PG58 banda J11
SIN SUB	p291708	Instrumentos musicales/None			Brazo Boom Pole Rode Color Negro
SIN SUB	p291719	Instrumentos musicales/None			Rode Wireless Me Black Kit Color Negro
SIN SUB	p291741	Instrumentos musicales/None			Sistema Inalámbrico Rode Wireless Micro Usb C Color Negro
SIN SUB	p291745	Instrumentos musicales/None			Adaptador Portátil Rode Interview Go Para Wireless Go Negro
SIN SUB	p291770	Instrumentos musicales/None			Pyle Pro Wired Dynamic Microphone Professional Moving Coil
SIN SUB	p291789	Instrumentos musicales/None			Jbl Quantum Stream Talk Microphone - Black - Sa
SIN SUB	p291801	Instrumentos musicales/None			Mxl Cr77 Dynamic Stage Microphone, Vintage
SIN SUB	p291802	Instrumentos musicales/None			Samson Stage 200 - Sistema Inalámbrico Portátil De Doble . Color Negro
SIN SUB	p291861	Instrumentos musicales/None			0118012795 Fender American Ultra Stratocaster Eléctrica Color Azul
SIN SUB	p291879	Cámaras y fotografía/None			Cámara Osmo Pocket 3 Dji Standard Combo Active Track 3.0 Color Negro
SIN SUB	p291892	Cámaras y fotografía/None			Mini Dvd Sony Premium 80 Min Dvm80pr Color No Aplica
SIN SUB	p291938	Cámaras y fotografía/None			Yongnuo Yn50 mm F1.8 lente Principal Estandar De Gran Ape
SIN SUB	p291939	Cámaras y fotografía/None			Yongnuo Yn 50 Mm F1,8n lente Principal Estándar Enfoque M. Color Negro
SIN SUB	p291942	Cámaras y fotografía/None			Samyang 85mm F1.4 Canon Lens
SIN SUB	p291945	Cámaras y fotografía/None			Tamron 11-20mm f/2.8 Di III-A RXD Gran Angular Zoom
SIN SUB	p291973	Cámaras y fotografía/None			Montura 7artisans Autofocus 10 Mm F2.8 Aps-c Para Sony E
SIN SUB	p291974	Cámaras y fotografía/None			Montura 7artisans Autofocus 10 Mm F2.8 Aps-c Para Fujifilm X
SIN SUB	p291977	Cámaras y fotografía/None			7artisans, Gran Apertura, Gran Angular, 25 Mm, F0.95 Color Negro Tipo De Montaje Canon Rf
SIN SUB	p291988	Cámaras y fotografía/None			7artisans 10mm F2.8 Ii Lente De Pez Fesheye De Cuadro 185 ° Color Negro Tipo De Montaje Canon Rf
SIN SUB	p291989	Cámaras y fotografía/None			7artisans 10mm F2.8 Ii Lente De Pez Fesheye De Cuadro 185 ° Color Negro Tipo De Montaje Sony E
SIN SUB	p292078	Iluminación/None			Focos LED Inteligentes Sengled 8W 4 Unidades Multicolor Alexa Compatible
SIN SUB	p292087	Iluminación/None			Focos Ahorradores Fluorescente E27 14w 6500k Tecnolite
SIN SUB	p292103	Iluminación/None			Interruptor Inteligente Ledvance Wifi Negro 91912 N/a
SIN SUB	p292116	Iluminación/None			Philips Hue White Ambiance A19 Led Smart Bulb, Bluetooth
SIN SUB	p292117	Iluminación/None			Philips Hue Puente De Alimentación Controla Hasta 50 Focos
SIN SUB	p292138	Iluminación/None			10 Focos Incandescente E 12 Tipo Vela Sanelec Cálida
SIN SUB	p292159	Iluminación/None			Pack de 9 Focos Incandescentes Tipo Bulbo Sanelec de 35W para Interiores
SIN SUB	p292199	Iluminación/None			Bombillo Led Inteligente A19 Rgb Color 110v Nexxt Home
SIN SUB	p292203	Iluminación/None			Nexxt Home Nhb-c110 2pk Smart Led Bulb Rgb Color
SIN SUB	p292216	Iluminación/None			Pack de 6 Focos LED Inteligentes RGB KITCHOP E27 de 9W con Bluetooth y Smart Life para Alexa y Googl
SIN SUB	p292220	Iluminación/None			Enchufe Inteligente Kasa Smart con Monitoreo de Energía, Compatible con Alexa
SIN SUB	p292284	Iluminación/None			Pack de 2 Lámparas de Mesita de Noche Yriz Azules con USB y Rosca E27
SIN SUB	p292292	Iluminación/None			Paq De 5 Lámparas Techo Led 20w 40k 1800lm Blanco Tecnolite
SIN SUB	p292294	Iluminación/None			Kit De 5 Lámparas Techo Led 9w 27-65k 145mm Blanco Tecnolite
SIN SUB	p292296	Iluminación/None			YZLDM Lamparas Techo Gu10 Modernas 6 Focos Iluminacion Riel Cromo 330°/90°, Lamparas Modernas Ajusta
SIN SUB	p292297	Iluminación/None			5 Lámparas Techo De Sobreponer 40w E27 Negro Mate Tecnolite Color Negro/dorado
SIN SUB	p292298	Iluminación/None			Set De 5 Lámparas Techo De Sobreponer 30w Cristal Tecnolite Color Dorado, Traslúcido
SIN SUB	p292299	Iluminación/None			Lámparas Techo Led Moderna Wifi Alexa para cocina comedor sala recamara Decorativas Rgbcw Blanco
SIN SUB	p292300	Iluminación/None			Set De 5 Lámparas Techo Led 16w 30k Aluminio Bco Tecnolite Color Blanco, Satinado
SIN SUB	p292302	Iluminación/None			Tecnolite Titawin - Unidad - 1 Negro - 3000K
SIN SUB	p292304	Iluminación/None			Spot Light Color Blanco 10w Tecnolite 10ysnled025mv30b
SIN SUB	p292308	Iluminación/None			Spot Empotrable Tecnolite para Techo LED Negro
SIN SUB	p292351	Iluminación/None			YZLDM LED Colgantes Modernas 36 W, Black Color, Three Marcos Design, Tricolor Ajustable 3000K/4500K/
SIN SUB	p292365	Iluminación/None			YZLDM Modern Outdoor Wall Lamp,Waterproof Ip65, Outdoor Wall Lighting For Porch, 8w Black 6000k Led 
SIN SUB	p292411	Iluminación/None			Farol De Pared Cañón Iluminador Vidrio Esmerilado
SIN SUB	p292500	Iluminación/None			Pack Focos LED Cooper Lighting E27 Ajustable con Bluetooth
SIN SUB	p292501	Iluminación/None			Paq 6 Focos Led FA199W-E27 Calux
SIN SUB	p292527	Iluminación/None			3 Pzas Aksi Focos Vintage Lava 3.5w, Dimeable Blanco Cálido
SIN SUB	p292581	Iluminación/None			Steelpro Par Cabeza Movil Wash + Beam 4en1 Rgbw 102w Case
SIN SUB	p292583	Iluminación/None			Cabeza Móvil Beam Giratorio Led Rgbw Con Laser Steelpro Modelo Airtrek-H
SIN SUB	p292584	Iluminación/None			Cañon Par Led 54 X 3 Watt Rgb Ambar Dmx 512 Steelpro 354bpar
SIN SUB	p292590	Iluminación/None			Esfera Led Motorizada Steelpro Light Moon 100w Rgbw Profesional Bola Cinética Escenario Dmx 11ch Ele
SIN SUB	p292593	Iluminación/None			Par Cabezas Móviles Beam Led 100w Steelpro Con Maleta Profesional Dmx 12/14 Canales Prisma Rotatorio
SIN SUB	p292594	Iluminación/None			Steelpro Case Con 8 Estrobos 488-str Rgbw 768 Leds 112 Blancos 48 Secciones Dmx 4 15 152 Canales Mae
SIN SUB	p292595	Iluminación/None			Steelpro Retroball H Cabeza Móvil Retro 8 Leds Beam 10W Aro SMD RGBW DMX 14 y 16 Canales Paneo 540° 
SIN SUB	p292596	Iluminación/None			Estrobo Circus 200 Super Bright & Loud Rgbw
SIN SUB	p292597	Iluminación/None			Cabeza Móvil Super Bright Color Spot con LED RGB y Estrobo
SIN SUB	p292598	Iluminación/None			Par Led Super Bright 18 X 10 Watts Rgba Par180a Msi
SIN SUB	p292599	Iluminación/None			Cabeza Móvil Super Bright Beam 8r + Aro Led Rgb Rack 4 Pzas
SIN SUB	p292600	Iluminación/None			Cabeza Movil Helicopter 10 Leds 10w Rgbw 4 En 1 Super Bright
SIN SUB	p292603	Juguetes y bebés/None			Bts V Mattel Original
SIN SUB	p292604	Juguetes y bebés/None			Mattel Rapunzel princesa disney
SIN SUB	p292611	Juguetes y bebés/None			Lol Surprice Esfera Bff Sweethearts Serie 2 Mga
SIN SUB	p292614	Juguetes y bebés/None			Rainbow High Skyler Bradshaw Junior Mga Entertainment 580010
SIN SUB	p292615	Juguetes y bebés/None			Mga Entertainment Lol Surprise L.o.l. Surprise Loves Licensed
SIN SUB	p292616	Juguetes y bebés/None			Rainbow High Poppy Rowan Junior Mga Entertainment 579960
SIN SUB	p292623	Juguetes y bebés/None			Nancy Un Dia De Catrina 42cm Famosa
SIN SUB	p292624	Juguetes y bebés/None			The Bellies Belly Kit De Emergencias Famosa
SIN SUB	p292628	Juguetes y bebés/None			The Bellies Rita Rumba Bailarina 17cm Famosa
SIN SUB	p292630	Juguetes y bebés/None			Volamerito Distroller Pati Posa Aqua Neonato Famosa
SIN SUB	p292632	Juguetes y bebés/None			Nancy Curly Power Cabello Violeta 43cm Famosa Cd
SIN SUB	p292633	Juguetes y bebés/None			The Bellies Blinky Queen Exclusive Accesorios 18cm Famosa
SIN SUB	p292634	Juguetes y bebés/None			Pinypon Queens Vestido Violeta Super Power Famosa Cd
SIN SUB	p292635	Juguetes y bebés/None			The Mini Bellies Rosie Swims Sirena 18cm Famosa
SIN SUB	p292636	Juguetes y bebés/None			Super Cute Regis Scooter Little Babies 14cm Famosa
SIN SUB	p292637	Juguetes y bebés/None			My First Pinypon Figuras De Profesiones De Famosa
SIN SUB	p292639	Juguetes y bebés/None			The Bellies From Bellyville Hula Hoop! Interactivo Famosa
SIN SUB	p292640	Juguetes y bebés/None			Princesa Disney Frozen
SIN SUB	p292641	Juguetes y bebés/None			Disney Cenicienta singing
SIN SUB	p292642	Juguetes y bebés/None			Disney Campanita animators collection
SIN SUB	p292644	Juguetes y bebés/None			Disney Jessie talking figure
SIN SUB	p292646	Juguetes y bebés/None			Monster High Mattel Ghoulia Yelps Deadfast
SIN SUB	p292647	Juguetes y bebés/None			Monster High Skullector Jack Y Sally
SIN SUB	p292650	Juguetes y bebés/None			Disney Princesas - Mini Princesas Aurora Hpl55
SIN SUB	p292651	Juguetes y bebés/None			Disney Princesas - Mini Princesas Rapunzel Hpl55
SIN SUB	p292652	Juguetes y bebés/None			Disney Princesas - Mini Princesas Raya 9cm - Hlw69
SIN SUB	p292653	Juguetes y bebés/None			Disney Princesas - Mini Princesas Bella Blister Hpl55
SIN SUB	p292659	Juguetes y bebés/None			Disney Princesas Royal Shimmer Princesa Cenicienta
SIN SUB	p292661	Juguetes y bebés/None			Disney Princesas Baby Bella Con Cangurera
SIN SUB	p292665	Juguetes y bebés/None			Disney Princesas Rapunzel Aventuras Reales Hasbro
SIN SUB	p292673	Juguetes y bebés/None			Juguete Jakks Disney Princesas Petite Rapunzel Set De
SIN SUB	p292674	Juguetes y bebés/None			Baby Alive Little Astrid (e8407)
SIN SUB	p292675	Juguetes y bebés/None			Baby Alive Baby - Baby Grows Up (Feliz) - Rubia o Castaña
SIN SUB	p292677	Juguetes y bebés/None			Baby Alive Princess Ellie Grows Up
SIN SUB	p292679	Juguetes y bebés/None			Baby Alive Bebé Prepara Mi Medicina
SIN SUB	p292680	Juguetes y bebés/None			Hasbro Baby Alive Bebé minicornio felino
SIN SUB	p292681	Juguetes y bebés/None			Baby Alive Bebé Peinado Mágico Hasbro
SIN SUB	p292682	Juguetes y bebés/None			Zapato Polly Pocket Basic Doll Polly Yellow - Mattel
SIN SUB	p292685	Juguetes y bebés/None			Polly Pocket Estuche Jungla Safari
SIN SUB	p292686	Juguetes y bebés/None			Polly Pocket Casa Club Súpersecreta
SIN SUB	p292687	Juguetes y bebés/None			Polly Pocket Set Acuario Burbujas
SIN SUB	p292689	Juguetes y bebés/None			Estuche De Patinaje Polly Pocket
SIN SUB	p292690	Juguetes y bebés/None			Polly Pocket Estuches Micro Originales
SIN SUB	p292691	Juguetes y bebés/None			Polly Pocket Paquete Aventuras Acuáticas
SIN SUB	p292693	Juguetes y bebés/None			Polly Pocket Set De Juego Polly Abejita Elementos Sorpresa
SIN SUB	p292694	Juguetes y bebés/None			Piscina sorpresa Polly Pocket Gfk51 Mattel
SIN SUB	p292697	Juguetes y bebés/None			Polly Pocket Paquete De Modas Hnf51
SIN SUB	p292698	Juguetes y bebés/None			Polly Pocket Mundos De Sorpresas Smoothie
SIN SUB	p292699	Juguetes y bebés/None			Polly Pocket Estuche Fiesta Con Piñata Mattel
SIN SUB	p292700	Juguetes y bebés/None			Polly Pocket Estuche Llama Music Party Mattel
SIN SUB	p292701	Juguetes y bebés/None			Lol Surprise Bubble Surprise Deluxe
SIN SUB	p292702	Juguetes y bebés/None			Lol Surprise Unicorn Tots
SIN SUB	p292704	Juguetes y bebés/None			Lol Surprise Smartwactch, Camera & Game
SIN SUB	p292707	Juguetes y bebés/None			Lol Surprise Hangout Spaces Winter Chill
SIN SUB	p292709	Juguetes y bebés/None			Culturefly Lol Surprise Totally Rad Accesorios
SIN SUB	p292710	Juguetes y bebés/None			Lol Surprise Opp Tots Funky Qt
SIN SUB	p292713	Juguetes y bebés/None			Fotorama Fancy
SIN SUB	p292714	Juguetes y bebés/None			Fotorama Cry Babies Sorpresas
SIN SUB	p292716	Juguetes y bebés/None			Fotorama Bebés Llorones Buenas Noches Coney
SIN SUB	p292717	Juguetes y bebés/None			Bebes Llorones Good Night Coney 27cm Fotorama
SIN SUB	p292718	Juguetes y bebés/None			Fotorama Ternurines By Honey Bees Salita Acojedora
SIN SUB	p292722	Juguetes y bebés/None			Fotorama Bebés Llorones Playtime Baby Doll Coney 09 Cm
SIN SUB	p292723	Juguetes y bebés/None			Chilloncitos El Iglu De Kristal Con Nieve De Verdad Fotorama
SIN SUB	p292724	Juguetes y bebés/None			Bebes Llorones Fotorama Cry Babies Magic Tears Serie Dress Me Up 8 Accesorios Sorpresa
SIN SUB	p292725	Juguetes y bebés/None			Spin Master Hatchimals Gemelas hipopótamas
SIN SUB	p292726	Juguetes y bebés/None			Spin Master Gabby's Dollhouse Fashionista
SIN SUB	p292727	Juguetes y bebés/None			Hatchimals Surprise Secret Colleggtibles Spin Master
SIN SUB	p292731	Juguetes y bebés/None			Party Pop Teenies Maleta Sorpresa Rosa Spin Master
SIN SUB	p292732	Juguetes y bebés/None			Muñeco Spin Master Wizarding World Ron Weasley 6+
SIN SUB	p292736	Juguetes y bebés/None			Unicornio Chispa Spin Master Cinder 27cm Unicorn Academy Netflix
SIN SUB	p292737	Juguetes y bebés/None			Hatchimals Cosmic Candy Shop Set De Juego Spin Master
SIN SUB	p292738	Juguetes y bebés/None			Spin Master Wizarding World Harry, Hermione, Ron Y Fluffy
SIN SUB	p292739	Juguetes y bebés/None			Casita Gabby's Dollhouse Feria Kitty Narwhals + Packaging Spin Master
SIN SUB	p292740	Juguetes y bebés/None			Gabbys Dollhouse Cat Adventures Gabby Girl 18cm Spin Master
SIN SUB	p292742	Juguetes y bebés/None			Spin Master México Unicorn Academy Sophia y Wildstar magic wildstar
SIN SUB	p292743	Juguetes y bebés/None			Muñecos Wizarding World Harry Potter Micro Magical Moments Spin Master
SIN SUB	p292744	Juguetes y bebés/None			Set De Aventuras Dora La Exploradora Con Botas Y Zorro Spin Master
SIN SUB	p292774	Juguetes y bebés/None			Bratz Cosmetics Mini Bratz Sorpresa S1 Edicion Limitada
SIN SUB	p292778	Juguetes y bebés/None			Bratz Santa Doll- Cloe
SIN SUB	p292784	Juguetes y bebés/None			Bratz Sassy Stampede Doll - Cloe
SIN SUB	p292785	Juguetes y bebés/None			Bratz Sassy Stampede Doll - Jade
SIN SUB	p292790	Juguetes y bebés/None			Bratz Goin Out! Doll- Sasha
SIN SUB	p292791	Juguetes y bebés/None			Bratz Boyz Fashion Pack Eitan
SIN SUB	p292794	Juguetes y bebés/None			Bratz Stylin' Charmed Doll- Sasha
SIN SUB	p292795	Juguetes y bebés/None			Bratz 2001 Reimagined Dolls - Sasha
SIN SUB	p292802	Juguetes y bebés/None			Bratz Boyz Fashion Pack Cameron 02
SIN SUB	p292811	Juguetes y bebés/None			Rainbow High Littles Apple
SIN SUB	p292814	Juguetes y bebés/None			Rainbow High Karma Nichols neon
SIN SUB	p292815	Juguetes y bebés/None			Karma Nichols Rainbow High 117353xx1
SIN SUB	p292817	Juguetes y bebés/None			Rainbow High Fashion Krystal Bailey
SIN SUB	p292818	Juguetes y bebés/None			Rainbow High Junior High Doll Series 2 Krystal
SIN SUB	p292819	Juguetes y bebés/None			Rainbow High - Shadow High - Rosie Redwood - Serie 3
SIN SUB	p292828	Juguetes y bebés/None			Rainbow High Color & Create Ojos Morados
SIN SUB	p292830	Juguetes y bebés/None			Muñeco Oliver Ocean Rainbow High Shadow
SIN SUB	p292833	Juguetes y bebés/None			Rainbow High Junior Ruby Anderson Con Accesorios
SIN SUB	p292835	Juguetes y bebés/None			Gabby´s Dollhouse Set De Muebles Gabby - Gatirena
SIN SUB	p292841	Juguetes y bebés/None			Gabby's Dollhouse, Conjunto De Figuras De Gabby Para Niñas
SIN SUB	p292846	Juguetes y bebés/None			Jueguete Balcon Jardin Cristal Gabby's Dollhouse
SIN SUB	p292847	Juguetes y bebés/None			Mesa de laboratorio Mercat - Gabby's Dollhouse
SIN SUB	p292850	Juguetes y bebés/None			Casa De Gabby Conjunto De Figuras Deluxe 6065351
SIN SUB	p292851	Juguetes y bebés/None			Gabby's Dollhouse, Sala De Manualidades,figura Bebé Caja
SIN SUB	p292852	Juguetes y bebés/None			Gabby's Dollhouse Mermaid-lantis 4 Figure Set Sirenalantis
SIN SUB	p292853	Juguetes y bebés/None			Set Viajeros Figura Gabby, 5 Gatitos, Sorpresas Y Accesorios
SIN SUB	p292855	Juguetes y bebés/None			Polly Pocket Rainbow Dream
SIN SUB	p292856	Juguetes y bebés/None			The Bellies Rosie Rainbow
SIN SUB	p292859	Juguetes y bebés/None			Rainbow High Winter Break Poppy Rowan
SIN SUB	p292864	Juguetes y bebés/None			Disney Frozen Bebe Elsa
SIN SUB	p292865	Juguetes y bebés/None			Just Play Elsa Disney Frozen
SIN SUB	p292869	Juguetes y bebés/None			Disney Frozen Aventuras Pop - Habitación De Elsa
SIN SUB	p292875	Juguetes y bebés/None			Minimuñeca Ice Reveal De Disney Frozen, Mattel Hrn72
SIN SUB	p292876	Juguetes y bebés/None			Disney Frozen Style Series Elsa 28 Cm Hasbro
SIN SUB	p292880	Juguetes y bebés/None			Peppa Pig Casa Portatil Incluye A Peppa Pig Y A George
SIN SUB	p292881	Juguetes y bebés/None			Peppa Pig Pijamas
SIN SUB	p292883	Juguetes y bebés/None			Set De Juego Peppa Pig El Carrusel De Peppa
SIN SUB	p292886	Juguetes y bebés/None			Set Peppa Pig La Familia Y Los Amigos De Peppa
SIN SUB	p292888	Juguetes y bebés/None			Peppa Pig Figura Rebeca Liebre Estilos Divertidos
SIN SUB	p292891	Juguetes y bebés/None			Boneca Peppa Pig Articulada 13 cm F6158 Hasbro
SIN SUB	p292892	Juguetes y bebés/None			Estilos divertidos para días lluviosos de Peppa Pig
SIN SUB	p292893	Juguetes y bebés/None			Peppa Pig Autobús De Fiestas 2 En 1
SIN SUB	p292894	Juguetes y bebés/None			Peppa Pig El Barco Pirata Del Abuelo Dog
SIN SUB	p292896	Juguetes y bebés/None			Peppa Pig De Viaje Con Su Familia Y Amigos
SIN SUB	p292897	Juguetes y bebés/None			Set De Juego Peppa Pig Big Family House Hasbro
SIN SUB	p292898	Juguetes y bebés/None			Disney Isabela hair play
SIN SUB	p292899	Juguetes y bebés/None			Lol Bigger Surprise 60 Sorpresas + Lol Fashion Crush
SIN SUB	p292902	Juguetes y bebés/None			Lol Surprise! Fashion Crush Ruz 148212
SIN SUB	p292905	Juguetes y bebés/None			Playmobil Racing Barco Pirata Funstars 71720 45 Figura Playmobil
SIN SUB	p292906	Juguetes y bebés/None			Playmobil Llavero Draculaura Monster High 72046 1 Figura Playmobil
SIN SUB	p292907	Juguetes y bebés/None			Playmobil Boutique De Moda Shopping 72081 31 Figura Playmobil
SIN SUB	p292908	Juguetes y bebés/None			Playmobil Sand Heladería Junior Sand 72006
SIN SUB	p292909	Juguetes y bebés/None			Playmobil Sand Panadería Junior Sand 72005 7 Figura Playmobil
SIN SUB	p292910	Juguetes y bebés/None			Playmobil Sembradora De Carga Junior 71773 11 Figura Playmobil
SIN SUB	p292911	Juguetes y bebés/None			Playmobil Robo De Bicicleta Police 72076 11 Figura Playmobil
SIN SUB	p292912	Juguetes y bebés/None			Playmobil Vehículo Animals y Friends 71854
SIN SUB	p292913	Juguetes y bebés/None			Playmobil Mejórate Pronto Gift Sets 71966
SIN SUB	p292914	Juguetes y bebés/None			Playmobil Jugadores De Fútbol Soccer 72058
SIN SUB	p292915	Juguetes y bebés/None			Playmobil WWE Multipack Attitude Era 71957
SIN SUB	p292916	Juguetes y bebés/None			Playmobil Coleccionable Unicornio Magic Unicorn 71840 24 Figura Playmobil
SIN SUB	p292917	Juguetes y bebés/None			Playmobil Regreso al futuro Marty Mcfly Dr.Brown Playmobil
SIN SUB	p292918	Juguetes y bebés/None			Playmobil Fiesta Animals y Friends 71855
SIN SUB	p292919	Juguetes y bebés/None			Playmobil Racing Avión Espacial Funstars 71719 31 Figura Playmobil
SIN SUB	p292924	Juguetes y bebés/None			Set Juego Mega Construx Destiny Aspecto Cristal Mattel
SIN SUB	p292926	Juguetes y bebés/None			Mega Construx, Pokémon, Squirtle, azul, 10 cm, Mattel, número de piezas 199
SIN SUB	p292959	Juguetes y bebés/None			Estudio De Diseño Ruz Tybo Tie Dye Teñido
SIN SUB	p292960	Juguetes y bebés/None			Mega Construx He-Man Wind Rider Attack Amos Del Universo Motu 198Pcs
SIN SUB	p292961	Juguetes y bebés/None			Mega Construx Halo Guerreros Promethean
SIN SUB	p292962	Juguetes y bebés/None			Mega Construx Pokemon Wartortle
SIN SUB	p292963	Juguetes y bebés/None			Breacher Exosuit, Halo Mega Construx
SIN SUB	p292964	Juguetes y bebés/None			Mega Construx Oficina Del Detective Pikachu
SIN SUB	p292965	Juguetes y bebés/None			Mega Construx Pokémon, Batalla Kanto
SIN SUB	p292966	Juguetes y bebés/None			Charizard Con Movimiento Pokémon mega construx
SIN SUB	p292967	Juguetes y bebés/None			Mega Construx Pokémon, Pikachu De Fiesta
SIN SUB	p292968	Juguetes y bebés/None			Mega Construx Charmander Pokémon Wonder Bulders
SIN SUB	p292969	Juguetes y bebés/None			Mega Construx Meowth Pokémon Wonder Bulders
SIN SUB	p292972	Juguetes y bebés/None			Mega Construx Galarian Zigzagoon Vs Machop Pokémon Pokemon
SIN SUB	p292976	Juguetes y bebés/None			Pokemon: Keeppley - Squirtle 1
SIN SUB	p292979	Juguetes y bebés/None			Mega Construx Pokémon Sneasel Pokebola!!
SIN SUB	p292980	Juguetes y bebés/None			Mega Construx Pokémon Totodile Vs Snubbull
SIN SUB	p292981	Juguetes y bebés/None			Mega Pokémon Juguete Pokébola Eevee & Charmander
SIN SUB	p292985	Juguetes y bebés/None			Mega Construx Pokémon Pikachu Vs Sobble Larmeleon
SIN SUB	p292987	Juguetes y bebés/None			Mega Construx Me. Mime Pokémon Detective Pikachu
SIN SUB	p292988	Juguetes y bebés/None			Psyduck Pokemon Mini Blocks Cantidad De Piezas 326
SIN SUB	p292991	Juguetes y bebés/None			Mega Construx Pokémon Blastoise!! Cantidad De Piezas 284
SIN SUB	p292994	Juguetes y bebés/None			Mega Construx Pokémon Evergreen Poke Ball Assortment
SIN SUB	p292997	Juguetes y bebés/None			Playmobil Coche Tuning Todoterreno Cars 72062
SIN SUB	p292998	Juguetes y bebés/None			Playmobil Recolector De Basura Junior 71774 5 Figura Playmobil
SIN SUB	p293000	Juguetes y bebés/None			Playmobil Rainbow Castle Arcoíris Con Princesa 71364 0 Playmobil
SIN SUB	p293001	Juguetes y bebés/None			Playmobil Zoologico Mascotas Pm Other 72007 63 Figura Playmobil
SIN SUB	p293002	Juguetes y bebés/None			Playmobil Heroína Alada Super Heroes 71834 15 Figura Playmobil
SIN SUB	p293005	Juguetes y bebés/None			Cinnamon Roll Sanrio Hello Kitty Bloque Armable 887 Pcs
SIN SUB	p293009	Juguetes y bebés/None			Juguete Hello Kitty Casita Incluye Figura Y Accesorios Cantidad De Piezas 114
SIN SUB	p293078	Mascotas/None			Asiento Seguridad Coche Perro Grande Mascotas Esquimal Pets Color Gris
SIN SUB	p293079	Mascotas/None			Asiento Seguridad Coche Perro Grande Mascotas Esquimal Pets Color Negro y Gris
SIN SUB	p293081	Mascotas/None			Asiento Seguridad Coche Para Perro Mascotas Esquimal Pets Color Blanco y Rosa
SIN SUB	p293082	Mascotas/None			Asiento Seguridad Coche Para Perro Mascotas Esquimal Pets Color Azul y Azul Claro
SIN SUB	p293088	Mascotas/None			Fancy Pets Back Pack Viaje Negro Chico Negro
SIN SUB	p293089	Mascotas/None			Fancy Pets Mochila Transparente Para Perros Gatos Rosa
SIN SUB	p293091	Mascotas/None			Fancy Pets Mochila Transparente Para Perros Gatos Gris
SIN SUB	p293109	Mascotas/None			Carriola Para Perro Y Gato Plegable Hasta 12kg Carriola Para Mascota Fancy Pets Odyssey
SIN SUB	p293228	Climatización/None			Masterfan Metro De techo - 1.07 m - 60 Hz - Negro Madera - MDF - 5
SIN SUB	p293357	Climatización/None			Lasko De 20 De Montaje Rápido De Alta Velocidad, Se Convier
SIN SUB	p293408	Climatización/None			Prominence Home Brealey Hugger 52" Blanco.
SIN SUB	p293443	Deportes y fitness/None			Equipo Duo Multifuncional Leg Press Y Hack Profesional Gym Rojo Negro
SIN SUB	p293445	Deportes y fitness/None			Estación Multifuncional Peso Integrado2x200lb Tayga Amarillo Tapizado Negro
SIN SUB	p293446	Deportes y fitness/None			Estación Multifuncional Peso Integrado 2x200 Lb Tayga
SIN SUB	p293447	Deportes y fitness/None			Estación Cross Trainer Doble Torre Pesas Tayga
SIN SUB	p293449	Deportes y fitness/None			Torre Multifuncional Abdominales Fondos Gym Tayga Estructura Negro Tapizado Negro
SIN SUB	p293450	Deportes y fitness/None			Maquina Con Peso Integrado De 5 Estaciones Gym Tayga Negro Negro
SIN SUB	p293452	Deportes y fitness/None			Torre De Poder Para Abdomen Dominadas Fondos Tayga Estructura Negro Tapizado Negro
SIN SUB	p293453	Deportes y fitness/None			Power Rack Poder Sentadillas Dominadas Pull Ups Tayga Estructura Rojo Tapizado Negro
SIN SUB	p293455	Deportes y fitness/None			Maquina Con Peso Integrado De 4 Estaciones Gym Tayga Estructura Negro Tapizado Negro
SIN SUB	p293456	Deportes y fitness/None			Maquina Con Peso Integrado De 8 Estaciones Gym Tayga Estructura Negro Tapizado Negro
SIN SUB	p293463	Deportes y fitness/None			Sunny Health & Fitness Entrenador De Bicicleta Reclinada
SIN SUB	p293470	Deportes y fitness/None			Sunny Health And Fitness Smart Recumbente Bike Sf-rb4616sb Color Negro
SIN SUB	p293473	Deportes y fitness/None			Sunny Health & Fitness Bicicleta Reclinada Inteligente De Resistencia Magnética Premium Con Exclusiv
SIN SUB	p293474	Deportes y fitness/None			Sunny Bicicleta Profesional Color Negro Sf-b901bk
SIN SUB	p293493	Deportes y fitness/None			Liga Resistencia 13.7 Kg Látex con 2 Asas 120 cm Ejercicio Gym High End Fitness
SIN SUB	p293495	Deportes y fitness/None			Gaiam Restore - Kit De Mini Bandas, Juego De 3, Bandas De Re
SIN SUB	p293496	Deportes y fitness/None			Kit de 3 Bandas Circulares Gaiam de 25cm con Resistencia Suave Media Fuerte
SIN SUB	p293497	Deportes y fitness/None			Liga Banda Corta Resistance Loop Naranja Gym Tayga Naranja
SIN SUB	p293498	Deportes y fitness/None			Liga Banda Corta Resistance Loop Negra Gym Tayga Negro
SIN SUB	p293499	Deportes y fitness/None			Liga Banda Corta Resistance Loop Roja Gym Tayga Rojo
SIN SUB	p293500	Deportes y fitness/None			Liga Banda Tubular De Resistencia Para Tobillos 30lb Tayga
SIN SUB	p293501	Deportes y fitness/None			Kit De 3 Bandas / Ligas Diversas Resistencias Crossfit Tayga
SIN SUB	p293502	Deportes y fitness/None			Liga Banda Tubular De Resistencia Para Tobillos 35lb Tayga
SIN SUB	p293513	Deportes y fitness/None			Banda Elastica Flossband Resistencia Liga Banda Fisiotleta Color Rojo
SIN SUB	p293514	Deportes y fitness/None			Flossband Fisiotleta Liga Elastica De Resistencia Eligecolor Color Verde
SIN SUB	p293515	Deportes y fitness/None			Banda Elastica Flossband Resistencia Liga Banda Fisiotleta Color Negro
SIN SUB	p293517	Deportes y fitness/None			Liga De Resistencia Puma Media Unisex Negro
SIN SUB	p293581	Joyería y bisutería/None			Nivada Moonmaster Hombre Chrono Extensible de Acero Arábigos 42MM
SIN SUB	p293589	Joyería y bisutería/None			Correa Coach Apple Straps Para Mujer 14700262 Acero Dorado
SIN SUB	p293622	Juegos de mesa/None			Avengers Aventurate Gira Avanza Y Gana Marvel Novelty
SIN SUB	p293623	Juegos de mesa/None			Sabes Quien Es? Star Wars De Viaje Novelty
SIN SUB	p293625	Juegos de mesa/None			Torre De Madera De Spiderman Novelty Juguetes Didactico
SIN SUB	p293626	Juegos de mesa/None			Mini Coleccionable Novelty Tiny Arcade Galaga + 8 Años
SIN SUB	p293627	Juegos de mesa/None			Juego De Mesa En Familia Nfl-opoly - Novelty
SIN SUB	p293628	Juegos de mesa/None			Mini Torre Del Beber Juego De Mesa Novelty
SIN SUB	p293630	Juegos de mesa/None			Juego De Mesa Wuundentoy, Rana Saltarina
SIN SUB	p293632	Juegos de mesa/None			Juego de Estrategia Wuundentoy 7050 150 en 1 A partir de 14 Años
SIN SUB	p293633	Juegos de mesa/None			Juego de Mesa Adivina el Personaje Disney Spin Master
SIN SUB	p293634	Juegos de mesa/None			Juego De Mesa Spin Master Games Hedbanz Lightspeed +3
SIN SUB	p293635	Juegos de mesa/None			Adivina Quien Edicion Gigante Spin Master juego de mesa
SIN SUB	p293636	Juegos de mesa/None			The Sloth Game Juego De Perezoso Parlante Spin Master
SIN SUB	p293637	Juegos de mesa/None			Spin Master Games, Tetris: El Juego De Mesa, Juega
SIN SUB	p293638	Juegos de mesa/None			Hedbanz Blast Off Juego De Mesa Spin Master Games
SIN SUB	p293639	Juegos de mesa/None			Juego de Estrategia Upwords Spin Master para Niños y Adultos
SIN SUB	p293640	Juegos de mesa/None			Jurassic World Pisa Y Aplasta Juego De Mesa Spin Master
SIN SUB	p293641	Juegos de mesa/None			Juego De Mesa Snack-o-saurus Rex 5+ Spin Master
SIN SUB	p293642	Juegos de mesa/None			Juego De Mesa Cardinal Jumanji Spin Master Games Edad 8
SIN SUB	p293644	Juegos de mesa/None			Juego De Mesa Alfombra Voladora De Fotorama Original
SIN SUB	p293647	Juegos de mesa/None			Biopod Bestia Geneticamente Alterada De Fotorama De Mexico
SIN SUB	p293648	Juegos de mesa/None			Biopod Doble Geneticamente Alterada De Fotorama De Mexico
SIN SUB	p293650	Juegos de mesa/None			Juego De Mesa Fotorama 2 En 1 Frozen 2
SIN SUB	p293651	Juegos de mesa/None			Alberto El Muerto Juego De Mesa Fotorama Niños Diversion
SIN SUB	p293652	Juegos de mesa/None			Juego De Mesa Triplex Fotorama Una Familia Con Suerte
SIN SUB	p293653	Juegos de mesa/None			Juego Las Visiones De Juan Calakas Dispara Sonidos Fotorama
SIN SUB	p293654	Juegos de mesa/None			Juego De Mesa Fotorama Kpdh La Defensa Del Honmoon Clásica
SIN SUB	p293655	Juegos de mesa/None			Pokémon: Mega Evolución - Héroes ascendidos - Mega Meganium Xbox - ES
SIN SUB	p293656	Juegos de mesa/None			Pokémon Tcg: Mega Charizard Tin - Charizard X Ex - Inglés
SIN SUB	p293657	Juegos de mesa/None			Pokemon Tcg: Mega Venusaur Ex Premium Collection En Ingles
SIN SUB	p293658	Juegos de mesa/None			Juego de mesa Pokémon Tcg Mega Evolution Pitch Black Eli
SIN SUB	p293659	Juegos de mesa/None			Figura premium de Pokémon TCG:S&V-Prismatic Evolutions Colle-en
SIN SUB	p293660	Juegos de mesa/None			Pokémon TCG: Mega Evol-Ascended Heroes colec-Erika/Larry-es
SIN SUB	p293664	Juegos de mesa/None			Marvel Champions Ms. Marvel En Español - Ffg
SIN SUB	p293665	Juegos de mesa/None			Juego De Mesa Marvel United X-men Marvel
SIN SUB	p293667	Juegos de mesa/None			Marvel United: Spider-geddon
SIN SUB	p293668	Juegos de mesa/None			Marvel Champions: Wonder Man
SIN SUB	p293669	Juegos de mesa/None			Marvel Champions Héroes Reunidos 2
SIN SUB	p293670	Juegos de mesa/None			Hex - Juego De Mesa - Marvel
SIN SUB	p293671	Juegos de mesa/None			Marvel Champions Thor En Español - Ffg
SIN SUB	p293672	Juegos de mesa/None			Marvel United Juego Base En Ingles
SIN SUB	p293674	Juegos de mesa/None			Devir Juego De Mesa ::.. Smash Up Marvel
SIN SUB	p293675	Juegos de mesa/None			Marvel Champions Expansion La Proxima Evolucion Español
SIN SUB	p293676	Juegos de mesa/None			Trivia Disney
SIN SUB	p293677	Juegos de mesa/None			Tapete Disney Lorcana Ravensburger
SIN SUB	p293678	Juegos de mesa/None			Juego De Mesa Disney Doorables Unlocked 100%
SIN SUB	p293683	Juegos de mesa/None			Juego de Mesa Bluey Scavenger Hunt – De Búsqueda para Niños
SIN SUB	p293684	Juegos de mesa/None			Juego De Mesa Bluey Boom Boom con Campana Para Velocidad Visual
SIN SUB	p293685	Juegos de mesa/None			Novelty Juego De Mesa 3+ Años En Plástico No Tires A Bluey
SIN SUB	p293687	Juegos de mesa/None			Juego Cardinal Gabby's Dollhouse
SIN SUB	p293690	Juegos de mesa/None			Juego Cardinal Cuatro En Línea 6053859
SIN SUB	p293691	Juegos de mesa/None			Cardinal Cuatro En Línea Paw Patrol Español
SIN SUB	p293693	Juegos de mesa/None			Cardinal Meteorito Caótico Para Niños Paw Patrol
SIN SUB	p293694	Juegos de mesa/None			Cardinal Torre Tambaleante De Gabby´s Dollhouse
SIN SUB	p293699	Juegos de mesa/None			Cardinal Juego De Pares Mágicos De Gabby´s Dollhouse
SIN SUB	p293701	Juegos de mesa/None			Juego De Mesa Spin Master Cardinal Vamos A Pescar 4
SIN SUB	p293702	Juegos de mesa/None			Cardinal Trio De Juegos De Gabby´s Dollhouse Para Niños
SIN SUB	p293704	Juegos de mesa/None			Laboratorio De Anatomía Clementoni
SIN SUB	p293705	Juegos de mesa/None			Juego Educativo Superanatomia Realidad Aumentada Clementoni
SIN SUB	p293706	Juegos de mesa/None			El Cuerpo Humano Montessori Clementoni 55476 Juego Educativo
SIN SUB	p293707	Juegos de mesa/None			Kit De Lanzamiento Ciencia Y Juego Nasa Clementoni 55456
SIN SUB	p293708	Juegos de mesa/None			Kit De Exploración Ciencia Y Juego Nasa Clementoni 55457
SIN SUB	p293709	Juegos de mesa/None			Juego De Mesa Clementoni Stranger Things Aventuras Juntos Netflix
SIN SUB	p293710	Juegos de mesa/None			Juego De La Magia Y El Mentalismo 30 Trucos Clementoni
SIN SUB	p293713	Juegos de mesa/None			Juego de Mesa Escape Room Clementoni: El Laboratorio del Dr. Frank
SIN SUB	p293714	Juegos de mesa/None			Juego De Mesa La Casa De Papel Clementoni Italia Netflix Profesor Tokio
SIN SUB	p293715	Juegos de mesa/None			Juego De Excavación T-Rex Clementoni: Fósil que Brilla en la Oscuridad para Niños
SIN SUB	p293716	Juegos de mesa/None			Juego De Mesa Quidditch Clash Harry Potter Clementoni Italia Tablero De Estrategia Familiar Competit
SIN SUB	p293717	Juegos de mesa/None			Aprender Es Divertido Las Proporciones 19097 Educa
SIN SUB	p293718	Juegos de mesa/None			Educa Touch Junior Aprendo Inglés Juego Educativo 15438
SIN SUB	p293720	Juegos de mesa/None			Juego De Magia Borras Clásica 100 Trucos Educa 24048
SIN SUB	p293721	Juegos de mesa/None			Juego De Mesa Educa Borras Adivina Que Imito Mímica Español
SIN SUB	p293722	Juegos de mesa/None			Juego de Mesa Fiesta de Pijamas Educa Español 2 a 4 Jugadores
SIN SUB	p293725	Juegos de mesa/None			Minions Hover Strike Battle - Juego de acción Epoch
SIN SUB	p293728	Juegos de mesa/None			Juego De Mesa Rummy Minions Entretenimiento Para 2 A 4 Jugadores
SIN SUB	p293729	Juegos de mesa/None			Juego de Mesa Minions Avl Blast Estrategia Epoch Magia Edición 2024
SIN SUB	p293732	Juegos de mesa/None			Juego Jurassic World Ball Catch - Divertido
SIN SUB	p293735	Juegos de mesa/None			Novelty Juegos De Mesa 3 En 1 Jurassic World Dominion
SIN SUB	p293736	Juegos de mesa/None			Juego de Mesa Jurassic World Misión Jurásica – Aventura de Dinosaurios para Niños y Adultos – Recorr
SIN SUB	p293737	Juegos de mesa/None			Funkoverse Jurassic Park (extension)
SIN SUB	p293744	Juegos de mesa/None			Juego Spin Master Hedbanz Paw Patrol Junior 24 Tarjetas +5
SIN SUB	p293745	Juegos de mesa/None			Juego De Mesa Spin Master Games 3x3 Rubik's Perplexus Fusion
SIN SUB	p293746	Juegos de mesa/None			Juego de Mesa Educativo Hello Kitty Un Día en el Parque Leap Frog
SIN SUB	p293747	Juegos de mesa/None			Rummy Artik Kelvin
SIN SUB	p293748	Juegos de mesa/None			Set Multijuegos Viajero Artik
SIN SUB	p293753	Juegos de mesa/None			Sudoku Metal Box - Cayro
SIN SUB	p293755	Juegos de mesa/None			Cayro Pentominos Caja Metálica
SIN SUB	p293756	Juegos de mesa/None			Juego Palitos Chinos - Cayro
SIN SUB	p293757	Juegos de mesa/None			Juego De Mesa Rummi Cayro
SIN SUB	p293759	Juegos de mesa/None			Mah Jong Juego De Mesa Cayro
SIN SUB	p293760	Juegos de mesa/None			Juego Rummi Clasico De Viaje - Cayro
SIN SUB	p293761	Juegos de mesa/None			Cayro Aprende Inglés Tarjetas Educativas Infantiles
SIN SUB	p293762	Juegos de mesa/None			Cayro Aprende A Contar Tarjetas Educativas Infantiles
SIN SUB	p293764	Juegos de mesa/None			Cayro Chaf Chof Juego De Mesa Infantil
SIN SUB	p293767	Juegos de mesa/None			Cayro Mi Primer Tangram Infantil De Madera Fsc
SIN SUB	p293768	Juegos de mesa/None			Juguete Caleidoscopio 831 Infantil De Plástico 3+ Cayro
SIN SUB	p293769	Juegos de mesa/None			Cookies Battle En Español Juego De Mesa Cayro
SIN SUB	p293770	Juegos de mesa/None			Juego De Mesa Rummi Rummikub Cayro Metal Box Original
SIN SUB	p293771	Juegos de mesa/None			Mikado Palitos Chinos Caja Metálica: Juego De Mesa Cayro
SIN SUB	p293772	Juegos de mesa/None			Tarjeta Eduvativa De Formas Y Colores En Español Cayro
SIN SUB	p293774	Juegos de mesa/None			Mimic Juego De Mesa Infantil Cayro Mimica Y Sonidos
SIN SUB	p293775	Juegos de mesa/None			Cayro Ladrillo A Ladrillo De Colores Juego De Mesa Infantil
SIN SUB	p293776	Juegos de mesa/None			Juego de Mesa Block A Block Bicolor de Destreza Cayro
SIN SUB	p293777	Juegos de mesa/None			Cayro Tangram De Madera Juego De Mesa Infantil Caja Metálica
SIN SUB	p293778	Juegos de mesa/None			Juego De Mesa Rummi Clasic Cayro Edad 8+ 2-4 Jugadores
SIN SUB	p293779	Juegos de mesa/None			Juego de Mesa Forma Palabras 3D Cayro de Estrategia para 7 Años
SIN SUB	p293780	Juegos de mesa/None			Juego De Mesa Bingo Travel Cayro De Viaje En Lata Y Magnetic
SIN SUB	p293781	Juegos de mesa/None			Juego de Mesa Balance Equilibrio de Madera Cayro en Caja de Metal Travel Size para 6 Años
SIN SUB	p293785	Juegos de mesa/None			Juego De Mesa Agilidad Mental Chateau Estrategia Para Niños 8+ Años
SIN SUB	p293787	Juegos de mesa/None			Luxland Home Tic Tac Toe Moderno Para Decoración Del Hogar
SIN SUB	p293788	Juegos de mesa/None			Juego Emociones y Feel Cards Ilumina Inteligencia Emocional Niños
SIN SUB	p293789	Juegos de mesa/None			Juego Inteligencia Emocional Dúo Autoestima Feel Cards Ilumina Bilingüe
SIN SUB	p293790	Juegos de mesa/None			Spin Master Games Juego De Mesa Mentiroso 3 - 4 Jugadores
SIN SUB	p293791	Juegos de mesa/None			Juego Rubiks Spin Master Games Cubo De Aprendiz 2x2 Edad 7
SIN SUB	p293792	Juegos de mesa/None			Torre Hora Feliz Gigante de Madera para Adultos Spin Master Games
SIN SUB	p293794	Juegos de mesa/None			Juego de Destreza Suspend para Niños y Adultos, de Spin Master Games
SIN SUB	p293795	Juegos de mesa/None			Juego de Estrategia Octopus Shootout Games de Spin Master para Niños y Adultos
SIN SUB	p293796	Juegos de mesa/None			Torre Tambaleante Arcoíris Spin Master Games para 2-8 Jugadores de 5+ Años
SIN SUB	p293797	Juegos de mesa/None			Juego de Mesa de Estrategia Memoria con Figuras Mini Brands Kids Games Spin Master
SIN SUB	p293798	Juegos de mesa/None			Juego de Mesa 101 Juegos Clásicos Spin Master para Toda la Familia
SIN SUB	p293799	Juegos de mesa/None			Juego de Magia de Lujo para Niños Marvin’s Magic con Trucos Clásicos en Madera
SIN SUB	p293800	Juegos de mesa/None			Juego de mesa magnético Gamie Conjunto de Juegos Clásicos plegable para 2-4 jugadores
SIN SUB	p293801	Juegos de mesa/None			Juego De Mesa, Torre Extrema, Harry Potter, Novelty
SIN SUB	p293802	Juegos de mesa/None			Juego Desafío De La Corona - Hasbro Gaming
SIN SUB	p293803	Juegos de mesa/None			Hasbro Gaming Juego De Mesa Puercoespín Boom
SIN SUB	p293804	Juegos de mesa/None			Hasbro Gaming El Reto De La Moneda
SIN SUB	p293805	Juegos de mesa/None			Juego De Mesa Tablero Hasbro Gaming Destreza +3
SIN SUB	p293806	Juegos de mesa/None			Hasbro Gaming No Rompas El Juego De Hielo
SIN SUB	p293808	Juegos de mesa/None			Juego De Mesa Hasbro Gaming Battleship Clásico Español
SIN SUB	p293811	Juegos de mesa/None			Juego De Mesa Hasbro Gaming Atrapa Ratones Clásico
SIN SUB	p293812	Juegos de mesa/None			Hasbro Gaming Operando Buzz Lightyear Board Game Original
SIN SUB	p293814	Juegos de mesa/None			Juego De Mesa Hasbro Gaming Hippos Glotones 4
SIN SUB	p293915	Juegos de mesa/None			Ruleta Shot Spinner Tequilero Reto Fiesta Juego Bebidas Bebe
SIN SUB	p293916	Juegos de mesa/None			Guess Who Hello Kitty And Friends
SIN SUB	p293917	Juegos de mesa/None			Fábrica De Frutipaletas Mi Alegría Versión Hello Kitty
SIN SUB	p293919	Juegos de mesa/None			Triominos Extra Largo Goliath
SIN SUB	p293920	Juegos de mesa/None			Interferencias Juego De Mesa Goliath
SIN SUB	p293921	Juegos de mesa/None			Juego De Mesa Pintarama Goliath
SIN SUB	p293922	Juegos de mesa/None			Unconscious Mind (en Inglés) Goliath
SIN SUB	p293923	Juegos de mesa/None			Juego De Mesa Sequence Goliath
SIN SUB	p293924	Juegos de mesa/None			Triominos Goliath Juego De Lógica Numérica
SIN SUB	p293925	Juegos de mesa/None			Rainbow Pirates Juego De Mesa - Goliath
SIN SUB	p293926	Juegos de mesa/None			Triominos Deluxe Juego De Mesa Goliath
SIN SUB	p293927	Juegos de mesa/None			Goliath Juego De Mesa Boli Crono
SIN SUB	p293928	Juegos de mesa/None			Juego De Mesa Sequence Classic Goliath
SIN SUB	p293929	Juegos de mesa/None			Garzon Juego De Memoria Goliath 70990
SIN SUB	p293930	Juegos de mesa/None			Triominos Travel Goliath – Juego de lógica portátil
SIN SUB	p293932	Juegos de mesa/None			Sequence Junior Goliath Juego De Estrategia Infantil
SIN SUB	p293933	Juegos de mesa/None			Goliath Juego De Mesa Floor Is Lava
SIN SUB	p293934	Juegos de mesa/None			Goliath Sequence Premium - Juego de Mesa Gigante
SIN SUB	p293936	Juegos de mesa/None			Juego De Mesa Tic Tac Boum Goliath
SIN SUB	p293937	Juegos de mesa/None			Triominos Goliath – Juego de lógica para 6 jugadores
SIN SUB	p293938	Juegos de mesa/None			Juego De Mesa Doggie Doo Corgi Marca Goliath
SIN SUB	p293939	Juegos de mesa/None			Juego De Mesa Goliath 934423 +8 Mastermind Plástico
SIN SUB	p293940	Juegos de mesa/None			Juego de habilidad Tiburon Mandibulas Int 330721 Goliath
SIN SUB	p293941	Juegos de mesa/None			Goliath Games Tranquility 933341 Edición Clásica 8+ en Cartón
SIN SUB	p293942	Juegos de mesa/None			Goliath Games Llc 30546 Haz Que El Cerdo Explote
SIN SUB	p293943	Juegos de mesa/None			Juego De Mesa Sin Palabras Mimica Y Dibujo Familia - Goliath
SIN SUB	p293944	Juegos de mesa/None			Juego de Aventura y Estrategia Summit or Plummet Goliath para 2 a 4 Jugadores
SIN SUB	p293945	Juegos de mesa/None			Fireball Island: Race To Adventure de Goliath, Juego de Estrategia para 2 a 4 Jugadores
SIN SUB	p293946	Juegos de mesa/None			Juego De Mesa Novelty Corp Stratego Clasico +8
SIN SUB	p293948	Juegos de mesa/None			Juego Jca-4731 Ni Si Ni No Novelty Corp
SIN SUB	p293956	Juegos de mesa/None			Pokémon Calendario De Adviento 2024 Con 16 Figuras Ews
SIN SUB	p293957	Juegos de mesa/None			Pokémon: Mega Evolution - Heroes Ascend - Mega Transfiere Xbox - ES
SIN SUB	p293958	Juegos de mesa/None			Paquete de refuerzo Pokémon Tcg: Mega Evolution - Chaos Rising
SIN SUB	p293959	Juegos de mesa/None			Pokemon Tcg Scarlet & Violet Temporal Forces Booster Bundle En Español
SIN SUB	p293960	Juegos de mesa/None			Pokémon TCG: Caja Mewtwo ex del Equipo Rocket Coleccionable en Español
SIN SUB	p293964	Juegos de mesa/None			Apples To Apples Party In A Box Mattel
SIN SUB	p293966	Juegos de mesa/None			Spirit Untamed Caballos Saltarines Juego De Mesa Mattel
SIN SUB	p293973	Juegos de mesa/None			Mattel Games Pictionary Air Star Wars - Juego Familiar Para Niños Y Adultos Con Bolígrafo De Luz R2-
SIN SUB	p293974	Juegos de mesa/None			Mattel Games Whac A Mole, Juego De Mesa Infantil De Golpear Topos Con Luces Y Sonidos, Diversión Ráp
SIN SUB	p293975	Juegos de mesa/None			Brain Games - Ubongo
SIN SUB	p293976	Juegos de mesa/None			Juego De Mesa Dixit Anniversay Expansion Asmodee
SIN SUB	p293977	Juegos de mesa/None			Osopark Juego De Mesa En Español Asmodee
SIN SUB	p293978	Juegos de mesa/None			Juego De Mesa Heat Carreras Velocidad Asmodee
SIN SUB	p293979	Juegos de mesa/None			Galaxy Trucker (segunda edición) - Asmodee Games - Inglés
SIN SUB	p293980	Juegos de mesa/None			Los Hombres Lobo De Castronegro El Pacto Asmodee
SIN SUB	p293981	Juegos de mesa/None			Mlem Agencia Espacial Juego De Mesa Asmodee Español
SIN SUB	p293982	Juegos de mesa/None			Juego De Mesa Azul Vitrales De Sintra Asmodee
SIN SUB	p293983	Juegos de mesa/None			Juego de mesa Sky Team: Turbulence (expansión) Asmodee
SIN SUB	p293984	Juegos de mesa/None			Juego De Mesa Jca-4773 Splendor Estrategia Asmodee
SIN SUB	p293985	Juegos de mesa/None			Juego de Estrategia Print & Play W!Z KIDS Fantasy Realms Para Imprimir
SIN SUB	p293987	Juegos de mesa/None			Spy Guy Fantasy Juego De Mesa Atomo Games
SIN SUB	p293988	Juegos de mesa/None			Warhammer Fantasy Role Play Aventuras En Ubersreik 2
SIN SUB	p293989	Juegos de mesa/None			Fantasy Realms Deluxe Edition Juego De Mesa Inglés - Wizkids
SIN SUB	p293994	Juegos de mesa/None			Rummy Jumbo Lata Kelvin
SIN SUB	p294008	Juegos de mesa/None			Juego Sopa De Letras Jumbo Carton 75238
SIN SUB	p294012	Juegos de mesa/None			Juego Del Gato Jumbo Tubular Plástico Juguete Didáctico Niño
SIN SUB	p294014	Juegos de mesa/None			Set de Magia Jumbo Clásico para Niños y Principiantes
SIN SUB	p294016	Juegos de mesa/None			Totte De Animales Con 4 Tablas Y 24 Fichas Jumbo
SIN SUB	p294023	Juegos de mesa/None			Beast Juego de Mesa en Inglés Pegasus Spiele
SIN SUB	p294024	Juegos de mesa/None			Perplexus Beast Juego de Laberintos en 3D 100 Obstáculos Spin Master
SIN SUB	p294048	Juegos de mesa/None			Moja Choya La Impredecible Ruleta De Agua Fotorama
SIN SUB	p294049	Juegos de mesa/None			Juego Me caigo de risa Caricaturas Eléctricas Fotorama
SIN SUB	p294050	Juegos de mesa/None			Set 20 Juegos De Mesa Habilidad Económicos Fotorama
SIN SUB	p294051	Juegos de mesa/None			Agilidad Hacker Juego De Mesa No Necesita Pilas Fotorama
SIN SUB	p294052	Juegos de mesa/None			Burger Time Burger Mania Hamburguesas Juego De Mesa Fotorama
SIN SUB	p294053	Juegos de mesa/None			Disney Juego De Mesa 5 En 1 Pack Fotorama
SIN SUB	p294054	Juegos de mesa/None			Juego De Mesa Sorry Hasbro
SIN SUB	p294055	Juegos de mesa/None			Juego ¡No la aplastes!Hasbro
SIN SUB	p294056	Juegos de mesa/None			Perfection - Juego De Mesa - Hasbro
SIN SUB	p294057	Juegos de mesa/None			Hasbro Connect 4 Juego De Mesa
SIN SUB	p294058	Juegos de mesa/None			Sky Score Lanza, Vuela, Anota! Hasbro
SIN SUB	p294059	Juegos de mesa/None			Dinero de Hasbro Real Estate Bank
SIN SUB	p294060	Juegos de mesa/None			Capstone Games Imperial Steam Juego De Mesa
SIN SUB	p294061	Juegos de mesa/None			Juego de Estrategia Imperial Steam de Maldito Games en Español
SIN SUB	p294062	Juegos de mesa/None			Disney Stitch Experimento 626
SIN SUB	p294063	Juegos de mesa/None			Juegos Sobre La Marcha De Juegos Continuos: Juegos Familiare
SIN SUB	p294065	Juegos de mesa/None			Plan B Juegos Azul Juego De Mesa Juegos De Mesa
SIN SUB	p294066	Juegos de mesa/None			Connect More: Juegos De Habilidades Sociales Y Juegos De Ter
SIN SUB	p294067	Juegos de mesa/None			Kit De Juegos Coghlans
SIN SUB	p294068	Juegos de mesa/None			Bananagrams Juegos de mesa
SIN SUB	p294069	Juegos de mesa/None			Juego De Mesa Clavija Triangular Juegos De Mesa Familiares Juegos De Mesa Familiares Juegos Destreza
SIN SUB	p294071	Juegos de mesa/None			Thunder Road Vendetta Maximum Chrome! Juego - Bumblebee
SIN SUB	p294072	Juegos de mesa/None			Juego De Mesa Coca-cola Opoly/family
SIN SUB	p294075	Juegos de mesa/None			Fjords - Sd Games
SIN SUB	p294076	Juegos de mesa/None			London - Maldito Games
SIN SUB	p294077	Juegos de mesa/None			Unicorn Jewels / Mini Games
SIN SUB	p294078	Juegos de mesa/None			Virus! Tranjis Games. Clásica Español
SIN SUB	p294079	Juegos de mesa/None			Space Jam Super Tiro Y Clavada Lebron James Moose
SIN SUB	p294080	Juegos de mesa/None			Bluey Juego La Busqueda Del Tesoro Int 91063 Disney Moose
SIN SUB	p294082	Juegos de mesa/None			Hot Words Juego De Mesa Para Fiesta En Inglés
SIN SUB	p294084	Juegos de mesa/None			Apostrophe Games Mafia El Juego De Fiesta Edición Deluxe
SIN SUB	p294085	Juegos de mesa/None			Taco Globo Dulce Fiesta Blue Orange – Juego de manotazos
SIN SUB	p294086	Juegos de mesa/None			Ravensburger Oh My Pigeons! Divertido Juego De Fiesta Famil
SIN SUB	p294087	Juegos de mesa/None			Geek Out! Juego De Fiesta Disney | Versión Encantadora Del
SIN SUB	p294089	Juegos de mesa/None			Juego Shots Toques Reunión Fiesta Retos Drinks 4 Caballitos
SIN SUB	p294090	Juegos de mesa/None			Fiesta De Interacción Familiar Clásica De Floor Game Twister
SIN SUB	p294091	Juegos de mesa/None			Juego Ravensburger Horrified Universal Studios Monsters
SIN SUB	p294092	Juegos de mesa/None			Spirit Island Juego de mesa Ace Studios
SIN SUB	p294093	Juegos de mesa/None			Ex Libris: Juego de Estrategia de Renegade Game Studios
SIN SUB	p294095	Juegos de mesa/None			American Psycho: A Killer Game Juego de Estrategia Renegade Game Studios
SIN SUB	p294096	Juegos de mesa/None			Legacy of Yu Juego de Estrategia Renegade Game Studios Solitario Físico
SIN SUB	p294098	Juegos de mesa/None			Juego de Mesa La Búsqueda del Planeta X de Renegade Game Studios
SIN SUB	p294099	Juegos de mesa/None			Juego de Mesa Heroscape: Battle For The Wellspring de Renegade Game Studios
SIN SUB	p294100	Juegos de mesa/None			Juego de Mesa Estrategia Renegade Games Studios G.I. Joe Inglés 2-5 Jugadores
SIN SUB	p294101	Juegos de mesa/None			Juego de Estrategia Wayfarers of the South Tigris para 12+ Años de Renegade Game Studios
SIN SUB	p294102	Juegos de mesa/None			Winning Moves Games Slam The S Mega Hit S
SIN SUB	p294104	Juegos de mesa/None			Devir Juego De Estrategia Código Secreto Czech Games Edition
SIN SUB	p294105	Juegos de mesa/None			Cge Czech Games Edition Ruinas Perdidas De Arnak Cge Checo
SIN SUB	p294106	Juegos de mesa/None			Pandasaurus Games Machi Koro 5th Anniversary Edition
SIN SUB	p294107	Juegos de mesa/None			Rio Grande Games Dominion: Prosperity 2nd Edition Expansion
SIN SUB	p294108	Juegos de mesa/None			Equinox Golem Edition Inglés | Plan B Games | Juego 2 A 5
SIN SUB	p294109	Juegos de mesa/None			Juego de Estrategia Century Golem Edition Eastern Mountains Plan B Games
SIN SUB	p294110	Juegos de mesa/None			Unrest - Juego De Mesa - Devir
SIN SUB	p294111	Juegos de mesa/None			Juego de mesa Kingdom Builder (devir)
SIN SUB	p294112	Juegos de mesa/None			Senderos De Gloria - Devir Juego Mesa
SIN SUB	p294113	Juegos de mesa/None			Luna Capital Juego de Mesa Devir
SIN SUB	p294114	Juegos de mesa/None			Regicide Juego De Mesa - Devir Pockets
SIN SUB	p294115	Juegos de mesa/None			Carcassonne: Junior Juego De Mesa Devir
SIN SUB	p294116	Juegos de mesa/None			Carcassonne Base Juego De Mesa Devir
SIN SUB	p294117	Juegos de mesa/None			Living Forest - Juego De Mesa
SIN SUB	p294118	Juegos de mesa/None			Juego de Estrategia Timebomb Deluxe en Español
SIN SUB	p294119	Juegos de mesa/None			Juego de mesa Bitoku De estrategia Devir
SIN SUB	p294120	Juegos de mesa/None			Juego De Mesa Alohomora - Magia Y Estrategia
SIN SUB	p294121	Juegos de mesa/None			Copenhagen Juego De Mesa Familiar Estrategia Devir
SIN SUB	p294122	Juegos de mesa/None			Wandering Towers, Juego De Mesa De Estrategia
SIN SUB	p294123	Juegos de mesa/None			Juego de Estrategia Maracaibo Masqueoca en Español
SIN SUB	p294124	Juegos de mesa/None			Ravensburger Horrified: Juego De Mesa De Estrategia
SIN SUB	p294125	Juegos de mesa/None			Devir Catan Piratas Y Exploradores Ampl 5-6 Jugadores
SIN SUB	p294126	Juegos de mesa/None			Juego De Mesa Catan Klaus Teuber Español Estrategia Devir
SIN SUB	p294127	Juegos de mesa/None			Juego De Mesa Catan El Auge De Los Inkas Devir
SIN SUB	p294128	Juegos de mesa/None			Juego De Mesa Catán Starfarers Para 2 Jugadores 12 Años
SIN SUB	p294129	Juegos de mesa/None			Juego De Mesa Estrategia Devir Catan Para Niños Y Adultos
SIN SUB	p294130	Juegos de mesa/None			Juego De Mesa 8436607941934 Catan Plus 2023 En Español Devir
SIN SUB	p294131	Juegos de mesa/None			Juego De Mesa Devir Catan: Junior 2 A 4 Jugadores
SIN SUB	p294132	Juegos de mesa/None			Juego de Estrategia Catan: El Duelo para 2 Jugadores de Devir
SIN SUB	p294133	Juegos de mesa/None			Juego de Mesa Catan Viajeros De Las Estrellas El Duelo Devir
SIN SUB	p294134	Juegos de mesa/None			Catan Edición De Viaje Juego De Mesa En Español Devir Orig
SIN SUB	p294135	Juegos de mesa/None			Catan: Extensión del Juego de Mesa para 5-6 Jugadores, Edición 6
SIN SUB	p294136	Juegos de mesa/None			Juego De Mesa Devir Catan: Mercaderes Y Bárbaros 10+ 5-6 Jugadores
SIN SUB	p294137	Juegos de mesa/None			Soporte de mejora para organizador de salpicadero para Catan Devir, tarjetas y piezas
SIN SUB	p294138	Juegos de mesa/None			Regroup Chicken Army Juego De Mesa - Detestable Games
SIN SUB	p294139	Juegos de mesa/None			Party Panda Pirates Juego De Mesa - Detestable Games
SIN SUB	p294140	Juegos de mesa/None			Kiwi Chow Down Juego De Mesa En Español - Detestable Games
SIN SUB	p294141	Juegos de mesa/None			Juego Desktop Table Tennis Kikkerland Tenis Mesa Portátil 2 Jugadores
SIN SUB	p294142	Juegos de mesa/None			Funko Funkoverse Space Jam: Version Base
SIN SUB	p294143	Juegos de mesa/None			Claim V Aniversario En Español Sd Games
SIN SUB	p294144	Juegos de mesa/None			Vudu Juego De Mesa En Español - Sd Games
SIN SUB	p294145	Juegos de mesa/None			Castillos Y Catapultas Juego De Mesa En Español - Sd Games
SIN SUB	p294146	Juegos de mesa/None			Brains Family Mapa Del Tesoro Juego De Mesa Sd Games
SIN SUB	p294147	Juegos de mesa/None			Juego de Deducción Brains Jardín Japonés Sd Games en Español
SIN SUB	p294148	Juegos de mesa/None			Fyfe Juego De Mesa De Colocación De Fecha Español Sd Games
SIN SUB	p294149	Juegos de mesa/None			Juego De Memoria Dragon Ball Memoarrr! En Español Sd Games 2-4 Jugadores
SIN SUB	p294150	Juegos de mesa/None			Juego de Mesa Rush & Bash de Sd Games para 2 a 6 Jugadores
SIN SUB	p294151	Juegos de mesa/None			Chawai Juego De Mesa Sd Games 3 A 6 Jugadores Edad 9+ Español
SIN SUB	p294152	Juegos de mesa/None			Ginkgopolis: Juego de Mesa de Estrategia para 1 a 5 Jugadores de Sd Games
SIN SUB	p294153	Juegos de mesa/None			Escape From New York: Bands of New York Juego de Estrategia por Pendragon
SIN SUB	p294154	Juegos de mesa/None			King Of New York - Juego De Mesa
SIN SUB	p294155	Juegos de mesa/None			Medical Mysteries: New York - Juego De Mesa
SIN SUB	p294156	Juegos de mesa/None			King of New York Juego de Mesa Devir
SIN SUB	p294157	Juegos de mesa/None			Lucky Duck Crónicas Del Crimen: 1900
SIN SUB	p294158	Juegos de mesa/None			Juego Lucky Numbers 2021Maldón Maldón en español
SIN SUB	p294160	Juegos de mesa/None			Super Mario Lucky Coin - Juego Epoch Con Link System
SIN SUB	p294161	Juegos de mesa/None			Lucky Numbers Juego De Mesa En Español - Tranjis Games
SIN SUB	p294162	Juegos de mesa/None			Juego de Mesa Chronicles of Crime 2400 Lucky Duck Games
SIN SUB	p294163	Juegos de mesa/None			Lucky Duck Games Juego De Mesa Yummy Monster Tummy - Divers
SIN SUB	p294164	Juegos de mesa/None			Flamecraft ' Juego De Mesa De Lucky Duck Games 1-5 Jugadores
SIN SUB	p294166	Juegos de mesa/None			Juego De Estrategia Para Construir Mazos Rio Grande Dominion
SIN SUB	p294168	Juegos de mesa/None			Concordia Juego de Mesa Estrategia en Español Rio Grande Games
SIN SUB	p294169	Juegos de mesa/None			Juego de mesa Beyond the Sun en inglés Rio Grande Games
SIN SUB	p294170	Juegos de mesa/None			Juego de Mesa Estrategia Concordia Rio Grande Games Formato Físico Inglés
SIN SUB	p294171	Juegos de mesa/None			Juego de Mesa Friday de Rio Grande Games para 1 Jugador
SIN SUB	p294172	Juegos de mesa/None			Juego de Estrategia Shipyard de Rio Grande Games para 2-4 Jugadores
SIN SUB	p294173	Juegos de mesa/None			Juego de Estrategia Puerto Rico Rio Grande Games Edición Inglés 2-5 Jugadores
SIN SUB	p294174	Juegos de mesa/None			Juego de Estrategia Trans Europa de Rio Grande Games para 2 a 6 Jugadores
SIN SUB	p294175	Juegos de mesa/None			Juego de Mesa Transamerica Rio Grande Games de Estrategia para 2 a 6 Jugadores
SIN SUB	p294176	Juegos de mesa/None			Juego de Estrategia Race for the Galaxy en Inglés Rio Grande Games 2-4 Jugadores
SIN SUB	p294239	Blancos y ropa de cama/None			Spring Air Vitale Tradicional almohada 68x10cm color blanca 2 unidades
SIN SUB	p294258	Blancos y ropa de cama/None			Cojín Soporte Lumbar Memory Foam
SIN SUB	p294264	Blancos y ropa de cama/None			Cojin Cuello Elleine Memory Foam Gris
SIN SUB	p294267	Blancos y ropa de cama/None			Cojin Cuello Elleine Memory Foam Negro
SIN SUB	p294269	Blancos y ropa de cama/None			Asiento Lumbar Memory Foam
SIN SUB	p294272	Blancos y ropa de cama/None			Cojin Cuello Elleine Memory Foam Azul Marino
SIN SUB	p294282	Blancos y ropa de cama/None			Cojin Cuello Elleine Memory Foam Gris Oscuro
SIN SUB	p294309	Blancos y ropa de cama/None			Lunesa Hipoalergénica Pack 2 Almohadas Estandar Tradicional
SIN SUB	p294395	Blancos y ropa de cama/None			Rodapie Latte Cafe Matrimonial Vianney Color Chocolate
SIN SUB	p294425	Blancos y ropa de cama/None			Funda Colchón Queen 60x80 Utopia Bedding Impermeable con Cierre Blanco
SIN SUB	p294434	Blancos y ropa de cama/None			Linenspa Ls30ck30gt Funda Para Colchon Gel Diseno De Califo
SIN SUB	p294435	Blancos y ropa de cama/None			Linenspa - Colchoneta de Memory Foam en Remolino con Gel Refrescante 5cm Grosor
SIN SUB	p294437	Blancos y ropa de cama/None			Linenspa Sobrecolchón De Memory Foam En Forma De Remolino - Ablanda Tu Colchón Duro O Prolonga La Vi
SIN SUB	p294444	Domótica y hogar inteligente/None			Adaptador De Enchufe Mitzu 080-1052
SIN SUB	p294445	Domótica y hogar inteligente/None			Clavija Aterrizada Industrial Sanelec Reforzada 10
SIN SUB	p294446	Domótica y hogar inteligente/None			Clavija Blindada Polarizada Sanelec Potencia 1875w
SIN SUB	p294447	Domótica y hogar inteligente/None			Clavija Contacto Plastico Sanelec Aterrizado Fabricado Abs
SIN SUB	p294448	Domótica y hogar inteligente/None			Adaptador Convertidor A Tierra Sanelec 3 Polarizado
SIN SUB	p294449	Domótica y hogar inteligente/None			Clavija Plana Sanelec Polarizada De Plástico 50
SIN SUB	p294450	Domótica y hogar inteligente/None			Clavija Blindada Con Abrazadera Aterrizada Sanelec 2464 2pz
SIN SUB	p294451	Domótica y hogar inteligente/None			Interruptores Certificados, Mxium-006, 10pzas, Apagadorx3, 1 Plateado
SIN SUB	p294452	Domótica y hogar inteligente/None			Placa Armada 2 Interruptores Y Contacto, Marfil, Basic
SIN SUB	p294453	Domótica y hogar inteligente/None			Placa Valo 3 Interruptores Sencillos Cristal Templado
SIN SUB	p294454	Domótica y hogar inteligente/None			Placa Valo 3 Interruptores Escalera Aluminio Gris Gris
SIN SUB	p294455	Domótica y hogar inteligente/None			Placa Armada 2 Interruptores Sencillos, Línea Económica Volt
SIN SUB	p294456	Domótica y hogar inteligente/None			Placa con 3 Interruptores Surtek para Luz, Blanco
SIN SUB	p294457	Domótica y hogar inteligente/None			Pack 5 Pzas Placa De Tres Módulos Igoto Pb1203 Color Negro
SIN SUB	p294458	Domótica y hogar inteligente/None			Placa Armada Cristal Con Contacto Duplex Negro Igoto
SIN SUB	p294459	Domótica y hogar inteligente/None			Placa Armada Inox C/contacto Duplex Aterrizado Igoto Oxford
SIN SUB	p294460	Domótica y hogar inteligente/None			Apagador Triple Placa Acero Inox 125v 15A Igoto Inox1013 Color Plata
SIN SUB	p294461	Domótica y hogar inteligente/None			Placa Con 1 Módulo, 8 X 12 Cm Igoto Pb1201 Color Grafito
SIN SUB	p294462	Domótica y hogar inteligente/None			Placa Con 1 Módulo, 8 X 12 Cm Igoto Pb1201 Color Marfil
SIN SUB	p294463	Domótica y hogar inteligente/None			Placa Cristal 3 Apagadores Escalera Igoto Negro 15 A 125v Negro
SIN SUB	p294464	Domótica y hogar inteligente/None			Pack de 5 Interruptores Termomagnéticos iGoto de 20A en Negro
SIN SUB	p294465	Domótica y hogar inteligente/None			Pack de Placas iGoto Inox con Apagador Sencillo y Escalera en Plata
SIN SUB	p294466	Domótica y hogar inteligente/None			Placa Cristal 3 Apagadores Sencillos Igoto Negro 15 A 125v Negro
SIN SUB	p294467	Domótica y hogar inteligente/None			Placa Con 1 Módulo, 8 X 12 Cm Igoto Pb1201 Color Perla
SIN SUB	p294472	Domótica y hogar inteligente/None			Interruptor Dimmer Inteligente Lutron Diva Caseta Wireless Starter Kit
SIN SUB	p294473	Domótica y hogar inteligente/None			Lutron Diva Smart Dimmer Switch Para Caseta Smart Lighting
SIN SUB	p294474	Domótica y hogar inteligente/None			Placa Ciega Negra Lutron Electronics DVBIBL Plástico Línea Estándar
SIN SUB	p294475	Domótica y hogar inteligente/None			Lutron Caseta - Placa De Pared 1 Espacio - Cw-1-bl
SIN SUB	p294476	Domótica y hogar inteligente/None			Placa De Pared Lutron Sc-1-tp Pardo/taupe Acabado Satinado
SIN SUB	p294478	Domótica y hogar inteligente/None			Placa De Pared Lutron Claro 2 Pines Acero Inoxidable
SIN SUB	p294479	Domótica y hogar inteligente/None			Lutron Claro Placa De Pared Decorativa De Dos Vias, Sc-2-ht
SIN SUB	p294480	Domótica y hogar inteligente/None			Placa De Pared Lutron Caseta CW-3-BL 3 Espacios Plástico Decorador
SIN SUB	p294481	Domótica y hogar inteligente/None			Placa De Pared Lutron Negro Midnight 3 Espacios SC-3-MN Para Dimmer
SIN SUB	p294483	Domótica y hogar inteligente/None			Interruptor Touch Fnbrli Negro 6 Agujeros 8 Unidades Acrílico Type-C
SIN SUB	p294484	Domótica y hogar inteligente/None			Apagador Sencillo Iluminado, - Leviton
SIN SUB	p294485	Domótica y hogar inteligente/None			Placa Interruptor Leviton Nylon Termoplástico Marfil 1 Unidad
SIN SUB	p294486	Domótica y hogar inteligente/None			Leviton Apagador Grado Comercial Unipolar 15 Amp, 120vblanco
SIN SUB	p294487	Domótica y hogar inteligente/None			Leviton Placa Urea Para Apagador De Palanca Marfil
SIN SUB	p294488	Domótica y hogar inteligente/None			Leviton Interruptor Palanca Silenciosa 3 Vías Termoplástico Marfil
SIN SUB	p294489	Domótica y hogar inteligente/None			Placa Quickport Sencilla 4 Puertos Blanco Leviton Red Modular
SIN SUB	p294490	Domótica y hogar inteligente/None			Interruptor Combinación Unipolar Blanco Leviton 15A 120/277V Termoplástico
SIN SUB	p294491	Domótica y hogar inteligente/None			Interruptor Sencillo Leviton Blanco Modular Plus 250v 16a Mate
SIN SUB	p294492	Domótica y hogar inteligente/None			Leviton - Placa De Pared Decorativa/para Dispositivo Gfci
SIN SUB	p294493	Domótica y hogar inteligente/None			Placa Apagador Palanca Blanco Leviton 88001 Termofraguado 1 Módulo
SIN SUB	p294494	Domótica y hogar inteligente/None			Leviton Placa Nylon Termoplástico Para Receptáculo Redondo 80704-00W
SIN SUB	p294495	Domótica y hogar inteligente/None			Placa QuickPort Leviton de 3 Ventanas, Blanca en Plástico
SIN SUB	p294496	Domótica y hogar inteligente/None			Interruptor De Palanca Silenciosa Leviton LV-1221-2W Blanco Termoplástico
SIN SUB	p294497	Domótica y hogar inteligente/None			Placa Leviton Nylon Termoplástico Blanco Modelo 80703-W
SIN SUB	p294498	Domótica y hogar inteligente/None			Placa Termoplástica Intemperie Vertical Redonda Gris Leviton 4979GY
SIN SUB	p294499	Domótica y hogar inteligente/None			Interruptor Sencillo Leviton Blanco 10A Pack 3 Unidades
SIN SUB	p294500	Domótica y hogar inteligente/None			Apagador Palanca 3 Vías Leviton Decora 15 Amps 120-277V Blanco
SIN SUB	p294501	Domótica y hogar inteligente/None			Leviton Placa Ciega Acero Inoxidable 84014-040 Gris
SIN SUB	p294502	Domótica y hogar inteligente/None			Placa Acero Inoxidable 430 Contacto Dúplex Leviton Modelo 84003 1 Pandilla
SIN SUB	p294503	Domótica y hogar inteligente/None			Interruptor Sencillo Leviton Negro de 15 A y 127 V
SIN SUB	p294504	Domótica y hogar inteligente/None			Placa De Pared Leviton QuickPort 2 Puertos Con Ventanas ID Blanca
SIN SUB	p294505	Domótica y hogar inteligente/None			Interruptor Sencillo Decora de Leviton en Blanco, 15A
SIN SUB	p294506	Domótica y hogar inteligente/None			Placa 3 Unidades Acero Inoxidable 1 Gang Leviton 84401-40 Decora
SIN SUB	p294507	Domótica y hogar inteligente/None			Interruptor Palanca Leviton 1451-WCP Blanco 15A Línea Tradicional
SIN SUB	p294508	Domótica y hogar inteligente/None			Interruptor de Palanca Silencioso Leviton de 4 Vías en Marfil Termoplástico, 20A
SIN SUB	p294509	Domótica y hogar inteligente/None			Placa para Contacto Dúplex Leviton de Policarbonato, Blanca
SIN SUB	p294510	Domótica y hogar inteligente/None			Placa Interruptor Leviton Acero Inoxidable 302 Gris Modelo 84004-40
SIN SUB	p294511	Domótica y hogar inteligente/None			Placa de Contacto Dúplex Leviton Blanca para Instalaciones Eléctricas
SIN SUB	p294512	Domótica y hogar inteligente/None			Leviton Placa Intemperie Contacto Duplex Decora Gris WM1V-GY Resistente Clima
SIN SUB	p294514	Domótica y hogar inteligente/None			Placa Dúplex Aksi de Plástico Marfil
SIN SUB	p294515	Domótica y hogar inteligente/None			Interruptor Sencillo Sobreponer Visible Oval Marfil Aksi Marfil
SIN SUB	p294516	Domótica y hogar inteligente/None			Interruptor Wifi Inteligente De Luz De Aksi 2 Apagadores
SIN SUB	p294517	Domótica y hogar inteligente/None			Aksi Interruptor Sencillo, Baquelita 1 A 127/220v Beige
SIN SUB	p294518	Domótica y hogar inteligente/None			Aksi Interruptor Sencillo Fluorescente, Baquelita 1 A 127/220v Beige
SIN SUB	p294519	Domótica y hogar inteligente/None			2 Pzas Aksi Interruptor Escalera 1 A 127/220v Beige
SIN SUB	p294520	Domótica y hogar inteligente/None			Aksi Placa De Baquelita, Interruptor Vertical 1 A 127/220v Amarillo
SIN SUB	p294521	Domótica y hogar inteligente/None			Aksi Contacto Aterrizado Y Apagador Escalera - Onix 1 A 127/220v Negro
SIN SUB	p294522	Domótica y hogar inteligente/None			Aksi Placa De Aluminio De 2 Modulos 1 A 127/220v Amarillo
SIN SUB	p294523	Domótica y hogar inteligente/None			Pack de 2 Placas de 1 Ventana Aksi Económicas de Aluminio Oro
SIN SUB	p294524	Domótica y hogar inteligente/None			Aksi Placa De Plastico Abs Ciega - Blanco - Ak 1 A 127/220v Blanco
SIN SUB	p294525	Domótica y hogar inteligente/None			3 Pzas Aksi Placa De Aluminio, Tapa Ciega 1 A 127/220v Amarillo
SIN SUB	p294526	Domótica y hogar inteligente/None			Interruptor De Escalera Aksi Color Beige Corriente Nominal 10 A Voltaje Nominal 127v
SIN SUB	p294527	Domótica y hogar inteligente/None			Aksi Apagador Sencillo De Tecla Con Placa Plastica Altimus 1 A 1 Blanco
SIN SUB	p294528	Domótica y hogar inteligente/None			Interruptor de Botón Aksi Comercial de Plástico Blanco para 2 Polos
SIN SUB	p294529	Domótica y hogar inteligente/None			Aksi Placa De Plastico Abs Ciega - Marfil - Ak 1 A 127/220v Amarillo
SIN SUB	p294531	Domótica y hogar inteligente/None			Aksi Apagador Sencillo De Tecla Con Placa Plastica Altimus 1 A 127/220v Plateado
SIN SUB	p294532	Domótica y hogar inteligente/None			2 Pzas Aksi Placa De Aluminio De 1 Modulos 1 A 127/220v Dorado
SIN SUB	p294533	Domótica y hogar inteligente/None			Aksi Apagador Escalera De Tecla Con Placa Plastica Altimus 1 A 127/220v Plateado
SIN SUB	p294534	Domótica y hogar inteligente/None			Aksi Apagador Doble Sencillo De Tecla Con Placa Plastica 1 A 127/220v Beige
SIN SUB	p294535	Domótica y hogar inteligente/None			Aksi Apagador Escalera De Tecla 127v/10a - Marfil - Ak 1 A 127/220v Amarillo
SIN SUB	p294536	Domótica y hogar inteligente/None			Apagador de Escalera de Tecla AKSI para Iluminación en Blanco
SIN SUB	p294537	Domótica y hogar inteligente/None			2 Pzas Aksi Placa Plastica Abs Una Ventana - Marfil - Ak 1 A 127/220v Amarillo
SIN SUB	p294538	Domótica y hogar inteligente/None			3 Pzas Aksi Contacto Aterrizado Y Apagador Escalera De Tecla 1 A 127/220v Blanco
SIN SUB	p294539	Domótica y hogar inteligente/None			Pack de 2 Interruptores de Escalera Aksi con 2 Botones y Doble Polo, Beige
SIN SUB	p294540	Domótica y hogar inteligente/None			Phulal Placa Flat Dorado 2 Apagadors 1 Pieza
SIN SUB	p294541	Domótica y hogar inteligente/None			Phulal Placa Flat Blanca 1 Apagador 1 Pieza
SIN SUB	p294542	Domótica y hogar inteligente/None			Phulal Placa Slim Blanca Con 3 Interruptores Sencillos Pared 16 A 127v Blanco
SIN SUB	p294543	Domótica y hogar inteligente/None			Phulal Placa Slim Blanca 1 Interruptor Pared 10pcs
SIN SUB	p294544	Domótica y hogar inteligente/None			Phulal Acrílico Placa Slim Con 3 Interrupto,negro 16 A 127/220v Negro
SIN SUB	p294545	Domótica y hogar inteligente/None			Phulal Placa Flat Blanca 1 Interruptor+1 contacto 10pcs
SIN SUB	p294546	Domótica y hogar inteligente/None			Enchufe Tomacorriente PHULAL 9 Salidas Color Gris Para Casa Negocio 1pc
SIN SUB	p294547	Domótica y hogar inteligente/None			Phulal Placa Slim blanco 1 Interruptor Para Hogar Oficina 1pc
SIN SUB	p294548	Domótica y hogar inteligente/None			Phulal Placa Slim Blanca 1 Interruptor Y 1 Contacto 1pc 16 A 127v Blanco
SIN SUB	p294549	Domótica y hogar inteligente/None			Phulal Placa Slim blanco Con 2 Interruptors Para Hogar Oficina 1pc
SIN SUB	p294550	Domótica y hogar inteligente/None			Placa Apagador Inoxidable Phulal Gris 3 Botones Para Instalación Hogar Oficina 10pcs
SIN SUB	p294551	Domótica y hogar inteligente/None			Apagador PHULAL 3 botones Color Gris Para Casa Y Negocio 1pc
SIN SUB	p294552	Domótica y hogar inteligente/None			Phulal Placa Slim Con 2 Contactos Y 1 Interruptor 1pzs,gris 16 A 127/220v Gris
SIN SUB	p294553	Domótica y hogar inteligente/None			Apagador PHULAL 2 botones Color Negro Certificado NOM Para Casa Y Negocio 1pc
SIN SUB	p294554	Domótica y hogar inteligente/None			Apagador PHULAL 1 boton Color Negro Certificado NOM Para Casa Y Negocio 10pcs
SIN SUB	p294555	Domótica y hogar inteligente/None			Apagador PHULAL 2 botones Color Gris Para Casa Y Negocio 1pc
SIN SUB	p294556	Domótica y hogar inteligente/None			Apagador PHULAL 3 botones Color Negro Certificado NOM Para Casa Y Negocio 1pc
SIN SUB	p294557	Domótica y hogar inteligente/None			Phulal Placa Flat Blanca 2 Contactos y 1 Interruptor Para Residencial y Comercial 10pcs
SIN SUB	p294558	Domótica y hogar inteligente/None			Placa Apagador Inoxidable Phulal Gris Oxford 1 Botón Para Instalación Hogar Oficina 10pcs
SIN SUB	p294559	Domótica y hogar inteligente/None			Placa Tomacorriente Phulal Plateado 2 Contactos,1 Typec Y 1 Usb para Hogar Oficina 1pc
SIN SUB	p294560	Domótica y hogar inteligente/None			Phulal Placa Flat Blanca 2 Contactos y 1 Interruptor para Residencial y Comercial 1pc
SIN SUB	p294561	Domótica y hogar inteligente/None			Placa Apagador PHULAL Negro Acrílico 1 Botón Tomacorriente 6 Salidas para Sala Dormitorio Cocina Ofi
SIN SUB	p294562	Domótica y hogar inteligente/None			Placa Apagador Inoxidable Phulal Gris 2 Botones para Hogar Oficina 1 Pieza
SIN SUB	p294563	Domótica y hogar inteligente/None			Placa Apagador Inoxidable PHULAL Gris 1 Botón Tomacorriente 3 Salidas Para Instalación Hogar Oficina
SIN SUB	p294564	Domótica y hogar inteligente/None			Phulal Placa Slim blanca Con 2 Contactos Y 1 Interruptor Moderno Empotrable para Hogar Oficina Inter
SIN SUB	p294565	Domótica y hogar inteligente/None			1 PIEZA Phulal Placa Flat Negra 1 Apagador Y 2 Contactos Para Casa y Negocio
SIN SUB	p294588	Domótica y hogar inteligente/None			Manija Inteligente VentDepot con Conectividad NFC y Desbloqueo Digital Plata
SIN SUB	p294610	Domótica y hogar inteligente/None			Yale Security B-yrd226-zw-kc-619 Yale Assure Lock Z-wave
SIN SUB	p294613	Domótica y hogar inteligente/None			Mirilla Digital Yale Jy7001 Color Negro
SIN SUB	p294614	Domótica y hogar inteligente/None			Mirilla Digital Yale Jy7001 Color Blanco
SIN SUB	p294616	Domótica y hogar inteligente/None			Mirilla Pro Digital Yale Blanco Con Negro
SIN SUB	p294620	Domótica y hogar inteligente/None			Manija Inteligente Biométrica Yale Castelli 89804
SIN SUB	p294623	Domótica y hogar inteligente/None			Manija Inteligente Eléctrica Yale Biométrica Níquel Satin
SIN SUB	p294626	Domótica y hogar inteligente/None			Yale Assure Llave De Bloqueo Última Intervensión
SIN SUB	p294632	Domótica y hogar inteligente/None			Kwikset 98180-020 San Clemente Front Handleset
SIN SUB	p294634	Domótica y hogar inteligente/None			Teclado Kwikset Powerbolt 250 10 Botones Níquel Satinado
SIN SUB	p294638	Domótica y hogar inteligente/None			Cerrojo Digital Pantalla Táctil Kwikset 275 Código y Llaves
SIN SUB	p294642	Domótica y hogar inteligente/None			Cerrojo Kwikset Elect. Smartcode 260 Satin Nickel (2) Gris
SIN SUB	p294647	Domótica y hogar inteligente/None			Kwikset Smartcode 917 Entrada Sin Llave Teclado Residencial
SIN SUB	p294648	Domótica y hogar inteligente/None			Cerrojo Kwikset Niquel Satinado Simple Con Llave Modelo 96600-575
SIN SUB	p294664	Domótica y hogar inteligente/None			Tock Lock Tock250 Tl Color Negro e Plata Acabado Brillante
SIN SUB	p294666	Domótica y hogar inteligente/None			Gateway Adaptador De Wifi 2.4 GHz Para Cerraduras Tock Lock Modelo G2 Acceso Remoto
SIN SUB	p294669	Domótica y hogar inteligente/None			Contra Eléctrica Cromo Satinado 127v Reversible Lock
SIN SUB	p294670	Domótica y hogar inteligente/None			Kwikset 99380-002 Matte Black Smart Door Lock
SIN SUB	p294671	Domótica y hogar inteligente/None			Contra Eléctrica, Cromo Satinado, En Caja Lock
SIN SUB	p294672	Domótica y hogar inteligente/None			Contra Eléctrica, Latón Brillante, En Caja Lock
SIN SUB	p294673	Domótica y hogar inteligente/None			Cerrojo Digital Para Puerta Principal Desbloqueo Pin Lock
SIN SUB	p294693	Domótica y hogar inteligente/None			Control Remoto Icon Infrarrojo Y Radiofrecuencia Wifi
SIN SUB	p294694	Domótica y hogar inteligente/None			Talking Flower - Super Mario Naranja Claro
SIN SUB	p294695	Domótica y hogar inteligente/None			Parlante Inteligente Xiaomi (ir Control)
SIN SUB	p294698	Domótica y hogar inteligente/None			Par Bocinas Exteriores Power Acoustik Sonance Blancas Sonido Transmisión
SIN SUB	p294699	Domótica y hogar inteligente/None			TP-Link Smart Home P100 4PK Blanco
SIN SUB	p294728	Domótica y hogar inteligente/None			Adaptador Universal Con Alexa Echo Dot 15w 4mm Blanco
SIN SUB	p294731	Domótica y hogar inteligente/None			Alarma Combinada de Humo y Monóxido de Carbono First Alert con Batería de 10 Años
SIN SUB	p294737	Domótica y hogar inteligente/None			Contacto Magnético Shelly Inalámbrico Bt Para Puertas 2.4ghz Color Blanco
SIN SUB	p294741	Domótica y hogar inteligente/None			Controlador De Válvulas T1 Aqara Color Blanco
SIN SUB	p294751	Domótica y hogar inteligente/None			Protector Sti Policarbonato Con Bocina Transparente Sti-1130
SIN SUB	p294752	Domótica y hogar inteligente/None			Botón de Emergencia STI SS-24A2EM-ES con Alarma Sonora y Tapa Protectora
SIN SUB	p294847	Audífonos/None			Auriculares Poly Encorepro Ep310 - 214568-01i Negro
SIN SUB	p294848	Audífonos/None			Auriculares Monoaurales Plantronics Poly C5210 USB-A Negros con Micrófono
SIN SUB	p295304	Muebles/Otros			VASAGLE Juego de 2 Taburetes de Bar, Respaldo Ergonómico, 62 cm de Altura
SIN SUB	p295306	Muebles/Otros			VASAGLE Juego de 2 Taburetes de Bar, Tapizados de PU, Altura de 75,5 cm
SIN SUB	p295319	Muebles/Otros			VASAGLE Juego de 2 Taburetes de Bar, 76.2 cm de Alto, Fácil Montaje
SIN SUB	p295337	Muebles/Otros			Riknuxi – Juego de 4 taburetes de bar de terciopelo dorado con respaldo bajo, taburetes giratorios p
SIN SUB	p295344	Muebles/Otros			PURPLE LEAF Taburetes de bar con altura de mostrador de ratán, juego de 2
SIN SUB	p295470	Muebles/Otros			HOMEMAKE FURNITURE Set de 2 Bancos para Barra de Cocina, Taburetes de Bar Giratorios 360°, Altura Aj
SIN SUB	p295498	Muebles/Otros			Purple Leaf - Juego de 2 taburetes de Bar de 76,2 cm, ratán francés a
SIN SUB	p295518	Muebles/Otros			MIREL Bancos para Bar y Barra de Cocina con Respaldo y Reposapies de Altura Ajustable - Taburetes de
SIN SUB	p295526	Muebles/Otros			PURPLE LEAF - Juego de 2 taburetes de bar para exteriores con reposapiés
SIN SUB	p295528	Muebles/Otros			Juego de 2 taburetes de Bar Ajustables Color Crema con Altura de mostrador, Moderno Piel sintético t
SIN SUB	p295543	Muebles/Otros			MIREL Bancos para Bar y Barra de Cocina con Respaldo y Reposapies de Altura Ajustable - Taburetes de
SIN SUB	p295550	Muebles/Otros			PURPLE LEAF - Taburetes de bar con altura de mostrador, juego de 2
SIN SUB	p295551	Muebles/Otros			YOUNIKE - Juego de 2 taburetes de bar de cocina modernos con respaldo bajo giratorio y altura ajusta
SIN SUB	p295569	Muebles/Otros			MIREL Bancos para Bar y Barra de Cocina con Respaldo y Reposapies de Altura Ajustable - Taburetes de
SIN SUB	p295579	Autos, bicicletas y motos/None			ADASMILE A & S Juego de 6 piezas de camiones de construcción para niños, tamaño individual, para niñ
SIN SUB	p295581	Autos, bicicletas y motos/None			Caterpillar- Camion Volquete para construcción CatToysOfficial Construction Fleet Dump Truck Vehicul
SIN SUB	p295584	Autos, bicicletas y motos/None			Pista de Carros para Niños,con Luz y Sonido,Vehículo Infantiles de Aventura
SIN SUB	p295585	Autos, bicicletas y motos/None			Pista de Carros para Niños con Luz y Sonido,Vehículo Infantiles de Aventura
SIN SUB	p295586	Autos, bicicletas y motos/None			JOYIN - Juego de 2 vehículos de construcción a Control Remoto, Excavadora RC con accionamiento por f
SIN SUB	p295587	Autos, bicicletas y motos/None			Cat - Vehículo Mini Machines
SIN SUB	p295588	Autos, bicicletas y motos/None			Vehículo de ingeniería de dinosaurios, Camión transportador de transporte
SIN SUB	p295590	Autos, bicicletas y motos/None			Juego de 60 Platos con Motivos de Vehículos de Construcción
SIN SUB	p295591	Autos, bicicletas y motos/None			OBEST Mini vehículos eyectores con Control, Batalla para 2 Jugadores
SIN SUB	p295593	Autos, bicicletas y motos/None			Camión Portador de Dinosaurios,Vehículo de ingeniería de Dinosaurios
SIN SUB	p295597	Autos, bicicletas y motos/None			Vehículo de ingeniería de Dinosaurios, Camión transportador de Transporte
SIN SUB	p295601	Autos, bicicletas y motos/None			Melissa & Doug Mi Primer Juego de Sellos de Madera - Vehículos (Artes y Manualidades, Robusta Caja d
SIN SUB	p295605	Autos, bicicletas y motos/None			Vehículos RC de Construcción Con Luz Recargable Y Control Remoto Vehículo
SIN SUB	p295619	Autos, bicicletas y motos/None			Juegos para exteriores, patio y playa, para adultos y para la familia, perfectos para el patio trase
SIN SUB	p295636	Herramientas/None			Ruleta de premios giratoria, rueda de la fortuna colorida con soporte, segmentos borrables en seco, 
SIN SUB	p295642	Herramientas/None			Juego De Cornhole Portátil, Juego De Lanzamiento De Patio, Con 2 Tableros Y 6 Saco Terrero, Montaje 
SIN SUB	p295687	Herramientas/None			SONGMICS Estantería Pesada de 5 Niveles, Montaje sin Herramientas
SIN SUB	p295699	Autos, bicicletas y motos/None			Prinsel Vehículo Motocross Premium, Color Rosa
SIN SUB	p295763	Videojuegos/None			Hauck Batmobile Go-Kart – Mondable a Pedales para niños, Ruedas con Perfil de Goma, Freno de Mano pa
SIN SUB	p295765	Autos, bicicletas y motos/None			Paw Patrol Chase Cruiser Vehículo de Paseo
SIN SUB	p295785	Autos, bicicletas y motos/None			Caterpillar 299 C Compact Track Loader Core Classics Series Vehículo
SIN SUB	p295988	Autos, bicicletas y motos/None			FABULETTA 50 Vehículos N 1:150, Plástico para Dioramas y Trenes
SIN SUB	p296027	Herramientas/None			NIAWEA Kit 21pzs Resortes para Trampolín Universal(14cm),con Herramientas de Instalación,Accesorios 
SIN SUB	p296053	Herramientas/None			Resortes de repuesto para cama elástica de 5.5 pulgadas con gancho en T, resistentes resortes de ace
SIN SUB	p296096	Herramientas/None			72 resortes de cama elástica de 14 cm: piezas de repuesto para cama elástica con herramienta de extr
SIN SUB	p296122	Herramientas/None			Genérico Colchoneta para trampolín Lacement. Colchonetas para Saltar. Se Adapta a Marcos de trampolí
SIN SUB	p296136	Herramientas/None			10 Resortes para Trampolín con Herramienta de Resorte,Muelles de trampolín, Metal Resistente a la co
SIN SUB	p296146	Videojuegos/None			26800 en 1 Pandora Box 40S Consola de Juegos Arcade, Visualización 1280 x 720, Búsqueda, Guarda, Ocu
SIN SUB	p296148	Videojuegos/None			My Arcade Dorado Axe - Consola de Juegos Retro, 3 Juegos de arcadas en 1
SIN SUB	p296151	Videojuegos/None			My Arcade Street of Rage - Consola de juegos retro
SIN SUB	p296158	Videojuegos/None			GWALSNTH 32000 en 1 Pandora Box Mini consola de juegos Arcade, juegos 3D, visualización de 1280 x 72
SIN SUB	p296162	Videojuegos/None			GWALSNTH 32000 en 1 Pandora Box 40S Arcade Consola de Juegos, visualización de 1280 x 720, búsqueda/
SIN SUB	p296163	Videojuegos/None			GWALSNTH 32000 en 1 Pandora Box 60S Consola de Juegos Arcade, Pantalla 1280 x 720, Juegos de búsqued
SIN SUB	p296171	Videojuegos/None			Mad Monkey Machine Retro Arcade - Consola de Juegos, Color Negro
SIN SUB	p296176	Videojuegos/None			GWALSNTH 32000 en 1 Caja de Pandora 60S Consola de Juegos Arcade, Vídeo Juego Plug and Play, Pantall
SIN SUB	p296179	Videojuegos/None			ELECFREAKS Retro Coding Arcade para Microsoft Makecode DIY consola de juegos de mano programable ade
SIN SUB	p296181	Videojuegos/None			GWALSNTH 3D Pandora Box Max Arcade consola de juegos, máquina de videojuegos HD 60000 en 1, visualiz
SIN SUB	p296184	Videojuegos/None			Fizz Creations Tetris Desktop Arcade - Consola de juegos portátil retro
SIN SUB	p296201	Videojuegos/None			Lexibook Disney's Princesses Cyber Arcade Pocket Consola de Juegos portátil, 150 Juegos, LCD, con Pi
SIN SUB	p296223	Videojuegos/None			M15 Retro Game Stick, salida HDMI 4K y driver inalámbrico Plug and Play consola de videojuegos con m
SIN SUB	p296233	Videojuegos/None			Genérico Juegos de Ritmo para niños, Consola de Juegos de Ritmo
SIN SUB	p296251	Autos, bicicletas y motos/None			Nifeliz Militar M7 Priest, Modelo de Tanque Set de Construcción de Vehículo de Artillería de WWII pa
SIN SUB	p296268	Herramientas/None			Herramientas de dibujo, maniquí posible, figures de dibujo modelo 2pcs 5.91 pulgadas de acción femen
SIN SUB	p296275	Autos, bicicletas y motos/None			60 Piezas de Bloques de construcción, Mega bloks 3D, con Ventanas y automóviles de Colores, Un Edifi
SIN SUB	p296284	Autos, bicicletas y motos/None			MAGNI-BLOCS Camión de Construcción Magnético de 34 Piezas, Diversión en Movimiento, Vehículo de Cons
SIN SUB	p296285	Autos, bicicletas y motos/None			Calendario de Adviento de Bloques de Construcción de Camiones de Bomberos y Vehículos de Construcció
SIN SUB	p296286	Autos, bicicletas y motos/None			PicassoTiles Bloques de construcción magnéticos para Azulejos añaden 8 Cifras de acción magnetizadas
SIN SUB	p296320	Autos, bicicletas y motos/None			Maisto Vehículo a Escala AL Lamborghini Aventador Roadster
SIN SUB	p296321	Autos, bicicletas y motos/None			Maisto 1:24 Mercedes-Benz AMG GT Vehículo Fundido a Troquel (los Colores Pueden Variar)
SIN SUB	p296715	Herramientas/None			Pistolas Pulverizadoras De Pintura, Mesa De Trabajo para Manualidades, Cabina De Pintura, con Cortin
SIN SUB	p296716	Herramientas/None			Modelo de anatomía de Torso Humano de 78 cm (1 Pieza), Herramienta educativa Unisex de tamaño 1/2 Na
SIN SUB	p296723	Herramientas/None			Cabina de Pintura con aerógrafo, Ventilador y Luces LED, pulverizador portátil para Manualidades, Id
SIN SUB	p296724	Herramientas/None			Cabina de Pintura con aerógrafo, Ventilador y Luces LED, pulverizador portátil para Manualidades, Id
SIN SUB	p296726	Autos, bicicletas y motos/None			Tamiya 1/16 Soviet KV-1 Heavy Tank, Vehículo Blindado de Combate, Control Remoto, Niños (Chicos), Ni
SIN SUB	p296831	Herramientas/None			Soporte universal para vasos giratorio de 360°, paquete de 2 unidades, apto para barco, pontón, carr
SIN SUB	p296834	Herramientas/None			ROODO Juego de ruedas dedicadas para carriola de mascotas de 3 ruedas, original, desmontaje rápido, 
SIN SUB	p297041	Autos, bicicletas y motos/None			7AM Enfant - Guantes para carriola de bebé, manoplas anticongelantes para manillares, repelente al a
SIN SUB	p297156	Herramientas/None			Soporte para reposacabezas Thule Urban Glide 2 y 3 | Soporte para respaldo de carriola para postura 
SIN SUB	p297485	Videojuegos/None			Baby Jogger Summit X3 - carriola para correr de 3 ruedas con freno de mano plegable compacto con una
SIN SUB	p297604	Videojuegos/None			carriola para correr, marco todo terreno, neumáticos inflables de 12/16 pulgadas con válvula angular
SIN SUB	p297666	Juguetes y bebés/None			Schwinn Joyrider, Echo y Trailblazer Remolque de Bicicleta para niño, portabebés Individual y Doble,
SIN SUB	p297838	Videojuegos/None			carriolas para Perro El Cochecito para Mascotas Es Ligero Y Plegable, para Perros Pequeños Y Mediano
SIN SUB	p297855	Autos, bicicletas y motos/None			Vinipiel Para Tapizar Sillas, Sillones Y Automotriz Alto Calibre 1.4 mm (1 m LARGO x 1.40 m ANCHO) -
SIN SUB	p298012	Muebles/Otros			Asiento de repuesto de poliuretano para taburetes altos y taburetes de bar
SIN SUB	p298215	Muebles/Otros			VASAGLE Taburetes de Bar, Juego de 2, con Respaldo, Marco de Acero
SIN SUB	p298395	Muebles/Otros			FurnitureR Juego de 2 Taburetes de Bar Industriales de Metal Vintage, Asiento Giratorio de 360 Grado
SIN SUB	p298631	Muebles/Otros			TOPLIVING Set de 4 Bancos Altos Aptos para Interior y Exterior, Taburetes de Plástico Resistente Api
SIN SUB	p298728	Herramientas/None			Taburete Alto Ajustable para Taller, Silla de Bar para Mecánicos, Silla de Metal para Taller, Altura
SIN SUB	p299338	Televisores/None			Wobble Wag Giggle Brilla en la Oscuridad, Juguete Interactivo para Perro, Divertidos Sonidos de Risa
SIN SUB	p299396	Mascotas/None			AFujia-Protector de Asiento Trasero para Perros, Fundas para Asiento de Coche para Perro, Impermeabl
SIN SUB	p299510	Mascotas/None			Button de perro Tratando dispensador, trate el dispensador con el botón
SIN SUB	p299554	Mascotas/None			Set 3 Anillos Mordedera para Perro, TPR, Azul Blanco Naranja
SIN SUB	p299634	Mascotas/None			Feandrea Manta para Perros, 75 x 50 x 4 cm, Lavable a Máquina
SIN SUB	p299737	Mascotas/None			TOYANDONA Refugio Portátil Plegable para Perros, Estructura Fuerte, Café
SIN SUB	p299774	Mascotas/None			Camas para perros resistentes a la masticación, tamaño 28''x41'', negro, tela a prueba de mordidas d
SIN SUB	p299847	Mascotas/None			Hollypet - Sofá de felpa mullido para mascotas, suave y calmante para gatos y perros medianos y pequ
SIN SUB	p299858	Mascotas/None			AFujia-Protector de Asiento Trasero para Perros, Fundas para Asiento de Coche para Perro, Impermeabl
SIN SUB	p299877	Mascotas/None			3 Piezas M Manta de Perro, Suave y Cálida para Dormir, 77x55Cm
SIN SUB	p299878	Mascotas/None			Feandrea Manta para Perros, Repelente al Agua, 152 x 127 cm
SIN SUB	p299886	Mascotas/None			3 Cobijas para Perro,Suaves,Cálidas de Perro Mascota Manta para Dormir,con Estampado Lindo,de Forro 
SIN SUB	p299887	Mascotas/None			3 Piezas Cobija para Perro, 3 Layer impermeable Manta para Perro,77x55 Cm
SIN SUB	p299892	Mascotas/None			Camas para Perros, 70x58x18cm, Soporta Alrededor de 30 Kilos
SIN SUB	p299904	Mascotas/None			3 Cobijas para Perro,Suaves,Cálidas de Perro Mascota Manta para Dormir,con Estampado Lindo,de Forro 
SIN SUB	p299914	Mascotas/None			Feandrea Manta para Perros, Repelente al Agua, 102 x 73 cm
SIN SUB	p299922	Cámaras y fotografía/None			Semme Nido Nebulizador para Mascotas, Cámara de Oxígeno Plegable y Espaciosa para Perros y Gatos, Ho
SIN SUB	p299937	Mascotas/None			Casa Exterior para Gatos, Oxford 600D, Estructura de PVC
SIN SUB	p299960	Mascotas/None			4PCS Cobijas para Perro, 77×52 cm Manta para Perro para Suave, Lunares
SIN SUB	p300002	Mascotas/None			Casa Mascota London Azul: Refugio Exterior de Máxima Durabilidad, Confort Térmico y Diseño Ergonómic
SIN SUB	p300008	Herramientas/None			Caseta de Exterior Duradera: Resistente a la Intemperie y con Máximo Confront Térmico, Fácil de Arma
SIN SUB	p300009	Mascotas/None			Casa Mascota London Azul: Refugio Exterior de Máxima Durabilidad, Confort Térmico y Diseño Ergonómic
SIN SUB	p300020	Mascotas/None			Tienda de Campaña para Mascotas Perros y Gatos, Casa Portátil, Plegable y Resistente para Viajes y D
SIN SUB	p300025	Mascotas/None			Rimax | Casa Hogar Refugio Mascota Perro Ideal Raza Chica Pl?stica
SIN SUB	p300027	Mascotas/None			Rimax | Casa Casita Hogar Refugio Mascota Perro Ideal Raza Chica Plástica Resistente Confortable (Gr
SIN SUB	p300028	Mascotas/None			Rimax | Casa Hogar Refugio Mascota Perro Ideal Raza Chica Pl?stica
SIN SUB	p300032	Mascotas/None			Casa Chica para Perro y Gato c/Suelo Elevado (73 * 66 * 69 cm)
SIN SUB	p300038	Mascotas/None			AbaqKalza Tienda de Campaña para Gato Perro,Teepee Casita para Mascotas
SIN SUB	p300044	Mascotas/None			Perfume para Perro Talco Bebé 250ml Spray para Perros Mascotas Aura Bendita
SIN SUB	p300054	Mascotas/None			Rimax | Casa Casita Hogar Refugio Mascota Perro Ideal Raza Chica Plástica Resistente Confortable (Gr
SIN SUB	p300057	Mascotas/None			Genérico Dog House Casa Térmica para Perros Chicos Impermeabilizada con Piso Elevado de Madera Aisla
SIN SUB	p300079	Mascotas/None			Genérico Casa De Exterior para Gatos, Refugio para Gatos Resistente
SIN SUB	p300083	Mascotas/None			Baakin Fuente de Agua Automática 3L para Gatos, Perros y Mascotas Pequeñas, Acero Inoxidable 304, Bo
SIN SUB	p300099	Mascotas/None			Casa Mediana para Perro c/Suelo Elevado (87 * 78 * 81 cm)
SIN SUB	p300109	Mascotas/None			Tienda de campaña extragrande para perros en el exterior, refugio de sombra para perros con ventanas
SIN SUB	p300114	Mascotas/None			Aivituvin - Casa de Madera para Perros o Gatos para Exteriores e Interiores, Casas de Mascotas con e
SIN SUB	p300123	Mascotas/None			Aivituvin - Casa de madera para perros o gatos para exteriores e interiores, casas de mascotas con e
SIN SUB	p300132	Mascotas/None			Peine para Mascotas Dientes Finos, de Acero Inoxidable
SIN SUB	p300152	Mascotas/None			Casa refrigeración para mascotas con aire acondicionado para perros y gatos
SIN SUB	p300171	Mascotas/None			Casa De Refrigeración Para Gatos, Casa Plegable Para Mascotas Aislada Al Aire Libre Con 8 Bolsas De 
SIN SUB	p300186	Mascotas/None			Carpa de campaña para perros al aire última intervensión para perros pequeños y medianos, impermeabl
SIN SUB	p300195	Mascotas/None			Dpofirs Casa de Refrigeración Portátil para Mascotas |Refugio de Papel de Aluminio Extraíble para Pe
SIN SUB	p300202	Mascotas/None			Pssopp Casa de Refrigeración para Mascotas, Tela Oxford Resistente a Las Mordeduras, Casa de Aire Ac
SIN SUB	p300207	Mascotas/None			Casa refrescante para gatos - Sala de hielo portátil para mascotas | Refugi
SIN SUB	p300228	Mascotas/None			Home Sweet Home - Cubo para gatos Una casa plegable de interior para gatos. Cueva para mascotas cubi
SIN SUB	p300242	Mascotas/None			Tienda de campaña plegable para perros, tienda de campaña plegable Oxford 900D duradera para perros 
SIN SUB	p300244	Mascotas/None			Casa cerrada para gatos de interior, cueva para mascotas con funda lavable
SIN SUB	p300258	Mascotas/None			Genérico Hábitat para Hámster Claro de 2 Pisos, Parque para Chinchilla
SIN SUB	p300283	Mascotas/None			Hamaca para Gatos de Ventana, sin Taladrar, 55 x 38 cm, 20 kg
SIN SUB	p300286	Mascotas/None			Pissente Casa de Refrigeración Desmontable para Mascota
SIN SUB	p300293	Mascotas/None			Casa de Plástico para Perros, Refugio Interior Exterior Resistente a la Intemperie con 5 Pilares de 
SIN SUB	p300300	Mascotas/None			Genérico Refugio para Gatos Cueva para Dormir Resistente al Viento
SIN SUB	p300339	Mascotas/None			Plegable para Perros Gatos 70x55x50cm Interior Exterior Plegable
SIN SUB	p300344	Mascotas/None			Gamma2 Vittles Vault, Contenedor para Alimento de mascotas, 16 kg -Mocha Granite
SIN SUB	p300346	Mascotas/None			6L Dispensador de Comida para Gato WIFI/Bluetooth, Alimentador Inteligente
SIN SUB	p300348	Mascotas/None			Dispensador de Comida para Perro 6L, Dispensador Inteligente WiFi 2.4G
SIN SUB	p300357	Mascotas/None			6L Dispensador de Comida para Gato WIFI/Bluetooth, Alimentador Inteligente
SIN SUB	p300377	Mascotas/None			Fancy Pets Plato de Acero Inoxidable para Perro con 8 Onzas o 227 Gramos
SIN SUB	p300409	Mascotas/None			SlowTon Cuenco de Cerámicas Antideslizante para Gatos Perros, 3PCS
SIN SUB	p300410	Mascotas/None			2 Piezas Dispensador de Comida para Perro de 3.2L
SIN SUB	p300422	Mascotas/None			Platos para Gato,Tazones para Gatos Acero, Cuenco para Gatos,Verde Aguacate
SIN SUB	p300427	Cámaras y fotografía/None			Comedero Auto Cámara 1080P WiFi 5G, 6L Anti-Atasco Gatos y Perros ≤8kg
SIN SUB	p300445	Mascotas/None			WEIYANG 2PCS Genérico Calma Bowl Perro, Plato Perro Comer Lento
SIN SUB	p300473	Mascotas/None			Platos para Gato,Tazones para Gatos Acero, Cuenco para Gatos,Verde Aguacate
SIN SUB	p300483	Mascotas/None			GWMWON 2PCS Genérico Calma Bowl Perro, Plato Perro Comer Lento
SIN SUB	p300485	Mascotas/None			Tazón de Comida de Agua Potable Automática para Mascotas, Perro, Gato, Protector de Cuello Inclinado
SIN SUB	p300487	Mascotas/None			Genérico Plato Elevado para Gatos y Perros de Acero Inoxidable, Comida para Mascotas - Diseño Ergonó
SIN SUB	p300496	Mascotas/None			1PC Platos para Gatos, Mascotas, Platos para Perros Cuenco para Gatos
SIN SUB	p300505	Mascotas/None			Dispensador de Comida para Perro, 2.1kg Alimentador y 3.8L Dispensador de Agua para Mascotas, Desmon
SIN SUB	p300508	Mascotas/None			Tazón para Gatos de Acero Inoxidable con Material PP, 2 Piezas
SIN SUB	p300510	Mascotas/None			Gardner - Dispensador automático de agua para perros, de acero inoxidable y alimentador de alimentos
SIN SUB	p300511	Mascotas/None			2 en 1 Cuenco Plegable para Perro,Cuencos Portátiles De Viaje para Mascotas
SIN SUB	p300523	Mascotas/None			Dreame Py10 Fuente de Agua Inal?mbrica para Mascotas con Sistema de Separaci?n Sucio-limpio, Capacid
SIN SUB	p300524	Mascotas/None			Cuencos de cerámica para perros, alimentador lento de 8.3
SIN SUB	p300538	Mascotas/None			Cuencos elevados para perros, 5 altura ajustable, antideslizante, se ajusta a 7.9 cm, 22.9 cm, 25.4 
SIN SUB	p300543	Mascotas/None			PawHut - Estación de alimentación para gatos y perros, gabinete de almacenamiento de alimentos para 
SIN SUB	p300547	Mascotas/None			Tazón de Fideos Cuenco de cerámica para Gatos con Soporte de Madera, diseño nórdico de mármol Gris, 
SIN SUB	p300554	Mascotas/None			Soporte elevado para alimentador de mascotas para gatos y perros, soporte de 4 pies adecuado para al
SIN SUB	p300556	Mascotas/None			Soporte elevado para alimentador de mascotas para gatos y perros, estante ajustable de altura elevad
SIN SUB	p300569	Mascotas/None			Alimentador automático para perros de raza grande al aire última intervensión, dispensador de comida
SIN SUB	p300584	Mascotas/None			Tazón de Comida para Mascotas, Tazón para Perros y Gatos, Acero Inoxidable
SIN SUB	p300588	Mascotas/None			Fancy Pets Set de 2 Platos para Gatos Inclinados y Elevados para Agua y Comida
SIN SUB	p300596	Mascotas/None			ELS PET Cuencos Elevados Para Perros, Cuenco Elevado Ajustable Para Perros Con Cuenco Para Perros De
SIN SUB	p300615	Mascotas/None			Dispensador de Agua para Gatos, dispensador automático de Agua para Mascotas de 1,5 l con 2 filtros 
SIN SUB	p300620	Mascotas/None			Recipiente Doble para Mascotas, Comida y Agua, Mediano, Acero Inoxidable
SIN SUB	p300626	Mascotas/None			Dispensador de Agua para Mascotas, Altura Ajustable
SIN SUB	p300633	Mascotas/None			Tazón de agua elevado para perros grandes de 1.2 galones, 4 alturas ajustables de 7.8'', 9.2'', 10.6
SIN SUB	p300642	Mascotas/None			Tazones Pluggable para Mascota Portatiles con Capacidad De 12 Oz/ 350 ml, Azul Y Verde
SIN SUB	p300644	Mascotas/None			Plato elevado para perro chico, cuenco de cerámica antideslizante para gatos perros, Estante antides
SIN SUB	p300647	Mascotas/None			Alimentadores de Cachorros para Cachorros Múltiples Amamantador de Silicona para Cachorros Tetina de
SIN SUB	p300672	Mascotas/None			3Pcs Alimentador de Jeringa,Jeringa de Silicona Perros y Gatos,Trae un Molinillo de tabletas,de Sili
SIN SUB	p300676	Mascotas/None			Yosoo Cuenco Elevado de Cerámica para Gatos, Apto para Bigotes de 1,57
SIN SUB	p300684	Mascotas/None			2 Piezas Lick Mat para Perro 4 en 1, con Ventosa
SIN SUB	p300759	Mascotas/None			Mantas para Perros y Gatos Set de 3 Piezas 76x52cm
SIN SUB	p300762	Mascotas/None			TRIXIE Pet Products Plastic Door for Flat Roof Dog House, Large
SIN SUB	p300764	Mascotas/None			Barrera para Perros, 180x72cm Portable Pet Gate Valla de Malla Plegable para Mascotas Escalera para 
SIN SUB	p300771	Mascotas/None			30 Piezas Guantes para Bañar Perro y Gato
SIN SUB	p300781	Mascotas/None			Ciieeo 2 Llaveros Transparentes para Guardar Pelo de Mascota Diseño Único, Caja Abs Resistente para 
SIN SUB	p300787	Mascotas/None			Peine Deslanador para Mascotas, Diseño Ergonómico, Acero Inoxidable Verde
SIN SUB	p300792	Mascotas/None			Casa refrescante para gatos - Sala de hielo portátil para mascotas | Refugi
SIN SUB	p300794	Mascotas/None			Ipetboom Almohada para Perro U Shape Cojín De Protección Cervical para Mascotas Almohada para Dormir
SIN SUB	p300803	Mascotas/None			Lavador de Pies para Mascotas, Ideal para Perros y Gatos Domésticos, Vaso Portátil con Cerdas de Sil
SIN SUB	p300809	Mascotas/None			Genérico Bolsa Secadora para Perros Traje Soplador para Aseo De Mascotas
SIN SUB	p300814	Mascotas/None			Aditivo para el Aliento del Perro en el Agua, 200 ml
SIN SUB	p300816	Mascotas/None			FUOYLOO Casa Adecuado para Descanso para Hámster y Mascotas Pequeñas de Cerámica Forma de Dibujos An
SIN SUB	p300817	Mascotas/None			Casa Escondite Tejida a Mano de Paja para Conejos y Hámster
SIN SUB	p300822	Mascotas/None			Aditivo Para El Aliento Del Perro En El Agua,Solución Saludable De 200 Ml - Limpiador Líquido De Die
SIN SUB	p300824	Mascotas/None			HomeChi Barrera para Perros, 110x72cm Valla de Malla Plegable para Mascotas Escalera para Gatos con 
SIN SUB	p300828	Mascotas/None			Casita para Hámster de Plástico Madera con Escalera, 15 cm, Rosa
SIN SUB	p300831	Mascotas/None			Mascotas, perros y gatos están solos en casa alerta de emergencia de plástico cartera y etiqueta par
SIN SUB	p300832	Mascotas/None			Hohopeti Tienda de Campaña Plegable para Perros Estructura Resistente y Cojín Cómodo, Hecha de Tela 
SIN SUB	p300839	Mascotas/None			Cabaña Escondida para Hámster - Casa de Madera para Hámster, Conejo, Chinchilla y Erizo - Laberinto 
SIN SUB	p300840	Mascotas/None			Empapadores Absorbentes Desechables para Mascotas, 2piezas, Algodón
SIN SUB	p300842	Mascotas/None			Homoyoyo Casita de Madera para Hámster, 20x20x10 Refugio DIY Pintable
SIN SUB	p300843	Mascotas/None			Refugio De Sombra De Mascotas - Tienda De Protección Solar Para Perros, Casa De Campaña De Gato Pleg
SIN SUB	p300853	Mascotas/None			Yinhing Casa hámster Madera Techo Desmontable ventilada
SIN SUB	p300865	Mascotas/None			Cabaña De Madera Para Escondite De Hámster, Casa De Hámster De Madera Arqueada, Escondite, Decoració
SIN SUB	p300868	Mascotas/None			Sewroro Escondite Cuadrado para Hámster y Chinchilla de Madera Khaki, Cómodo y Cálido para Uso en In
SIN SUB	p300877	Mascotas/None			DECHOUS Casa Plegable para Mascotas, Café, Refugio Portátil para Perros
SIN SUB	p300891	Mascotas/None			GENÉRICO Urna Para Cenizas De Perros Y Gatos, Caja Conmemorativa De Resina Con Foto Enmarcada En For
SIN SUB	p300906	Herramientas/None			para Uñas Caninas,4 Discos Reemplazables Herramienta Aseo | Amoladora de uñas para cachorros | para 
SIN SUB	p300919	Mascotas/None			ORFOFE Casa para Hámster Cómoda y Cálida, Diseño Lindo, Canvas
SIN SUB	p300923	Mascotas/None			200 Ml Aditivo para El Aliento del Perro En El Agua,Solución Saludable De Limpiador Líquido De Dient
SIN SUB	p300924	Mascotas/None			3 Piezas Peine de Lágrimas para Mascotas, Limpieza Facial Precisa
SIN SUB	p300927	Mascotas/None			Pastillas Antideslizante Portátil para Clip Perros Plástico de Garrapatas para Eliminar Garrapatas e
SIN SUB	p300943	Mascotas/None			Casa de Cerámica Rosa para Hámster y Ardilla, 10x8x7cm
SIN SUB	p300944	Mascotas/None			Bálsamo para la Nariz de los Perros Hidratante para la Piel de Mascotas 50
SIN SUB	p300952	Mascotas/None			ibasenice Urna para Mascotas Contenedor De Cenizas para Gato Y Perro Recipiente Memorial De Acero In
SIN SUB	p300959	Mascotas/None			3 Cobijas para Perro,Suaves,Cálidas de Perro Mascota Manta para Dormir,con Estampado Lindo,de Forro 
SIN SUB	p300965	Mascotas/None			AMONIDA Villa para hámster, casa de Madera para hámster, casa de Madera Natural, escondite, fácil Li
SIN SUB	p300967	Mascotas/None			Tienda de Campaña Plegable para Perros, Casita Portátil Cojín
SIN SUB	p300969	Mascotas/None			Tienda De Campaña para Mascotas Cueva para Gatos Portátil Plegable Transpirable para Cachorros Y Per
SIN SUB	p300972	Mascotas/None			Tienda de campaña con sombrilla para gatos, casa plegable para gatos, refug
SIN SUB	p300973	Mascotas/None			Feandrea Manta para Perros, Repelente al Agua, 73 x 63 cm
SIN SUB	p300979	Mascotas/None			Genérico para Gatos Cueva Tejida con Suave Cuerda De Algodón para Mascotas
SIN SUB	p300993	Mascotas/None			Genérico Tienda De Perros Recinto De Mascotas Interactivo Multifuncional
SIN SUB	p301001	Mascotas/None			Genérico Cueva para Gatos, casa para Dormir cálida con diseño de
SIN SUB	p301002	Mascotas/None			Tienda de Campaña Plegable para Gatos, Casa Refugio Azul
SIN SUB	p301008	Mascotas/None			Aramox Amplio Parque para Mascotas, Casa Plegable para Gatos, Parque Portátil para Perros para Acamp
SIN SUB	p301016	Mascotas/None			Mascota 210D PVC Resistente Lluvia for sol Mascota 210D PVC(gray 94 * 61cm)
SIN SUB	p301020	Mascotas/None			para Perros Exterior para Perros Impermeable
SIN SUB	p301022	Mascotas/None			Parque de juegos para mascotas de 52 cm – Interior y exterior de malla abierta – Tienda de campaña p
SIN SUB	p301030	Mascotas/None			Genérico Tienda para Perros De Exterior Accesorios Mascotas Perro Gato
SIN SUB	p301032	Mascotas/None			Casa Refrescante para Gatos con 8 Bolsas de Hielo Impermeable Cueva
SIN SUB	p301035	Mascotas/None			Parque de juegos para mascotas de 52 cm – Interior y exterior de malla abierta – Tienda de campaña p
SIN SUB	p301041	Mascotas/None			Tienda Azul Marino de Campaña para Mascotas de Tela Oxford
SIN SUB	p301045	Mascotas/None			Tela Tienda Azul Tejida Plegable No para de Campaña Gatos
SIN SUB	p301050	Mascotas/None			LIOOBO Casa De Verano para Mascotas Tienda para Perros Desmontable Refrescante y Transpirable para U
SIN SUB	p301051	Mascotas/None			Cat Bed de Cueva de Gatos semicerrado con cojín Lavable extraíble Casa Cat Casa de Gatito Suave y Ti
SIN SUB	p301052	Mascotas/None			Casa Plegable para Perros Cojín, Estructura Resistente y Diseño Portátil
SIN SUB	p301053	Mascotas/None			Refugio para Perros Pequeños y Gatos al Aire Libre, Casa de Tela Oxford Cómoda y Resistente para Mas
SIN SUB	p301054	Mascotas/None			VILLCASE Casa Plegable para Mascotas Diseño Ventilado, Oxford Naranja
SIN SUB	p301056	Mascotas/None			OUNONA Casa de Juegos para Gatos con Estilo Veraniego, Estructura Portátil y Diseño de Enfriamiento 
SIN SUB	p301063	Mascotas/None			Casa Tejida de Paja para hámsters y Conejos, escondite Natural para Descanso y Entretenimiento de Ma
SIN SUB	p301074	Mascotas/None			Tienda Plegable para Gatos Cubo Respirables Refugio Seguro y Espacio Ahorro para Interiores y Exteri
SIN SUB	p301075	Mascotas/None			Uonlytech Casa de Campaña Plegable para Perros y Mascotas Cojín Café
SIN SUB	p301076	Mascotas/None			Tienda de campaña plegable y apilable para mascotas, refugio portátil de poliéster ventilado para pe
SIN SUB	p301079	Mascotas/None			Tienda de Campaña Plegable para Gatos, Portátil, de Tela No Tejida
SIN SUB	p301090	Mascotas/None			Tienda de Campaña Azul para Gatos Plegable de Tela No Tejida
SIN SUB	p301091	Mascotas/None			PINNKL Playa para Perros | Sombra automática Head PopUp Canopy
SIN SUB	p301094	Mascotas/None			Rueda Silenciosa para Mascota Pequeña, de Plástico Rosa, para Hámster y Actividad Física en Casa
SIN SUB	p301096	Mascotas/None			Outanaya Cómoda Casa para Hámster y Conejos Pequeña Tienda de Campaña Rosa de Tela Redonda Segura y 
SIN SUB	p301097	Mascotas/None			Cueva de Animales pequeños para hámsteres y jerbos con Tela y cálida, cómoda casa de Descanso para M
SIN SUB	p301100	Mascotas/None			Casa para Hámster Rosa de Plástico, Escondite Adorable para Pequeños
SIN SUB	p301105	Mascotas/None			Genérico Casa De Exterior para Gatos, Refugio para Gatos Resistente
SIN SUB	p301117	Mascotas/None			Conejera Para Conejitos Para Mascotas, Casa Par-a Conejos, Hogar De Paja Natural, Pa-ra Exteriores, 
SIN SUB	p301124	Mascotas/None			Tienda de campaña para mascotas, 70 x 55 x 50 cm, plegable, impermeable, para perros y gatos, refugi
SIN SUB	p301126	Mascotas/None			Casa de Aves, Caja de cría de Aves, Accesorios para Mascotas para Patio, hogar al Aire Libre
SIN SUB	p301128	Mascotas/None			Petmate 290300 - Kit de Viaje para Mascotas
SIN SUB	p301136	Mascotas/None			FILFEEL Casa Plegable para Mascotas de Interior y Exterior para Perros y Gatos Pequeños Medianos con
SIN SUB	p301142	Mascotas/None			Feandrea Manta para Perros, 60 x 45 x 4 cm, Lavable a Máquina
SIN SUB	p301148	Mascotas/None			Casa De Refrigeración Para Gatos, Casa Plegable Para Mascotas Aislada Al Aire Libre Con 8 Bolsas De 
SIN SUB	p301150	Mascotas/None			UKCOCO Tienda de Campaña para Mascotas, Oscurece la Luz, Oxford
SIN SUB	p301157	Mascotas/None			Soporte de Hamaca para Baño de Perro Plegable, Silla de Baño con Eslinga
SIN SUB	p301158	Mascotas/None			House de gatos al aire libre, refugio resistente a la intemperie y con techo impermeable, diseño sin
SIN SUB	p301159	Mascotas/None			Alomejor Toalla Albornoz para Perros, Secado Rápido Ultra Absorbente, Bata de Baño Mascotas, Materia
SIN SUB	p301169	Mascotas/None			Escondite de Conejo Grande con Cortina, Lavable a Máquina, Habitat para Conejos, Hurones, Ratas, Chi
SIN SUB	p301173	Mascotas/None			Niteangel Escondite de cerámica para hámsteres: casa escondite para hámster enano sirio, jerbos, lem
SIN SUB	p301175	Mascotas/None			Fancy Pets Casa Plegable para Perro y/o Gato Colores Surtidos Tamaño Chico
SIN SUB	p301183	Lavadoras/None			Tapete de microfibra para puerta - Tapete suave y afelpado para mascotas para cada habitación de la 
SIN SUB	p301185	Mascotas/None			Chip Microchip Para Mascotas con Placa Inteligente QR Y Chip NFC
SIN SUB	p301209	Mascotas/None			Glitter Girls casa de Juegos para Perros con Chihuahua Lollie
SIN SUB	p301224	Mascotas/None			Parque infantil portátil amarillo para perros, tienda de campaña cerrada plegable para mascotas con 
SIN SUB	p301236	Mascotas/None			Casa refrescante para gatos para el verano | Casa refrescante para gatos
SIN SUB	p301246	Mascotas/None			Hamaca para el Cuidado de Gato y Perros Soporte para Hamaca de Mascotas Plegable Marco de Acero Inox
SIN SUB	p301249	Mascotas/None			Casa refrescante para gatos para el verano | Casa refrescante para gatos
SIN SUB	p301254	Mascotas/None			IRIS USA 61 cm a 99.1 cm Barrera Ajustable para Mascotas Portátil y Expandible, para Cachorros y Per
SIN SUB	p301256	Mascotas/None			Seven Pet 10186 Hamster Cage, Color Azul, 27 x 20.5 x 47 cm
SIN SUB	p301257	Mascotas/None			Pluma para perros, corralito para mascotas, corralitos portátiles para perros, interior al aire últi
SIN SUB	p301264	Mascotas/None			Urna para Fotos de Mascotas – Caja Conmemorativa para Cenizas de Mascotas con Forma de Casa, Hermosa
SIN SUB	p301281	Mascotas/None			Casa refrescante para gatos para el verano | Casa refrescante para gatos
SIN SUB	p301285	Mascotas/None			Feandrea Alfombras Lavables para Perros, Absorbentes, Juego de 2, XL
SIN SUB	p301294	Mascotas/None			Genérico Cooling Dog House - Portable Insulated Comfort Shelter - Indoor Cat House,for Stray Pets Be
SIN SUB	p301296	Mascotas/None			SONGMICS Parque para Mascotas, Valla para Animales Pequeños, 125 x 63 x 42 cm
SIN SUB	p301299	Mascotas/None			Percha de Ventana para Gatos, Hamaca Ventana con 4 Patas Soporta 7kg
SIN SUB	p301303	Mascotas/None			Caja Secadora para Perros Caja de Secado para Mascotas Plegable de Gran Espacio Adecuada para gatos 
SIN SUB	p301311	Mascotas/None			Casa De Exterior para Gatos,Aislamiento Térmico Cueva para Gatitos | Refugio para Gatos De Exterior 
SIN SUB	p301315	Mascotas/None			Caja secadora para perros Caja de secado para mascotas plegable de gran espacio adecuada para gatos 
SIN SUB	p301316	Mascotas/None			Atyhao Hamaca Desmontable para Gatos (Sin Soportes)
SIN SUB	p301317	Mascotas/None			Casa Interior Para Gatos, Casa Plegable Para Mascotas De Felpa Con Almohadi
SIN SUB	p301320	Mascotas/None			Casa exterior para gatos cueva aislante térmico lavable cálido para mascota
SIN SUB	p301340	Mascotas/None			Tienda de Campaña para Gatos Casa Cueva Refrescante Plegable Portátil de
SIN SUB	p301343	Mascotas/None			Yosoo Casa de Enfriamiento para Perros Casera, Casa de Enfriamiento Portátil para Cachorros de Mayor
SIN SUB	p301346	Mascotas/None			Casa Para Cachorros De Interior Plegable, Cueva Para Mascotas De Felpa Con
SIN SUB	p301351	Mascotas/None			Aramox Casa de Enfriamiento para Perros Al Aire Libre, Diseño Práctico, Casa de Enfriamiento Portáti
SIN SUB	p301356	Mascotas/None			Casa de para Gato Modular Plegable Estructura de Fieltro Cómodo con Múltiples Aperturas y Diseño DIY
SIN SUB	p301359	Mascotas/None			Aramox Casa de Enfriamiento de Perros Al Aire Libre Casa de Enfriamiento de Mascotas de Tela Oxford 
SIN SUB	p301362	Mascotas/None			Genérico Tienda Interior De Gatos Casa Mascotas Espaciosa Y Refrescante con
SIN SUB	p301368	Mascotas/None			Casa Refrescante para Mascotas Tienda Plegable Refrescante Gatos y Perros
SIN SUB	p301370	Mascotas/None			Protector for exterior for casa Mascota 72x72x181cm Protector(63.5 * 63.5 * 158cm)
SIN SUB	p301372	Mascotas/None			for exterior for casa Mascota 72x72x181cm Proteccion for exterior(63.5 * 63.5 * 158cm)
SIN SUB	p301377	Mascotas/None			Casa Al Aire Libre para Leopardo, 45 61 32 Cm para Gatos
SIN SUB	p301379	Mascotas/None			Casa Exterior Refrescante para Gatos con 8 Bolsas de Hielo Impermeable
SIN SUB	p301382	Mascotas/None			IRIS USA Barrera Ajustable para Perros 25"-39", Uso Interior, Gris
SIN SUB	p301383	Mascotas/None			Rimax | Casa Hogar Refugio Mascota Perro Ideal Raza Chica Pl?stica
SIN SUB	p301384	Mascotas/None			Rimax | Casa Hogar Refugio Mascota Perro Ideal Raza Chica Plástica Mascota (Verde Oscuro, Pequeño)
SIN SUB	p301387	Mascotas/None			SONGMICS Parque para Mascotas de 2 Niveles, Paneles de Malla Metálica, 125 x 65 x 62 cm, Negro
SIN SUB	p301388	Mascotas/None			Tienda de Campaña para Mascotas Perros y Gatos, Casa Portátil, Plegable y Resistente para Viajes y D
SIN SUB	p301409	Mascotas/None			Bolsa de viaje para perros, bolsa de viaje para mascotas (todos los suministros de viaje para mascot
SIN SUB	p301411	Mascotas/None			Feandrea Manta para Perros, 120 x 75 x 4 cm, Lavable a Máquina
SIN SUB	p301425	Mascotas/None			Mesa de Aseo para Perros en Casa Con 8 Agujeros y Diseño Desmontable
SIN SUB	p301437	Mascotas/None			Tienda de campaña portátil para perros con cojín grueso (M: tamaño se adapta a 9 kg/20 libras (masco
SIN SUB	p301444	Mascotas/None			Tienda Tipi para Perros con cojín, 28 Pulgadas, Lavable
SIN SUB	p301456	Mascotas/None			Refugio para gatos aire libre: casa elevada para mascotas, diseño resistente viento y a la intemperi
SIN SUB	p301468	Mascotas/None			DOACT Inodoro para Perros Pequeños 46.4cm
SIN SUB	p301470	Lavadoras/None			Tapete de microfibra para puerta - Tapete suave y afelpado para mascotas para cada habitación de la 
SIN SUB	p301486	Mascotas/None			Memory Foam: Colchón para Perro o Mascotas Ortopédico Mediano 80x 60cm, Fácil de Lavar, con la Espum
SIN SUB	p301494	Mascotas/None			Urna para Fotos de Mascotas – Caja Conmemorativa para Cenizas de Mascotas con Forma de Casa, Hermosa
SIN SUB	p301498	Mascotas/None			LFFH Tienda de campaña para perros y gatos, tela Oxford con revestimiento de PVC, resistente a la ll
SIN SUB	p301500	Mascotas/None			Bolsa de viaje para perro, bolsa de viaje para mascotas, maletas de fin de semana con cuenco plegabl
SIN SUB	p301507	Mascotas/None			Suck UK Casa de Juego para Gatos Cat Tank
SIN SUB	p301510	Mascotas/None			Furhaven - Tienda de campaña desplegable para Mascotas, Color Azul Marino, Mediano
SIN SUB	p301532	Mascotas/None			K&H PET PRODUCTS Original Cuna elevada para Mascotas para Todas Las Estaciones, Malla marrón Grande,
SIN SUB	p301534	Autos, bicicletas y motos/None			Kit de Ventilador de Ventilación, Extractor de Aire con Energía Solar de 10W y 12V, Ideal para Casas
SIN SUB	p301537	Mascotas/None			Pluma para perros, corralito para mascotas, corralitos portátiles para perros en interiores y exteri
SIN SUB	p301539	Herramientas/None			Masajeador Calmante Para Perros Y Gatos Herramienta Eléctrica Inalámbrica
SIN SUB	p301544	Mascotas/None			Kit para Limpieza de Orina y desechos de Perros y Gatos (Kit Grande Aroma Naranja)
SIN SUB	p301546	Mascotas/None			Accesorio para tienda de campaña para gatos, 1 unidad
SIN SUB	p301548	Mascotas/None			Modoker - Bolsa de viaje para perros, mochila aprobada por aerolíneas para organizador de accesorios
SIN SUB	p301554	Mascotas/None			Pasto Entrenador para Perro con Bandeja, Inodoro Baño Césped Grande
SIN SUB	p301572	Mascotas/None			Refugio para perros de 4 x 4 x 3.3 pies, tienda de campaña para perros al aire última intervensión c
SIN SUB	p301576	Mascotas/None			Toldo para perro, 4 pies x 4 pies x 3.3 pies, para exteriores, refugio para perros grandes, toldo de
SIN SUB	p301605	Mascotas/None			Genérico Dog House Casa Térmica para Perros Chicos Impermeabilizada con Piso Elevado de Madera Aisla
SIN SUB	p301625	Mascotas/None			Castillo de conejo grande y escondites de madera de doble capa con escalera, ajuste sin banda de gom
SIN SUB	p301630	Mascotas/None			YKD Gran Castillo De Conejillo De Indias, Casa De Conejo De Madera Natural con Escalera Y Alimentado
SIN SUB	p301634	Mascotas/None			FILFEEL Casa Plegable para Mascotas de Interior y Exterior para Perros y Gatos Pequeños Medianos con
SIN SUB	p301637	Mascotas/None			VEVOR Casa elevada con calefacción para Gatos, Refugio para Gatos al Aire Libre con Temperatura Ajus
SIN SUB	p301638	Mascotas/None			Genérico Casa Refrigerada De Gatos Condominio Escondite De Mascotas
SIN SUB	p301660	Mascotas/None			Jiawu Casa de Refrigeración para Gatos para Verano con Frescor Duradero, Tela Oxford Resistente a La
SIN SUB	p301673	Mascotas/None			Casa acogedora para perros pequeños, casa de cachorros 2 en 1, tamaño S para gatos y cachorros, roda
SIN SUB	p301721	Mascotas/None			Bolsa de viaje para perros, bolsa de viaje para mascotas (todos los suministros de viaje para mascot
SIN SUB	p301723	Lavadoras/None			Tapete de microfibra para puerta - Tapete suave y afelpado para mascotas para cada habitación de la 
SIN SUB	p301742	Mascotas/None			Feandrea Transportín para Gatos y Perros, Tela Oxford, 81 x 58 x 58 cm
SIN SUB	p301748	Mascotas/None			Fuente de agua inalámbrica para perros de 7.5 l/264 oz/2Gal para perros grandes, acero inoxidable, f
SIN SUB	p301750	Mascotas/None			Niteangel - Laberinto de casa de hámster multicámara: 2 entradas, 6
SIN SUB	p301753	Mascotas/None			Bandera Sanitaria Para Cachorros Paredes Altas Impermeables Para Mascotas
SIN SUB	p301757	Mascotas/None			MidWest iCrate - Caja de metal plegable para perros de 24 pulgadas, color rosa con panel divisor, pi
SIN SUB	p301758	Mascotas/None			Tienda de campaña para gatos 3 en 1 para exteriores, plegable
SIN SUB	p301762	Mascotas/None			Pecute - Mochila expandible para gatos con ventana transpirable
SIN SUB	p301776	Mascotas/None			Casa Premium Amplia para Perro Raza Pequeña Termoplastica Invierno Verano Otoño Exterior Termica Imp
SIN SUB	p301782	Mascotas/None			Refugio Térmico para Mascotas Casa Calefactable Cobertizo Aislado Refugio Exterior con Aberturas con
SIN SUB	p301797	Mascotas/None			Casa de madera para perros ALBAD, refugio desmontable y duradero para mascotas pequeñas, interiores 
SIN SUB	p301804	Mascotas/None			Summertrail Casa y tienda de campaña extra grande para perros, refugio de sombra para perros grandes
SIN SUB	p301811	Mascotas/None			Casa grande e indestructible para gatos en el exterior, extremadamente impermeable y resistente a la
SIN SUB	p301816	Mascotas/None			Casa Mascotas Perros Pequeños con Techo Rejilla para Mascotas con Entrada Arqueada para scanso y Acu
SIN SUB	p301827	Mascotas/None			Genérico Dog House Premium, Casa Térmica para Perros, Impermeabilizada con Piso Elevado de Madera Ai
SIN SUB	p301832	Mascotas/None			Dosckocil (Petmate) DDS25118 Barnhome III Dog House, X-Small, Samba Red/Black
SIN SUB	p301842	Mascotas/None			Tienda Tipi Elegante para Mascotas con Cojín Extraíble, Casa Plegable para Perros Y Gatos con Estruc
SIN SUB	p301850	Mascotas/None			Camas ortopédicas para perros de tamaño extragrande, espuma viscoelástica impermeable XL para mascot
SIN SUB	p301851	Mascotas/None			Sunny CASA IMPORTADA PARA PERRO SUNNY 87.6X63.4X63.8cm
SIN SUB	p301852	Mascotas/None			YYW Carriola Doble Mascotas 4 En 1 Plegable Con 2 Portadores Y Ruedas
SIN SUB	p301860	Mascotas/None			Fancyango - Casa Grande para Perros con Porche al Aire última intervensión para Interiores y Exterio
SIN SUB	p301861	Mascotas/None			Genérico Casa de Invierno para Perros | Casa de Invierno para Mascotas
SIN SUB	p301863	Mascotas/None			Casa Termica para Perro Raza Grande 99 x 84 x 82 CM Exterior e Impermeable Dog House Large Breed San
SIN SUB	p301866	Mascotas/None			Gralara Tienda Campaña para Perros Compacta, Negro
SIN SUB	p301874	Mascotas/None			Caja suave para perros y gatos, portátil, 2 en 1, portador de tubo de doble viaje para todas las mas
SIN SUB	p301884	Mascotas/None			Genérico Cueva para Perros,Cueva para Perros al Aire Libre | Casa para
SIN SUB	p301886	Lavadoras/None			Tapete de microfibra para puerta - Tapete suave y afelpado para mascotas para cada habitación de la 
SIN SUB	p301903	Mascotas/None			Genérico Casa Refrescante para Gato Refugio Portátil y Plegable
SIN SUB	p301931	Mascotas/None			Bote de basura para caca de perro, control de olores en el exterior, de 3.1 galones grande para masc
SIN SUB	p301942	Mascotas/None			Carpas portátiles para mascotas y gatos para exteriores
SIN SUB	p301948	Mascotas/None			Corralito plegable para mascotas, de 59 pulgadas, tienda de campaña para perros con funda de transpo
SIN SUB	p301952	Mascotas/None			Neakasa P1 Pro - Kit de aseo para mascotas y succión al vacío 99% pelo de mascotas, kit de aseo para
SIN SUB	p301964	Mascotas/None			Red de cuerda Red de escalada para mascotas de alta resistencia Cuerda de cáñamo impermeable Red de 
SIN SUB	p301982	Mascotas/None			New Age Pet ecoFLEX - Caja para Mascotas, tamaño Mediano, Color Blanco Envejecido
SIN SUB	p301983	Mascotas/None			Genérico Dog House Premium, Casa Térmica para Perros, Impermeabilizada con Piso Elevado de Madera Ai
SIN SUB	p302001	Mascotas/None			Sunny CASA IMPORTADA PARA PERRO SUNNY 100.4X74.5X76.5cm
SIN SUB	p302004	Mascotas/None			Casa Premium de Lujo para Perro Grande | Plástico HDPE Termoplástica | Resistente y Duradera | Uso E
SIN SUB	p302012	Mascotas/None			Trixie Natura Classic Dog House – Refugio de madera para exteriores con sellador resistente a la int
SIN SUB	p302026	Mascotas/None			Kit Hogar Mascota | Casa Perro Grande PP Resistente + Barrera Seguridad Ajustable Gris | Interior y 
SIN SUB	p302030	Mascotas/None			TRIXIE Pet Products Dog Club House, Pino (Glazed Pine), 33.25 x 32.5 x 22.75 Inch
SIN SUB	p302033	Mascotas/None			Kit Hogar Mascota | Casa Perro Grande PP Resistente + Barrera Seguridad Ajustable Gris | Interior y 
SIN SUB	p302053	Mascotas/None			Genérico Cueva para Perros,Cueva para Perros al Aire Libre | Casa para
SIN SUB	p302055	Mascotas/None			Trixie Pet Products Natura Casa clásica para Perros, Techo Plano con bisagras, Patas Ajustables, Gri
SIN SUB	p302056	Mascotas/None			Baoblaze Entrenador de Baño para Perros Bandeja Sanitaria para Mascotas con Estructura de Tablero y 
SIN SUB	p302065	Mascotas/None			TRIXIE Natura Cottage Dog House | Small
SIN SUB	p302069	Mascotas/None			Jiawu Casa de Refrigeración para Gatos para Verano con Frescor Duradero, Tela Oxford Resistente a La
SIN SUB	p302075	Mascotas/None			Hermosos Gatos en Forma de Oreja Mascotas Terciopelo Lavable Casa Mascota removible semicerrada con 
SIN SUB	p302080	Mascotas/None			Genérico Casa Refrescante para Mascotas Cueva antimordiscos Plegable
SIN SUB	p302088	Mascotas/None			Alberca para Mascotas - Alberca de Fibra de Vidrio Altamente Resistente - Diversión refrescante para
SIN SUB	p302158	Mascotas/None			Parque de juegos transparente de 56 x 37 pulgadas para perros, alivia eficazmente la ansiedad de las
SIN SUB	p302184	Mascotas/None			Camas para perros / gatos interiores y exteriores, camas para mascotas de madera maciza con vallas y
SIN SUB	p302185	Mascotas/None			Mesa de Aseo para Perros, computadora de Secado Grande Ajustable para Mascotas, computadora de baño 
SIN SUB	p302187	Mascotas/None			Red de cuerda Red de escalada para mascotas de alta resistencia Cuerda de cáñamo impermeable Red de 
SIN SUB	p302189	Mascotas/None			Mesa de Aseo para Perros, computadora de Secado Grande Ajustable para Mascotas, computadora de baño 
SIN SUB	p302192	Mascotas/None			Mesa de Aseo para Perros, computadora de Secado Grande Ajustable para Mascotas, computadora de baño 
SIN SUB	p302201	Mascotas/None			TRIXIE Natura Classic Dog House – Exterior, Grande, Resistente a la Intemperie y Techo con bisagras,
SIN SUB	p302202	Mascotas/None			Casa grande para perros resistente a la intemperie con techo extraíble para uso en interiores y exte
SIN SUB	p302208	Mascotas/None			PawHut Conejera de Conejo de 2 Niveles con Techo de Asfalto con bisagras Resistente a la Intemperie,
SIN SUB	p302209	Mascotas/None			Casa Grande para Perros Medianos y Grandes, Aire Última Intervención, Impermeable, Resistente a la I
SIN SUB	p302211	Mascotas/None			ROOMTEC - Mesa de Aseo para Perros de 46 Pulgadas, mesas Plegables de Aseo para Mascotas en casa con
SIN SUB	p302214	Mascotas/None			New Age Pet ecoFLEX - Mesa Auxiliar para Mascotas, Grande, Color Blanco Envejecido
SIN SUB	p302221	Mascotas/None			TRIXIE Pet Products Log Cabin Dog House, Large
SIN SUB	p302244	Mascotas/None			Hermosos Gatos en Forma de Oreja Mascotas Terciopelo Lavable Casa Mascota removible semicerrada con 
SIN SUB	p302258	Mascotas/None			Hermosos Gatos en Forma de Oreja Mascotas Terciopelo Lavable Casa Mascota removible semicerrada con 
SIN SUB	p302322	Mascotas/None			Casa for Mascotas al Aire libreCasa de Madera for mascotasArtículos for mascotasFácil de montarRegal
SIN SUB	p302387	Mascotas/None			Trolley Case de Mascotas Pet Travel Trolley Multi-Función Respirável Portátil Case de Mascotas para 
SIN SUB	p302398	Mascotas/None			Camas para perros / gatos interiores y exteriores, camas para mascotas de madera maciza con vallas y
SIN SUB	p302427	Mascotas/None			Escaleras de Acceso for Perros 4 escalones for Subir a Camas Altas for Gatos y Mascotas en casa o Vi
SIN SUB	p302440	Mascotas/None			PawHut - Estación de alimentación para perros con cuencos elevados, estación de alimentación para ma
SIN SUB	p302442	Mascotas/None			DOGGYHUT® - Remolque y carriola de bicicleta para mascotas de gran tamaño o varios perros pequeños, 
SIN SUB	p302444	Mascotas/None			FXW AuraSpace - Parque Infantil para Perros de Interior para Cachorros y Perros Pequeños, 24 Pulgada
SIN SUB	p302446	Mascotas/None			Red de cuerda Red de escalada para mascotas de alta resistencia Cuerda de cáñamo impermeable Red de 
SIN SUB	p302447	Mascotas/None			Mesa de aseo para perros, computadora de secado grande ajustable para mascotas, computadora de baño 
SIN SUB	p302448	Mascotas/None			DOGGYHUT® S-Line XL - Remolque de bicicleta para mascotas y carriola para perros de hasta 100 libras
SIN SUB	p302455	Mascotas/None			Mesa de Aseo para Perros, computadora de Secado Grande Ajustable para Mascotas, computadora de baño 
SIN SUB	p302486	Mascotas/None			Hermosos Gatos en Forma de Oreja Mascotas Terciopelo Lavable Casa Mascota removible semicerrada con 
SIN SUB	p302494	Mascotas/None			Cojín Cuadrado Plegable multifunción de sofá para Mascotas A Prueba Agua Casa Perro Suave Multiusos
SIN SUB	p302497	Mascotas/None			Cojín Cuadrado Plegable multifunción de sofá para Mascotas A Prueba Agua Casa Perro Suave Multiusos
SIN SUB	p302501	Mascotas/None			Cojín Cuadrado Plegable multifunción de sofá para Mascotas A Prueba Agua Casa Perro Suave Multiusos
SIN SUB	p302512	Mascotas/None			Casa for Mascotas al Aire libreCasa de Madera for mascotasArtículos for mascotasFácil de montarRegal
SIN SUB	p302521	Mascotas/None			Bolsa de excursión Casos Carretilla Mascotas Trolley Transparente Mochila Viaje Doble Uso
SIN SUB	p302524	Mascotas/None			Caja de Casos Carretilla Mascotas Viaje 360 ° Bolsa Transporte Transparente panorámica Capacidad Gra
SIN SUB	p302526	Mascotas/None			Casita para Mascotas Casa for Gatos al Aire Libre, Villa for de Dos Pisos, habitación Interior for, 
SIN SUB	p302903	Televisores/None			Casa for Mascotas for Perros de Estilo Familiar Pesado, casa for, estación televisión, Jaula for for
SIN SUB	p303015	Televisores/None			Jaulas para Perros， Casa for Mascotas for Perros de Estilo Familiar Pesado, casa for, estación telev
SIN SUB	p303022	Televisores/None			Casa for Mascotas for Perros de Estilo Familiar Pesado, casa for, estación televisión, Jaula for for
SIN SUB	p303032	Televisores/None			Casa for mascotas for perros de estilo familiar pesado, casa for perros, estación de televisión, jau
SIN SUB	p303053	Televisores/None			jaula para perros Casa for mascotas for perros de estilo familiar pesado, casa for perros, estación 
SIN SUB	p303080	Televisores/None			Casa for Mascotas for Perros de Estilo Familiar Pesado, casa for, estación televisión, Jaula for for
SIN SUB	p303248	Televisores/None			Jaula para Perros, Casa for Mascotas for Perros de Estilo Familiar Pesado, casa for, estación televi
SIN SUB	p303779	Mascotas/None			Plato Perro Acero Inoxidable 2pcs 30cm Grande
SIN SUB	p303785	Mascotas/None			Tazón para Perros con Bola, Tazón para Lamer con Bola Rodante (Azul)
SIN SUB	p303788	Mascotas/None			2 En 1 Cuenco Plegable para Perro,Cuencos Portátiles De Viaje para Mascotas
SIN SUB	p303805	Mascotas/None			redbeat 2PCS Plato para Lamer para Perros y Gatos, Cuenco Antideslizante
SIN SUB	p303807	Mascotas/None			Genérico Dispensador automático de Comida y Agua para Mascotas 2 en 1 Taza Acero Inoxidable Recipien
SIN SUB	p303811	Mascotas/None			Genérico Feeder Elevado De Acero Inoxidable para Perros Y Gatos Antiderrame
SIN SUB	p303812	Mascotas/None			JIJO Platos Plegables para Perro, Tazones Plegable para Mascotas portátiles
SIN SUB	p303820	Mascotas/None			Cuencos Bajos de Acero Inoxidable para Mascotas, 10 Piezas
SIN SUB	p303822	Mascotas/None			KICHOUSE Soporte Elevado para Cuencos de Perro de Bambú 1 Juego
SIN SUB	p303827	Mascotas/None			LISAPRO 2PCS Platos Plegables para Perro con Tapas, 350ml Cuenco de Viaje para Mascotas, con 2 Mosqu
SIN SUB	p303829	Mascotas/None			Paquete de 3 Cuencos Elevados para Gatos, Tazón De Comida Antivómitos, Cuencos para Gatos Inclinados
SIN SUB	p303830	Mascotas/None			MEISO Cuencos Comida Gatos Alimentador Elevado para Gatos Cuenco Elevado para Gatos Cuenco Cervical 
SIN SUB	p303838	Mascotas/None			Plato de Alimentación Lenta para Perros y Gatos, Silicona Grado Alimenticio, con Ventosa Antidesliza
SIN SUB	p303840	Mascotas/None			Balacoo 10 Unidades Platos para Perros y Gatos de Acero Inoxidable Cuencos Planos para Agua y Comida
SIN SUB	p303847	Mascotas/None			Genérico Cuenco para Perros y Gatos con Base Antideslizante de Acero Inoxidable y Plástico, Diseño R
SIN SUB	p303848	Mascotas/None			Cuenco de viaje sin derrames para mascotas - 35 onzas (1 litro), ideal para perros y gatos ansiosos
SIN SUB	p303851	Mascotas/None			Dog's Friend Tazón para Gato de Plástico Resistente Libre de Bpa
SIN SUB	p303882	Mascotas/None			Genérico Dispensador automático de Comida y Agua para Mascotas 2 en 1 Taza Acero Inoxidable contened
SIN SUB	p303895	Mascotas/None			Fancy Pets Plato Plástico Doble para Perros y Gatos 16 oz, Divisiones Separadas, Ligero y Resistente
SIN SUB	p303906	Mascotas/None			Cuenco elevado para gatos, cuenco elevado de cerámica de 220 ml, blanco
SIN SUB	p303909	Mascotas/None			Cuenco para Mascotas Antideslizante, Cerámica Azul para Gato y Perro
SIN SUB	p303918	Mascotas/None			THJOPOKEEL 2 Cuencos de cerámica para hámster, cobaya y Mascotas pequeñas - Antivuelco, Lavable y Du
SIN SUB	p303922	Mascotas/None			Cuenco de agua para perro de 35 onzas（1 litros），sin derrames，cuenco de agua para mascotas sin goteo，
SIN SUB	p303932	Mascotas/None			Plato Tazón Para Perro Alimentación Lenta Croquetas Y Comida (Azul claro)
SIN SUB	p303935	Mascotas/None			Wolfi Set de 2 Platos para Perro Plegables, Tazones Portátiles para Mascotas, Tazones de Alimentació
SIN SUB	p303937	Mascotas/None			Tazón de gato, tazón de grano de gato duradero de acero inoxidable aumenta la protección del cuello 
SIN SUB	p303940	Mascotas/None			Cuchara Dispensadora de Premios para Mascotas 2026, Multifuncional para Exprimir Alimentos Húmedos c
SIN SUB	p303946	Mascotas/None			Genérico Cuenco para Mascotas de Acero Inoxidable Plegable diseño protección del Cuello Anti-derrame
SIN SUB	p303948	Mascotas/None			Dispensador Comida Mascota 2 Cuencos Ligero 176g(Khaki)
SIN SUB	p303950	Mascotas/None			9 Piezas Juego de Alimentación Biberones para Mascotas Recién Nacidas
SIN SUB	p303952	Mascotas/None			Dispensador automático de comida para perros,Alimentador automático para gatos, Dispensador de agua 
SIN SUB	p303954	Mascotas/None			Genérico Cuenco para Mascotas de Acero Inoxidable Ajustable protección Cervical Resistente a mordida
SIN SUB	p303955	Mascotas/None			Tempaky Cuenco Doble para Coda de Mascotas, Cuenco antiderrames para Coda y Agua para Gatos, Cuenco 
SIN SUB	p303960	Mascotas/None			Tempaky Cuenco Doble para Coda de Mascotas, Cuenco antiderrames para Coda y Agua para Gatos, Cuenco 
SIN SUB	p303962	Mascotas/None			Dispensador Automático de Comida para Gatos Diseño Robusto, De Gran
SIN SUB	p303969	Mascotas/None			Tempaky Cuenco Doble para Coda de Mascotas, Cuenco antiderrames para Coda y Agua para Gatos, Cuenco 
SIN SUB	p303971	Mascotas/None			Cuencos de Alimentación Lenta para Perros, Silicona Sin BPA (Azul)
SIN SUB	p303978	Mascotas/None			2 Tazones para Perro y Gato Acero Inoxidable Antideslizantes Azul
SIN SUB	p303979	Mascotas/None			Tazón de alimentación para Mascotas con Base de Silicona, Bei
SIN SUB	p303980	Mascotas/None			Cuenco Elevado para Mascotas de Acero Inoxidable Anti-Volcamiento Diseño Protección Cervical Desmont
SIN SUB	p303983	Mascotas/None			Ejoyous Alimentador Automático para Mascotas, Dispensador de Agua para Perros, Gatos y Mascotas, Agu
SIN SUB	p303984	Mascotas/None			Genérico Set De 2 Cuencos Acero Inoxidable 304 para Perros con Base
SIN SUB	p303986	Mascotas/None			Cuencos de Alimentación Lenta para Perros, Silicona (Amarillo)
SIN SUB	p303987	Mascotas/None			Cuenco de agua para perros, sin salpicaduras, sin desbordamiento, fuentes de gatos, dispensador de d
SIN SUB	p303989	Mascotas/None			Yaozher Cuencos elevados para Gatos Cuencos elevados para Coda y Agua para Gatos y Perros pequeños, 
SIN SUB	p303991	Mascotas/None			Platos para Perro 2 Unidades de 400 ml Rosa y Verde Claro
SIN SUB	p303992	Mascotas/None			Cuenco Magnético De Pared Para Perros – Cuencos Magnéticos Antiderrames Para Comida Para Perros, Cue
SIN SUB	p303993	Mascotas/None			Platos para Gatos, Tazón para Mascotas, Tazón de Cuenco para Gatos Inoxidable, Material PP, Antidesl
SIN SUB	p303996	Mascotas/None			Cuenco De Comida para Gatos, Cuenco De Agua Elevado De Acero Inoxidable Desmontable para Mascotas, A
SIN SUB	p303997	Mascotas/None			Genérico Doble para Gatos Juego De s Elevados Dobles para Gatos
SIN SUB	p303999	Mascotas/None			Genérico Automático para Perros 2L Gran Capacidad Activado por Pasos
SIN SUB	p304000	Mascotas/None			Cuencos elevados para perros y gatos, material de grado alimenticio de 0/15°, inclinados para alimen
SIN SUB	p304001	Mascotas/None			Cuenco calentado para Mascotas, Gatos, Perros, Cuenco de Agua calentado por USB, Gato de cerámica co
SIN SUB	p304002	Mascotas/None			1 tazón doble para perros y gatos, alimentador de agua para mascotas
SIN SUB	p304003	Mascotas/None			Set de 2 Cuencos para Mascotas de Acero Inoxidable, Rosa
SIN SUB	p304007	Mascotas/None			Contenedor Para Almacenar Pienso De Perros Dispensador De Premios Hermético
SIN SUB	p304008	Mascotas/None			Cuenco De Comida para Gatos, Cuenco De Agua Elevado De Acero Inoxidable Desmontable para Mascotas, A
SIN SUB	p304010	Mascotas/None			Elevado Para Perros Protege La Columna De Las Mascotas, Perro, Mascota,
SIN SUB	p304011	Mascotas/None			Dog's Friend Tazón Antiestres | Plato Lento para Perros | Plato Antiahogo con Laberinto | Mejora Dig
SIN SUB	p304012	Mascotas/None			Tempaky Cuencos elevados para Gatos Cuencos elevados para Coda y Agua para Gatos y Perros pequeños, 
SIN SUB	p304015	Mascotas/None			Tempaky Cuencos elevados para Gatos Cuencos elevados para Coda y Agua para Gatos y Perros pequeños, 
SIN SUB	p304018	Mascotas/None			Genérico Cuenco de Alimento Lento para Mascotas Lamer Multipropósito Perros Alimentos Líquidos y Sól
SIN SUB	p304022	Mascotas/None			Tempaky Cuencos elevados para Gatos Cuencos elevados para Coda y Agua para Gatos y Perros pequeños, 
SIN SUB	p304026	Mascotas/None			Acero Cuenco Inoxidable Montado en Elevado, Plata Perros Pared
SIN SUB	p304027	Mascotas/None			lifcasual Tazón de Comida para Gatos Inclinado de 15 ° para alimentación de Mascotas Tazón básico si
SIN SUB	p304028	Mascotas/None			lifcasual Cuenco de alimentación Lenta portátil para Gatos, Cuenco de alimentación Lenta de Silicona
SIN SUB	p304041	Mascotas/None			SlowTon Cuenco de Cerámicas Antideslizante para Gatos Perros, 3PCS
SIN SUB	p304046	Mascotas/None			Dispensador Automático Comestible para Mascotas Programable con 6 Horarios de Comida Recordatorio Vo
SIN SUB	p304047	Mascotas/None			Cuencos Elevados Mascotas Bambú 3 Platos Cerámica
SIN SUB	p304052	Mascotas/None			VILLCASE Cuencos elevados para Perros y Cachorros estación de alimentación montada en la Pared de Ac
SIN SUB	p304055	Mascotas/None			Spunkyjunky - tazón de cerámica para perros y gatos con soporte de madera antideslizante inferior al
SIN SUB	p304056	Mascotas/None			Soporte elevado para alimentos para gatos, altura ajustable para la estación de alimentación automát
SIN SUB	p304064	Mascotas/None			Tazón de Acero Inoxidable para Perro - 1500ml Antideslizante, Menta
SIN SUB	p304076	Mascotas/None			Paquete de 2 Platos para Perro y Gato de Cerámica Marmolizada con Base de Bambú Estabilizadora (Gris
SIN SUB	p304081	Mascotas/None			STOBAZA Alimentación Lenta para Perros Antideslizante de Acero Inoxidable y Mejorar Digestión en Mas
SIN SUB	p304084	Mascotas/None			ELS PET Cuenco para perros sin derrames, cuenco de agua para mascotas sin goteo, alimentador de agua
SIN SUB	p304086	Mascotas/None			Juego de 2 cuencos de cerámica para perros - Cuenco clásico para comida y agua para perros de razas 
SIN SUB	p304091	Mascotas/None			Platos para Perro Alimentación Lenta y Lick Mat, Plato Gato
SIN SUB	p304093	Mascotas/None			Juego de 2 cuencos de cerámica para perros - Cuenco clásico para comida y agua para perros de razas 
SIN SUB	p304098	Mascotas/None			Platos para Perro Alimentación Lenta y Lick Mat, Plato Gato
SIN SUB	p304106	Mascotas/None			PetLike Ants Away - Cuencos de alimentación para mascotas dobles para agua y alimentos, 6 tazas/40 o
SIN SUB	p304111	Mascotas/None			Soporte para Platos de Perro Colgante de Pared, Acero Inoxidable, 2 Juegos
SIN SUB	p304113	Mascotas/None			Cuenco Doble para Mascotas con Lazo de Mariposa, Juego de Platos de Agua para Comida para Perros y G
SIN SUB	p304142	Mascotas/None			Tazón y Plato Personalizados con Nombre para Perros y Gatos
SIN SUB	p304160	Mascotas/None			Cuenco Cerámico Antideslizante para Perros y Gatos, Azul
SIN SUB	p304164	Mascotas/None			tazón de cerámica para perros, alimentador lento de 1.5 tazas para mascotas de raza pequeña y media,
SIN SUB	p304169	Mascotas/None			Fomiyes TazóN De Comida para Perros Plato De CeráMica para Mascotas Agua Cuencos para Perros para Ga
SIN SUB	p304212	Mascotas/None			Everyyay Petco Brand - Tazón de Cerámica para Perro, 3.75 Tazas, Mediano, Color Blanco Roto
SIN SUB	p304219	Mascotas/None			Contenedor para Croquetas Hermético Plegable,Almacenamiento de Comida para Perros Plegable, Bote par
SIN SUB	p304228	Mascotas/None			Soporte ergonómico ajustable para cuenco para perros alto con base antides
SIN SUB	p304230	Mascotas/None			GLOGLOW Plato Térmico de Acero Inoxidable 304 para Gatos Verde
SIN SUB	p304232	Mascotas/None			Alimentadores automáticos, alimentador automático de Mascotas 24 Horas retener la frescura del alime
SIN SUB	p304234	Mascotas/None			Estink Cuencos para Perros Cuencos Elevados para Perros Soporte de Plástico Doble para 42,5 X 23 Cm 
SIN SUB	p304237	Mascotas/None			Tazón De Alimentación Lenta Para Gatos Y Perros Pequeños, Tazón Para Mascotas De Alimentación Lenta,
SIN SUB	p304247	Mascotas/None			Cuencos Dobles para Mascotas, Aptos para Lavavajillas, Cuencos de Agua para Alimentos para Mascotas 
SIN SUB	p304251	Mascotas/None			Cuenco de acero inoxidable para perros de 8 piezas, cuenco apilable para mascotas de 7 oz con base d
SIN SUB	p304254	Mascotas/None			Yosoo Cuenco de Cerámica Elevado para Gatos, Diseño Poco Profundo
SIN SUB	p304257	Mascotas/None			Cuenco Refrescante Para Perros - Cuenco De Alimentación De Agua Para Perros
SIN SUB	p304258	Mascotas/None			10 cuencos de acero inoxidable para perros con base de goma antideslizante, cuencos de metal para ma
SIN SUB	p304260	Mascotas/None			Cuencos para Perros de Alimentación Lenta, 2 en 1, Cuenco de Metal de Acero Inoxidable, Capacidad pa
SIN SUB	p304268	Mascotas/None			2pk Platos para Gato, Plato Ceramica Gato, cuencos elevados para gatos, Ángulo de Inclinación de 15°
SIN SUB	p304274	Mascotas/None			Tazón flotante para mascotas, bebedor de agua, no mojado, salpica la boca, tazón de agua, no rociado
SIN SUB	p304280	Mascotas/None			Automatic Pet Bowl - Smart Sensor Feeding Station, Smart Sensor Pet Food Bowl with Automatic Lid, Ke
SIN SUB	p304281	Mascotas/None			zolyet Cuencos para Perros de Acero Inoxidable Alta Resistencia con Base Goma Resistentes a mordedur
SIN SUB	p304282	Mascotas/None			Dispensador De para Perros - Alimentador De Alimentos para Gatos
SIN SUB	p304284	Mascotas/None			Cuencos para perros, paquete de 2 cuencos de acero inoxidable de 1,6 l de alta capacidad para perros
SIN SUB	p304285	Mascotas/None			tazón agua para gatos | tazón agua para gatos 2 L – Alimentador agua lenta tazón para perros antides
SIN SUB	p304286	Mascotas/None			GLOGLOW Tazón Calentador para Mascotas de Acero Inoxidable y ABS, Plato Térmico para Perros y Gatos 
SIN SUB	p304287	Mascotas/None			Protectores De Cuello De Gran Capacidad Alimentación Perros Tazón Agua Lindo Tazón Mascota Cuenco Ma
SIN SUB	p304289	Mascotas/None			Genérico Automático para Gatos Dispensador 2 en 1 Comida Agua Temporizado
SIN SUB	p304292	Mascotas/None			Cuencos De Agua Y Comida para Mascotas De Acero Inoxidable Dobles Extraíbles con Base Antivuelco Y D
SIN SUB	p304293	Mascotas/None			Tazón de agua sin derrames para perros, dispensador de platos de agua lenta de acero inoxidable gran
SIN SUB	p304294	Mascotas/None			Alimentador automático para mascotas y regadera desmontable para gatos, tazón antivuelco, fuente de 
SIN SUB	p304295	Mascotas/None			12 Tazones Metálicos para Perros de 1,7 L (64 Oz) de Capacidad, para Comida Y Agua, para Perros Y Ga
SIN SUB	p304296	Mascotas/None			Tazón de alimentación para mascotas Tazón de comida para perros Perros pequeños Comida para gatos Di
SIN SUB	p304301	Mascotas/None			Calentador de Comida para Mascotas, Cuenco de Agua para Calentar
SIN SUB	p304304	Mascotas/None			Cuenco de comida para mascotas, pequeño alimentador de alimentos para perros, cuenco de agua para al
SIN SUB	p304310	Mascotas/None			Perros extraíbles para Perros: tazón de Comida de Doble Animal, tazones de
SIN SUB	p304313	Mascotas/None			Dogit Tazón Elevado para Perro, Cuenco de Acero Inoxidable para Comida y Agua para Perros Grandes, B
SIN SUB	p304318	Mascotas/None			SUPERTRUST Dispensador para Perro y Gato, Alimentador Automático para Perros y Gatos, Gran Capacidad
SIN SUB	p304336	Mascotas/None			POCREATION Soporte Ajustable para Tazones de Mascotas, Alimentador Elevado de Comida y Agua para Per
SIN SUB	p304355	Mascotas/None			Tnfeeon Dispensador de Agua Mascotas, Altura Ajustable Antideslizante
SIN SUB	p304360	Mascotas/None			Alimentador automático para gatos, alimentador automático con pilas, 4 comidas con 2 paquetes de hie
SIN SUB	p304369	Mascotas/None			Alimentador Automático para Mascotas, Apertura de Tapa con Sensor de Infrarrojos, Alimentador Inteli
SIN SUB	p304373	Mascotas/None			Alimentador de Gato Automático, Sensor de Infrarrojo Inalámbrico Sensible Flip Top Cat Food Bowl, Se
SIN SUB	p304376	Mascotas/None			Dispensador automático de agua para perros con tazón de acero inoxidable para mascotas con gravedad 
SIN SUB	p304379	Mascotas/None			Juego de 3 Cuencos Antideslizantes para Mascotas, de Acero
SIN SUB	p304527	Mascotas/None			Sanpyl Cuenco Dispensador de Agua para Mascotas, 2 en 1, 1500 Ml, Multifuncional, Desmontable, Ajust
SIN SUB	p304541	Mascotas/None			STANLEY Pet Bowl Black 710ml - Tazón para Mascotas de Acero Inoxidable
SIN SUB	p304549	Mascotas/None			Alimentador automático de gravedad galvanizada para perros con una pala de alimentación de acero ino
SIN SUB	p304551	Mascotas/None			Alimentador para perros – Alimentador de mascotas de 25 libras de alta resistencia automático para c
SIN SUB	p304552	Cámaras y fotografía/None			Comedero automático para Gatos con cámara bidireccional de vídeo/Audio, WiFi 5G, 5L
SIN SUB	p304774	Mascotas/None			Gamma2 Vittles Vault - Alimentador Elevado para Perros con Almacenamiento, Fabricado en Estados Unid
SIN SUB	p304775	Cámaras y fotografía/None			EASYTAO Alimentador Automático con 3MP Camara para Perros y Gatos, 2.4Ghz WiFi Comedero Inteligente,
SIN SUB	p304776	Mascotas/None			PETKIT Alimentador Automático para Gatos, Alimentador Automático para Perros 2.4G WiFi con Impulsor 
SIN SUB	p304779	Mascotas/None			Alimentador automático RFID para gatos para hogares multimascotas, alimentador selectivo de microchi
SIN SUB	p304780	Mascotas/None			Alimentador automático de alimentos húmedos para gatos con refrigeración, refrigeración semiconducto
SIN SUB	p304783	Mascotas/None			New Age Pet ecoFLEX Piamonte para Mascotas con Almacenamiento, Color Blanco Antiguo, Grande (EHHF304
SIN SUB	p305050	Mascotas/None			Hill's Science Diet Indoor Croquetas para Gato Adulto Sabor Pollo 7Kg | Croquetas Hill's para gato, 
SIN SUB	p305051	Mascotas/None			Hill's Science Diet Perfect Weight Croquetas para Gato Adulto Pollo 6.8Kg | Croquetas Hill's para ga
SIN SUB	p305052	Mascotas/None			Hill's Science Diet Croquetas para Gato con Multiples Beneficios Adulto 7Kg | Croquetas Hill's para 
SIN SUB	p305054	Mascotas/None			PETLIBRO - Alimentador automático RFID para Gatos, 5G Wi-Fi automático para Mascotas, 3L alimentador
SIN SUB	p305058	Cámaras y fotografía/None			Alimentador automático para gatos con cámara, dispensador de comida y agua
SIN SUB	p305063	Mascotas/None			MiBowl - Alimentador automático con microchip para mascotas con disco de identificación incluido, pa
SIN SUB	p305066	Mascotas/None			PETMATE 24232 Aspen Pet LeBistro - Alimentador de Mascotas con Control Programable de Porciones, Neg
SIN SUB	p305067	Mascotas/None			PETLIBRO Alimentador automático para Gatos
SIN SUB	p305073	Mascotas/None			PETLIBRO - Alimentador automático para Gatos con báscula Inteligente, dispensador automático de Comi
SIN SUB	p305074	Mascotas/None			Sure Petcare - SureFeed - Cuenco para Mascotas Sellado Activado por Movimiento, no Activado por Micr
SIN SUB	p305082	Cámaras y fotografía/None			Alimentador automático para perros con cámara WiFi: 33 tazas 5G Control de aplicación Fácil Configur
SIN SUB	p305084	Cámaras y fotografía/None			Comedero automático para Mascotas con cámara, Apto para Gatos y Perros, programable.
SIN SUB	p305085	Cámaras y fotografía/None			Comedero automático para Mascotas con cámara, Apto para Gatos y Perros, programable.
SIN SUB	p305089	Cámaras y fotografía/None			Comedero automático para Mascotas con cámara, alimentación temporizada, grabación de vídeo, dispensa
SIN SUB	p305109	Mascotas/None			Eyenimal NGDISCRO003 - Alimentador electrónico para Mascotas
SIN SUB	p305184	Cámaras y fotografía/None			Comedero automático for Perros con cámara y vídeo, dispensador de Comida for Mascotas, aplicación In
SIN SUB	p305193	Mascotas/None			Alimentador automático para Gatos y Perros 5G WiFi con Control por App 4L Mascotas de Comida Seca Al
SIN SUB	p305194	Mascotas/None			Phoenix 185102WE Mosi - Muebles de alimentación para Mascotas
SIN SUB	p305195	Mascotas/None			Alimentadores automáticos Alimentador inteligente de mascotas con temporizador automático y aplicaci
SIN SUB	p305198	Mascotas/None			Genérico Alimentador autom Tico para Gatos y Perros 4L Mascotas con Comida Seca Control App WiFi 5G 
SIN SUB	p305201	Mascotas/None			Alimentador automático Inteligente para Mascotas con Temporizador de grabación Voz, tazón Acero Inox
SIN SUB	p305206	Mascotas/None			Alimentador Automático para Mascotas, Comida Húmeda 6 Y Alimento Seco Automático Dispensador para Pe
SIN SUB	p305210	Mascotas/None			Alimentadores automáticos Alimentador inteligente for mascotas de 5L, dispensador automático de alim
SIN SUB	p305213	Mascotas/None			Cuenco para Perros, dispensador de Agua, Almacenamiento automático, Antideslizante, Cuencos Dobles p
SIN SUB	p305214	Mascotas/None			Beyamis Alimentador autom Tico para Mascotas Gato Perro 5G Control por App 4L Comida Seca con alarma
SIN SUB	p305218	Mascotas/None			Genérico Alimentador autom Tico para Mascotas Gatos y Perros con Control por App WiFi 5G 4L de Comid
SIN SUB	p305219	Mascotas/None			Alimentadores automáticos Alimentador de mascotas con aplicación inteligente, dispensador automático
SIN SUB	p305220	Mascotas/None			Alimentadores automáticos Alimentador automático for gatos, alimentador de mascotas de gran capacida
SIN SUB	p305221	Mascotas/None			Alimentador De Mascotas para Gatos Y Perros - Dispensador Automático De Alimentos Secos De 5,5 L De 
SIN SUB	p305224	Mascotas/None			Cuenco colgante para mascotas, cuenco para perros de 3 tamaños, plato de comedor, plato colgante de 
SIN SUB	p305229	Mascotas/None			Alimentadores automáticos Alimentador automático for mascotas de gran capacidad de 6L, grabadora de 
SIN SUB	p305239	Mascotas/None			Juego de dispensadores de agua sin enchufar para mascotas, alimentador automático de gravedad para g
SIN SUB	p305241	Mascotas/None			Alimentador de Mascotas Auto-dispensador - Calidad Premium Duradera Gravedad Auto-dispensadora 3.8L 
SIN SUB	p305242	Mascotas/None			Alimentador Inteligente para Mascotas 7L con Control De Aplicación, Alimentador Automático ABS para 
SIN SUB	p305245	Mascotas/None			Pets Automatic Water Feeder for Cat Dog Drinking Bowl Pet Food Dispenser Bottle Practical Cats and F
SIN SUB	p305249	Mascotas/None			Dispensador de Agua para Mascotas Automatic Pet Feeder Waterer Cat Dog Food Bowl Water Dispenser Lar
SIN SUB	p305250	Mascotas/None			Cuenco for Perros y Gatos con Soporte de Madera, antiderrames, cerámica, for Comida Agua, for pequeñ
SIN SUB	p305251	Mascotas/None			Cuenco Doble Antideslizante para Perros con Soporte, Cuenco de Agua para alimentación Mascotas para 
SIN SUB	p305252	Mascotas/None			Cuenco Doble Antideslizante para Perros con Soporte, Cuenco de Agua para alimentación Mascotas para 
SIN SUB	p305253	Mascotas/None			Cuencos Dobles duraderos para Mascotas de Acero Inoxidable, alimentador para Perros y Gatos, Cuenco 
SIN SUB	p305256	Mascotas/None			Cuenco de cerámica para Mascotas con diseño Pato al RAS Divertido, fácil Limpiar y Proteger la Colum
SIN SUB	p305257	Mascotas/None			Perro Mascota alimentación Lenta Proteger la Columna Vertebral Agua Cuenco de Comida protección Cuid
SIN SUB	p305258	Mascotas/None			Cuenco for Perros de Mascotas Altura elevada Ajustable Alimentos bambú y Bandeja Agua Soporte Madera
SIN SUB	p305259	Mascotas/None			Gato tazones de Las Mascotas Mesa con Soporte Madera levantó la Cuesta elevados Cuencos for Oblicuo 
SIN SUB	p305260	Mascotas/None			Cuenco de tazón Gatos Dobles con Altura Ajustable elevada Soporte for Mascotas for for Perros Perro 
SIN SUB	p305261	Mascotas/None			Dispensador de Agua para Mascotas Corner Dog Bowl Pet Automatic Feeder Cat Drinking For Water Feedin
SIN SUB	p305263	Mascotas/None			Cuenco para Mascotas de plástico para Cachorros, para Beber Agua, alimentador, Suministros alimentac
SIN SUB	p305265	Mascotas/None			Dispensador de Agua para Mascotas Automatic Pet Feeder Cat Drinker Bowl 3.8L Large Capacity Water Di
SIN SUB	p305266	Mascotas/None			Alimentador automático de gravedad para 2 perros de 45 libras, dispensador de comida para perros de 
SIN SUB	p305267	Mascotas/None			Automatic Cat Feeder, alimentador automático de Mascotas Smart Intelligent Dogs Cat Timing Alimentad
SIN SUB	p305268	Mascotas/None			Alimentadores automáticos Alimentador de mascotas, dispensador de mascotas for gatos y perros, sumin
SIN SUB	p305270	Mascotas/None			PETLIBRO - Alimentador automático para Gatos con tazón de Acero Inoxidable
SIN SUB	p305273	Mascotas/None			Beyamis Alimentador autom Tico para Gatos y Perros con 4L de Comida Seca Control por App 5G alarmas 
SIN SUB	p305274	Mascotas/None			BBAUER Dispensador de Agua for Mascotas Pet Gravity Waterer - Dispensador de Agua de Recarga automát
SIN SUB	p305277	Mascotas/None			Neater Feeder - Modelo de Lujo - Cuencos para Perros a Prueba de desastres (Grandes, arándano), Fabr
SIN SUB	p305280	Mascotas/None			Alimentador automático para perros de 16,1 L para alimentador grande de acero inoxidable para mascot
SIN SUB	p305281	Mascotas/None			Alimentador automático de microchip RFID para mascotas, para gatos y perros pequeños, 16 tazas, comp
SIN SUB	p305289	Mascotas/None			Weathertech - Sistema de alimentación Doble Alto para Mascotas, Cuencos elevados para Perros y Gatos
SIN SUB	p305291	Mascotas/None			Fabricante de alimentos para mascotas para perros y gatos, cocina
SIN SUB	p305294	Cámaras y fotografía/None			Comedero Inteligente para Mascotas con cámara y WiFi, comedero automático de 3,7 litros.
SIN SUB	p305296	Cámaras y fotografía/None			Comedero Inteligente para Mascotas con cámara y WiFi, dispensador automático de Comida para Gatos y 
SIN SUB	p305329	Mascotas/None			El Feeder y Perro Criado tazón de Mascota pequeño a Mediano Gatos Perros del Perrito la estación a o
SIN SUB	p305339	Mascotas/None			Cuencos Dobles elevados Antideslizantes para Perros, alimentador de alimentación Mascotas Altura Aju
SIN SUB	p305346	Mascotas/None			Dispensador de Agua para Mascotas Ultra Quiet Cat Water Fountain with Wireless Pump for Cats and Dog
SIN SUB	p305351	Mascotas/None			Teaser automático for Gatos con Gota de Agua, contenedor de Agua de 600 ml de Capacidad, Filtro Lava
SIN SUB	p305352	Cámaras y fotografía/None			Comederos automáticos para Gatos Cámara Alimentador Temporización Inteligente Automático Gato Perro 
SIN SUB	p305358	Mascotas/None			Cuenco para Perros Soporte para Marco Alimentador para Mascotas Cuencos de Agua Acero Inoxidable par
SIN SUB	p305363	Mascotas/None			Pelletizador Eléctrico De Alimentos para Mascotas, Máquina De Alimentación para Perros Y Gatos, Pote
SIN SUB	p305364	Mascotas/None			Cuenco para Perros Soporte para Marco Alimentador para Mascotas Cuencos de Agua Acero Inoxidable par
SIN SUB	p305366	Mascotas/None			Contenedor de almacenamiento de alimentos for mascotas, estación de alimentación for perros y gatos,
SIN SUB	p305370	Mascotas/None			Cuenco Doble Antideslizante para Gatos, Cuenco para Perros, pies Altos, de Agua para alimentación Ma
SIN SUB	p305373	Autos, bicicletas y motos/None			Bandeja de goteo de acero inoxidable para aire acondicionado, a prueba de condensación, para unidade
SIN SUB	p305376	Mascotas/None			Alimentador Automático para Gatos De 11 L, Dispensador Automático De Alimentos para Perros, Alimenta
SIN SUB	p305377	Mascotas/None			Dispensador de Agua for Mascotas, Fuente for Gatos, Fuente higiénica y Saludable, súper silenciosa, 
SIN SUB	p305378	Mascotas/None			Alimentador De Mascotas Dispensador Automático De Alimentos 4.5L para Gatos Y Perros, Alimentador In
SIN SUB	p305381	Mascotas/None			Perro comiendo Bwl, Diseño de patas antideslizantes Acero inoxidable Comida para mascotas Titular de
SIN SUB	p305382	Mascotas/None			Alimentador Automático Para Gatos, Dispensador Automático De Alimentos Secos Para Mascotas De 10 L C
SIN SUB	p305384	Mascotas/None			Dispensador de agua for mascotas, dispensador de agua saludable for mascotas, dispensador de agua fo
SIN SUB	p305386	Mascotas/None			Dispensador De Comida Automático Inteligente para Mascotas De 10 L para Gatos, Perros, Conejos Y Ani
SIN SUB	p305387	Mascotas/None			Dispensador de Agua for Mascotas Lavabo dispensador de Agua, Dispensador de Agua Gris, Diseño de Dob
SIN SUB	p305388	Mascotas/None			Alimentadores automáticos Alimentador inteligente for mascotas con for teléfono móvil de 4L, dispens
SIN SUB	p305389	Mascotas/None			GeRRiT Dispensador de Agua for Mascotas, dispensador de Agua de circulación automática, dispensador 
SIN SUB	p305390	Mascotas/None			Dispensador automático de alimentos para gatos, 2 paquetes de 5 L, alimentador automático para perro
SIN SUB	p305391	Mascotas/None			HB1 Recipiente para Comida para Perros y Mascotas de Gran Capacidad, Recipiente para Cocina, Cubo, a
SIN SUB	p305393	Mascotas/None			GeRRiT Suministros for Mascotas, dispensador de Agua eléctrico for Gatos, Cuenco de Agua automático,
SIN SUB	p305394	Mascotas/None			Suministros para Mascotas Dispensador de Agua eléctrica Cat Cuenco de Agua automático Dispensador de
SIN SUB	p305395	Mascotas/None			Alimentadores automáticos Alimentador inteligente for mascotas Alimentador automático for gatos Sumi
SIN SUB	p305396	Mascotas/None			Alimentadores automáticos Alimentador inteligente for mascotas Alimentador automático for gatos Sumi
SIN SUB	p305397	Mascotas/None			Alimentadores automáticos Alimentador automático for mascotas de gran capacidad, grabadora de voz in
SIN SUB	p305398	Mascotas/None			Cuenco de Agua Potable for Perros, Cuenco Flotante Que no Moja la Boca, Cuenco for Gatos sin derrame
SIN SUB	p305399	Mascotas/None			GeRRiT Fuente de Agua de cerámica for Gatos, dispensador de Agua automático súper silencioso for Mas
SIN SUB	p305400	Mascotas/None			Dispensador de Agua del Gato de la Fuente de Mascotas - Fuente de Bebida Sana e higiénica Super, Per
SIN SUB	p305401	Mascotas/None			GeRRiT Fuente automática for Gatos de 1,8l, dispensador de Agua for Mascotas, alimentador LED for Pe
SIN SUB	p305402	Mascotas/None			Cuencos for Perros y Mascotas, Cuenco Flotante for no mojar la Boca, Cuenco for Gatos, alimentador d
SIN SUB	p305405	Mascotas/None			Pets Automatic Water Feeder for Cat Dog Drinking Bowl Pet Food Dispenser Bottle l Cats and Feeding T
SIN SUB	p305407	Mascotas/None			Moretti - Cena elevada para Perros, 12 Pulgadas, 3 Cuartos de galón, Color Negro
SIN SUB	p305409	Mascotas/None			GeRRiT Fuente de Agua de cerámica for Gatos, Cuencos ultrasilenciosos for Beber for Mascotas, dispen
SIN SUB	p305410	Mascotas/None			Dispensador automático de Agua for Mascotas de 1,6 l, dispensador de Agua Potable de Flujo automátic
SIN SUB	p305412	Mascotas/None			Tazón de Fuente de alimentación automática for Mascotas, antivuelco, Protege la Columna Cervical, Ev
SIN SUB	p305414	Mascotas/None			GeRRiT Fuente de agua de cerámica for gatos, Dispensador de bebidas for mascotas con circulación aut
SIN SUB	p305417	Mascotas/None			Alimentador automático for mascotas, alimentación remota con vídeo, tazón doble for gatos, temporiza
SIN SUB	p305419	Mascotas/None			Tazón for Mascotas, alimentador automático, tazón de Comida for Perros con dispensador de Agua, tazó
SIN SUB	p305421	Mascotas/None			Botella for Beber for Mascotas Fuente for Beber automática for Mascotas, Fuente for Beber con Botell
SIN SUB	p305422	Mascotas/None			Dispensador de Agua eléctrico automático for Mascotas, Fuente de Enchufe, tazón for Beber silencioso
SIN SUB	p305424	Mascotas/None			Dispensador de agua for mascotas, dispensador de agua saludable for mascotas, dispensador de agua de
SIN SUB	p305428	Mascotas/None			Contenedor De Almacenamiento De Comida para Mascotas con Cuenco De Acero Inoxidable, Contenedor De G
SIN SUB	p305431	Mascotas/None			Contenedor De Almacenamiento De Comida para Mascotas con Cuenco De Acero Inoxidable, Contenedor De G
SIN SUB	p305438	Mascotas/None			Fabricante automático de Alimentos para Mascotas, procesador Integrado de Alimentos para Mascotas co
SIN SUB	p305443	Mascotas/None			Cuencos para alimentos y agua para gatos, dispensador de agua, almacenamiento automático de agua, re
SIN SUB	p305444	Mascotas/None			Cuencos para alimentos y agua para gatos, dispensador de agua, almacenamiento automático de agua, re
SIN SUB	p305447	Mascotas/None			Cuencos de Gato elevados, Alimentos para Gatos elevados y Cuenco de Agua para Mascotas para Gatos y 
SIN SUB	p305449	Mascotas/None			Alimentador automático Inteligente for Mascotas, Comida for Gatos, aplicación de Comida for Perros, 
SIN SUB	p305450	Mascotas/None			Circulación de Agua Viva Dispensador de Agua para Mascotas Universal para Gatos y Perros 3.7L Agua P
SIN SUB	p305451	Mascotas/None			Pet Automático Dispensador de Agua Filtro Gato y Perro Alimentador Beber Cuenca, para Waterer Cat, P
SIN SUB	p305456	Mascotas/None			Alimentador automático for mascotas, alimentación remota con vídeo, tazón doble for gatos, temporiza
SIN SUB	p305457	Mascotas/None			HB1 Almacenamiento de Comida para Perros Mascota Cubo de Comida Caja de bocadillos para Perros sella
SIN SUB	p305458	Mascotas/None			Alimentador automático for Mascotas, alimentación remota con vídeo, tazón Doble for Gatos, Temporiza
SIN SUB	p305473	Mascotas/None			Escondite de rodar cuevas para erizo, hámster, cobaya, conejo, casa cálida (gris, negro)
SIN SUB	p305480	Mascotas/None			Gato Consentido - Foam Limpieza en Seco para Gato, Sin Enjuague, 150ml
SIN SUB	p305507	Mascotas/None			ORFOFE Casa de Algodón para Hámsters Cálida y Cómoda, Bola Creativa
SIN SUB	p305537	Mascotas/None			Tienda de Campaña Plegable para Gatos, Casa Azul de Tela No Tejida
SIN SUB	p305539	Mascotas/None			Tienda de Campaña Plegable Azul, para Gatos y Mascotas
SIN SUB	p305546	Mascotas/None			Saco de dormir para mascotas: 1 bolsa de dormir para mascotas para colgar en invierno, para hámster,
SIN SUB	p305572	Mascotas/None			Tienda de Campaña para Mascotas Plegable de Tela No Tejida, Diseño Cuadrado Fácil de Transportar, Ad
SIN SUB	p305577	Mascotas/None			Genérico Tienda de Campaña Plegable para Gatos de Tela No Tejida Azul
SIN SUB	p305581	Mascotas/None			Hemoton Baño para Hámster de 2 Piezas, Plástico, Diseño Abierto, Fácil de Limpiar, con Pala, para Ca
SIN SUB	p305597	Mascotas/None			Angoily Campanas de Entrenamiendo para Perros y Gatos, Timbres Interactivos de Plástico, Tamaño Comp
SIN SUB	p305598	Mascotas/None			BESPORTBLE Caja De Conejo Caja De Bocadillos Comida De Mascotas Contenedor Hogar Contenedor De Golos
SIN SUB	p305605	Mascotas/None			COLLBATH Cuchara Medidora para Comida De Mascotas Cuchara para Perros y Gatos Utensilios Comida con 
SIN SUB	p305614	Mascotas/None			Balacoo Peine para Mascotas Diseño de Rastrillo Peine de Aseo para Perros y Gatos Cuidado del Pelaje
SIN SUB	p305615	Mascotas/None			Lazos para el Pelo de Mascotas, Lazos para el Pelo de Gato Resistentes Al Desgaste Duraderos, para P
SIN SUB	p305616	Mascotas/None			Hemoton Cuchara para Comida De Gatos Pequeña De Plástico Espátula para Mascotas Casa Cuchara Medidor
SIN SUB	p305617	Mascotas/None			Balacoo Peine Depilatorio Para Gatos Herramienta De Doble Cara Para Quitar El Pelo De Perros y Gatos
SIN SUB	p305619	Mascotas/None			CLISPEED Tienda de Campaña para Gatos Plegable y Portátil de Tela No Tejida
SIN SUB	p305621	Mascotas/None			Timbre para Perros y Gatos para Entrenamiento, Pulsador Portátil De Plástico, Color Naranja, Herrami
SIN SUB	p305630	Mascotas/None			BESPORTBLE Toalla para Perros de Fibra, Súper Absorbente y Gruesa, Plegable, para Baño y Secado de M
SIN SUB	p305632	Mascotas/None			BESPORTBLE Peine para Perros Diseño de Rastrillo Peine de Aseo para Gatos Cuidado de Mascotas Casa S
SIN SUB	p305634	Mascotas/None			Garneck Cuchara para Comida De Mascotas con Mango Ergonómico Cuchara Medidora De Acero Inoxidable pa
SIN SUB	p305635	Mascotas/None			YARNOW Urnas para Mascotas De Cerámica Urnas Pequeñas para Cenizas De Gatos y Perros para Mascotas C
SIN SUB	p305646	Mascotas/None			BESPORTBLE Baño para Hámster y Fácil de Limpiar 2 Piezas de Plástico con Pala, Diseño Abierto Color 
SIN SUB	p305650	Mascotas/None			UKCOCO Urna para Mascotas De Urna Funeraria para Cenizas De Perro para Guardar Recuerdos De Mascotas
SIN SUB	p305681	Mascotas/None			Dispensador Automático de Agua para Perros, Plástico Verde, 500ml, Portátil, Tazón para Beber, Adecu
SIN SUB	p305694	Mascotas/None			Hemoton 16piezas De Cabeza De Mascota con Gomas Elásticas Bonitos y Elegantes Accesorios Pelo con La
SIN SUB	p305696	Mascotas/None			TOYANDONA Cuchara Para Comida De Mascotas De Acero Inoxidable Con Clip De Sellado Cuchara Medidora P
SIN SUB	p305698	Mascotas/None			MERRYHAPY Peine Mango Ergonómico para Perros y Gatos y Material Pp Varios estilos Herramienta de Ase
SIN SUB	p305700	Mascotas/None			Kisangel Casa de Hámster Escondite Marrón de Madera y Abs para Mascota
SIN SUB	p305703	Mascotas/None			Cuenco de Agua para Perros sin Derrames 1.2L/40oz, Acero Inoxidable con Disco Flotante, AntiSalpicad
SIN SUB	p305708	Mascotas/None			Levemolo Casa para Hámster y Chinchilla Cómoda y Cálida, Fácil de Limpiar
SIN SUB	p305709	Mascotas/None			GALPADA Casa de Hámster Canvas, Cómoda y Cálida, Lavable a Máquina
SIN SUB	p305713	Mascotas/None			2 Urna para Mascotas contenedor, Caja de Recuerdo de Pelo de Mascotas, Urna Conmemorativa para Ceniz
SIN SUB	p305715	Mascotas/None			Genérico Disfraces de Halloween para Gatos Traje Cómodo Ajustable de Araña
SIN SUB	p305716	Mascotas/None			Co-bios Control De Olores 5l Neutro Para Mascotas
SIN SUB	p305732	Mascotas/None			Aditivo para el Aliento del Perro en el Agua, 200 ml Solución de Enjuague Bucal para Mascotas, Remov
SIN SUB	p305738	Mascotas/None			Extractor de pelo de orejas/nariz para mascotas, recto y curvo, totalmente dentado, acero inoxidable
SIN SUB	p305739	Mascotas/None			Poo-Pourri Pet-Pourri Aromatizante Antiolores de Mascota 472 ml
SIN SUB	p305750	Mascotas/None			Parque Hexagonal Plegable para Mascotas, Cerca de Seguridad Interior
SIN SUB	p305751	Mascotas/None			Parque Hexagonal para Cachorros Malla Transpirable y Almacenamiento Fácil
SIN SUB	p305752	Mascotas/None			Tienda de Campaña Plegable para Gatos, Exterior, Azul, Fácil de Llevar
SIN SUB	p305756	Mascotas/None			FOMIYES Casa de Juegos Infantil DIY para Mascotas Pequeñas, Marco Portátil
SIN SUB	p305757	Mascotas/None			Refugio para Gatos Resistente y Transpirable Tienda Plegable Tipo Cubo para Descanso y Seguro de Mas
SIN SUB	p305764	Mascotas/None			Cubre Asientos Impermeable para Auto, Protector para Perros y Gatos, Cubreasientos Traseros, Car Sea
SIN SUB	p305769	Mascotas/None			Casa de Madera Natural para hámster, Refugio para Mascotas, habitación para hámster e, ón, Mascotas 
SIN SUB	p305793	Mascotas/None			Mini tienda de campaña para mascotas para perros pequeños para playa portátil con compartimento para
SIN SUB	p305800	Mascotas/None			K&H PET PRODUCTS Toldo para Cuna para Mascotas, Color Bronceado, Mediano 25 x 32 Pulgadas
SIN SUB	p305825	Mascotas/None			Inodoro Antideslizante para Perros de Interior, Plástico PP Azul
SIN SUB	p30584	Muebles/Otros			X Rocker Peach Gaming Chair, Plegable, Piel Sintética
SIN SUB	p305844	Mascotas/None			Abaodam Poste PP Orina de Perros para Entrenamiento y Baño Interior
SIN SUB	p305856	Mascotas/None			Life360 - Etiqueta para Mascotas, Paquete de 1
SIN SUB	p305862	Mascotas/None			Shakven de Juego para Gatos de Juego Grande para Gatos en Interior
SIN SUB	p305871	Mascotas/None			Yosoo Casa Grande para Gatos de Tela Aislada para Viajes Al Aire Libre, Resistente Al Agua, Espacios
SIN SUB	p305872	Mascotas/None			Tienda para Mascotas con, Tienda para Mascotas para Perros pequeños y Gatos, Refugio para casa Cueva
SIN SUB	p305874	Mascotas/None			Yosoo Casa de Enfriamiento para Mascotas, Película de Aluminio Portátil, Helado para, Gato, Verano, 
SIN SUB	p305875	Mascotas/None			Qqmora Cubierta de Parque para Perros de 8 Paneles, Protector de Seguridad Superior de Malla de Poli
SIN SUB	p305878	Mascotas/None			Yosoo Casa Grande para Gatos de Tela Aislada para Viajes Al Aire Libre, Resistente Al Agua, Espacios
SIN SUB	p305890	Mascotas/None			Cubierta de Parque para Perros de 8 Paneles, Protector de Seguridad Superior de Malla de Poliéster D
SIN SUB	p305892	Mascotas/None			Abaodam Casa de Campaña para Mascotas, Lavable, Oxford, Azul Marino
SIN SUB	p305915	Mascotas/None			Refugio Exterior para Gatos para el Invierno, Tienda cálida, Resistente y a Prueba de Viento y Clima
SIN SUB	p305922	Mascotas/None			Garneck Casa de Calabaza Adorable y Mascotas Durable y Descanso Interiores Color
SIN SUB	p305925	Mascotas/None			FOMIYES Cueva para Pequeñas Caliente y para Gatos y Perritos para Invierno Diseño Portátil y Cómodo
SIN SUB	p305929	Mascotas/None			Genérico Cueva para Gatos Casa con Diseño de Abierta
SIN SUB	p305930	Mascotas/None			LIFKOME Tienda de Campaña para Mascotas de Oxford Lavable de Interior
SIN SUB	p305933	Mascotas/None			Toddmomy Tienda de Campaña para Mascotas, Desmontable, Café
SIN SUB	p305967	Mascotas/None			Casa térmica para gatos con marco de bosque sintético para exteriores, impermeable, aislada, oculta,
SIN SUB	p305977	Mascotas/None			Casa refrigeración para mascotas con aire acondicionado para perros y gatos
SIN SUB	p305989	Mascotas/None			Hamaca Plegable para Aseo de Mascotas Soporte Ajustable de Acero Inoxidable
SIN SUB	p305995	Mascotas/None			Portátil Casa De Enfriamiento Para Gatos Con Bolsas De Hielo De Doble Capa
SIN SUB	p305997	Mascotas/None			Almohada lavable para perro, almohadas calmantes para el cuello de mascotas, café
SIN SUB	p306013	Mascotas/None			Estación de Enfriamiento al Aire Libre para Gatos Tienda Plegable con 9
SIN SUB	p306051	Mascotas/None			Happyyami Dispensador Automático de Agua Ligero para Perros y Gatos Capacidad de 3.8l y Fabricado en
SIN SUB	p306058	Mascotas/None			Parque infantil plegable portátil para perros y gatos, tienda de campaña cerrada para mascotas de 31
SIN SUB	p306062	Lavadoras/None			Tapete Frio para Perros/Gatos, 75*50CM Ultra Grueso Tapetes Refrescante para Perro, 4D tapete Fresco
SIN SUB	p306065	Mascotas/None			Jasinber Transportín para Perros y Gatos, Transportín de Viaje Plegable para Mascotas para Gatos peq
SIN SUB	p306067	Mascotas/None			Yosoo Casa Escondite para Hámster Duradera, Techo Móvil con 6 Dormitorios para Exploración de Mascot
SIN SUB	p306074	Mascotas/None			Gralara Casa con Ventilación Acondicionado para Mascotas Portátil Resistente a Las Mordeduras, Azul,
SIN SUB	p306077	Mascotas/None			Tienda para Gato Casa Semi Cerrada Plegable Cortina de Gasa (Pink)
SIN SUB	p306083	Mascotas/None			for exterior for casa Mascota 72x72x181cm Proteccion for exterior(72 * 72 * 181cm)
SIN SUB	p306085	Mascotas/None			Casa de Campaña para Gatos con Diseño Portátil (Rosa)
SIN SUB	p306093	Mascotas/None			Cueva De Gatos Lavable Plegable De Peluche Extraíble
SIN SUB	p306098	Mascotas/None			Best Pet Supplies - Tienda de campaña Coral Fleece, grande, color tostado
SIN SUB	p306101	Mascotas/None			Beaupretty casa para Dormir de Gato Refugio para Mascotas Grey
SIN SUB	p306128	Mascotas/None			Genérico Casa Refrescante para Gatos Exterior | Doble Capa Plegable - Casa Refrescante para Mascotas
SIN SUB	p306136	Mascotas/None			Tienda Plegable para Perros Duradero Amplio, Tienda Campaña para Mascotas, Cómodo, Casa Mascotas con
SIN SUB	p306137	Mascotas/None			Tienda Campaña para Mascotas Compacto Impermeable, Tienda Plegable para Perros, Seguro, Casa Mascota
SIN SUB	p306154	Mascotas/None			Casa Veraniega para Gatos Aislamiento Térmico de 3 Capas con Paquetes de
SIN SUB	p306158	Mascotas/None			Memory Foam: Colchón para Perro o Mascotas Ortopédico Chico 70x 50cm, Fácil de Lavar, con la Espuma 
SIN SUB	p306192	Mascotas/None			Refugio Exterior para Gatos Elevada con Techo Inclinado, Resistente al
SIN SUB	p306216	Mascotas/None			Escalera para Perros Pequeños Franela Antideslizante y Plástico Resistente, Adecuado para Mascotas e
SIN SUB	p306220	Mascotas/None			Casa Exterior para Gatos Aislamiento Térmico, Impermeable Y Plegable
SIN SUB	p306221	Mascotas/None			Tienda De Mascotas Plegable Transpirable Casa Plegable Impermeable y
SIN SUB	p306242	Mascotas/None			Casa semicerrada Desmontable, Cueva de Descanso para Mascotas Lavable a Prueba de arañazos para Gato
SIN SUB	p306250	Mascotas/None			Escondite para Gatos con Base Elevada Impermeable
SIN SUB	p306251	Mascotas/None			Genérico Escondite para Gatos Escondite Plegable para Mascotas
SIN SUB	p306267	Mascotas/None			Tienda para Cachorros y Gatos, Casa Universal Multifuncional
SIN SUB	p306276	Mascotas/None			UKCOCO Refugio para Gatos Callejeros al Aire Aislamiento Casa Cálida para Gatos al Aire Refugio Resi
SIN SUB	p306280	Mascotas/None			Namolit Caja Secadora para Perros Caja Secado para Mascotas Plegable Gran Espacio Adecuada para Gato
SIN SUB	p306297	Mascotas/None			GOTOTOP Hamaca para el Cuidado de Mascotas, Capacidad de 40 Kg, Soporte
SIN SUB	p306307	Mascotas/None			Camas para perros grandes, medianos y pequeños, manta rectangular con capucha para cachorros, camas 
SIN SUB	p306313	Mascotas/None			FILFEEL Casa Plegable para Mascotas de Interior y Exterior para Perros y Gatos Pequeños Medianos con
SIN SUB	p306324	Mascotas/None			Dispensador Agua para Mascotas
SIN SUB	p306328	Mascotas/None			Carroza Bolígrafo de juego pop para perros y gatos, casas de mascotas para perros y gatos, bolígrafo
SIN SUB	p306333	Mascotas/None			Carroza Bolígrafo de juego pop para perros y gatos, casas de mascotas para perros y gatos, bolígrafo
SIN SUB	p306356	Mascotas/None			Yosoo Casa de Refrigeración para Mascotas, Cueva Portátil para Gatos, Uso Multifuncional, Peso Liger
SIN SUB	p306366	Mascotas/None			Genérico Refugio de enfriamiento para Perros Cueva antimordiscos Plegable
SIN SUB	p306367	Mascotas/None			Genérico Cabaña para Mascotas Impermeable Y Desmontable para Mascotas
SIN SUB	p306378	Mascotas/None			Camas para perros Cojín Refrescante Cómodo Antideslizante Transpirable
SIN SUB	p306396	Mascotas/None			Estación de Enfriamiento al Aire Libre para Gatos plegable con 9 bolsas de
SIN SUB	p306410	Mascotas/None			Mesa de Aseo para Perros en Casa 8 Orificios Antiescape Desmontable
SIN SUB	p306412	Mascotas/None			Tipi para Perros Casas para Perros de Interior para Perros pequeños Tipi para Cachorros con cojín Pi
SIN SUB	p306438	Mascotas/None			Siedihit - Bolígrafo para perros, corralito de gato y mascotas, corralitos portátiles para perros en
SIN SUB	p306455	Mascotas/None			Plumín portátil para gatos, diseño trapezoidal para un mejor pie, tienda plegable para mascotas para
SIN SUB	p306470	Mascotas/None			Genérico Casa Exterior para Gatos En Invierno Refugio Térmico para Mascotas
SIN SUB	p306473	Mascotas/None			Transpirable | Portátil, Plegable para Bañar Mascotas, Casa,
SIN SUB	p306475	Mascotas/None			FILFEEL Ventile la Casa Plegable de Plástico para Mascotas para un Fácil Montaje y un Espacio Privad
SIN SUB	p306480	Mascotas/None			rockible Casa Cueva para Mascotas Cómoda Hexagonal, para Mascotas, Acolchado, Interiores, L
SIN SUB	p306481	Mascotas/None			Baoblaze Refugio para Mascotas Casa Envolvente Estructura Plegable Aluminio Espuma Oxford Portátil A
SIN SUB	p306493	Mascotas/None			Genérico Estera de enfriamiento para Perro, Manta para Perros de
SIN SUB	p306516	Mascotas/None			Beavorty 2 Casas para Mascotas con Temática De Abeja Material Tamaño Pequeño para Hámster Ardilla Co
SIN SUB	p306531	Mascotas/None			Casa de refrigeración for mascotas, plegable, portátil, de larga duración, for gatos, perros, refrig
SIN SUB	p306550	Mascotas/None			Alfombras de Césped para la Micción de Perros Césped Artificial Para
SIN SUB	p306574	Mascotas/None			Casa Enfriamiento para Mascotas, Mediano M - 45x35x30cm, Style to 1
SIN SUB	p306584	Mascotas/None			Camas ortopédicas para perros de tamaño extragrande, espuma viscoelástica impermeable XL para mascot
SIN SUB	p306591	Mascotas/None			Outdoor Shelter Refugio Gatos Exterior Casa Mascotas Cobertizo Impermeable Base Alta Aislante Techo 
SIN SUB	p306596	Mascotas/None			shamjina para Gatos con Soporte Tejido Oxford Impermeable, para Gatos con Techo Inclinado, Aislado, 
SIN SUB	p306604	Mascotas/None			Genérico Cueva para Perros,Cueva para Perros al Aire Libre | Tienda para
SIN SUB	p306606	Mascotas/None			Gazechimp Outdoor Shelter Refugio Plegable para Mascotas Casa Cobertizo con Espacio Cerrado para Pri
SIN SUB	p306610	Mascotas/None			Pet Teepee Dog Cat Bed Tiendas Portátiles para Mascotas Casas para Mascotas Impermeable Pet Dog Carp
SIN SUB	p306629	Mascotas/None			Genérico Refugio de enfriamiento para Perros Cueva antimordiscos Plegable
SIN SUB	p306643	Mascotas/None			Genérico Casa refrescante para Perros Cueva antimordiscos Plegable
SIN SUB	p306644	Mascotas/None			Manta de perro de enfriamiento, alfombra de enfriamiento de mascotas
SIN SUB	p306647	Mascotas/None			Casa Refrescante para Gatos Refugio plegable anti-mordeduras para cachorros
SIN SUB	p306658	Mascotas/None			Casa Gatos Climatizada Artículo de Refugio para Dormir Mascotas
SIN SUB	p306659	Mascotas/None			Mesa de Aseo para Perros en Casa Resistente a Mordeduras 8 Orificios
SIN SUB	p30668	Muebles/Otros			Soporte Para Laptop Portátil Qzgyoool
SIN SUB	p30669	Muebles/Otros			Soporte Para Laptop de Aluminio Plegable Antideslizante
SIN SUB	p30670	Muebles/Otros			Soporte Para Laptop Viglt F120 Ajustable de Aluminio
SIN SUB	p30671	Muebles/Otros			Soporte Para Laptop de Aluminio Base Ajustable Morado
SIN SUB	p306744	Mascotas/None			Outdoor Shelter Refugio Gatos Exterior Casa Mascotas Cobertizo Impermeable Base Alta Aislante Techo 
SIN SUB	p306756	Mascotas/None			Dobladora compacta de metal para casas de mascotas y cubiertas de patio con rodillos de acero inoxid
SIN SUB	p306774	Mascotas/None			Casa Refrescante para Mascotas Refugio plegable anti-mordeduras para
SIN SUB	p306807	Mascotas/None			Casa for Mascotas, casa for Perros, Camas for Gatos de Interior con Cueva Cubierta, Cueva Interior f
SIN SUB	p306838	Mascotas/None			Genérico Casa Mascota MDF Y Organizador Perro Gato pequeño + Cojín Regalo
SIN SUB	p306844	Mascotas/None			Gralara Tienda Campaña para Perros Compacta, Color to 4
SIN SUB	p306851	Mascotas/None			Tienda Tipi Elegante para Mascotas con Cojín Extraíble, Casa Plegable para Perros Y Gatos con Estruc
SIN SUB	p306864	Mascotas/None			Cubo para Gatos Cálido, Style to 3
SIN SUB	p306868	Mascotas/None			Cueva para Perros,Cueva para Perros al Aire Libre | Casa para
SIN SUB	p306952	Mascotas/None			Casa for Mascotas, casa for Perros, Camas for Gatos de Interior con Cueva Cubierta, Cueva Interior f
SIN SUB	p306994	Mascotas/None			Pluma de juego portátil para mascotas, para gatos, cachorros, conejos, pollos, tienda plegable de gr
SIN SUB	p306998	Mascotas/None			Bolígrafo acrílico transparente para perros, alivia eficazmente la ansiedad de las mascotas, adecuad
SIN SUB	p307003	Mascotas/None			MoNiBloom Cochecitos plegables para perros pequeños con cubierta para el clima, carrito de paseo par
SIN SUB	p307007	Mascotas/None			New Age Pet - Caja/mesa auxiliar para mascotas ecoFLEX
SIN SUB	p307013	Mascotas/None			Escalera para Perros Plegable Escaleras Escalera para Mascotas con Casa, Acolchado, Interiores, Gris
SIN SUB	p307015	Mascotas/None			Hermosos Gatos en Forma de Oreja Mascotas Terciopelo Lavable Casa Mascota removible semicerrada con 
SIN SUB	p307019	Mascotas/None			Genérico Casa refrescante para Perros Refugio Plegable Anti-mordeduras para
SIN SUB	p307077	Mascotas/None			Casas para Mascotas con calefacción eléctrica para Gatos y Perros pequeños, Cueva para Gatitos Suave
SIN SUB	p307120	Mascotas/None			Camas para perros / gatos interiores y exteriores, camas para mascotas de madera maciza con vallas y
SIN SUB	p307122	Mascotas/None			Cesta plegable para mascotas, plegable, fijable y extraíble para la playa y los carritos de la compr
SIN SUB	p307127	Mascotas/None			Casa Plegable para Mascotas Versátil , Gris Interior Grande , 55x68x58 Cm
SIN SUB	p307131	Mascotas/None			Casa Plegable para Mascotas Acogedora , Gris Interior Grande , 55x68x58 Cm
SIN SUB	p307132	Mascotas/None			Tienda para Mascotas con Cojín, Gris Interior Grande, 55x68x58 Cm
SIN SUB	p307139	Mascotas/None			Casa for Mascotas semicerrada de Fieltro cónico
SIN SUB	p307140	Mascotas/None			Casa for Mascotas semicerrada de Fieltro cónico
SIN SUB	p307141	Mascotas/None			Casa for Mascotas semicerrada de Fieltro cónico
SIN SUB	p307142	Mascotas/None			Casa for Mascotas semicerrada de Fieltro cónico
SIN SUB	p307143	Mascotas/None			Casa for Mascotas semicerrada de Fieltro cónico
SIN SUB	p307144	Mascotas/None			Casa for Mascotas semicerrada de Fieltro cónico
SIN SUB	p307145	Mascotas/None			Casa cálida for Gatos al Aire Libre, casa Plegable for for Mascotas, Casas for Resistentes a la Inte
SIN SUB	p307146	Mascotas/None			Casa cálida for Gatos al Aire Libre, casa Plegable for for Mascotas, Casas for Resistentes a la Inte
SIN SUB	p307149	Mascotas/None			Casa cálida for Gatos al Aire Libre, casa Plegable for for Mascotas, Casas for Resistentes a la Inte
SIN SUB	p307167	Mascotas/None			Casa de Enfriamiento para Mascotas, Refugio para Perros Resistente a la Intemperie y de Larga Duraci
SIN SUB	p307312	Mascotas/None			Casa de Refrigeración para Gatos Casa Plegable Verano para Mascotas con Bolsa Hielo Refugio Aislado 
SIN SUB	p307326	Mascotas/None			TRIXIE Pet Products Dog Club House, Pino (Glazed Pine), 40.75 x 26.75 x 28.25 Inch
SIN SUB	p307340	Mascotas/None			Casa cálida for Gatos al Aire Libre, casa Plegable for for Mascotas, Casas for Resistentes a la Inte
SIN SUB	p307344	Mascotas/None			Baoblaze Bañera Elevada para Mascotas Portátil | Estrucra Metálica Estable en X, Bañera Plegable par
SIN SUB	p307433	Mascotas/None			Mesa De Aseo para Perros, EstacióN De BañO Plegable para Mascotas En Casa con Mesa De Secado PortáTi
SIN SUB	p307436	Mascotas/None			Bolso de Transporte Viaje Casos Trolley Mascotas Portátil Bolso panorámico Transparente
SIN SUB	p307448	Mascotas/None			Mesa Plegable para Mascotas con Lazo, Negro
SIN SUB	p307449	Mascotas/None			Bañera Elevada para Mascotas Compacta | Portátil, Bañera para Mascotas con bo flexible Desagüe, Casa
SIN SUB	p307450	Mascotas/None			Casa cálida for Gatos al Aire Libre, casa Plegable for for Mascotas, Casas for Resistentes a la Inte
SIN SUB	p307453	Mascotas/None			Bañera Elevada Ergonómica | Bañera para Mascotas con bo flexible Desagüe, Resistente, Casa
SIN SUB	p307455	Mascotas/None			Casa cálida for Gatos al Aire Libre, casa Plegable for for Mascotas, Casas for Resistentes a la Inte
SIN SUB	p307459	Mascotas/None			Casa grande for mascotas: recinto interior de bricolaje(E 75x39x73cm)
SIN SUB	p307460	Mascotas/None			Estructura Escalada para Gato con Cuerda Sisal Envuelta con Área scanso con Cojín y coración para Ma
SIN SUB	p307461	Mascotas/None			Casa Gatos Techo a para Mascotas Pequeñas con Entrada Arqueada Abierta y Ventilación Lateral Acuada 
SIN SUB	p307466	Mascotas/None			Bañera Elevada Ligera | Bañera Plegable para Mascotas, Compacta, Casa, Jardín, Perros
SIN SUB	p307474	Mascotas/None			Hermosos Gatos en Forma de Oreja Mascotas Terciopelo Lavable Casa Mascota removible semicerrada con 
SIN SUB	p307480	Mascotas/None			Cojín Cuadrado Plegable multifunción de sofá para Mascotas A Prueba Agua Casa Perro Suave Multiusos
SIN SUB	p307481	Mascotas/None			Cojín Cuadrado Plegable multifunción de sofá para Mascotas A Prueba Agua Casa Perro Suave Multiusos
SIN SUB	p307487	Mascotas/None			Vallas Para Perros, Acero Inoxidable Plegables Mascotas De Seguridad
SIN SUB	p307488	Mascotas/None			Caja de Casos Carretilla Mascotas Viaje 360 ° Bolsa Transporte Transparente panorámica Capacidad Gra
SIN SUB	p307490	Mascotas/None			Caja de Casos Carretilla Mascotas Viaje 360 ° Bolsa Transporte Transparente panorámica Capacidad Gra
SIN SUB	p307493	Mascotas/None			Casita para Mascotas La casa for Gatos Multifuncional Tipo automóvil es Adecuada for Todas Las Estac
SIN SUB	p30752	Joyería y bisutería/Otros			Billetera para Hombre con Tarjetero RFID Marrón
SIN SUB	p30753	Joyería y bisutería/Otros			Billetera para Hombre Timberland
SIN SUB	p30754	Joyería y bisutería/Otros			Billetera para Hombre Bifold Lacoste Azul
SIN SUB	p30755	Joyería y bisutería/Otros			Cinturón para Hombre Steve Madden Casual
SIN SUB	p30756	Joyería y bisutería/Otros			Paraguas Sombrilla Automática Estampado Floral Verde
SIN SUB	p307610	Mascotas/None			Cochecito doble para perros Cochecito para mascotas en casa Carro de viaje para exteriores Carro par
SIN SUB	p307616	Mascotas/None			Mesa Plegable para Perros Portátil, Gris
SIN SUB	p307618	Mascotas/None			Escaleras para Mascotas, Escaleras de Acceso for Perros 4 escalones for Subir a Camas Altas for Gato
SIN SUB	p307629	Mascotas/None			Escaleras para Mascotas Escaleras de Acceso for Perros 4 escalones for Subir a Camas Altas for Gatos
SIN SUB	p307659	Mascotas/None			Casa Grande for Mascotas: recinto Interior de Bricolaje(111x39x73cm)
SIN SUB	p307663	Mascotas/None			Caja de Casos Carretilla Mascotas Viaje 360 ° Bolsa Transporte Transparente panorámica Capacidad Gra
SIN SUB	p307664	Mascotas/None			Caja de Casos Carretilla Mascotas Viaje 360 ° Bolsa Transporte Transparente panorámica Capacidad Gra
SIN SUB	p307665	Mascotas/None			Mesa plegable de aseo para perros – computadora de baño profesional resistente para mascotas en casa
SIN SUB	p307667	Mascotas/None			Bolso de Transporte Viaje Casos Trolley Mascotas Portátil Bolso panorámico Transparente
SIN SUB	p307693	Mascotas/None			Recinto para gatos al aire libre Casa for gatos al aire libre, villa for gatos de dos pisos, habitac
SIN SUB	p307706	Mascotas/None			Recinto para gatos al aire libre Suministros for mascotas Tablero de cáculos Fashion Bed de gato de 
SIN SUB	p307711	Mascotas/None			CAT House CAT Cage Casa for gatos al aire libre, villa for gatos de dos pisos, habitación interior f
SIN SUB	p307719	Mascotas/None			Mesa De Aseo HidráUlica para Perros Y Gatos, Mesa De Aseo Profesional con Brazo Superior Ajustable Y
SIN SUB	p307724	Mascotas/None			Pet Trolley Case, Mochila Multifuncional Para Mascotas, Maleta De Vuelo Para Mascotas, Bolsa Transpa
SIN SUB	p307737	Mascotas/None			Bolso de Transporte Viaje Casos Trolley Mascotas Portátil Bolso panorámico Transparente
SIN SUB	p307739	Mascotas/None			Mesa de aseo plegable de acero inoxidable para mascotas, soporte portátil ajustable para perros y ga
SIN SUB	p308659	Mascotas/None			Fancy Pets Plato de Acero Inoxidable para Perro con 32 Onzas o 907 Gramos
SIN SUB	p308678	Mascotas/None			Plato de Acero Inoxidable para Mascotas, Diferentes Colores, Excelente Calidad. (Azul, S (16 oz))
SIN SUB	p308680	Mascotas/None			Plato de Acero Inoxidable para Mascotas, Diferentes Colores, Excelente Calidad. (Rojo, S (16 oz))
SIN SUB	p308681	Mascotas/None			Plato de Acero Inoxidable para Mascotas, Diferentes Colores, Excelente Calidad. (Plateado, S (16 oz)
SIN SUB	p308782	Mascotas/None			Kitten - Cuenco Elevado para Gatos con Plato Inclinado Desmontable, Transparente en Forma de Gatito,
SIN SUB	p308783	Mascotas/None			Genérico 2 Cuencos prácticos para alimentación de Mascotas, Cuencos universales Antideslizantes de A
SIN SUB	p308785	Mascotas/None			hejhncii Tazón de Comida para Perros portátil con Cierre, Color2 S
SIN SUB	p308819	Muebles/Otros			Happyyami Tazón De Comida Lenta Aumentó Bol Lento Bochas Alimentación Tazón para Perros para Comedor
SIN SUB	p308832	Mascotas/None			lifcasual Cuenco de alimentación Lenta portátil para Gatos, Cuenco de alimentación Lenta de Silicona
SIN SUB	p308836	Mascotas/None			lifcasual Cuenco de alimentación Lenta portátil para Gatos, Cuenco de alimentación Lenta de Silicona
SIN SUB	p308848	Mascotas/None			Wolfi Set de 2 Platos Plegables para Perros, Tazones Portátiles para Mascotas, Collapsible Dog Bowl 
SIN SUB	p308850	Mascotas/None			Tazón de Perros Elevado, Plastic Dog Bowl Prevención de la Enfermedad de Las vértebras tazones de Pe
SIN SUB	p308880	Mascotas/None			Cuenco de Silicona para Perros Antiderrames Antideslizante con de Succión
SIN SUB	p308881	Mascotas/None			Alimentador automático de Agua para Mascotas con dispensador de Comida para Cachorros 500 ml
SIN SUB	p308883	Mascotas/None			lifcasual Cuenco de alimentación Lenta portátil para Gatos, Cuenco de alimentación Lenta de Silicona
SIN SUB	p308891	Mascotas/None			Yaozher Cuencos elevados para Gatos Cuencos elevados para Coda y Agua para Gatos y Perros pequeños, 
SIN SUB	p308895	Mascotas/None			para Gatos Boles De Acero Inoxidable para Perros
SIN SUB	p308900	Mascotas/None			lifcasual Cuenco de alimentación Lenta portátil para Gatos, Cuenco de alimentación Lenta de Silicona
SIN SUB	p308902	Mascotas/None			Yaozher Cuencos elevados para Gatos Cuencos elevados para Coda y Agua para Gatos y Perros pequeños, 
SIN SUB	p308903	Mascotas/None			Cuencos para perros de acero inoxidable de gran capacidad Cuenco de metal para mascotas Robusto y du
SIN SUB	p308908	Mascotas/None			Genérico Cuenco Canino Portátil Plegable para Gatitos De 500 ml
SIN SUB	p308912	Mascotas/None			ORFOFE Cuenco Doble Antihormigas para Gatos y Perros Pequeños Diseño Especial para Mantener la Comid
SIN SUB	p308915	Mascotas/None			Kisangel Cuenco Antihormigas para Gatos Plato de Comida para Gatos Cuenco para Comida para Gatitos p
SIN SUB	p308920	Mascotas/None			Cuenco Colgante para Perros y Gatos, Extraíble, Antideslizante, Plástico
SIN SUB	p308922	Mascotas/None			PACKOVE Cuenco Colgante para Mascotas Altura Ajustable y Diseño
SIN SUB	p308924	Mascotas/None			UTOYA Inserto de Lento para para Perros,Inserto de
SIN SUB	p308930	Mascotas/None			Happyyami Cuencos Dobles para Gatos y Perros Antijerbas, Plástico Resistente, Tamaño Pequeño, para E
SIN SUB	p308933	Mascotas/None			POPETPOP Soporte para Comida De Mascotas para Aves Box De Alimento Dual Uso Campana De Color Aleator
SIN SUB	p308934	Mascotas/None			HANABASS Biberón para Gatitos Recién Nacidos 2 Piezas, Alimentación Fácil
SIN SUB	p308938	Mascotas/None			Tazón para Perro De Acero Inoxidable Plato Suministros para Mascotas Fácil De Limpiar y Mantener
SIN SUB	p308940	Mascotas/None			Balacoo Tazón de Comida para Hámster Antidesbordamiento Acrílico Verde
SIN SUB	p308942	Mascotas/None			Cuenco para Mascotas de Acero Inoxidable, Base de Goma (Rosa)
SIN SUB	p308943	Mascotas/None			Cuenco para Perros con, Cuencos de Viaje portátiles para Mascotas, de alimentación de Agua para Perr
SIN SUB	p308945	Mascotas/None			Angoily Dispensador Automático de Agua para Mascotas y Tortugas, Tazón de Plástico Seguro Olor, Dise
SIN SUB	p308947	Mascotas/None			LISAPRO 2PCS Platos Plegables para Perro con Tapas, 350ml Cuenco de Viaje para Mascotas, con 2 Mosqu
SIN SUB	p308949	Mascotas/None			2 Unidades Platos para Perro de Alimentación Lenta, con Base Antideslizante
SIN SUB	p308958	Mascotas/None			Plato de Acero Inoxidable para Mascotas, Diferentes Colores, Excelente Calidad. (Naranja, M (24 oz))
SIN SUB	p309011	Mascotas/None			Cuchara Dispensadora de Premios para Mascotas 2026, Multifuncional para Exprimir Alimentos Húmedos c
SIN SUB	p309014	Mascotas/None			Cuencos elevados para gatos, 2 unidades de tazón de alimentación para mascotas, tazón elevado desmon
SIN SUB	p309015	Mascotas/None			Alimentador automático para Mascotas, dispensador de Comida Transparente para Mascotas de 800ml, ali
SIN SUB	p309017	Mascotas/None			lifcasual Cuenco transfronterizo de vidrio para gatos de Amazon, cuenco de comida para perros, cuenc
SIN SUB	p309020	Mascotas/None			Soporte de Bambú para Cuenco de Gato Diseño Elevado y Estable 1 Pieza
SIN SUB	p309021	Mascotas/None			Cuencos dobles para mascotas, alimentador de agua para gatos, de acero inoxidable, tazón de alimenta
SIN SUB	p309022	Mascotas/None			Cuencos elevados para gatos, 2 unidades de tazón de alimentación para mascotas, tazón elevado desmon
SIN SUB	p309026	Mascotas/None			Alimentador de alimento divertido para gatos, pedal de burlas, rompecabezas interactivo para gatitos
SIN SUB	p309027	Mascotas/None			Wolfi Platos para alimento y Agua para Perro Set de Dos tazones para Mascota (Grande)
SIN SUB	p309028	Mascotas/None			tazón para perros para viajes, impermeable, para mascotas, para exteriores, senderismo, alimentación
SIN SUB	p309029	Mascotas/None			Cuenco de Agua 2 en 1 para gatos, Cuenco de Coda para Perros de Tipo Combinado, Cuencos interactivos
SIN SUB	p309030	Mascotas/None			Cuenco de Alimentación para Mascotas Montado en la Pared, Cuencos Dobles de Altura Ajustable de Acer
SIN SUB	p309032	Mascotas/None			LICAEVEY Cuenco de Agua para Mascotas, Plato de Alimentación para Perros
SIN SUB	p309034	Mascotas/None			lifcasual Tazón transfronterizo para gatos de Amazon, tazón de comida de cerámica, tazón para beber 
SIN SUB	p309035	Mascotas/None			Cuchara Dispensadora de Premios para Mascotas 2026, Multifuncional para Exprimir Alimentos Húmedos c
SIN SUB	p309040	Mascotas/None			Yaozher Cuenco Doble para Coda de Mascotas, Cuenco antiderrames para Coda y Agua para Gatos, Cuenco 
SIN SUB	p309041	Mascotas/None			Cuenco para Gato de Acero Inoxidable, Fácil de Transportar y Portátil, 3
SIN SUB	p309043	Mascotas/None			lifcasual Prácticos Cuencos de alimentación para Mascotas, Piezas para Perros y Gatos, Cuencos de Co
SIN SUB	p309044	Mascotas/None			Plata Cuenco de Acero Inoxidable, para Gatos 3 Piezas
SIN SUB	p309051	Mascotas/None			Cuenco Elevado para Perro de Vidrio Templado Base Alta Dorada
SIN SUB	p309104	Mascotas/None			FLYSKY Cuenco de Agua para Perro, 70 onzas (2L), Antiderrames, Negro
SIN SUB	p309162	Mascotas/None			Cuenco para Perros y Gatos Antideslizante de Acero Inoxidable Verde Claro
SIN SUB	p309167	Mascotas/None			Estación de Agua para Mascotas, Ajustable para Perros y Gatos, 500 ml, Azul
SIN SUB	p309168	Mascotas/None			LALAFINA Juego de 2 Cuencos Elevados de Pared para Perros Grandes y Cachorros, Acero Inoxidable de 8
SIN SUB	p309170	Mascotas/None			Pet Supply Cuencos Dobles para Perros con Base elevada, Cuencos elevados para Perros, Antideslizante
SIN SUB	p309171	Mascotas/None			ljhnba Cuenco Doble montado en la Pared para Gatos, Ajustable, A
SIN SUB	p309173	Mascotas/None			Cuencos Para Gatos - Estación De Alimentación Antideslizante A Prueba De Po
SIN SUB	p309175	Mascotas/None			Mesa de alimentación elevada para Gatos y Perros, Estante dispensador de Comida, Soporte para de Per
SIN SUB	p309178	Mascotas/None			Cuenco Elevado Para Comida Para Perros Y Gatos, Protección Para El Cuello, Cuenco Elevado Para Comid
SIN SUB	p309185	Mascotas/None			Cuenco para Perros con Altura Ajustable, Capacidad de 1800 G
SIN SUB	p309186	Mascotas/None			Cuenco Elevado Para Comida Para Perros Y Gatos, Protección Para El Cuello, Cuenco Elevado Para Comid
SIN SUB	p309187	Mascotas/None			Asixxsix Tazones de Gato Elevados, Comida para Mascotas de Acero Inoxidable y Tazón de Agua para Gat
SIN SUB	p309188	Mascotas/None			Cuencos Altos Inclinados para Gatos Soporte Antideslizante con Inclinación
SIN SUB	p309191	Mascotas/None			Cuenco Doble para Mascotas, alimentador Lento para Comida y Agua, a Prueba de Golpes, Cuenco de alim
SIN SUB	p309192	Mascotas/None			Alimentador de Doble tazón para Mascotas con dispensador de Agua para Perros y Gatos, alimentación, 
SIN SUB	p309195	Mascotas/None			LIANXUE Cuencos para Perros, sin estrés, alimentador para Mascotas, a Prueba de derrames, tazón de A
SIN SUB	p309198	Mascotas/None			Soporte Elevado de Bambú para Comida de Mascotas Diseño Elevado 1 Pieza
SIN SUB	p309201	Mascotas/None			Cuenco Oblicuo de Vidrio Base Alta para Mascotas Dorada
SIN SUB	p309203	Mascotas/None			Asixxsix Tazones de Gato Elevados, Comida para Mascotas de Acero Inoxidable y Tazón de Agua para Gat
SIN SUB	p309205	Mascotas/None			Cuenco Elevado para Mascotas de Vidrio y Hierro, Base Alta Dorada
SIN SUB	p309209	Mascotas/None			Juego de Cuencos Dobles de Silicona para Perros para Alimentar sin Ensuciar, Perfecto para Gatos y P
SIN SUB	p309210	Mascotas/None			Yosoo Doble Twin Acero Inoxidable Cuencos para Perros Cachorro Gato Comida para Mascotas Cuenco de A
SIN SUB	p309211	Mascotas/None			Tazón Elevado para Perro de Acero Inoxidable Diseño Flotante Que Previene Derrames, Cuenco de Agua p
SIN SUB	p309212	Mascotas/None			Cuencos Elevados Para Gatos De Cerámica 2 Piezas Cuenco Protector Cuello Diseño Inclinado 300 Ml Ali
SIN SUB	p309215	Mascotas/None			Cuenco para Perros 2 Juegos de Acero Inoxidable, Montado en Pared
SIN SUB	p309217	Mascotas/None			Dispensador Automático de Agua para Mascotas, Cuenco con Diseño de Fondo Antideslizante, Alimentador
SIN SUB	p309218	Mascotas/None			MILISTEN Juego De 8 Cuencos De Comida Para Gatos Con Doble Punta Para Perros Y Gatos Resistente Y Fá
SIN SUB	p309223	Mascotas/None			BESPORTBLE Cuenco de Vidrio para Mascotas Base Alta Dorada y Soporte
SIN SUB	p309224	Mascotas/None			Amazon Basics Dispensador automático de agua para perros y gatos, juego de alimentador por gravedad,
SIN SUB	p309238	Mascotas/None			Plato de Alimentación Lenta para Perros y Gatos, Silicona Grado Alimenticio, con Ventosas Antidesliz
SIN SUB	p309279	Mascotas/None			Cuencos De Cerámica para Perros para Perros De Razas Grandes, Cuenco De Comida Y Agua para Mascotas
SIN SUB	p309394	Mascotas/None			Dispensador de Pie para Mascotas con Tazón de Acero Inoxidable
SIN SUB	p309397	Mascotas/None			CHICIRIS Cuencos de Agua Dobles para Comida para Perros y Gatos, Soporte para Estante para Platos, M
SIN SUB	p309400	Mascotas/None			Raised Dog Bowl, Adjustable Height Feeder, Tilted Stainless Steel Dishes, Wooden Anti-Slip Stand, Sl
SIN SUB	p309401	Mascotas/None			2 alimentos para gatos | Juego alimentador y dispensador agua 2 en 1, juego cuencos reutilizables pa
SIN SUB	p309404	Mascotas/None			Cuenco Elevado para Perros con Altura Ajustable (Gris)
SIN SUB	p309406	Mascotas/None			Cuencos Profundos para Mascotas, Cuenco de Acero Inoxidable con Base de Silicona Antideslizante, Int
SIN SUB	p309407	Mascotas/None			Alimentador Automático para Gatos - Mander para Gatos, Dispensador
SIN SUB	p309408	Mascotas/None			Cuencos elevados para gatos, cuenco de alimentación para perros, contenedor de comida antivómitos pa
SIN SUB	p309411	Mascotas/None			Yaozher Cuenco para Perros y Gatos Cerac con Soporte de bambú Antideslizante NJ
SIN SUB	p309414	Mascotas/None			Cuenco de comida para gatos elevados, diseño inclinado, base antideslizante, plato de alimentación e
SIN SUB	p309416	Mascotas/None			Cuenco de agua para mascotas de 3, 8l, alimentador de alimentos, dispensador automático de alimentac
SIN SUB	p309423	Suplementos/None			Macuhealt 90 cápsulas | Suplemento ocular con luteína, zeaxantina y meso-zeaxantina | Fórmula clínic
SIN SUB	p309427	Suplementos/None			Suplemento Para Sistema Inmune DUO SCUDO TIBA SALUD
SIN SUB	p309436	Suplementos/None			Suplemento Para Rutina Digestiva DUO FRI TIBA SALUD
SIN SUB	p309437	Suplementos/None			Suplemento Memoria y Concentración Cerebro DUO IDEA TIBA SALUD
SIN SUB	p309463	Suplementos/None			Salud&Vida Aguaje con Fenogreco e Hinojo en Cápsulas | Apoyo nutricional para el bienestar diario | 
SIN SUB	p309469	Suplementos/None			Forzagen | Suplemento Alimenticio Apple Cider Vinegar | 500 mg de Vinagre de Manzana | 60 Servicos |
SIN SUB	p309474	Suplementos/None			Zesty Nutrition Inositol Puro 200 g – Myo & D-Chiro en proporción 40:1 – Suplemento para Mujer de Al
SIN SUB	p309480	Suplementos/None			Fs Lab RLX-SLM Fs Lab de Natural Slim - Adaptógenos Rusos el Producto Estrella de Frank Suárez Expli
SIN SUB	p309483	Suplementos/None			Forzagen | Suplemento Alimenticio Enzyme Complex | Enzimas Digestivas - Papaína y Bromelina | 60 Ser
SIN SUB	p309488	Suplementos/None			Inositol 100% Puro - 120 Cápsulas | Suplemento Alimenticio Natural | Apoya el Equilibrio Hormonal y 
SIN SUB	p309492	Herramientas/None			Salud Mental Perinatal: Lo Esencial para la Práctica Clínica: Herramientas esenciales para la detecc
SIN SUB	p309493	Suplementos/None			Gotas de Drenaje Linfático, Suplemento de Drenaje Linfático Gotas para Hombres y Mujeres, Fórmula Na
SIN SUB	p309494	Suplementos/None			Nopalina Piña 454 g Suplemento Alimenticio de Fibra con Linaza y Nopal
SIN SUB	p309512	Suplementos/None			GUANIDE (L-Arginina, L- Glicina, Ruda Cabruna) - 60 Cápsulas 625 mg SOPORTE NATURAL PARA NIVELES DE 
SIN SUB	p309514	Suplementos/None			Tofuvit - Sano Mundo 60 capsulas de 0.630g c/u | Suplemento de Tofu Deshidratado y Concentrado | Ref
SIN SUB	p309519	Suplementos/None			CellX KSM-66® 300 mg + L-Teanina 200 mg + BioPerine® 5 mg | 60 Cápsulas
SIN SUB	p309520	Suplementos/None			Herbal Secrets Bromelina 500 mg 120 comprimidos (sin OMG)- Enzima proteolítica * Propiedades antiinf
SIN SUB	p309522	Suplementos/None			Serrapeptase 120000 SPU | 120 cápsulas | Apoya la salud sinusal | Suplemento enzimático sin gluten |
SIN SUB	p309523	Suplementos/None			Nature Made Gomitas De Fibra 5 G Por Porción, Suplemento De Fibra Para Apoyo A La Salud Digestiva, 9
SIN SUB	p309524	Suplementos/None			La gran guía de la suplementación: El manual definitivo para optimizar tu cuerpo y potenciar tu salu
SIN SUB	p309525	Suplementos/None			California Gold Nutrition Nmn 175mg 60 capsulas Salud Celular Sin Sabor
SIN SUB	p309528	Suplementos/None			Nutrasien100 Fibracomplex | Suplemento en Polvo | Sin Azúcar y Vegano | 20 Porciones | Salud Digesti
SIN SUB	p309530	Suplementos/None			Suplemento Naturista Para La Próstata | Extractos Herbales Naturales | Formula Patentada Superior pa
SIN SUB	p309531	Suplementos/None			Suplemento Memoria y Concentración Cerebro TRIO IDEA TIBA SALUD
SIN SUB	p309532	Suplementos/None			Swanson AvoVida Suplemento para la salud de las articulaciones, 300 mg, 60
SIN SUB	p309538	Suplementos/None			Supergut GLP1 Daily Support - Suplemento en polvo de GLP-1 con alto contenido de fibra para mujeres 
SIN SUB	p309542	Suplementos/None			Matter YIELPI-1, Suplemento Berberina GlucoVantage®, Mora Blanca, Picolinato de Cromo y Pimienta Neg
SIN SUB	p309547	Suplementos/None			Designs for Health Annatto-GG 300 - Suplemento de geranilgeraniol GG a partir de semillas de achiote
SIN SUB	p309561	Suplementos/None			NuBoost Hongo Melena de León 1000 mg - 180 Cápsulas - 90 Porciones - Melena de Leon Capsulas - Suple
SIN SUB	p309577	Suplementos/None			Maca Negra 1,020 mg por Porción, Cápsulas de Maca 90 Cápsulas Nutrabasics
SIN SUB	p309582	Suplementos/None			MultiFlex Reforzado - 1 frasco 30 tabletas 750 Mg C/u
SIN SUB	p309597	Suplementos/None			B-FIT Suplemento Probio 11 Cepas, 60 Billones, Sin Gluten, Sin Sabor
SIN SUB	p309605	Suplementos/None			Rhodiola Rosea Cápsulas 1000 MG por Porción 500 MG por Cápsula Rodiola
SIN SUB	p309627	Suplementos/None			nutriADN – Myo & D-Chiro Inositol + NAC – Suplemento para Mujeres 60 Dosis – Myo Inositol, D-Chiro I
SIN SUB	p309631	Suplementos/None			RESET WELLNESS | BERBERINE + BERBERINA, Ácido Alfa Lipoico, Cromo y Canela, 90 cápsulas 635 mg
SIN SUB	p309637	Suplementos/None			Raíz Herbal Ayurvédica | suplemento ayurvédico adaptógeno | 45wa
SIN SUB	p309640	Suplementos/None			Macuhealt 30 cápsulas | Suplemento ocular con luteína, zeaxantina y meso-zeaxantina | Fórmula clínic
SIN SUB	p309654	Herramientas/None			Juego de 14 Piezas de Peines y Cepillos para Cabello, Kit Completo de Peines para Cabello Mujer, Cep
SIN SUB	p309656	Herramientas/None			Clip Voluminizador Térmico Para Raíces, Herramienta Elevadora Volumen Para La Corona Del Cabello
SIN SUB	p309657	Herramientas/None			Baugger Herramientas Para El Cuidado del Cabello | Hair Building Fiber Applicator Spray Nozzle Pump 
SIN SUB	p309659	Herramientas/None			XIBANY cepillo pelo masajeador Herramienta de cuidado del cabello cerdas de jabalí y nylon cepillo d
SIN SUB	p309661	Herramientas/None			Clip Voluminizador Térmico Para Raíces, Herramienta Elevadora Volumen Para La Corona Del Cabello
SIN SUB	p309671	Herramientas/None			Pulverizador de Luz Azul, Botella de Nanopulverizador Recargable de Mano de 600 Ml con Modo de Pulve
SIN SUB	p309694	Herramientas/None			12 PCS Herramienta de Extracción de Alineador Dental y Retenedores
SIN SUB	p309701	Herramientas/None			Sritob 8 púa Dental de Acero Inoxidable | Herramienta Dental portátil | Hilo Dental | Kit de Limpiez
SIN SUB	p309703	Herramientas/None			100 piezas de bandas de goma dentales, herramientas de ortodoncia de plástico desechables, removedor
SIN SUB	p309711	Herramientas/None			Protector Bucal y Almacenamiento de Dentaduras Postizas, Elegante Contenedor de Aparatos Dentales, E
SIN SUB	p309714	Herramientas/None			Hemoton Titular De Hilo Dental Portátil Estante De Limpieza Interdental Ergonómico Herramienta De Cu
SIN SUB	p309717	Herramientas/None			Kit De 20 Piezas En 5 Colores De Herramienta Para Alineadores Dentales
SIN SUB	p309718	Herramientas/None			Placa Removedor Dientes Limpieza Herramienta 4Pcs Dental Cuidado Kit
SIN SUB	p309726	Herramientas/None			Tiras de Pulido Dental Limas Dentales 4mm x 6m Pulidor Dental para Lijado de Dientes Molienda Herram
SIN SUB	p309727	Herramientas/None			DENTASOP Tiras pulidas dentales, tiras pulidas y pulidas dentales 4mm X 6m, herramientas de limpieza
SIN SUB	p309732	Mascotas/None			Aditivos para la Respiración de Perros en el Agua, Soluciones para el Cuidado Dental de Mascotas, En
SIN SUB	p309738	Mascotas/None			Fancy Pets Spray Dental Ultra para Perros, 125 ml, Higiene Bucal con Flúor y Zinc, Aliento Fresco y 
SIN SUB	p309746	Herramientas/None			30Pzs Alineadores Dentales de Herramienta de Extracción, 6 Colores
SIN SUB	p309747	Herramientas/None			Kit de 4 palillos dentales reutilizables, removedor portátil de manchas y placa con llavero, incluye
SIN SUB	p309748	Herramientas/None			Juego de 80 piezas de tubos bucales metálicos simples para ortodoncia, correas de cuero para herrami
SIN SUB	p309749	Herramientas/None			1 Juego de Aire Dental y Pistola de Agua 3 Vías de Pulverización de Agua + 2 Boquillas de Tubo de La
SIN SUB	p309751	Herramientas/None			Cortador de gutapercha inalámbrico,Cortador de gutapercha Dental inalámbrico de 2 Puntas | Bolígrafo
SIN SUB	p309756	Herramientas/None			Set de Matrices Seccionales Dentales, Herramientas de Separación con Anillos y Clips de Resorte (aut
SIN SUB	p309760	Herramientas/None			10 Espejos Bucales de Aumento Oral, Espejo Bucal de Acero Inoxidable, Espejo de Inspección Dental, H
SIN SUB	p309763	Herramientas/None			Juego de 80 piezas de tubos bucales metálicos simples para ortodoncia, correas de cuero para herrami
SIN SUB	p309765	Herramientas/None			Juego de limpieza de herramientas dentales de acero inoxidable, juego de herramientas de limpieza de
SIN SUB	p309766	Herramientas/None			Palillos Con Para Adultos Herramientas de limpieza con seda para ortodoncia
SIN SUB	p309771	Herramientas/None			100 Piezas Cepillos Interdentales para Braquets Limpiador Oral Herramientas Portátiles para Higiene 
SIN SUB	p309791	Herramientas/None			Masajeador para Celulitis Eléctrico con Calor y 9 Niveles de Succión, Herramienta Corporal Tipo Gua 
SIN SUB	p309803	Herramientas/None			Masajeador Recargable de Drenaje Linfático y Anticelulítico con Microcorriente, Herramienta de Masaj
SIN SUB	p309808	Herramientas/None			Herramienta Eléctrica de Gua Sha con Cabezal Magnético e Infrarrojos, Control Inteligente de Presión
SIN SUB	p309812	Herramientas/None			Herramienta de masaje de fascia, herramientas de masaje de punto de gatillo, antilanzador para masaj
SIN SUB	p309814	Herramientas/None			Pistola de masaje vibratoria, 22 masajeador de cabeza y cuello, hombros con multimodos e intensidade
SIN SUB	p309816	Herramientas/None			XJAW™ 3 en 1 TMJ Relief Products masajeador de mandíbula con terapia de calor y frío, herramienta ún
SIN SUB	p309822	Herramientas/None			RAD Roller Stiff | Herramienta de masaje de tejido profundo para cuello, espalda, caderas, piernas y
SIN SUB	p309823	Herramientas/None			Gua Sha, Masajeador Facial para Drenaje Linfático con Caja de Almacenamiento, Herramienta Gua Sha Fa
SIN SUB	p309828	Herramientas/None			BOOSEN 3 Piezas Gua Sha de Acero Inoxidable, Herramienta Gua Sha Facial, Masajeador Facial para Dren
SIN SUB	p309830	Mascotas/None			ChoiceMMed Oxímetro de pulso portátil para uso veterinario - Frecuencia cardíaca - Monitoreo médico 
SIN SUB	p309831	Mascotas/None			Monitor Preciso De Frecuencia Cardíaca para Mascotas para Perros Y Gatos, Equipo De Monitoreo Médico
SIN SUB	p309832	Mascotas/None			Monitor De Frecuencia Cardíaca Y Presión Arterial para Perros, Gatos Y Animales Pequeños, Equipo De 
SIN SUB	p309833	Mascotas/None			Monitor de presión arterial veterinario for perros y gatos, equipo veterinario digital, esfigmomanóm
SIN SUB	p309835	Mascotas/None			Oxímetro de pulso veterinario - Oxímetro de mano para perros SpO2, frecuencia de pulso y monitoreo d
SIN SUB	p309836	Mascotas/None			Detector de Pulso Veterinario Portátil Monitor Continuo Nocturno con Alarma, Sonda para Adultos
SIN SUB	p309839	Mascotas/None			Oxímetro De Pulso Veterinario De Mano, Monitor Preciso De Frecuencia Cardíaca para Mascotas para Gat
SIN SUB	p309850	Mascotas/None			Oxímetro de Pulso Veterinario portátil, Monitor de presión Arterial para Perros Recargable, Equipo d
SIN SUB	p309855	Herramientas/None			Sensor de presión, 2 piezas 10 g ~ 1 kg Herramientas de medición eléctricas de película delgada flex
SIN SUB	p309870	Mascotas/None			Máquina de ultrasonido veterinario portátil A8 para control de embarazo, visualización HD de 5.7 pul
SIN SUB	p309873	Herramientas/None			Indicador Beige de Química Esterilización para Herramientas y Accesorios
SIN SUB	p309874	Herramientas/None			Srliya Kit de Estetoscopio Electrónico, Herramienta de Diagnóstico de Ruido de Alta Precisión con 6 
SIN SUB	p309969	Cafeteras/None			Diyife [4 Modos] Bascula Cafe con Temporizador, Tamano Mini para Cafetera
SIN SUB	p310005	Mascotas/None			Báscula para perros de raza grande, báscula para ganado de 300 x 0.1 kg, báscula postal de envío con
SIN SUB	p310006	Herramientas/None			Báscula de pesca, controlador de pesaje de peces, digital portátil para pesca, herramienta ideal par
SIN SUB	p310007	Herramientas/None			XIIYUN Heavy Duty Electronic Lage Scale Balanzas digitales multifuncionales Pantalla LCD Viaje Herra
SIN SUB	p310008	Herramientas/None			lifcasual Heavy Duty Electronic Lage Scale Balanzas digitales multifuncionales Pantalla LCD Viaje He
SIN SUB	p310011	Herramientas/None			Juego de Pesas de Escala de 17 Uds., Juego de Báscula de Prueba de Peso, Báscula de Acero, Báscula d
SIN SUB	p310012	Herramientas/None			Básculas de resorte mecánicas de plástico Herramientas medición peso cocina Básculas pesaje 5 kg Bás
SIN SUB	p310015	Mascotas/None			B?scula Digital para Mascotas, 10Kg / 1G B?scula
SIN SUB	p310019	Herramientas/None			Báscula De Porciones 2kg Herramienta De Pesaje Para Química Báscula De Plástico Dial Para Experiment
SIN SUB	p310021	Herramientas/None			MANSCAPED® Weed Whacker® 2.0 Cortapelos eléctrico para nariz y orejas – Herramienta de precisión de 
SIN SUB	p310030	Herramientas/None			Braun All-in-One Series 5 Cortadora de barba y cuerpo, AIO 5510 para hombres con cabezal de afeitado
SIN SUB	p310037	Suplementos/None			Konsyl Daily Psyllium Fiber 360 g/12,7 oz - Suplemento en polvo de fibra sin OGM, vegano y cetogénic
SIN SUB	p310040	Suplementos/None			Supergut Gut Healthy Glp-1 Booster - Suplemento En Polvo Con Alto Contenido De Fibra De Glp-1 Para M
SIN SUB	p310041	Suplementos/None			Designs for Health Péptidos De Rendimiento: Favorecen La Salud Muscular, El Envejecimiento Saludable
SIN SUB	p310043	Suplementos/None			Double Wood Supplements Suplemento de Hongos de Leche de Tigre
SIN SUB	p310045	Suplementos/None			SUPER BETA PROSTATE Masticables avanzados: suplemento para la salud prostática masculina (120 compri
SIN SUB	p310049	Suplementos/None			Designs for Health PharmaGABA Suplemento masticable – Suplemento GABA biodisponible de 200 mg para e
SIN SUB	p310050	Suplementos/None			ProHealth Suplemento de cicloastragenol, 10 mg por porción | Con respaldo científico para apoyar la 
SIN SUB	p310051	Suplementos/None			Nutrasien100 Fibracomplex | Suplemento en Polvo | Sin Azúcar y Vegano | 60 Porciones | Salud Digesti
SIN SUB	p310057	Suplementos/None			Osteo Bi-Flex® One Per Day + Suplemento para la salud de las articulaciones de respuesta inflamatori
SIN SUB	p310062	Suplementos/None			Suplementos Dao Bloqueador de Histamina
SIN SUB	p310063	Suplementos/None			Bodymune Cuidado Oftalmológico Avanzado | Suplemento orgánico para la salud ocular aprobado por el U
SIN SUB	p310064	Suplementos/None			WONDERCOW Suplemento de Calostro En Polvo para La Salud Intestinal, El Apoyo Inmunitario, La Recuper
SIN SUB	p310070	Suplementos/None			Vitamatic Suplemento de NAC: N-acetil-L-cisteína (NAC) con extracto de cardo mariano 50:1. Favorece 
SIN SUB	p310071	Suplementos/None			Cápsulas De Tomate En Polvo 500Mg (Licopeno) 120 Count | Suplemento De Carotenoide Natural Para Apoy
SIN SUB	p310072	Suplementos/None			Vitamatic Lactoferrina 500 mg (Apolactoferrina), 60 cápsulas vegetales - Promueve la función inmunol
SIN SUB	p310080	Suplementos/None			Dr. Mercola- “Propóleo de abeja orgánico, 30 porciones (30 cápsulas), suplemento dietético, apoya la
SIN SUB	p310081	Suplementos/None			Suplemento de catalasa Rise-N-Shine 30,000 - Potente enzima antioxidante para la salud del cabello -
SIN SUB	p310083	Suplementos/None			COWBOY COLOSTRUM Calostro bovino en polvo - El exclusivo calostro entero de primera ordeño - Supleme
SIN SUB	p310085	Suplementos/None			DEAL SUPPLEMENT Suplemento De Nad+ 1000 Mg Por Ración, 120 Cápsulas Vegetales: Potenciador De Nad De
SIN SUB	p310087	Suplementos/None			Cacao (cacao) 200 cápsulas en polvo, salud cardíaca y bienestar, pie* (300 mg/porción)
SIN SUB	p310090	Suplementos/None			SANE MD - Viscera 3 Postbióticos con Tributirina - Suplemento de Butirato de Sodio para el Alivio de
SIN SUB	p310091	Suplementos/None			Qunol Mega Ubiquinol CoQ10 100 mg, absorción superior, suplemento natural patentado soluble en agua 
SIN SUB	p310093	Suplementos/None			LongLifeNutri Indol-3-Carbinol 400Mg 120 Cápsulas Vegeterianas, Suplemento Orgánico De Suministro Pa
SIN SUB	p310094	Suplementos/None			Lutein 40 mg 180 cápsulas vegetales (sin OMG y sin gluten) Suplemento de apoyo para ojos secos y cui
SIN SUB	p310096	Suplementos/None			Evlution Suplemento Nootr?pico de Fosfatidilserina para el Cerebro:
SIN SUB	p310097	Suplementos/None			Suplemento de policosanol. Hecho de caña de azúcar cubana. Apoya el nivel de lípidos saludables, sal
SIN SUB	p310101	Suplementos/None			Micro Ingredients Remolacha De Raíz 3000 Mg Con Extracto De Semilla De Uva Y Coq10, 400 Comprimidos 
SIN SUB	p310106	Suplementos/None			Dr. Mercola Complete Afterbiotics Suplemento dietético (18 mil millones de CFU), 30 cápsulas (30 por
SIN SUB	p310111	Suplementos/None			Neurogan Suplemento De Espermidina 1200Mg 99% Puro 100X Más Potente Que El Extracto De Arroz Y Germe
SIN SUB	p310113	Suplementos/None			GoBiotix Lectina Defense | Bloqueo de Lectinas Dietéticas y Facilidad de Gas | Ayuda en la Salud Int
SIN SUB	p310114	Suplementos/None			Gomitas de Ar?ndano Potentes de 1500 Mg con D-manosa:
SIN SUB	p310116	Suplementos/None			Suplemento NAD 1200 mg 120 cápsulas de ribósido de nicotinamida con resveratro, aumenta los niveles 
SIN SUB	p310118	Suplementos/None			LongLifeNutri- “Hesperidina 1000mg, 240 Cápsulas (Suministro para 4 Meses), Apoya la Salud Cardiovas
SIN SUB	p310120	Suplementos/None			Suplemento vegano para los ojos Vision Defender Meso Zeaxanthin MZ: protege y mejora la salud ocular
SIN SUB	p310122	Suplementos/None			“Dr.Wellme Nutrition Suplemento de sulfato de vanadilo 10 mg, Mantiene un Nivel Saludable de Azúcar 
SIN SUB	p310125	Mascotas/None			Seguridad alimentaria integrada y salud pública veterinaria
SIN SUB	p310126	Muebles/Otros			Bodily Autonomy in 19th Century American Women’s Writing: A Cornucopia of Pharmacopoeia (Routledge R
SIN SUB	p310127	Muebles/Otros			Creative Writing and Wellbeing: Research, Theory, and Practice Beyond Words (Routledge Interdiscipli
SIN SUB	p310128	Suplementos/None			Nature Target Probi?ticos para Hombres con Suplemento Men Care
SIN SUB	p310129	Suplementos/None			Bio-K Plus Bio-k+, Suplemento Probi?tico, Salud de la Mujer, 60 C?psulas
SIN SUB	p310130	Suplementos/None			Natures Craft Suplemento Antioxidante Avanzado
SIN SUB	p310132	Suplementos/None			Nature Made Fibra 6 g, suplemento dietético para apoyo a la salud digestiva, 90 gomitas de fibra, su
SIN SUB	p310137	Suplementos/None			Suplemento de lactoferrina de 1200 mg para un sistema inmunitario saludable - Sin gluten, vegetarian
SIN SUB	p310139	Suplementos/None			Qunol Liquid CoQ10 100 mg, Suplemento natural de absorción superior, forma de coenzima Q10, antioxid
SIN SUB	p310140	Suplementos/None			Extracto de arándano 2500 mg 200 cápsulas vegetarianas (sin OMG y sin gluten) Soporte de visión salu
SIN SUB	p310147	Suplementos/None			Suplemento Endocalyx - Apoyo al glicocáliz endotelial 60 cápsulas - Salud vascular y de la microcirc
SIN SUB	p310148	Suplementos/None			Thorne Theanine - 200 Mg De L-Teanina - Apoya Una Respuesta De Estrés Saludable, Relajación Y Concen
SIN SUB	p310150	Suplementos/None			ML Naturals Licopeno Natural 30 Mg 240 Cápsulas Vegetales. Totalmente Natural, A Base De Tomates. An
SIN SUB	p310152	Suplementos/None			XYMOGEN Uritrax - Suplemento De D-Manosa Para La Salud De Las Vías Urinarias Y La Vejiga - Polvo De 
SIN SUB	p310155	Suplementos/None			Suplemento de tributirina: mejor administración y más eficaz que el butirato de sodio - Salud intest
SIN SUB	p310157	Suplementos/None			NaturalSlim- “Helpzymes Enzimas Digestivas para Digestión, Hinchazón, Alivio de Gases y Suplemento p
SIN SUB	p310162	Suplementos/None			Extracto de hongo de leche de tigre (Lignosus rhinocerus) 10:1: Apoyo respiratorio e inmunitario, sa
SIN SUB	p310164	Suplementos/None			Suplemento de riñón de carne de res alimentada con hierba - (200 unidades) Nueva Zelanda para apoyo 
SIN SUB	p310166	Suplementos/None			Beta Sitosterol - Esteroles vegetales naturales - Tabletas de 500 mg - Complejo de esterol con fitoe
SIN SUB	p310168	Suplementos/None			LongLifeNutri- “Diosmina 1000mg Fórmula Avanzada 240 Cápsulas para Apoyo a la Salud Circulatoria, Ab
SIN SUB	p310172	Suplementos/None			Natural Factors RxOmega‑3 Maximum Triple Strength 900 mg – 150 Softgels con EPA/DHA Elevados para Sa
SIN SUB	p310177	Suplementos/None			Healthycell Suplemento Antienvejecimiento Con Uña De Gato Para La Reparación Del Adn, La Salud Celul
SIN SUB	p310180	Suplementos/None			Force Factor Probioslim, Suplemento Probi?tico para Mujeres
SIN SUB	p310183	Suplementos/None			Micro Ingredients Suplemento COQ10 soluble en agua (COQ10 200 mg por porción en forma de polvo), 50 
SIN SUB	p310184	Suplementos/None			Swanson Mejillón de labios verdes (liofilizado) – Suplemento de salud y movilidad de las articulacio
SIN SUB	p310187	Suplementos/None			“Único Suplemento PreBeber para Apoyo a la Salud del Hígado, Ayuda a la Energía de la Mañana con Alt
SIN SUB	p310189	Suplementos/None			N'More Suplemento para la salud de las articulaciones sin saponificables de soja de aguacate, 400 mg
SIN SUB	p310190	Suplementos/None			Nootropics Depot Cápsulas de L-teanina de 200 mg (180 cápsulas) | Favorece la relajación | Favorece 
SIN SUB	p310191	Suplementos/None			Seeking Health- “Enzimas Digestivas Suplemento Enzimático Masticable, Vegano y Vegetariano para Apoy
SIN SUB	p310193	Suplementos/None			Jarrow Formulas Citicolina CDP Choline 250 mg 120 Cápsulas - Apoyo Cognitivo - Salud Cerebral - Hech
SIN SUB	p310195	Suplementos/None			XYMOGEN XymoZyme - Enzimas digestivas veganas para la salud intestinal - Suplemento digestivo con br
SIN SUB	p310199	Suplementos/None			Wellness Resources Pterostilbeno - Fuente natural trans-pterostilbeno (silbinol) para un envejecimie
SIN SUB	p310201	Suplementos/None			Endocalyx Pro Suplemento para la Salud Vascular y Microcirculación 120 Cápsulas | Support Vascular P
SIN SUB	p310202	Suplementos/None			Vitamatic- “Polvo de Calostro Bovino 50% de IgG más Alta Suplemento para la Salud Intestinal, Crecim
SIN SUB	p310205	Suplementos/None			Purify Life Gomitas De Aceite De Semilla De Calabaza Sin Azúcar (4,000Mg/Porción) Aceite De Semilla 
SIN SUB	p310207	Muebles/Otros			My Period My Power: A Simple Guide to Body Literacy, Cycle Syncing & Daily Health Tracking
SIN SUB	p310209	Suplementos/None			Dr. Mercola Ubiquinol 150 mg – Antioxidante CoQ10 Kaneka de alta absorción – para la salud cardíaca,
SIN SUB	p310211	Suplementos/None			XYMOGEN Coqmax 200 Mg De Coenzima Q10 Ubiquinol (Forma Patentada Y Estabilizada) Para Mejorar La Sal
SIN SUB	p310213	Suplementos/None			LIVORKA Cápsulas de suplementos de salud Prostafense para hombres: pastillas oficiales de Prostafens
SIN SUB	p310221	Suplementos/None			Vimerson Health Suplementos De Azafrán Para Mujeres Y Hombres. Cápsulas De Extracto De Azafrán Promu
SIN SUB	p310223	Suplementos/None			Vitamatic- “Polvo de calostro bovino Suplemento para la Salud Intestinal, Crecimiento del Cabello, B
SIN SUB	p310235	Suplementos/None			Pure Encapsulations- “Complejo de inositol | Suplemento para Apoyar la Energía, el Metabolismo Salud
SIN SUB	p310238	Suplementos/None			Nootropics Depot Cápsulas De Cicloastragenol Al 10% | 100 Mg | 30 Unidades | Astragalus Membranaceus
SIN SUB	p310239	Suplementos/None			Prohealth Suplemento de Pterostilbeno
SIN SUB	p310240	Suplementos/None			Neurogan- “Cápsulas de Urolithin A Pro de Fuerza Mejorada 1000mg, 120 Count Salud Celular Avanzada &
SIN SUB	p310242	Suplementos/None			Humann- ?Superbeets Polvo de Ra?z de Remolacha Suplemento de ?xido
SIN SUB	p310245	Suplementos/None			TitanFlow - Suplementos de próstata para hombres - Con aceite de semilla de calabaza para favorecer 
SIN SUB	p310246	Suplementos/None			Tryglicare - Suplemento para reducir los triglicéridos naturales, fórmula herbaria premium para equi
SIN SUB	p310247	Suplementos/None			REMORY- “Suplemento Plasmalogen Sea Squirt Suplemento de Salud Cerebral Abastecimiento para 30 Días
SIN SUB	p310248	Suplementos/None			Neurogan Tabletas De Luteolina Bioflavonoides Naturales | 200 Mg – 120 Unidades | Suplemento Para La
SIN SUB	p310249	Suplementos/None			QNeeds® Ubiquinol 100 mg COQ10 clínicamente probado para una máxima absorción, apoyo mitocondrial me
SIN SUB	p310250	Suplementos/None			Omegaxl Heartxl Advanced - Suplemento para la Salud del Coraz?n
SIN SUB	p310253	Suplementos/None			Pure Encapsulations- “LGlutamina 850 mg | Suplemento para Apoyo Inmunológico y Digestivo, Salud Inte
SIN SUB	p310254	Suplementos/None			Vitapia Pure Fucoidan 85% Extracto De Algas Marinas Pardas Para Inmune, Salud Celular Fuerte, Apoyo 
SIN SUB	p310258	Suplementos/None			CYMBIOTIKA Arroz liposomal de levadura roja 400 mg – CLA + aceite de semilla negra, suplemento dieté
SIN SUB	p310261	Suplementos/None			Zen Principle- “Suplemento de Médula Ósea de Carne Alimentada con Hierba, 3300mg. Piel, Salud Bucal 
SIN SUB	p310262	Suplementos/None			XYMOGEN Nattokinase - Nattokinase 2000 Fu Suplementos Para La Presión Arterial - Salud Cardíaca, Cir
SIN SUB	p310263	Suplementos/None			BioTrust Glp1 Elevate - Suplemento Potenciador De Glp-1 | Controla Los Antojos Y Favorece La Salud M
SIN SUB	p310266	Suplementos/None			Andrew Lessman Ultimate Eye Support 60 cápsulas blandas – 12 mg de luteína, 6 mg de zeaxantina, arán
SIN SUB	p310267	Suplementos/None			SHII Suplemento Inmunitario Diario Ahcc, Suministro para 30 Días: Vegano Y Sin Gluten. Con Ahcc, Apo
SIN SUB	p310268	Suplementos/None			Prohealth Suplemento de Pterostilbeno
SIN SUB	p310269	Suplementos/None			Klean Athlete Klean Dha - Suplemento de Dha para Deportistas
SIN SUB	p310271	Suplementos/None			Equip Gomitas de calostro bovino Foods Core - Deliciosas gomitas de calostro bovino de 1 g por ració
SIN SUB	p310272	Suplementos/None			Protocol For Life Balance - DHA 1000 mg Extra Strength - Apoya la salud cerebral, la función cogniti
SIN SUB	p310273	Suplementos/None			Zen Principle- “Suplemento de Médula Ósea de Carne Alimentada con Hierba, 3300mg. Piel, Salud Bucal 
SIN SUB	p310275	Suplementos/None			Simple Promise- “Cardio Clear 7 Suplementos para la Salud del Corazón Mantener la Energía Celular Co
SIN SUB	p310277	Suplementos/None			Truflora Suplementos Master - 32 C?psulas, Paquete de 2
SIN SUB	p310279	Suplementos/None			Tesseract Medical Research Coq10 Pro, Coenzima Q10 Para La Salud Del Corazón, La Salud Muscular Y La
SIN SUB	p310281	Suplementos/None			Livorka (Paquete de 3) C?psulas de Suplementos de Salud
SIN SUB	p310284	Suplementos/None			OPTIVIDA- “Azúcar a Fibra Soporte 24 Horas + Azúcar Eliminar a Fibra para Saludable | Suplemento Dia
SIN SUB	p310286	Suplementos/None			Pure Encapsulations - Policosanol 20 mg - Suplemento hipoalergénico que apoya el metabolismo lipídic
SIN SUB	p310289	Suplementos/None			Kit Suplemento Alimenticio Apoyo para la Salud de la Próstata y Sistema Urinario Masculino
SIN SUB	p310291	Suplementos/None			Coq10 100 Mg + Ácido R-Lipoico (Na) 200 Mg Por Porción, Absorción Hasta 5 Veces Mejor, Suplemento de
SIN SUB	p310293	Suplementos/None			Terry Naturally Bioactive Ubiquinol CoQ10, 100 mg - 60 cápsulas - Antioxidante bioactivo - Beneficio
SIN SUB	p310295	Suplementos/None			NANOWELL- “HeartOn Active CoQ10 Kaneka Ubiquinol 100 Plus Suplemento para la Salud del Corazón 60 Cá
SIN SUB	p310298	Suplementos/None			Qunol Liquid CoQ10 100 mg, Suplemento natural de absorción superior, forma de coenzima Q10, antioxid
SIN SUB	p310299	Suplementos/None			Swanson D-limoneno - Suplemento de Extracto de C?scara de Naranja
SIN SUB	p310304	Suplementos/None			Amy Myers Md Histazyme - Suplemento de Enzima Diaminooxidasa Dao
SIN SUB	p310306	Suplementos/None			Pure Encapsulations - Cranberry NS - Suplemento hipoalergénico para apoyar la salud del tracto urina
SIN SUB	p310309	Suplementos/None			Fatty15 Suplemento de ?cido Pentadecanoico Puro C15:0: 3 Veces M?s Beneficios Celulares que el Omega
SIN SUB	p310311	Suplementos/None			Body Kitchen- “Proelastina, suplemento de elastina de 1000 mg, ayuda a reducir los signos del enveje
SIN SUB	p310312	Suplementos/None			Pure Encapsulations – Pycnogenol 100 mg – Suplemento hipoalergénico para promover la salud vascular 
SIN SUB	p310315	Suplementos/None			OmegaXL Suplemento de soporte para articulaciones, 300 unidades
SIN SUB	p310317	Mascotas/None			Wisdom Panel Premium - Prueba de ADN de perro para salud integral, rasgos y ascendencia
SIN SUB	p310318	Suplementos/None			Utiva PAC Arándano 36mg | Prevención Infecciones Urinarias | Salud Tracto Urinario y Vejiga | Clínic
SIN SUB	p310319	Mascotas/None			Rastreador GPS para perros, valla virtual y monitor de salud de IA, impermeable (con submetro de 36 
SIN SUB	p310320	Suplementos/None			MitoQ Advanced CoQ10 Ubiquinol Suplemento Antioxidante Apoyo para Mitocondria, Salud Orgánica, Envej
SIN SUB	p310321	Suplementos/None			Allergy Research Group Suplemento dietético Mastica - Salud gastrointestinal, ayuda a aliviar proble
SIN SUB	p310325	Suplementos/None			Codeage Suplemento de Urolitina a Liposomal 500 Mg por Porci?n +
SIN SUB	p310328	Suplementos/None			Balance Of Nature | Suplementos de frutas y verduras | 90 cápsulas de frutas y 90 cápsulas vegetales
SIN SUB	p310329	Suplementos/None			Pure Encapsulations – Pycnogenol 100 mg – Suplemento hipoalergénico para promover la salud vascular 
SIN SUB	p310330	Suplementos/None			Swanson AvoVida - Suplemento natural que promueve la salud y la movilidad de las articulaciones - Ag
SIN SUB	p310331	Suplementos/None			Nerve Control 911 - Suplemento Natural a Base
SIN SUB	p310333	Suplementos/None			Body Kitchen- “ProElastina 1000 mg Elastina Suplemento, Reduce Signos de Envejecimiento, Mejora de l
SIN SUB	p310334	Suplementos/None			Nerve Control 911 - Suplemento Natural a Base
SIN SUB	p310336	Suplementos/None			Cápsulas de extracto de Nigella Sativa | 200mg | 120 unidades | Contenido mínimo del 10% de timoquin
SIN SUB	p310337	Suplementos/None			Canabrex Palmitoylethanolamida (guisante) Suplemento | Guisante solubilizado de absorción mejorada |
SIN SUB	p310338	Suplementos/None			VITASEI Suplemento De Rendimiento Testronix Para Hombres: Suplementos De Energía Y Músculos Para La 
SIN SUB	p310339	Mascotas/None			Lomas Acuario Spectrum 139L Negro con LED RGB, Filtro Interno 3 Etapas y Calentador Termostato Integ
SIN SUB	p310340	Suplementos/None			Encapsulaciones Puras - Nsk-sd - Nattokinasa 100 Mg - Enzimas para Promover el Flujo Sanguíneo Salud
SIN SUB	p310341	Suplementos/None			North American Herb & Spice OregaMax - 90 cápsulas vegetales - Paquete de 3 - Apoyo digestivo e inmu
SIN SUB	p310358	Suplementos/None			Wellness Labsrx Suplemento de Nad, 1500 Mg
SIN SUB	p310359	Suplementos/None			XYMOGEN NeuroActives BrainSustain - Suplementos cerebrales para la memoria y la concentración - Supl
SIN SUB	p310364	Suplementos/None			Pure Encapsulations – Pycnogenol 100 mg – Suplemento hipoalergénico para promover la salud vascular 
SIN SUB	p310366	Mascotas/None			Lomas Acuario Spectrum 253L Negro con LED RGB, Filtro Interno 3 Etapas y Calentador Termostato Integ
SIN SUB	p310370	Muebles/Otros			Divisor de habitación plegable de 4 paneles sobre ruedas, portátil para armarios, salones y espacios
SIN SUB	p310410	Suplementos/None			Fatty15 Suplemento de ?cido Pentadecanoico C15:0. El Nutriente de
SIN SUB	p310412	Mascotas/None			Lomas Acuario Spectrum 446L Negro con LED RGB, Filtro Interno 3 Etapas y Calentador Termostato Integ
SIN SUB	p310421	Mascotas/None			Caja de automática para Gatos con autolimpieza con Control de aplicación, Inodoro Inteligente Grande
SIN SUB	p310427	Mascotas/None			Kit de filtro de acuario grande – Caja de filtro de ciclo de agua externa de fácil montaje para esta
SIN SUB	p310432	Herramientas/None			Molino de harina de piedra manual 8.7 pulgadas, amoladora de piedra azul natural con soporte de made
SIN SUB	p310439	Mascotas/None			Caja de Filtro de Acuario para Estanque de Peces Externo, Sistema de circulación de Agua DIY, Caja d
SIN SUB	p310442	Herramientas/None			Molino de harina de piedra manual 8.7 pulgadas, amoladora de piedra azul natural con soporte de made
SIN SUB	p310456	Cámaras y fotografía/None			Iriscopio Digital De 12MP, Cámara De Diagnóstico De Iridología Ocular, Software De Análisis Sin Cont
SIN SUB	p310460	Cámaras y fotografía/None			Cámara para el Cuero cabelludo de 15,6 Pulgadas con análisis de IA para Uso Profesional. 4 Modos de 
SIN SUB	p310473	Herramientas/None			Molino de harina de piedra manual 8.7 pulgadas, amoladora de piedra azul natural con soporte de made
SIN SUB	p310474	Mascotas/None			Caja de Filtro de Acuario para Estanque de Peces Externo, Sistema de circulación de Agua DIY, Caja d
SIN SUB	p310475	Mascotas/None			Cinta de correr para perros para ejercicio en interiores, máquina de correr resistente con visualiza
SIN SUB	p310477	Mascotas/None			Cinta de correr para perros grandes y medianos, máquina de ejercicio interior con visualización LCD,
SIN SUB	p310500	Herramientas/None			Analizador Digital de composición Corporal, IMC, Grasa Corporal, Masa Muscular, Herramienta para el 
SIN SUB	p310502	Herramientas/None			OLOTU Castillo Hinchable de Tela Gruesa, casa de Rebote Inflable de Seguridad y Salud, Parque Infant
SIN SUB	p310505	Herramientas/None			Carro con Ruedas Carro portátil para Herramientas con Rueda de Freno, Carro con Ruedas para Instrume
SIN SUB	p310506	Herramientas/None			Carro con Ruedas Carro Portátil para Herramientas con Rueda De Freno, Carro con Ruedas para Instrume
SIN SUB	p310539	Herramientas/None			Cepillo para Desenredar el Cabello para Mujeres, Hombres y Niños, Cepillo Ovalado para Peinar el Cab
SIN SUB	p310541	Herramientas/None			Cepillo de Esponja para el Cabello Agujeros Grandes Esponja Dreads Locking Afro Coil Peine Herramien
SIN SUB	p310543	Herramientas/None			2 Cepillo De Bambu Para Cabello, Cepillo De Bambu, Cepillo De Madera, Diseño Ergonómico Para Cuidado
SIN SUB	p310544	Herramientas/None			12 Peines de Peluquería de Plástico Negro, Peines de Dientes Finos para Cuidado del Cabello de Salón
SIN SUB	p310546	Herramientas/None			Clip Voluminizador Térmico Para Raíces, Herramienta Elevadora Volumen Para La Corona Del Cabello
SIN SUB	p310548	Herramientas/None			Gorro de Calentamiento Eléctrico para el Cabello, Gorro de Calentamiento de para el Cabello para Aco
SIN SUB	p310549	Herramientas/None			6 Piezas Kit Profesional Tinte Cabello, Herramientas para Teñir Cabello, Kit salon Belleza Cabello, 
SIN SUB	p310552	Herramientas/None			Peine para Cabello, Peine de PeluqueríA de Aceite PortáTil Para Hombres, Peine de Peinado con Mango 
SIN SUB	p310563	Herramientas/None			Peine de masaje con cojín de aire con pulverizador eléctrico, autolimpiante, antienredos, niebla de 
SIN SUB	p310564	Herramientas/None			Peine de masaje con cojín de aire con pulverizador eléctrico, autolimpiante, antienredos, niebla de 
SIN SUB	p310565	Herramientas/None			Peine de masaje con cojín de aire con pulverizador eléctrico, autolimpiante, antienredos, niebla de 
SIN SUB	p310567	Herramientas/None			Peine De Masaje Con Pulverizador Eléctrico Vibración Antipérdida De Cabello Crecimiento Terapia De L
SIN SUB	p310569	Herramientas/None			5 piezas de esponja negra para el cabello, accesorios para el cabello, flequillo para el cabello, he
SIN SUB	p310570	Herramientas/None			Soporte para Extensiones de Cabello, Herramienta de Peinado, Colgadores de Extensiones de Cabello pa
SIN SUB	p310571	Herramientas/None			Alicates para Extensiones de Cabello, Alicates para Cabello de Acero Inoxidable para Abridor y Extra
SIN SUB	p310575	Herramientas/None			1000pcs Anillo de extensión de cabello, Enlace de extensión de cabello, herramienta de extensión de 
SIN SUB	p310578	Herramientas/None			Dreamon Kit de 51 piezas de herramientas para peinar el cabello - Juego de sellos de gemas para el c
SIN SUB	p310582	Herramientas/None			Pistola pulverizadora Nano de 380 ml, pulverizador hidratante para el Cabello con luz Azul, Recargab
SIN SUB	p310591	Herramientas/None			Cepillo Con Pulverizador De Agua Masajeador Vibratorio Para El Cepillado
SIN SUB	p310593	Herramientas/None			Cepillo Térmico Rizador Herramienta Alisadora De Estilo Caliente Recargable
SIN SUB	p310594	Herramientas/None			Cepillo Con Pulverizador De Agua Masajeador Vibratorio Para El Cepillado
SIN SUB	p310602	Herramientas/None			Herramienta para Extensiones de Cabello, Conector de Cabello de Diseño Ergonómico, Herramienta Profe
SIN SUB	p310605	Herramientas/None			TREECELL Aceite Esencial Recuperador, 100 Ml(3.4 Oz Líq.)| Protección Contra La Contaminación, Los R
SIN SUB	p310606	Suplementos/None			BHRINGRAJ 120 tabletas | Eclipta Alba (Bhringraj) 1200 mg por porción | Orgánico y natural | Cuidado
SIN SUB	p310607	Herramientas/None			K89 Hair Expert - Professional Curly Hair Thermal Protector. Protector Térmico para el uso de las he
SIN SUB	p310614	Herramientas/None			Bolsa de Viaje para Herramientas de Cabello 43cm (Duna)
SIN SUB	p310618	Herramientas/None			TYMO Protector Térmico Para El Cabello Con Aceite De Argán Para Herramientas De Peinado Con Calor, A
SIN SUB	p310627	Herramientas/None			Peine hecho a mano, peine de bolsillo plegable, peine for el cabello for hombres, peine for el cuida
SIN SUB	p310629	Herramientas/None			CHI Volume Styler, cepillo soplador para volumen amplificado, peine calentado para alisar y alisar e
SIN SUB	p310635	Herramientas/None			Nora Styler Multi-Styler Pro 7 en 1, Ionic Hot Air Hair Styler para rizar, alisar, secar y voluminiz
SIN SUB	p310651	Herramientas/None			Voloom Petite - Plancha profesional para el cabello de 1 pulgada | Aumenta el volumen del cabello, h
SIN SUB	p310656	Herramientas/None			Beauty Creations - Juego de herramientas para el cabello, 6 piezas, rosa intenso
SIN SUB	p310675	Herramientas/None			2styles 6 pulgadas Tijeras cortadas en el arcoiris. Desdado de barbero barbería Pelijas for cabello 
SIN SUB	p310679	Herramientas/None			Herramienta De Peine De Limpieza De Cepillo De Pelo Automático, Máquina Limpiadora De Cepillo Redond
SIN SUB	p310682	Herramientas/None			6 en 1 9-32mm Curler de cerámica intercambiable pelo rotativo Curling hierro Wand Varita Ciliguerizo
SIN SUB	p310685	Herramientas/None			Genérico Máquina de Dreadlocks, Fabricante Automático de Dreadlocks para Locs DIY, Máquina Portátil 
SIN SUB	p310688	Muebles/Otros			LUVME HAIR Pelucas Frontales de Encaje Rizado 5X5 Cómodas para Todo el Día Cabello Humano Pelucas si
SIN SUB	p310690	Herramientas/None			Tijeras para el cabello Tijeras de peluquería para cortar el cabello Tijeras para entresacar Tijeras
SIN SUB	p310691	Mascotas/None			Juego de Tijeras para el Cuidado de Mascotas, Kit de Aseo para Perros, Tijeras de Corte Curvo para e
SIN SUB	p310692	Mascotas/None			Tijeras para el Cuidado de Mascotas de 7 Pulgadas, Tijeras para Perros, Tijeras para el Cabello, Tij
SIN SUB	p310703	Televisores/None			R+Co Television Perfect - Acondicionador de pelo, 33.8 Fl Oz
SIN SUB	p310705	Herramientas/None			Máquina profesional para el cuidado del cabello: vaporizador capilar ultrasónico con gorros de evapo
SIN SUB	p310707	Herramientas/None			6 en 1 9-32mm Curler de cerámica intercambiable pelo rotativo Curling hierro Wand Varita Ciliguerizo
SIN SUB	p310710	Herramientas/None			6 en 1 9-32mm Curler de cerámica intercambiable pelo rotativo Curling hierro Wand Varita Ciliguerizo
SIN SUB	p310712	Herramientas/None			6 en 1 9-32mm Curler de cerámica intercambiable pelo rotativo Curling hierro Wand Varita Ciliguerizo
SIN SUB	p310713	Herramientas/None			Máquina de vaporización capilar Nano, Herramienta Profesional para el Cuidado del Cabello, máquina d
SIN SUB	p310719	Mascotas/None			Tijeras De Aseo, Recortadora Y Juego De Tijeras para Mascotas, Kit De Tijeras De Corte Y Entresacado
SIN SUB	p310720	Herramientas/None			6 en 1 9-32mm Curler de cerámica intercambiable pelo rotativo Curling hierro Wand Varita Ciliguerizo
SIN SUB	p310722	Herramientas/None			2styles 6 pulgadas Tijeras cortadas en el arcoiris. Desdado de barbero barbería Pelijas for cabello 
SIN SUB	p310724	Mascotas/None			Clippers for perros, kit profesional for el cuidado de eléctrico inalámbrico , for mascotas bajo rui
SIN SUB	p310726	Herramientas/None			2styles 6 pulgadas Tijeras cortadas en el arcoiris. Desdado de barbero de barbería Pelijas for el ca
SIN SUB	p310727	Herramientas/None			Analizador De Cabello DiagnóStico De La Piel, Analizador De Detector De Cuero Cabelludo 200x Microsc
SIN SUB	p310729	Herramientas/None			2styles 6 pulgadas Tijeras cortadas en el arcoiris. Desdado de barbero barbería Pelijas for cabello 
SIN SUB	p310732	Herramientas/None			Vaporizador capilar con micronebulización para acondicionamiento Profundo, Herramienta Profesional p
SIN SUB	p310733	Herramientas/None			Analizador de Cabello para diagnóstico de Piel, analizador de Detector de Cuero cabelludo y Cabello 
SIN SUB	p310734	Herramientas/None			Cepillos for el Cabello de Fibra Dura y TOTAS Botas DE PULSIZACIÓN Herramienta Zapatos Cuidado
SIN SUB	p310735	Herramientas/None			Herramienta de diagnóstico de la piel del salón de belleza
SIN SUB	p310737	Herramientas/None			Máquina Multifunción Para El Cuidado Del Cabello con Análisis Del Cuero Cabelludo 5 en 1, 5 Herramie
SIN SUB	p310741	Herramientas/None			Analizador de Cabello para diagnóstico de la Piel, analizador de Detector de Cuero cabelludo 200X, m
SIN SUB	p310742	Herramientas/None			Tijeras de peluquería Tijeras profesionales for dientes/tijeras for doblar Tijeras for cortar el cab
SIN SUB	p310750	Herramientas/None			Tijeras de peluquería, tijeras dentales profesionales/tijeras dobladoras, tijeras for cortar el cabe
SIN SUB	p310764	Herramientas/None			Analizador de Cabello de diagnóstico de Piel de 9 Pulgadas, analizador de Detector de Cuero cabellud
SIN SUB	p310765	Herramientas/None			Kit De Máquina Para Extensiones De Queratina Para Cabello Natural, Miniherramienta De Unión Rápida C
SIN SUB	p310767	Herramientas/None			Máquina para Hacer Extensiones K Tip, Mini Herramienta De Adhesión Rápida De Queratina, Kit para Hac
SIN SUB	p310768	Herramientas/None			Kit para Fabricar Extensiones De Cabello con Punta K, Mini Herramienta De Adhesión Rápida De Querati
SIN SUB	p310769	Herramientas/None			Máquina para fabricar extensiones de cabello K-Tip, kit de herramienta mini de unión rápida con quer
SIN SUB	p310789	Herramientas/None			Tijeras Profesionales de peluquería para Cortar el Cabello, Herramientas Profesionales para el Cuida
SIN SUB	p310802	Herramientas/None			Peluquería, Tijeras Profesionales de peluquería, Tijeras de Corte de Dientes/doblado, Herramientas P
SIN SUB	p310803	Herramientas/None			Herramienta mágica antipérdida de cabello y crecimiento del cabello, 5 cabezales de iones para el cu
SIN SUB	p310807	Autos, bicicletas y motos/None			Peluquines para hombre Piezas de cabello humano indio, rastas, peluquín for hombres T2/30, Color deg
SIN SUB	p310809	Herramientas/None			Máquina para el cuidado del cuero cabelludo, máquina analizadora de cabello para la piel Facial 5 en
SIN SUB	p310818	Herramientas/None			Máquina de extensiones de cabello de tercera generación 6D, kits de herramientas de extensiones de c
SIN SUB	p310820	Herramientas/None			Herramienta de la máquina de la extensión del pelo 6D, aplicador sin trazas de 5 pines con alicates,
SIN SUB	p310821	Herramientas/None			Procesador De Cabello Vertical Profesional Para Salones De Belleza, Herramienta Eléctrica Para Teñir
SIN SUB	p310825	Herramientas/None			Analizador De Cabello para Diagnóstico De Piel, Detector De Cabello Y Cuero Cabelludo LCD Profesiona
SIN SUB	p310843	Herramientas/None			Línea de pulido Dental rodillos 6M * 4mm dientes de resina Material de pulido dentista dientes blanq
SIN SUB	p310844	Herramientas/None			Línea de pulido Dental rodillos 6M * 4mm dientes de resina Material de pulido dentista dientes blanq
SIN SUB	p310846	Herramientas/None			Set Limpieza Cuidado Dental Quita Sarro Cepillo De Dientes Carrete Hilo Dental Herramientas limpieza
SIN SUB	p310847	Herramientas/None			Kit de 2 palillos dentales reutilizables, removedor portátil de manchas y placa con llavero, incluye
SIN SUB	p310848	Herramientas/None			Herramienta de Limpieza Interdental 60 Piezas Cerdas Suaves para Eliminar Placa y Restos para Cuidad
SIN SUB	p310849	Mascotas/None			Medical Solutions Pasta Dental para Perros 90 g Sabor Hierbabuena con Hexametafosfato de Sodio y Vit
SIN SUB	p310859	Herramientas/None			Herramienta de Limpieza Interdental 60 Piezas Cerdas Suaves para Eliminar Placa y Restos para Cuidad
SIN SUB	p310861	Herramientas/None			Henniu 100 Piezas de cepillos interdentales, Hilo Dental, palillo de Dientes, aparatos de ortodoncia
SIN SUB	p310865	Mascotas/None			Hicc Pet Spray para el Cuidado Dental de Perros, Recomendado por Veterinarios, Para Refrescar el Ali
SIN SUB	p310867	Herramientas/None			Herramientas dentales, palillo para limpieza dental, kit de higiene de acero inoxidable con raspador
SIN SUB	p310868	Herramientas/None			12 tiras dentales abrasivas de acero inoxidable, tira de metal de pulido de acabado de 0.157 in de u
SIN SUB	p310869	Herramientas/None			Paquete de 8 retractores de labios intraorales en forma de T, 4 tamaños grandes+4 abrebocas de doble
SIN SUB	p310875	Herramientas/None			Herramientas dentales, palillo para limpieza dental, kit de higiene de acero inoxidable con raspador
SIN SUB	p310876	Mascotas/None			Dental Perros, Aditivo Para El Aliento Del Perro En El Agua, Limpieza Dental para Perros (2, one siz
SIN SUB	p310877	Herramientas/None			1 PCS Soporte de Hilo Dental Reutilizable, Mango para Limpieza Bucal Profunda, Herramienta para Elim
SIN SUB	p310884	Herramientas/None			Herramienta profesional de raspado de sarro dental, palillos orales para eliminar cálculos de los di
SIN SUB	p310886	Herramientas/None			3 Rollos Tiras de Pulido Dental Pulidor de Dientes 4 mm x 6 m Archivo Dental de Dientes Lijado Pulid
SIN SUB	p310890	Herramientas/None			250 Cepillos Interdentales Hilos Dentales de Frenos Limpiadores de Palillos de Dientes Cabezal de Hi
SIN SUB	p310894	Herramientas/None			Brushee - La evolución del cuidado bucal | Herramienta 4 en 1 (pasta + cepillo para polvo + hilo den
SIN SUB	p310895	Herramientas/None			Genérico Cortador de gutapercha inalámbrico,Cortador de gutapercha Dental inalámbrico de 2 Puntas | 
SIN SUB	p310896	Herramientas/None			Juego de limpieza de herramientas dentales de acero inoxidable, juego de herramientas de limpieza de
SIN SUB	p310897	Mascotas/None			ARMOYA - Polvo dental para perros - Cuidado dental para perros - Eliminación de placa y mal aliento
SIN SUB	p310898	Herramientas/None			12 tiras de pulido de metal dental de acero inoxidable, tiras de metal de 4 mm, herramientas de limp
SIN SUB	p310899	Herramientas/None			FOMIYES 10 espejos dentales de acero inoxidable para inspección de dientes, espejo antivaho, para el
SIN SUB	p310901	Mascotas/None			Polvo de Limpieza de Dientes de Perro, Polvo Para El Aliento De Perros, Cuidado Dental, Refresca el 
SIN SUB	p310903	Herramientas/None			Herramientas dentales, Kit Profesional de higiene bucal para Limpieza Dental, palillo Dental de Acer
SIN SUB	p310910	Herramientas/None			Juego de limpieza de herramientas dentales de acero inoxidable, juego de herramientas de limpieza de
SIN SUB	p310912	Herramientas/None			Juego de limpieza de herramientas dentales de acero inoxidable, juego de herramientas de limpieza de
SIN SUB	p310914	Herramientas/None			Kit de Cepillo Interdental de Ortodoncia, 60 Piezas/Caja, Herramienta de Limpieza de Dientes, Limpia
SIN SUB	p310915	Herramientas/None			Herramienta de colocación de anillos dentales de ortodoncia y ortodoncia, herramienta dispensadora, 
SIN SUB	p310916	Muebles/Otros			Electroválvulas Cuadradas Válvulas Electromagnéticas de Repuesto para Sillones Dentales e Irrigador 
SIN SUB	p310920	Herramientas/None			Herramienta de colocación de anillos dentales de ortodoncia para herramientas dispensadoras de herra
SIN SUB	p310926	Herramientas/None			Herramienta de colocación de anillos dentales de ortodoncia para herramientas dispensadoras de herra
SIN SUB	p310928	Herramientas/None			FOMIYES 120 Piezas cepillo interdental cepillo de dientes interdental limpiador seda floja herramien
SIN SUB	p310929	Herramientas/None			GLEAVI 45 Piezas Cepillo Interdental Hilo Herramienta De Limpieza De Dientes Herramientas De Cuidado
SIN SUB	p310931	Herramientas/None			Herramienta de colocación de anillos dentales de ortodoncia para herramientas dispensadoras de herra
SIN SUB	p310932	Herramientas/None			ULTECHNOVO 120piezas Púas Interdentales Desechables Para Cuidado Oral Herramientas De Limpieza Portá
SIN SUB	p310934	Mascotas/None			TropiClean Fresh Breath - Aditivo de Agua para Mascotas, 16 onzas
SIN SUB	p310935	Mascotas/None			Oxyfresh - Aditivo para el cuidado dental para mascotas - La mejor manera de eliminar el mal aliento
SIN SUB	p310939	Mascotas/None			LIQUIDHEALTH Aditivo para El Cuidado Dental De Mascotas: Refrescante De Agua De Acción Rápida para E
SIN SUB	p310946	Herramientas/None			H2ofloss - Combo de cepillo de dientes eléctrico y hilo dental - Cuidado bucal 2 en 1 para cepillado
SIN SUB	p310947	Mascotas/None			WONDER PAWS- Wonder Paws Dental Powder para perros: limpieza y cuidado dental fáciles de hacer: elim
SIN SUB	p310955	Herramientas/None			Palillos de hilo dental - 200 unidades (4 cajas de 50) Paquete de repuesto de hilo dental Twin-Line 
SIN SUB	p310962	Herramientas/None			1 caja de esterilización para instrumentos dentales, bandeja de esterilización en frío, soporte de p
SIN SUB	p310977	Herramientas/None			Espejo bucal microreflector dental con mango desmontable, espejo dental antivaho para fotografía ora
SIN SUB	p310985	Herramientas/None			6 herramientas de limpieza dental de acero inoxidable, juego de cuidado dental portátil for el hogar
SIN SUB	p310987	Herramientas/None			Juego de limpieza de herramientas dentales de acero inoxidable, juego de herramientas de limpieza de
SIN SUB	p310989	Herramientas/None			Naturelledent - Alicates perforadores dentales para el cuidado de los dientes de la presa dental par
SIN SUB	p310991	Mascotas/None			Petpost | Solución dental para perros - Aditivo de agua que elimina el mal aliento - Placa y caries 
SIN SUB	p310996	Herramientas/None			FOMIYES 180 Piezas cepillo de hilo dental cepillo interdental cuidado bucal selecciones de hilo inte
SIN SUB	p310997	Herramientas/None			Ipetboom 180 Piezas cepillo de dientes interespacial palillos desechables hilo dental limpiadores de
SIN SUB	p310998	Herramientas/None			Beavorty 180 Uds Herramienta De Cuidado Bucal Cepillo De Dental Cepillo Palillo De Dientes Limpiador
SIN SUB	p311005	Mascotas/None			Oxyfresh Solución de cuidado dental para mascotas premium aditivo de agua para mascotas: la mejor ma
SIN SUB	p311036	Mascotas/None			Polvo de limpieza dental para perros, ambientador de aliento para perros, removedor de sarro para di
SIN SUB	p311047	Mascotas/None			Alimento Seco para Perro Cachorro Todas Las Razas, Croquetas con 26% Proteína, Cuidado Dental, Bulto
SIN SUB	p311048	Herramientas/None			Modelo de dientes para Adultos, Modelo Dental Estándar de Boca para Adultos con 28 Dientes Removible
SIN SUB	p311050	Herramientas/None			Modelo de Guía de Sombra de Dientes Dentales de 20 Colores, Tabla de Seguimiento de Blanqueamiento D
SIN SUB	p311057	Herramientas/None			20 piezas en forma de C blanqueamiento de dientes para mejillas, retráctiles dentales de labios y me
SIN SUB	p311058	Herramientas/None			Kit de dique Dental de Goma Alicates perforadores de dique para Herramienta de Barrera Dental de Gom
SIN SUB	p311064	Herramientas/None			Lámpara de operación de luz de inducdental lámpara de operación de luz LED Dental lámpara Oral para 
SIN SUB	p311066	Herramientas/None			usmile C30 Hilo de agua inalámbrico, flujo continuo de alta presión de 60 segundos, flujo estable de
SIN SUB	p311095	Herramientas/None			Espejo bucal microreflector dental con mango desmontable, espejo dental antivaho para fotografía ora
SIN SUB	p311101	Herramientas/None			Color aleatorio útil 40pcs cepillos de hilo dental interdental cuidado oral herramienta limpieza
SIN SUB	p311102	Herramientas/None			Dique De Goma Starter Kit, 12-Piezas Conjunto De Herramientas Dental Piercing, Acero Inoxidable Resi
SIN SUB	p311104	Herramientas/None			Modelo dental transparente para enfermedades, modelo dental transparente, réplica de anatomía del cu
SIN SUB	p311106	Herramientas/None			Plantilla de cuidado dental Plantilla de dientes de cavidad oral humana Los dientes pueden desensamb
SIN SUB	p311108	Herramientas/None			Plantilla de cuidado dental plantilla de dientes de cavidad oral humana Diente de plantilla de dient
SIN SUB	p311109	Herramientas/None			Plantilla de Dientes Dientes dentales Dientes Plantilla de enseñanza de Goma Adulta Herramienta de d
SIN SUB	p311116	Herramientas/None			Irrigador Portátil Herramientas de Limpieza
SIN SUB	p311117	Herramientas/None			Irrigador para Brackets Herramientas de Limpieza
SIN SUB	p311122	Mascotas/None			TEEF for Life Protektin42+K Aditivo dental para perros prebiótico dental para agua + cuidado dental 
SIN SUB	p311125	Mascotas/None			Oxyfresh Solución de cuidado dental para mascotas premium aditivo de agua para mascotas: la mejor ma
SIN SUB	p311126	Herramientas/None			Pluma de Obturación de Gutapercha Dental, Pluma de Obturación Endo Inalámbrica, Obturación Dental En
SIN SUB	p311130	Herramientas/None			Entrenador De Apertura Bucal, Retractor Dental Ajustable Para Mejillas Con Rango De Apertura De 7 A 
SIN SUB	p311133	Herramientas/None			Modelo Dental de 32 Piezas para Adultos, Modelo de Dientes de Dos Colores con Aumento de 2,5X y Estu
SIN SUB	p311145	Herramientas/None			Articulador magnético Dental, articulador Funcional de dentadura Completa Verde, Herramientas de Den
SIN SUB	p311146	Herramientas/None			Herramientas de articulador de dentadura, articulador de Laboratorio Dental, Instrumentos de Laborat
SIN SUB	p311147	Herramientas/None			Articulador de dentadura magnética Dental, Herramienta de Laboratorio Dental Articulador de Dientes 
SIN SUB	p311148	Herramientas/None			Articulador Dental magnético Ajustable, articulador Universal de Acero Inoxidable Tipo B, Herramient
SIN SUB	p311151	Herramientas/None			Máquina de moldeo y formación al vacío para laboratorio dental de 1200 W, herramienta de termoformad
SIN SUB	p311152	Herramientas/None			Yerman Jet Wash Hilo dental compacto L para la boca boca boca mal aliento cuidado periodontal dental
SIN SUB	p311153	Mascotas/None			VitalCare | Escariador Dental Ultrasónico Veterinario | Remoción de Sarro para Mascotas con Luz LED
SIN SUB	p311201	Herramientas/None			Modelo anatómico Cuidado Dental Cepillado Modelo de enseñanza con Cepillo de Dientes Herramientas de
SIN SUB	p311203	Herramientas/None			Máquina formadora de vacío Dental, Equipo de termoformado de Laboratorio de 220 V, formador de vacío
SIN SUB	p311206	Herramientas/None			Máquina formadora de moldeo al vacío de 1000 W, formadora de vacío para moldeo de Cuidado Dental, Eq
SIN SUB	p311207	Herramientas/None			Modelo anatómico Modelo de Diente estándar Humano Modelo de Cuidado Dental de 28 Dientes Pantalla de
SIN SUB	p311213	Herramientas/None			Articulador Dental magnético Ajustable, articulador Universal de Acero Inoxidable Tipo B, Herramient
SIN SUB	p311214	Herramientas/None			Herramientas de articulador de dentadura postiza, articulador Dental, Equipo de Instrumentos de Labo
SIN SUB	p311216	Herramientas/None			Articulador magnético Dental, articuladores de dentadura magnética de Laboratorio de clínica Dental,
SIN SUB	p311217	Herramientas/None			Articulador Mandíbula Marco Dental SJK Articulador Universalmente Ajustable Dental Diente Articulado
SIN SUB	p311219	Herramientas/None			Articulador de dentadura magnética Dental, Herramienta de Laboratorio Dental Articulador de Dientes 
SIN SUB	p311220	Herramientas/None			Articulador Dental magnético, articulador anatómico de dentadura magnética Ajustable, Herramienta de
SIN SUB	p311227	Herramientas/None			Técnicos dentales Articuladores anatómicos multifuncionales Herramientas dentales Articuladores New 
SIN SUB	p311228	Herramientas/None			Articulador Dental de aleación de Zinc de 3 uds, Herramienta de prostodoncia Fija de ortodoncia para
SIN SUB	p311233	Herramientas/None			Articulador Dental magnético, articulador anatómico de dentadura magnética Ajustable, Herramienta de
SIN SUB	p311234	Herramientas/None			Articuladores Ajustables Articuladores de dentadura de Metal de Boca Completa Herramienta de Tipo de
SIN SUB	p311235	Herramientas/None			Articulador de dentadura postiza Ajustable, articulador anatómico de Boca Completa, Marco de mandíbu
SIN SUB	p311237	Herramientas/None			100 kits de viaje personalizados para el cuidado bucal, kit de cuidado dental con espejo, herramient
SIN SUB	p311238	Herramientas/None			100 kits de viaje personalizados para el cuidado bucal, kit de cuidado dental con espejo, herramient
SIN SUB	p311239	Herramientas/None			100 kits de viaje personalizados para el cuidado bucal, kit de cuidado dental con espejo, herramient
SIN SUB	p311240	Herramientas/None			100 kits de viaje personalizados para el cuidado bucal, kit de cuidado dental con espejo, herramient
SIN SUB	p311241	Herramientas/None			100 kits de viaje personalizados para el cuidado bucal, kit de cuidado dental con espejo, herramient
SIN SUB	p311242	Herramientas/None			Juego de 100 piezas personalizado para el cuidado dental dental, kit portátil de cuidado dental con 
SIN SUB	p311243	Herramientas/None			Juego de 100 piezas personalizado para el cuidado dental dental, kit portátil de cuidado dental con 
SIN SUB	p311244	Herramientas/None			Juego de 100 piezas personalizado para el cuidado dental dental, kit portátil de cuidado dental con 
SIN SUB	p311245	Herramientas/None			Juego de 100 piezas personalizado para el cuidado dental dental, kit portátil de cuidado dental con 
SIN SUB	p311246	Herramientas/None			Juego de 100 piezas personalizado para el cuidado dental dental, kit portátil de cuidado dental con 
SIN SUB	p311247	Herramientas/None			Juego de 100 piezas personalizado para el cuidado dental dental, kit portátil de cuidado dental con 
SIN SUB	p311248	Herramientas/None			Juego de 100 piezas personalizado para el cuidado dental dental, kit portátil de cuidado dental con 
SIN SUB	p311259	Herramientas/None			Inless - Kit de olla y frasco de presión para dentaduras dentales de acero, herramienta de curado y 
SIN SUB	p311264	Herramientas/None			Articulador Dental, articulador de dentadura magnética Dental, Herramienta de Laboratorio Dental art
SIN SUB	p311266	Herramientas/None			Articulador Dental, articulador Universal Dental No se Necesita Yeso Marco Herramientas de Equipo de
SIN SUB	p311267	Herramientas/None			Articulador Dental, articulador de dentadura magnética Dental, Herramienta de Laboratorio Dental art
SIN SUB	p311268	Herramientas/None			Articulador Dental, articulador de dentadura magnética Dental, Herramienta de Laboratorio Dental art
SIN SUB	p311271	Herramientas/None			Articulador Dental, articulador de dentadura magnética Dental, Herramienta de Laboratorio Dental art
SIN SUB	p311289	Herramientas/None			1 Juego de Herramientas de articulador de Laboratorio Dental articulador de Estilo magnético Instrum
SIN SUB	p311296	Herramientas/None			Herramienta de Laboratorio Dental articulador, articuladores de dentadura de Metal de Boca Completa,
SIN SUB	p311301	Herramientas/None			Articulador de dentadura postiza Ajustable, articulador de Boca Completa, Marco de mandíbula de técn
SIN SUB	p311303	Herramientas/None			Lupas dentales Microesurgy Leupes Procesamiento óptico Herramientas de reparación Lupes binoculares(
SIN SUB	p311304	Mascotas/None			Escalador dental ultrasónico veterinario con suministro automático de agua y pieza de mano desmontab
SIN SUB	p311305	Herramientas/None			Kit de Masajeador de Drenaje Linfático,Herramientas de masaje de terapia, Set de Masaje Anticeluliti
SIN SUB	p311306	Herramientas/None			Masajeador drenaje linfatico, Herramientas de masaje de terapia, Herramienta de masaje anticelulitis
SIN SUB	p311308	Herramientas/None			Masajeador de Drenaje linfatico, Masajeador Anticelulitis y Reductivo, Máquina de Modelado Corporal,
SIN SUB	p311309	Herramientas/None			Gua Sha, Masajeador Facial para Drenaje Linfático con Caja de Almacenamiento, Herramienta Gua Sha Fa
SIN SUB	p311310	Herramientas/None			ABOOFAN Herramienta de masaje para cuero cabelludo, masajeador eléctrico de cabeza con garras, metal
SIN SUB	p311311	Herramientas/None			Masajeadores Manual Cuello Espalda Libera Tensión Alivia Estrés Relajante Práctico Diseño Ergonómico
SIN SUB	p311313	Herramientas/None			2 Piezas Herramienta Gua Sha Facial de Acero Inoxidable
SIN SUB	p311315	Herramientas/None			3 Pzs Gua Sha Facial de Acero Inoxidable, Masajeador Facial con Bolsa de Viaje, Herramienta de Drena
SIN SUB	p311316	Herramientas/None			WADY Cepillo de Presión Meridiano - Masaje Corporal de Madera, Elimina Celulitis y Grasa Abdominal, 
SIN SUB	p311317	Herramientas/None			Herramienta Inteligente De Para Tobillo - Masajeador De Pies Portátil - Dispositivo Inalámbrico De P
SIN SUB	p311320	Herramientas/None			FOMIYES Masajeador Inteligente De Vacumterapia 2 Piezas Con Ventosas Para Masaje Corporal Y Gua Sha 
SIN SUB	p311321	Herramientas/None			Rodillo de pierna, 9 ruedas roller de masaje para piernas, herramienta de masaje de fascia, muslo, p
SIN SUB	p311322	Herramientas/None			Kit de Masaje de Madera Portátil y Ligero para Cabeza y Cuello, Herramienta de Relajación Adecuado p
SIN SUB	p311323	Herramientas/None			Cepillo de Presión Meridiano,Masaje Corporal de Madera, Elimina Celulitis y Grasa Abdominal, Herrami
SIN SUB	p311325	Herramientas/None			Herramienta de Maderoterapia, Tabla de Madera para Terapia Facial y Corporal, Herramienta de Masaje 
SIN SUB	p311326	Herramientas/None			Hirola Rodillo Masajeador de Pies de Madera, Rodillo para Masaje Muscular, Alivia Fascitis Plantar, 
SIN SUB	p311327	Herramientas/None			Rodillo Facial 2 Piezas, Herramienta Facial Guasha, Rodillo de Dos Piedras, Adecuado para Masajes Fa
SIN SUB	p311328	Herramientas/None			Masajeador eléctrico del cuero cabelludo, masajeador eléctrico del cuero cabelludo con forma de pulp
SIN SUB	p311329	Herramientas/None			MAGICLULU 3 Palos de Masaje de Madera, Herramienta de Acupuntura Corporal
SIN SUB	p311330	Herramientas/None			Herramienta de Masajeador 2 Piezas, Masajeadores de Mano para Tejido Profundo Espalda, Masajeador Ac
SIN SUB	p311334	Herramientas/None			Herramienta de Masaje de Ahorro de Pulgar Presión Profesional, Punto Masajeador de Punto de Activaci
SIN SUB	p311335	Herramientas/None			Herramientas De Masaje De Dedos, Masajeador De Manos Con Dedos, Rodillo De Masaje De Silicona Para M
SIN SUB	p311337	Herramientas/None			Potente masaje eléctrico de mano para espalda y cuerpo, vibrador para mujer, recuperación deportiva,
SIN SUB	p311338	Herramientas/None			Masajeador eléctrico del cuero cabelludo, en forma de pulpo con 12 garras desmontables, herramienta 
SIN SUB	p311339	Herramientas/None			Herramienta de masaje manual de punto de gatillo y protector de pulgar para masaje de tejido profund
SIN SUB	p311340	Herramientas/None			Máquina de escultura corporal, masajeador de drenaje linfático y herramienta de masaje anticelulític
SIN SUB	p311341	Herramientas/None			HEILUON Gua Sha de Acero Inoxidable, Masajeador Facial para Drenaje Linfático y Desinflamación, Herr
SIN SUB	p311342	Herramientas/None			Copa de Masaje de Mano de Madera, Copa Sueca de Madera Copa Sueca de Madera de Mano Herramienta de M
SIN SUB	p311343	Herramientas/None			Hemoton Peine De Masaje Para Cuero Cabelludo 2 Piezas Herramienta De Cera De Abejas Suave Para Estim
SIN SUB	p311346	Herramientas/None			Masajeador Manual, ANGGREK Mini Masajeador Manual de Mano Herramienta de Masaje de Cuerpo Completo p
SIN SUB	p311347	Herramientas/None			Masajeador de Hongos Madera Herramienta Fisioterapia Manual para Todo el Cuerpo Alivia la Tensión Mu
SIN SUB	p311348	Herramientas/None			Varita Masajeadora de Ojos, Herramienta Eléctrica para Masaje Facial y Antienvejecimiento, Ojeras, A
SIN SUB	p311349	Herramientas/None			Bola de Masaje, Bola de Masaje de Punta, Cuerpo de Rodillo de Masaje de Plástico Duradero Bolas de P
SIN SUB	p311350	Herramientas/None			Masajeador de puntos gatillo ajustable de doble cabezal - Herramienta para aliviar el dolor de espal
SIN SUB	p311351	Herramientas/None			Juego de herramientas de masaje facial de dos piezas: Set de rodillo de silicona y raspador de acero
SIN SUB	p311352	Herramientas/None			Herramienta de masaje con protector de pulgar, herramienta masaje punto presión, 3 piezas/juego manu
SIN SUB	p311353	Herramientas/None			Masajeador de cuero cabelludo de madera 3 piezas, herramienta masaje cabeza sándalo natural y peine 
SIN SUB	p311354	Herramientas/None			Gran herramienta de masaje fascial para celulitis, liberación miofascial, nudos musculares, puntos g
SIN SUB	p311355	Herramientas/None			Herramientas de masaje de madera, masajeador cuero cabelludo madera, herramienta acupresión manual d
SIN SUB	p311356	Herramientas/None			Peine de masaje de madera, 28 dientes, masajeador natural del cuero cabelludo y herramienta relajaci
SIN SUB	p311357	Herramientas/None			CALLARON 3 Piezas Masajeador Facial De Jade Herramienta De Masaje Para El Cuidado De La Piel Rodillo
SIN SUB	p311358	Herramientas/None			Mobestech Peine De Masaje Para Cuero Cabelludo De Cera De Abejas 2 Piezas Herramienta Gua Sha Para C
SIN SUB	p311361	Herramientas/None			Herramienta de masaje de mano fácil ajuste en la palma con perillas de masaje para un suave masaje d
SIN SUB	p311362	Herramientas/None			Fascia - Herramienta de Masaje para Celulitis, Punto de Disparo, Masajeador para Tejido Miofascial P
SIN SUB	p311363	Herramientas/None			Herramienta Guasha Facial Acero Inoxidable, Plata, 3PCS
SIN SUB	p311366	Herramientas/None			Rodillo de hielo facial, Hielo para Masaje Facial Reutilizable para ojos, cuello, rodillo de masaje 
SIN SUB	p311367	Herramientas/None			5 Pzs Gua Sha, Herramienta de Masaje de Acero Inoxidable Guasha.
SIN SUB	p311368	Herramientas/None			Manita Rascadora Espalda 3Pcs Rascador de Espalda Extensiblen Acero Inoxidable Herramienta Extensibl
SIN SUB	p311369	Herramientas/None			Rascador de Espalda Acero Inoxidable, Herramienta Extensible para Masajeador Rascador de Espalda
SIN SUB	p311370	Herramientas/None			Kit de Cepillo Facial para Contorno Linfático y Guasha de Acero Inoxidable, Masajeador de Drenaje Pr
SIN SUB	p311371	Herramientas/None			Rollador de masaje de madera, 2 piezas herramientas de masaje de madera con cuerda de rodillo de mas
SIN SUB	p311372	Herramientas/None			Set de rodillo de silicona y raspador de acero inoxidable con bolsa de almacenamiento - Kit facial r
SIN SUB	p311373	Herramientas/None			2 Piezas Herramienta Facial Gua Sha, Facial para Masaje Facial Antienvejecimiento, Herramienta de Ma
SIN SUB	p311374	Herramientas/None			Cepillo facial de contorno linfático 3 en 1 con herramienta Guasha de acero inoxidable, masajeador d
SIN SUB	p311375	Herramientas/None			Set de rodillo de silicona y raspador de acero inoxidable con bolsa de almacenamiento - Kit facial r
SIN SUB	p311376	Herramientas/None			3 Pzs Herramienta Facial Gua Sha con Bolsa de Viaje, Washa Facial Reafirmante Antiarrugas. Guasha Fa
SIN SUB	p311377	Herramientas/None			2 herramientas de masaje de madera, rodillo masajeador pies multiusos, rodillo masaje manos, masajea
SIN SUB	p311378	Herramientas/None			Rascador de Espalda Acero Inoxidable, Herramienta Extensible para Masajeador Rascador de Espalda
SIN SUB	p311380	Herramientas/None			Herramientas De Masaje De Terapia De Madera Con Mango Rodillo De Masaje De Madera De 14 Cuentas Herr
SIN SUB	p311382	Herramientas/None			Yosoo Masaje Roller Spiky Ball Relajante Herramienta para Atletas Fitness de Plástico de 9 Cm Púrpur
SIN SUB	p311383	Herramientas/None			2 Piezas Herramienta Facial Gua Sha,Herramienta de masaje de acero inoxidable Guasha,Herramienta de 
SIN SUB	p311384	Herramientas/None			1 herramienta de masaje de madera con mango, 14 cuentas madera, rodillo masaje drenaje linfático, he
SIN SUB	p311385	Herramientas/None			Herramienta de masaje de punto presión madera 4 en 1 para cuello, es
SIN SUB	p311387	Herramientas/None			Lymphatic Contour Face Brush, Herramientas para Masajes Faciales, 1PCS
SIN SUB	p311388	Herramientas/None			Peine de masaje de madera 2 uds, masajeador cuero cabelludo Gua Sha 5 garras y herramienta relajació
SIN SUB	p311389	Herramientas/None			Set de rodillo de silicona y raspador de acero inoxidable con bolsa de almacenamiento - Kit facial r
SIN SUB	p311390	Herramientas/None			Herramienta de masaje de celulitis, cepillo corporal de masaje de madera para celulitis y mejorar el
SIN SUB	p311391	Herramientas/None			Palo De Masaje Herramientas De Masaje De Terapia De Madera Herramienta Guasha Para Masajeador De Esp
SIN SUB	p311392	Herramientas/None			Set de rodillo de silicona y raspador de acero inoxidable con bolsa de almacenamiento - Kit facial r
SIN SUB	p311393	Herramientas/None			2 Piezas Cepillo Masajeador Corporal de Madera Rodillo para Masaje Profundo, Herramienta Portátil pa
SIN SUB	p311394	Herramientas/None			Herramienta de masaje Gua Sha para cara, herramienta de masaje de aventurina Gua Sha para cara y cue
SIN SUB	p311395	Herramientas/None			Herramienta de masaje con rodillo de mano,Herramienta de masaje con
SIN SUB	p311396	Herramientas/None			Masajeador de cuero cabelludo de madera, herramienta acupresión Manual doble cara, herramientas masa
SIN SUB	p311397	Herramientas/None			Set de rodillo de silicona y raspador de acero inoxidable con bolsa de almacenamiento - Kit facial r
SIN SUB	p311399	Herramientas/None			Herramienta de Masaje de Tejido Profundo, Masajeador de Puntos en Forma de T, Herramienta de Masaje 
SIN SUB	p311401	Herramientas/None			Masajeador de de mano - Herramienta de rodillo muscular con forma de
SIN SUB	p311403	Herramientas/None			Juego de Herramientas Gua Sha de Acero Inoxidable Plateado, 1 Set
SIN SUB	p311404	Herramientas/None			Herramienta de Masaje de Terapia de Madera 9 en 1,Juego de Masaje
SIN SUB	p311405	Herramientas/None			TMJ Relief Products - Masajeador TMJ con vibración y calefacción, herramienta ergonómica de masaje T
SIN SUB	p311406	Herramientas/None			Máquina de Escultura Corporal, masajeador de drenaje linfático y herramienta de masaje anticelulític
SIN SUB	p311407	Herramientas/None			Winyoung - Masajeador eléctrico para el cuero cabelludo, herramienta de masaje para el cabello, masa
SIN SUB	p311411	Herramientas/None			TMJ Relief Products - Masajeador TMJ con vibración y calefacción, herramienta ergonómica de masaje T
SIN SUB	p311414	Herramientas/None			Herramienta De Masaje De Tejido Profundo Y Liberación Masajeador Muscular Psoas, Masajista En Tus Ma
SIN SUB	p311417	Herramientas/None			Masajeador Eléctrico para Mascotas, Masajeador de Mano para Mascotas para Perros y Gatos, Herramient
SIN SUB	p311418	Herramientas/None			Masajeadores de cabeza eléctricos Masajeador de cuero cabelludo inalámbrico con amasamiento 6 nodos 
SIN SUB	p311419	Mascotas/None			Tilcare Masajeador para gatos y perros: masajeador eléctrico relajante del
SIN SUB	p311420	Herramientas/None			Ranarose Masajeador De Espalda Y Cuello, Herramienta De Masaje De Punto Gatillo De Cuerpo Completo, 
SIN SUB	p311422	Herramientas/None			Masajeador de hongos de madera, herramienta terapéutica de contorno corporal de madera, anticeluliti
SIN SUB	p311424	Herramientas/None			Juego de herramientas de raspado muscular de acero inoxidable 5 en 1 - Raspador de músculos y fascia
SIN SUB	p311425	Herramientas/None			Masajeador para Celulitis Eléctrico con Calor y 9 Niveles de Succión, Herramienta Corporal Tipo Gua 
SIN SUB	p311426	Herramientas/None			Masajeador ventosas terapeuticas Eléctricas，Herramienta de Gua Sha Recargable 4 en 1，9 niveles de te
SIN SUB	p311427	Herramientas/None			Herramienta de masaje anticelulitis de mano,masajeador de celulitis,removedor de grasa eléctrico con
SIN SUB	p311429	Herramientas/None			Masajeador Facial Guasha Facial de Acero Inoxidable | Guasha para Drenaje Linfático y Desinflamación
SIN SUB	p311431	Herramientas/None			Máquina de Escultura Corporal, masajeador de drenaje linfático y herramienta de masaje anticelulític
SIN SUB	p311433	Herramientas/None			Vive - Bastón de masaje con rodillo, cabezales intercambiables, herramienta de masaje de punto de ga
SIN SUB	p311434	Herramientas/None			RAD Centre | Herramienta de liberación miofascial I Soft Belly Ball I Auto masaje abdominal Movilida
SIN SUB	p311435	Herramientas/None			M?quina de Escultura Corporal, Masajeador de Drenaje Linf?tico y Herramienta de Masaje Anticelul?tic
SIN SUB	p311437	Herramientas/None			Masajeador Facial Guasha Facial de Acero Inoxidable Rosa | Guasha para Drenaje Linfático y Desinflam
SIN SUB	p311438	Herramientas/None			Dispositivo Eléctrico Gua Sha para Celulitis, Masajeador Anticelulitico - 9 Niveles de Succión y Cal
SIN SUB	p311440	Herramientas/None			Gua Sha de Cuarzo Rosa Certificado e 100% Auténtico - Kit de belleza antiarrugas para tonificar y re
SIN SUB	p311443	Herramientas/None			Anillo De Masaje Corporal Completo, Herramienta Muscular Recargable Portátil, Masajeador Eléctrico E
SIN SUB	p311445	Herramientas/None			PLANTIFIQUE - Herramienta facial Gua Sha de acero inoxidable, herramienta de masaje de piel para car
SIN SUB	p311446	Herramientas/None			Masajeador Facial Guasha Facial de Acero Inoxidable | Guasha para Drenaje Linfático y Desinflamación
SIN SUB	p311448	Herramientas/None			Masajeador de espalda Corrector de posturas para entrenamiento y relajación muscular Herramienta de 
SIN SUB	p311449	Herramientas/None			Genérico Mini masajeador de cuello compacto, masajeador corporal de mano, herramienta de masaje de e
SIN SUB	p311451	Herramientas/None			Anillo vibratorio, cinturón vibratorio recargable para herramienta de masaje de fascia, blanco
SIN SUB	p311452	Herramientas/None			Eléctrico de Fascia Herramienta Ajustable Recargable Vestible
SIN SUB	p311458	Herramientas/None			Masajeador de drenaje linfático y herramienta de masaje, máquina de escultura corporal y lanzador de
SIN SUB	p311459	Herramientas/None			Dispositivo eléctrico de ventosas | Herramienta de masaje de celulitis y máquina de ventosas | 12 mo
SIN SUB	p311462	Herramientas/None			Masajeador de drenaje linfático, herramienta de masaje anticelulítico para estrías elásticas de vien
SIN SUB	p311464	Herramientas/None			ZY ZERYEW Masajeador De Celulitis Portátil, Máquina De Modelado Corporal, Herramienta Eléctrica Para
SIN SUB	p311466	Herramientas/None			masajeador de drenaje linfático y herramienta anticelulítica
SIN SUB	p311468	Herramientas/None			Masajeador de Cabeza y Cuero Cabelludo, Masajadores Eléctricos Vibradores para el Cuero Cabelludo, M
SIN SUB	p311470	Herramientas/None			Cuchillo eléctrico para fascia, herramienta de masaje multifuncional 2026, nueva v2 Pro, herramienta
SIN SUB	p311471	Herramientas/None			Masajeador de drenaje linfático para cuerpo completo, máquina de escultura corporal y herramienta de
SIN SUB	p311475	Herramientas/None			Masajeador Compresión de Aire, Masajeador Pantorrillas para Pierna Brazo Cintura Pie Cuerpo Masaje W
SIN SUB	p311476	Herramientas/None			Rozonii TMJ Relief Products - Masajeador de doble motor de alivio TMJ, cuenta con 3 modos de calor y
SIN SUB	p311478	Herramientas/None			Cuchillo de fascia eléctrico, herramienta de masaje multifuncional 2026 v2 Pro, raspador muscular co
SIN SUB	p311482	Herramientas/None			Cuchillo eléctrico para fascia, herramienta de masaje, herramienta de raspador muscular, masajeador 
SIN SUB	p311486	Herramientas/None			Masajeador de drenaje linfático y herramienta de masaje de celulitis, ayuda a reducir las estrías y 
SIN SUB	p311487	Herramientas/None			Juego de raspadores musculares 4 en 1, herramientas IASTM de acero inoxidable, kit de masaje Gua Sha
SIN SUB	p311511	Herramientas/None			Masajeador abdominal rotatorio con calor y luz roja, masajeador de estómago inalámbrico de mano para
SIN SUB	p311512	Herramientas/None			Juego de raspadores musculares profesionales Robulve, kit de fisioterapia IASTM de 4 piezas con estu
SIN SUB	p311517	Herramientas/None			APHERMA Pistola de masaje, pistola de masaje muscular para atletas, herramienta masajeadora de tejid
SIN SUB	p311521	Herramientas/None			Máquina de modelado corporal, masajeador de drenaje linfático y herramienta de masaje anticelulítico
SIN SUB	p311528	Herramientas/None			INTEO 3 en 1 masajeador de cara y cuerpo - Dispositivo de belleza recargable para contorno corporal,
SIN SUB	p311540	Herramientas/None			Máquina de escultura corporal manual 3 en 1 – Herramienta de masaje anticelulítico eléctrica con 3 m
SIN SUB	p311546	Herramientas/None			ANLAN Herramienta eléctrica de Gua Sha con calefacción, masajeador facial con vibración y terapia de
SIN SUB	p311547	Herramientas/None			Masajeador eléctrico Gua Sha, Piedra Caliente, Herramienta de Masaje de Calor para raspar la Espalda
SIN SUB	p311551	Herramientas/None			Masajeador para Esculpir el Rostro y el Cuerpo, máquina Facial anticelulítica, Quemador de Grasa, Di
SIN SUB	p311570	Herramientas/None			Máquina de esculpir corporal y herramienta de masaje de
SIN SUB	p311590	Herramientas/None			Juego de 6 piezas de acero inoxidable, herramienta de masaje raspador muscular para tejido profundo,
SIN SUB	p311602	Herramientas/None			Masajeador de cabeza para dolores de cabeza, masajeador de ojos con calor, herramienta eléctrica rec
SIN SUB	p311607	Herramientas/None			Masaje Super Life 3D Herramienta de amasamiento masajeador eléctrico de Cabeza y Cuerpo Masaje (Colo
SIN SUB	p311608	Herramientas/None			Masaje Super Life 3D Herramienta de amasamiento masajeador eléctrico de Cabeza y Cuerpo Masaje (Colo
SIN SUB	p311609	Herramientas/None			Masaje Super Life 3D Herramienta de amasamiento masajeador eléctrico de Cabeza y Cuerpo Masaje (Colo
SIN SUB	p311610	Herramientas/None			Masaje Super Life 3D Herramienta de amasamiento masajeador eléctrico de Cabeza y Cuerpo Masaje (Colo
SIN SUB	p311613	Herramientas/None			Etekcity - Masajeador de cuello inalámbrico para aliviar el dolor, tejido profundo, masajeador de ho
SIN SUB	p311615	Herramientas/None			Trapezius - Masajeador de punto gatillo, liberación miofásica, dolor de cuello y hombro, herramienta
SIN SUB	p311616	Herramientas/None			Herramienta Quiropráctica Activadora, Masajeador Espinal Manual de una Cabeza, Herramienta de Ajuste
SIN SUB	p311618	Herramientas/None			SCULPIFLEX – Máquina original 3 en 1 para esculpir el cuerpo y conseguir una piel de aspecto más fir
SIN SUB	p311642	Herramientas/None			Liberación de cuerpo completo – Herramienta de liberación de masaje de tela profundo totalmente ajus
SIN SUB	p311667	Herramientas/None			Pistola de Masaje eléctrica portátil para Fascia, Herramienta de Fitness para Cuerpo, Cuello, Espald
SIN SUB	p311668	Herramientas/None			SCULPIFLEX - La herramienta de masaje original para ayudar a mejorar la apariencia de piel firme en 
SIN SUB	p311675	Herramientas/None			Sharper Image PowerBoost - Pistola de masaje de circuito | Masajeador de percusión de tejido profund
SIN SUB	p311676	Herramientas/None			Body Sport Therapeutic Variable Speed Masajeador vibratorio profesional para el dolor y el dolor mus
SIN SUB	p311678	Herramientas/None			Body Sport Therapeutic - Masajeador vibratorio profesional de doble velocidad para aliviar el dolor 
SIN SUB	p311684	Herramientas/None			ONUEMP 5 en 1 herramientas de masaje de terapia de acero inoxidable, paleta de raspado Gua Sha y mas
SIN SUB	p311690	Herramientas/None			Masajeador quiropráctico eléctrico, herramienta activadora quiropráctica, 8 cabezales intercambiable
SIN SUB	p311693	Herramientas/None			Masajeador eléctrico de ondas de choque externas, masajeador muscular, masajeador de ondas de choque
SIN SUB	p311695	Herramientas/None			Aparato portátil de terapia con ondas de choque, masajeador de ondas de choque extracorpóreas, herra
SIN SUB	p311715	Herramientas/None			ONUEMP 5 en 1 herramientas de masaje de terapia de acero inoxidable, Gua Sha masaje de fascia, kit d
SIN SUB	p311720	Herramientas/None			Dioche Máquina Electromagnética Extracorpórea de Ondas de Choque Dispositivo de Terapia ESWT con 17 
SIN SUB	p311725	Herramientas/None			Masajeador quiropráctico eléctrico, herramienta activadora quiropráctica, 8 cabezales intercambiable
SIN SUB	p311773	Herramientas/None			Aparato de terapia con ondas de choque para todo el cuerpo, herramienta de relajación muscular, para
SIN SUB	p311775	Lavadoras/None			Baño de pies automático Calefacción Temperatura constante Masaje eléctrico Lavadora
SIN SUB	p311854	Lavadoras/None			Baño de pies automático Calefacción Temperatura constante Masaje eléctrico Lavadora
SIN SUB	p311898	Herramientas/None			MáQuina De Terapia Ondas De Choque, MáQuina Ondas ElectromagnéTicas, Herramienta De Masaje para Rela
SIN SUB	p311977	Lavadoras/None			Baño de pies con el mismo párrafo masaje eléctrico lavadora barril baño profundo sobre la pantorrill
SIN SUB	p311982	Lavadoras/None			Baño de pies con el mismo párrafo masaje eléctrico lavadora barril baño profundo sobre la pantorrill
SIN SUB	p31867	Cámaras de seguridad/Otros			Control Acceso Facial Biometrico Con Termometro Temperatura
SIN SUB	p31869	Cámaras de seguridad/Otros			ZKTeco Proface-X Control Acceso Biométrico Facial Negro 30000 Rostros
SIN SUB	p31870	Cámaras de seguridad/Otros			ZKTeco SpeedFace V5L QR Control Acceso Facial 6000 Rostros
SIN SUB	p31871	Cámaras de seguridad/Otros			Ds-k1t344mbfwx-e1, Control Acceso Facial, Huella Y Otros Color Negro
SIN SUB	p31872	Cámaras de seguridad/Otros			Control Acceso ZKTeco Password Tarjeta TCP/IP ASI1201AD
SIN SUB	p31874	Cámaras de seguridad/Otros			Control Acceso ZKTeco SpeedfaceH5 Linux Multibiométrico Huellas Rostros
SIN SUB	p33185	Deportes y fitness/Otros			Chaleco Lastrado 6kg de Neopreno Negro con Reflector
SIN SUB	p33234	Videojuegos/Otros			Auriculares Gamer H2168D Negro
SIN SUB	p33611	Joyería y bisutería/Otros			Mancuernillas Thot Ra Figura De Boton Gemelos E-623 Plateado
SIN SUB	p33612	Joyería y bisutería/Otros			Solviora Mancuernillas Gemelos Para Star Wars Stormtrooper Hombre, Gemelos De Camisa, Adecuados Para
SIN SUB	p33614	Joyería y bisutería/Otros			Gemelos Colleras Star Wars Stormtrooper Blanco Traje Camisa
SIN SUB	p33616	Joyería y bisutería/Otros			Mancuernillas Thot Ra Canguro Gemelos Para Camisa D-044 Plateado
SIN SUB	p33690	Videojuegos/Otros			Silla Gamer Xtech Con Respaldo Alto Ghost Spider Celeste Cuero Sintético
SIN SUB	p34011	Juguetes y bebés/Otros			Cyc Cocina Juguete Princesas Luz Y Sonido Accesorios Niña
SIN SUB	p34012	Juguetes y bebés/Otros			Mi Cocina / Juguete / Ch Color Rosa/lila
SIN SUB	p34118	Muebles/Otros			Mueble Para Baño De Espejo Led 65x62, Gabinete Baño Antivaho Mueble Negro
SIN SUB	p34119	Muebles/Otros			Mueble Gabinete de Almacenamiento Organizador para Inodoro Lombardia
SIN SUB	p34120	Muebles/Otros			Mueble Lavabo Gabinete de Baño Flotante 40cm con Lavabo Ovalín y Monomando Blanco Frosty
SIN SUB	p34121	Muebles/Otros			Mueble Lavabo Gabinete de Baño Flotante 100cm con Lavabo Ovalín y Monomando Blanco Frosty
SIN SUB	p34122	Muebles/Otros			Mueble Lavabo Gabinete de Baño Flotante 60cm con Lavabo Ovalín y Monomando Negro
SIN SUB	p34123	Muebles/Otros			Mueble Lavabo Gabinete de Baño Flotante 100cm Sin Lavabo y Monomando Negro
SIN SUB	p34124	Muebles/Otros			Mueble Lavabo Gabinete de Baño Flotante 60cm Sin Lavabo y Monomando Blanco Frosty
SIN SUB	p34186	Juegos de mesa/Otros juegos			Pictionary Juego Mesa Solo Para Adultos
SIN SUB	p34203	Muebles/Otros			Espejo Cuerpo Completo Rectangular Negro 125x45cm De Pie y Pared Decoramex
SIN SUB	p34272	Videojuegos/Otros			Mouse gamer gamer Logitech MOUSE Logitech G102 RGB Gamer G102 blanco
SIN SUB	p37342	Lavadoras/None			Koblenz HL-450V Hidrolavadora Eléctrica 2600 PSI 5.2 L/min con 6 Accesorios
SIN SUB	p37382	Lavadoras/None			Cable para secadora Deeklify de 3 patas 30 m 30 A 250 V 7500 W
SIN SUB	p37392	Lavadoras/None			Cable para secadora Deeklify de 3 m 4 patas 30 A 250 V 7500 W
SIN SUB	p43	Joyería y bisutería/Otros			Mancuernillas Pegasus Acero Inoxidable 316L
SIN SUB	p44	Joyería y bisutería/Otros			Mancuernillas KFLK Diseño Dinosaurio
SIN SUB	p44224	Cámaras y fotografía/None			Dashcam HOGAWAY 4K WiFi GPS
SIN SUB	p44234	Cámaras y fotografía/None			Cámara de Salpicadero FITCAMX 4K Land Rover Defender 2020‑2026
SIN SUB	p44239	Cámaras y fotografía/None			Cámara de Respaldo AUTO-VOX Inalámbrica Solar Magnética 1080P
SIN SUB	p44240	Cámaras y fotografía/None			Cámara de respaldo AUTO-VOX inalámbrica solar 6" DVR 1080P
SIN SUB	p44241	Cámaras y fotografía/None			Cámara de visión trasera AUTO-VOX 2 solar inalámbrica autocaravana/remolque
SIN SUB	p44243	Cámaras y fotografía/None			Monitor de Cámara VILTROX 55" 1400 nits con Control de Cámara
SIN SUB	p44244	Cámaras y fotografía/None			Cámara de visión trasera AUTO-VOX 15 cm inalámbrica con energía solar 6 pulgadas
SIN SUB	p44246	Cámaras y fotografía/None			Cámara intraoral DARYOU DY-50 Super Clear con controlador
SIN SUB	p44249	Cámaras y fotografía/None			Cámara de visión trasera AUTO-VOX inalámbrica solar de 5" HD 1080P
SIN SUB	p44252	Cámaras y fotografía/None			Cámara de Respaldo Fookoo 9" 1080P IP69 Impermeable
SIN SUB	p44253	Cámaras y fotografía/None			Microscopio OAEBLLE 1000X con pantalla IPS de 24" LED recargable
SIN SUB	p44255	Cámaras y fotografía/None			Cámara de película 1 Shot 27 exposiciones paquete de 10 con diseño floral
SIN SUB	p44261	Cámaras y fotografía/None			Cámara de visión trasera AMAJY Toyota Tacoma 2016-2017 86790-04030
SIN SUB	p44263	Cámaras y fotografía/None			Cámara de visión trasera AMAJY para Toyota 4Runner 2010‑2013 86790‑35050
SIN SUB	p44267	Cámaras y fotografía/None			Cámara IP GeoVision 5MP Ojo de Pez con WDR Pro IR y Carcasa Resistente
SIN SUB	p44274	Cámaras y fotografía/None			Cámara de tablero WEFOKA 4K WiFi 128 GB para Toyota Tacoma 2024+
SIN SUB	p44276	Cámaras y fotografía/None			Cámara Minolta MND65 56 MP 4K Video 18X Zoom
SIN SUB	p44282	Cámaras y fotografía/None			Cámara falsa solar WALI – Pack de 4 unidades blancas con luz roja intermitente
SIN SUB	p44283	Cámaras y fotografía/None			Cámara IP GeoVision 5MP AI a color completo con WDR Pro
SIN SUB	p44309	Cámaras y fotografía/None			Cámara de video TIROL SUPPLIES VeloCam 2.0 1080p Ultra‑ligera
SIN SUB	p44312	Cámaras y fotografía/None			Cámara Minolta MND65 56MP 4K 60FPS 18X Zoom
SIN SUB	p44313	Cámaras y fotografía/None			Cámara Minolta MND25 48 MP Video 4K Zoom 16X Magenta
SIN SUB	p44314	Cámaras y fotografía/None			Cámara Minolta MND65 56 MP Video 4K Zoom 18X
SIN SUB	p44315	Cámaras y fotografía/None			Cámara Minolta MND65 56 MP video 4K con zoom 18X
SIN SUB	p44319	Cámaras y fotografía/None			Cámara trampa Browning Command Ops Elite 40MP (2 unidades)
SIN SUB	p44321	Cámaras y fotografía/None			Cobertura para Mando de Llave Horande TPU Morado para Dodge Ram y Chrysler
SIN SUB	p44322	Cámaras y fotografía/None			Cámara de rastreo Yellowstone.ai Y2 Black Wide Lens 32 GB 5000 mAh
SIN SUB	p44324	Cámaras y fotografía/None			Cámara trampa Spartan GoLive 4G LTE 8 MP 1080p alcance de 24 m
SIN SUB	p44328	Cámaras y fotografía/None			Cámara de rastreo Yellowstone.ai Y2 4G LTE 1080p HD paquete de 2
SIN SUB	p44329	Cámaras y fotografía/None			Kit de cámara trampa Yellowstone.ai Y2 4G LTE HD
SIN SUB	p44330	Cámaras y fotografía/None			Cámara trampa Yellowstone.ai Y2 Black Wide Lens 2 unidades
SIN SUB	p44337	Cámaras y fotografía/None			Power Bank Compacto Cuddeback para Cámaras CuddeLink
SIN SUB	p44357	Cámaras y fotografía/None			Cámara de cine KODAK EKTAR H35N medio marco 35 mm reutilizable verde
SIN SUB	p44362	Cámaras y fotografía/None			Cámara de visión trasera Truckeela 25 cm 1080 P impermeable con DVR
SIN SUB	p44366	Cámaras y fotografía/None			Montura NVG de metal MIRAGETARGET PVS-14 para casco
SIN SUB	p44370	Cámaras y fotografía/None			Cámara Crimestopper C300 de grado marino con múltiples soportes
SIN SUB	p44391	Cámaras y fotografía/None			Cámara de video Minolta MN4KP1 4K 16MP WiFi impermeable azul
SIN SUB	p44412	Cámaras y fotografía/None			Cámara Spotlight Ring Plug‑In 2K negra con sensor de movimiento
SIN SUB	p44415	Cámaras y fotografía/None			Cámara de inspección Klaray UW19-MP60 de 6 mm con sonda articulada 1 m
SIN SUB	p44435	Cámaras y fotografía/None			Ring Spotlight Cam Plus con certificación RENOVADA
SIN SUB	p44443	Cámaras y fotografía/None			Monitor de Reposacabezas para Auto AINAVITO 13.5" Android 13 4G 64GB
SIN SUB	p44446	Cámaras y fotografía/None			Cámara Canon PowerShot ELPH 360 HS Zoom 12x Wi-Fi
SIN SUB	p44447	Cámaras y fotografía/None			Cámara Kodak PIXPRO FZ55 de 16 MP con zoom 5x y Full HD 1080p
SIN SUB	p44459	Cámaras y fotografía/None			Cámara de Video PiXLRUSH 4K Doble Pantalla 128GB Resistente al Agua
SIN SUB	p44466	Cámaras y fotografía/None			Manija de Portón Trasero con Cámara de Reversa EWAY para Chevy GMC 2007-13
SIN SUB	p44469	Cámaras y fotografía/None			Cámara MUFU V40S Dual 2K Frontal y Trasera Impermeable con WiFi
SIN SUB	p44477	Cámaras y fotografía/None			Cámara de tablero THINKWARE U3000 4K Sony STARVIS Radar GPS
SIN SUB	p44478	Cámaras y fotografía/None			Cámara de Pesca Chasing CamX HD 1080P Impermeable 200m
SIN SUB	p44486	Cámaras y fotografía/None			Cámara Trasera para Bicicleta Drivarox 4.3" 1080P 8000mAh
SIN SUB	p44489	Cámaras y fotografía/None			Cámara Alpine HCE-C2600FD Multiángulo Frontal HDR
SIN SUB	p44499	Cámaras y fotografía/None			Cámara IP GeoVision GV-EBD4704 4MP WDR Pro IR Tipo Domo
SIN SUB	p44501	Cámaras y fotografía/None			Cámara IP Bullet GeoVision GV-TBL8804 8MP AI Full Color
SIN SUB	p44511	Cámaras y fotografía/None			Cámara KODAK PIXPRO AZ653 20MP Zoom 65x WiFi Negra
SIN SUB	p44519	Cámaras y fotografía/None			Cámara Para Auto Hd 1080p 170° De 3 Canales Color Negro
SIN SUB	p44521	Cámaras y fotografía/None			Blink Outdoor 4 (4.ª generación) con certificación RENOVADA —
SIN SUB	p44530	Cámaras y fotografía/None			Cámara JH Mini Retro TLR 24 MP 1080P FHD Zoom 16x
SIN SUB	p44532	Cámaras y fotografía/None			Cámara KODAK PIXPRO AZ425 de 20 MP con zoom óptico de 42x
SIN SUB	p44536	Cámaras y fotografía/None			Cámara trampa Strike Force Pro X 1080 24 MP alcance IR de 365 m
SIN SUB	p44540	Cámaras y fotografía/None			Cámara Kodak PIXPRO WPZ2 de 16 MP resistente al agua con zoom óptico 4x
SIN SUB	p44547	Cámaras y fotografía/None			Timbre con video Taishixing con monitor de 43" y video HD 1080P IP65
SIN SUB	p44550	Cámaras y fotografía/None			Cámara puente Minolta MN67Z de 20 MP con zoom de 67x color morado
SIN SUB	p44551	Cámaras y fotografía/None			Cámara de reversa EchoMaster para Jeep Wrangler JK HD impermeable
SIN SUB	p44555	Cámaras y fotografía/None			Cable de alimentación Blink de 3 m USB-C a USB-A para interior blanco
SIN SUB	p44561	Cámaras y fotografía/None			Cámara timbre Taishixing HD inalámbrica 1080P IP65
SIN SUB	p44570	Cámaras y fotografía/None			Cámara Kodak PIXPRO FZ45 de 16 MP zoom 4X y video Full HD
SIN SUB	p44578	Cámaras y fotografía/None			Cámara domo IP VIKYLIN 5MP PoE con detección humana por IA
SIN SUB	p44592	Cámaras y fotografía/None			Cámara de reversa para RV AUTO-VOX inalámbrica con visión lateral e infrarrojos nocturnos
SIN SUB	p44613	Cámaras y fotografía/None			AI Hub aosu Cortex con almacenamiento local de 32 GB ampliable hasta 16 TB
SIN SUB	p44627	Cámaras y fotografía/None			Cámara KODAK PIXPRO C1 13 MP Full HD con pantalla LCD de 28"
SIN SUB	p44641	Cámaras y fotografía/None			Espejo Retrovisor Dvr Universal 2 Camaras Delantera Reversa
SIN SUB	p44655	Cámaras y fotografía/None			Impresora fotográfica HP Sprocket 2x3 Instant Smartphone Púrpura
SIN SUB	p44667	Cámaras y fotografía/None			Fuente de alimentación Seco-Larm EAP-5D1Q 5 A 12 VCC 110-240 V
SIN SUB	p44677	Cámaras y fotografía/None			Cámara móvil de rastreo TACTACAM Reveal X Gen 3.0 4K 1080p
SIN SUB	p44681	Cámaras y fotografía/None			Cámara de garaje CHAMBERLAIN MyQ Garage Plug-in Gen 2 2K Smart
SIN SUB	p44684	Cámaras y fotografía/None			Cámara FloodLight Swann Wi-Fi 1080p resistente al agua 2400 lm
SIN SUB	p44690	Cámaras y fotografía/None			Cámara de Caza Moultrie Edge 4G LTE Video HD con Audio
SIN SUB	p44691	Cámaras y fotografía/None			Cámara Wi-Fi para exteriores ALC AWF61 SightHD 1080p Full HD
SIN SUB	p44694	Cámaras y fotografía/None			Detector de cámara oculta 6 en 1 con IA Bugs y buscador de escáneres WiFi
SIN SUB	p44697	Cámaras y fotografía/None			Timbre Cableado Pro 4K con Zoom 10x y Visión en Baja Luz Plata Profunda
SIN SUB	p44700	Cámaras y fotografía/None			Cámara Inteligente Solar Para Exteriores D-bugg
SIN SUB	p44708	Cámaras y fotografía/None			Xiaomi Camara para Exterior CW400
SIN SUB	p44710	Cámaras y fotografía/None			Camara HDR Visión Delantera y Trasera Wi Fi Thinkware
SIN SUB	p44711	Cámaras y fotografía/None			IMOU Cruiser 2 2k -Cámara IP PT WiFi de 3 Megapíxeles/Full Color/Audio 2 Vías/Micrófono y Altavoz/Si
SIN SUB	p44713	Cámaras y fotografía/None			Cámara WIFI Inalambrica para exteriores
SIN SUB	p44714	Cámaras y fotografía/None			DVR para Auto y Moto con Pantalla Android y ADAS - Dash Cam con Alerta de Radar y Grabación en Full 
SIN SUB	p44723	Cámaras y fotografía/None			Cámara estilo retro camp snap
SIN SUB	p44725	Cámaras y fotografía/None			Cámara estilo retro camp snap café
SIN SUB	p44726	Cámaras y fotografía/None			Foco Led Inteligente Cámara Panorámica
SIN SUB	p44733	Cámaras y fotografía/None			Cámara - Kodak - Smile+ - 10MP
SIN SUB	p44743	Cámaras y fotografía/None			Espejo Retrovisor 2 Cámaras Delantera Reversa Pipeman's
SIN SUB	p44750	Cámaras y fotografía/None			Cámara Ring para Exteriores Plus
SIN SUB	p44751	Cámaras y fotografía/None			Pack de 2 Cámaras Interiores Ring 2.ª gen. Negro
SIN SUB	p44796	Cámaras y fotografía/None			Lloyd's Set 2 Cámaras IP Inteligentes para Interior Full Hd 1080p
SIN SUB	p44803	Cámaras y fotografía/None			Sportcam Fullhd 1080P Negro Xrd Xcamhd
SIN SUB	p44804	Cámaras y fotografía/None			Sportcam Fullhd 1080P Azul Xcamhd
SIN SUB	p44805	Cámaras y fotografía/None			Lloyd's Cámara IP Inteligente WiFi para interior FHD 1080p
SIN SUB	p44810	Cámaras y fotografía/None			Monitor de vídeo inalámbrico en el vehículo babyCam Garmin negro
SIN SUB	p44823	Cámaras y fotografía/None			Espejo retrovisor dvr blackbox camara frontal y camara reversa
SIN SUB	p44824	Cámaras y fotografía/None			Espejo retrovisor dvr pantalla completa touch 10" camara frontal y reversa
SIN SUB	p44828	Cámaras y fotografía/None			Cabina 360 Fotografica Bluelander
SIN SUB	p44829	Cámaras y fotografía/None			Camara Salpicadero Vehicular Pioneer VREC-DZ600 Frontal -Alb
SIN SUB	p44832	Cámaras y fotografía/None			Camara De Reversa Gm Parts Chevrolet Onix 2021
SIN SUB	p44833	Cámaras y fotografía/None			Cámara de Mano HOGAWAY Portátil con Pantalla 2K
SIN SUB	p44835	Cámaras y fotografía/None			Timbre smart inteligente
SIN SUB	p44838	Cámaras y fotografía/None			Espejo retrovisor con cámara
SIN SUB	p44840	Cámaras y fotografía/None			Xiaomi Mi Home Security Camera 360
SIN SUB	p44870	Cámaras y fotografía/None			Audiobahn Dashcam Retrovisor Con Camara Hd 1080p 10 Pulgadas
SIN SUB	p44895	Domótica y hogar inteligente/None			Amazon Fire TV Stick 4K Wi-Fi 6, Dolby Vision/Atmos
SIN SUB	p44904	Domótica y hogar inteligente/None			Sistema de Intrusión Honeywell V32FBPT 32 Zonas
SIN SUB	p44926	Domótica y hogar inteligente/None			Placa de pared Lutron de 2 puntos blanca paquete de 12
SIN SUB	p44927	Domótica y hogar inteligente/None			Controlador para móvil Mocagen MC1 Ergonómico de efecto Hall Blanco y Negro
SIN SUB	p44931	Domótica y hogar inteligente/None			Tira de Luces LED ERBTY 15 m RGB con Control Inteligente
SIN SUB	p44937	Domótica y hogar inteligente/None			Caja de Botones SIM-PANEL Gen 2 (Diseño Horizontal)
SIN SUB	p44939	Domótica y hogar inteligente/None			Caja de sincronización HDMI Philips Smart Lighting 55-65" RGBIC
SIN SUB	p44942	Domótica y hogar inteligente/None			Panel de Control Inteligente SONOFF NSPanel Pro 120 Smart
SIN SUB	p44945	Domótica y hogar inteligente/None			Controlador Bluetooth 8Bitdo 64 – Color Fire
SIN SUB	p44946	Domótica y hogar inteligente/None			Controlador 8Bitdo 64 Bluetooth Smoke
SIN SUB	p44949	Domótica y hogar inteligente/None			Controlador LED Goldlife WiFi RF RGB CCT RGBW
SIN SUB	p44950	Domótica y hogar inteligente/None			Controlador de videojuegos SERAFIM Fallout 76 – Paquete
SIN SUB	p44952	Domótica y hogar inteligente/None			Controlador GOUEN XR06CX-4N1F1 con 2 sondas NTC – Nuevo
SIN SUB	p44953	Domótica y hogar inteligente/None			Controlador 8Bitdo 64 Bluetooth Verde Extremo
SIN SUB	p44954	Domótica y hogar inteligente/None			Controlador 8Bitdo 64 Bluetooth Ghost
SIN SUB	p44955	Domótica y hogar inteligente/None			Controlador 8Bitdo 64 Bluetooth Sandía
SIN SUB	p44976	Domótica y hogar inteligente/None			Letrero de neón LED American Art Decor 43 cm Pepsi con USB
SIN SUB	p44981	Domótica y hogar inteligente/None			Tira de Luces LED Monster 150 pies RGB+IC con Control Inteligente por Voz
SIN SUB	p44986	Domótica y hogar inteligente/None			Tira de luces LED inteligente que cambia de color WiZ RGB de 6 pies con Wi-Fi
SIN SUB	p44990	Domótica y hogar inteligente/None			Control para aire ac whirlpool búsqueda inteligente ai
SIN SUB	p44991	Domótica y hogar inteligente/None			Control para aire ac frigidaire búsqueda inteligente ai
SIN SUB	p44992	Domótica y hogar inteligente/None			Control para aire ac heiwa búsqueda inteligente ai
SIN SUB	p44993	Domótica y hogar inteligente/None			Control para aire ac saunier duval búsqueda inteligente ai
SIN SUB	p44994	Domótica y hogar inteligente/None			Control aire ac johnson controls búsqueda inteligente ai
SIN SUB	p44996	Domótica y hogar inteligente/None			Moxa ioLogik E2210 – E/S remoto 12DI 8DO Ethernet
SIN SUB	p45000	Domótica y hogar inteligente/None			Controlador de muro de video HDMI OREI 3x3 4K con RS-232 y rotación
SIN SUB	p45001	Domótica y hogar inteligente/None			Reiniciador de Router ConnectSense – Monitor WiFi Inteligente
SIN SUB	p45003	Domótica y hogar inteligente/None			Controlador Deako de Polo Único Blanco (requiere neutro)
SIN SUB	p45004	Domótica y hogar inteligente/None			Convertidor HDMI EXVIST 1080P WiFi H.265 con salida de bucle
SIN SUB	p45006	Domótica y hogar inteligente/None			Controlador 8Bitdo 64 Bluetooth – Acabado Glacier
SIN SUB	p45009	Domótica y hogar inteligente/None			3 Focos Led Wi-fi Multicolor, De 10 W, Color Blanco
SIN SUB	p45013	Domótica y hogar inteligente/None			Controlador Ranco ETC-241000-000 de Refrigeración de 2 Etapas
SIN SUB	p45014	Domótica y hogar inteligente/None			Control inalámbrico Retro-Bit Tribute 64 V2 Atomic Purple
SIN SUB	p45015	Domótica y hogar inteligente/None			Tira de luces LED GUPUP de 30 m RGB con control de aplicación Bluetooth
SIN SUB	p45016	Domótica y hogar inteligente/None			Controlador de videojuegos 8Bitdo Ultimate 2 inalámbrico azul claro
SIN SUB	p45018	Domótica y hogar inteligente/None			Letrero de neón LED USB "Hot Rod Garage" de American Art Decor
SIN SUB	p45021	Domótica y hogar inteligente/None			Controlador de Juego GameSir Tegenaria Lite con Cable 1000Hz
SIN SUB	p45023	Domótica y hogar inteligente/None			Cinta LED Govee 100 cm RGBIC con Extensión y Cubierta
SIN SUB	p45028	Domótica y hogar inteligente/None			4 Focos Led Inteligente Rgbcw Wifi Ajustable Multicolor 12 W
SIN SUB	p45034	Domótica y hogar inteligente/None			Router Huawei Mesh 3+ 1 Pack - Blanco
SIN SUB	p45036	Domótica y hogar inteligente/None			Tira de luces LED RGBIC Govee de 40 m con control por app
SIN SUB	p45038	Domótica y hogar inteligente/None			Controlador Bluetooth 64 de 8BitDo para Switch y Windows
SIN SUB	p45039	Domótica y hogar inteligente/None			Letrero de neón LED ROKAKU Miller-Lite 42x31 cm Ajustable
SIN SUB	p45042	Domótica y hogar inteligente/None			Controlador Macrobase MKS DLC32 MAX CNC 4 Ejes GRBL 32 bits
SIN SUB	p45043	Domótica y hogar inteligente/None			Dispositivo de Seguimiento UltrA CatcheR Rocket Balloon con Pilas AA
SIN SUB	p45044	Domótica y hogar inteligente/None			Controlador Electrónico de Temperatura Ranco 120-240VAC
SIN SUB	p45048	Domótica y hogar inteligente/None			Controlador Retro-Bit USB oficial de Sega Saturn para Sega Genesis Mini
SIN SUB	p45049	Domótica y hogar inteligente/None			PUK Grip Ergonómico para Juegos en Teléfono Negro y Verde para Android
SIN SUB	p45050	Domótica y hogar inteligente/None			Placa Controladora Digital FR Atosa W0302018
SIN SUB	p45059	Domótica y hogar inteligente/None			Módulo de Seguridad Isonas ACC-EDK-3A Resistente a la Intemperie
SIN SUB	p45060	Domótica y hogar inteligente/None			Estación Maestra Solo Audio del Sistema de Seguridad Aiphone AX-8M
SIN SUB	p45066	Domótica y hogar inteligente/None			Sistema de Cámaras de Seguridad Hiseeu 8CH 4K 5MP 1TB HDD
SIN SUB	p45067	Domótica y hogar inteligente/None			Tomacorriente activado por aplausos SYSAI 2 tomacorrientes 110 V 100 W
SIN SUB	p45069	Domótica y hogar inteligente/None			Control de aplicación de huellas dactilares Smart Knob Handle Lock Veise VE018
SIN SUB	p45070	Domótica y hogar inteligente/None			Módulo Global Caché Flex-IP Ethernet Cableado RJ45
SIN SUB	p45077	Domótica y hogar inteligente/None			Sistema de Cámaras de Seguridad Hiseeu 4K PTZ 8x 8MP DVR 2TB
SIN SUB	p45078	Domótica y hogar inteligente/None			Placa de pared Keystone de acero inoxidable ICC de 1 puerto con certificación UL
SIN SUB	p45079	Domótica y hogar inteligente/None			Interfaz USB Z-Wave HomeSeer SmartStick G8 Serie 800
SIN SUB	p45085	Domótica y hogar inteligente/None			Relé Aiphone Modelo RY-AC/A
SIN SUB	p45087	Domótica y hogar inteligente/None			Focos Led con Bocina Bluetooth kit 6 piezas
SIN SUB	p45091	Domótica y hogar inteligente/None			Atenuador Leviton Decora Smart Anywhere Companion DAWDC-1RW
SIN SUB	p45092	Domótica y hogar inteligente/None			Subestación de intercomunicación Aiphone LE-A
SIN SUB	p45102	Domótica y hogar inteligente/None			Control de estado sólido de CA KB Electronics KBMC-13BV negro
SIN SUB	p45104	Domótica y hogar inteligente/None			Kit de luces de fibra óptica CHINLY Meteor 3W Bluetooth 3 m
SIN SUB	p45106	Domótica y hogar inteligente/None			Kit de luces de fibra óptica tipo cielo estrellado CHINLY de 648 piezas 4 m RGBW
SIN SUB	p45110	Domótica y hogar inteligente/None			Letrero de neón LED para café Senceng alimentado por USB 38 x 18 cm
SIN SUB	p45125	Domótica y hogar inteligente/None			[Versión mejorada] Módulo de relé dual Aqara T2 con Matter
SIN SUB	p45131	Domótica y hogar inteligente/None			Control inalámbrico IINE Mini Pro RGB Turbo NFC rosa
SIN SUB	p45132	Domótica y hogar inteligente/None			Controlador de agua Eve Aqua Smart Bluetooth Thread HomeKit
SIN SUB	p45135	Domótica y hogar inteligente/None			Letrero de neón abierto NXYX rosa LED USB 42 x 29 cm
SIN SUB	p45136	Domótica y hogar inteligente/None			Cable de fibra óptica AZIMOM de 1 mm de diámetro rollo de 50 m
SIN SUB	p45139	Domótica y hogar inteligente/None			Letrero LED Neon ASSHNMOR ON AIR 40 cm para grabación
SIN SUB	p45146	Domótica y hogar inteligente/None			Medidor inteligente de energía Wi‑Fi Shelly EM Gen3 con pinza de 50 A
SIN SUB	p45148	Domótica y hogar inteligente/None			Controlador LED Shelly Plus RGBW PM WiFi Bluetooth paquete de 2
SIN SUB	p45150	Domótica y hogar inteligente/None			Temporizador exterior Flexoria con 2 tomas de anochecer a amanecer
SIN SUB	p45157	Domótica y hogar inteligente/None			Panel de pared para garaje 41A5273-1 cableado compatible con LiftMaster
SIN SUB	p45158	Domótica y hogar inteligente/None			Inserto de placa de pared keystone blanco de 2 puertos paquete de 20
SIN SUB	p45159	Domótica y hogar inteligente/None			Letrero LED de neón Cruz de Jesús 24 x 14 cm regulable con alimentación USB
SIN SUB	p45162	Domótica y hogar inteligente/None			Inserto decorativo para placa de pared con paso de cables y cepillo paquete de 10 blanco
SIN SUB	p45163	Domótica y hogar inteligente/None			Inserto decorativo de pared de 3 puertos blanco paquete de 10
SIN SUB	p45164	Domótica y hogar inteligente/None			Letrero LED de neón regulable para gamer 38 x 33 cm con alimentación USB
SIN SUB	p45165	Domótica y hogar inteligente/None			Inserto pasacables con cepillo para placa decorativa blanco paquete de 2
SIN SUB	p45166	Domótica y hogar inteligente/None			Adaptador de placa de pared con inserto decorativo de 6 puertos y tuerca paquete de 20
SIN SUB	p45176	Domótica y hogar inteligente/None			Módulo inteligente Shelly Plus Uni Wi‑Fi Bluetooth con contactos secos
SIN SUB	p45178	Domótica y hogar inteligente/None			Switch KVM TRIPP LITE B004-VUA2-K-R de 2 puertos USB con audio
SIN SUB	p45179	Domótica y hogar inteligente/None			Brainboxes ED-527 Ethernet a 16 salidas digitales
SIN SUB	p45187	Domótica y hogar inteligente/None			Arduino nano v3 con microcontrolador y cable
SIN SUB	p45188	Domótica y hogar inteligente/None			Sistema de cámaras de seguridad Night Owl de 12 canales con audio bidireccional
SIN SUB	p45189	Domótica y hogar inteligente/None			Sistema de seguridad DVR de 12 canales Night Owl con 6 cámaras 2K y disco duro de 2 TB
SIN SUB	p45193	Domótica y hogar inteligente/None			Modulo cargador de baterias litio tp4056 5v 1a
SIN SUB	p45198	Domótica y hogar inteligente/None			Inyector PoE INTELLINET de 2 puertos Gigabit 80 W de potencia total
SIN SUB	p45199	Domótica y hogar inteligente/None			Regleta inteligente WiFi con IA AC Infinity de 4 tomas 1800 W
SIN SUB	p45215	Domótica y hogar inteligente/None			Localizador Xiaomi Tag - 1PZ
SIN SUB	p45216	Domótica y hogar inteligente/None			Bascula Xiaomi Mi Body Scale S200 Negro
SIN SUB	p45223	Domótica y hogar inteligente/None			Kit de placas de pared ENERLITES de 1 módulo 11 x 7 cm policarbonato
SIN SUB	p45228	Domótica y hogar inteligente/None			Dispositivo de automatización del hogar activado por sonido Clapper Original
SIN SUB	p45233	Domótica y hogar inteligente/None			Friendship Lamp LuvLink v2.0 WiFi de larga distancia juego de 3 unidades
SIN SUB	p45238	Domótica y hogar inteligente/None			Starlight Headliner Kit CHINLY 550 unidades 3 m 075 mm RGBW fibra óptica
SIN SUB	p45239	Domótica y hogar inteligente/None			Kit de luces de fibra óptica CHINLY Starlight Headliner Twinkle
SIN SUB	p45247	Domótica y hogar inteligente/None			Llavero eufy E10 Quick Arm/Disarm HomeBase resistente a la intemperie
SIN SUB	p45251	Domótica y hogar inteligente/None			Monitor de temperatura Honeywell S483B1002 Winter Watchman
SIN SUB	p45255	Domótica y hogar inteligente/None			Ventilador de techo Wall Control Westinghouse 7787200 blanco
SIN SUB	p45304	Domótica y hogar inteligente/None			Panel Solar Pequeño USB-C Ring .
SIN SUB	p45308	Domótica y hogar inteligente/None			Cerrojo EXCEL EXC-D315 negro
SIN SUB	p45326	Domótica y hogar inteligente/None			Lb-06003 torres de iluminacion para escritorio it5000 rgb br-942324
SIN SUB	p45337	Domótica y hogar inteligente/None			Lloyd's Serie navideñaLED inteligente sincroniza al ritmo de la música
SIN SUB	p45338	Domótica y hogar inteligente/None			Lloyd's Serie 12 Focos LED, control por app y voz sincronizs c/música
SIN SUB	p45341	Domótica y hogar inteligente/None			Lloyd's Manguera LED RGB flexible de PVC, 5 mts. 360 LED's
SIN SUB	p45342	Domótica y hogar inteligente/None			Lloyd's Set de 2 Contactos Dobles Inteligentes WiFi
SIN SUB	p45357	Domótica y hogar inteligente/None			Lloyd's Luces LED hexagonales inteligentes
SIN SUB	p45366	Domótica y hogar inteligente/None			Lloyd's Mando Universal Inteligente Infrarrojo * RF
SIN SUB	p45368	Domótica y hogar inteligente/None			Kit de Seguridad Inteligente para Negocio
SIN SUB	p45372	Domótica y hogar inteligente/None			Esterilizador UV-C Dipak LED portátil recargable color blanco
SIN SUB	p45373	Domótica y hogar inteligente/None			Campana Para Video Portero Wifi TZTIMSH01 Techzone color blanco
SIN SUB	p45374	Domótica y hogar inteligente/None			Interfon con videocámara inteligente DB1 EZVIZ wifi color blanco
SIN SUB	p45386	Domótica y hogar inteligente/None			Protector de Voltaje 1200W 140V Pipeman's para electronicos
SIN SUB	p45396	Domótica y hogar inteligente/None			Pack 6 Apagadores Smart 2 Módulo Touch
SIN SUB	p45397	Domótica y hogar inteligente/None			Pack 6 Placas Dúplex Smart 2 Puertos USB
SIN SUB	p45400	Domótica y hogar inteligente/None			Pack 6 Apagadores Smart 3 Módulo Touch
SIN SUB	p45402	Domótica y hogar inteligente/None			Pack 6 Apagadores Smart 1 Módulo Touch
SIN SUB	p45409	Domótica y hogar inteligente/None			Traductor Inteligente con Reconocimiento de Voz.Dispositivo de Traducción Preciso sin Conexión a Int
SIN SUB	p45411	Domótica y hogar inteligente/None			Kit CCTV Seguridad 8 camaras Bullet dahua 2mpx 1Tb nocturna
SIN SUB	p45412	Domótica y hogar inteligente/None			Kit CCTV Seguridad 8 camaras Bullet dahua 5mpx 1Tb Detec Rostros
SIN SUB	p45414	Domótica y hogar inteligente/None			Kit CCTV Dahua Seguridad 4 Camaras bullet 4K 8mpx 1Tb Rostros
SIN SUB	p45416	Domótica y hogar inteligente/None			Audiobahn Receptor Wi-fi Efecto Espejo A Tv AM2P
SIN SUB	p45417	Domótica y hogar inteligente/None			Kit 4 camaras Dahua seguridad Bullet 2mpx Detec movimiento
SIN SUB	p45419	Domótica y hogar inteligente/None			Kit vigilancia Cctv Dahua 2 Camaras Bullet 2mpx 1tb
SIN SUB	p45422	Domótica y hogar inteligente/None			8 Pares Video Balun Cctv Rj45 Bnc Transceptor Pasivo 4k 8mpx
SIN SUB	p45423	Domótica y hogar inteligente/None			Kit Vigilancia Dahua 8 Camaras domo 2mpx Full HD 1Tb Deteccion rostros
SIN SUB	p45425	Domótica y hogar inteligente/None			Kit Seguridad Dahua 4 Camaras domo 2mpx 1Tb Deteccion movimiento
SIN SUB	p45426	Domótica y hogar inteligente/None			Kit CCTV Dahua seguridad 4 Camaras Domo 2mpx Detec Movimiento
SIN SUB	p45429	Domótica y hogar inteligente/None			16 Pares Video Balun Rj45 Bnc Transceptor Pasivo 4k 8mpx
SIN SUB	p45431	Domótica y hogar inteligente/None			Kit CCTV Seguridad 8 camaras Bullet dahua 5mpx 1Tb Almacenamiento
SIN SUB	p45432	Domótica y hogar inteligente/None			4 Pares Video Balun Cctv Rj45 Bnc Transceptor Pasivo 4k 8mpx
SIN SUB	p45433	Domótica y hogar inteligente/None			Kit CCTV Seguridad Dahua 8 cam domo 2mpx 1Tb nocturna Movimiento
SIN SUB	p45435	Domótica y hogar inteligente/None			Kit CCTV Dahua seguridad 4 Camaras Domo 2mpx 1Tb Facil Instalacion
SIN SUB	p45436	Domótica y hogar inteligente/None			Focos Inteligentes Led Gu10 Wifi, Multicolor (pack 4)
SIN SUB	p45437	Domótica y hogar inteligente/None			Kit CCTV Dahua 4 camaras Bullet 2mpx Microfono Detec Rostros
SIN SUB	p45439	Domótica y hogar inteligente/None			Kit CCTV Vigilancia Dahua 4 Camaras Bullet 2mpx 1Tb Detec movimiento
SIN SUB	p45440	Domótica y hogar inteligente/None			2 Camaras Seguridad Bullet Dahua 5mpx Detec Rostros IA
SIN SUB	p45442	Domótica y hogar inteligente/None			Kit CCTV Seguridad Dahua 16 camaras Domo 2mpx Deteccion movimiento
SIN SUB	p45443	Domótica y hogar inteligente/None			Kit Seguridad Dahua 4 camaras Bullet 5mpx 1Tb Detec Rostros
SIN SUB	p45444	Domótica y hogar inteligente/None			Kit CCTV Seguridad 2 cam domo 2 bullet 2mpx microfono Rostros
SIN SUB	p45447	Domótica y hogar inteligente/None			Kit Dahua CCTV Seguridad 8 Camaras bullet 2mpx 1Tb Detec Movimiento
SIN SUB	p45448	Domótica y hogar inteligente/None			Kit CCTV Seguridad Dahua 8 cam domo 2mpx 1Tb Vigilancia
SIN SUB	p45449	Domótica y hogar inteligente/None			Farol Led Soportado Negro Exterior Interior Surtek
SIN SUB	p45453	Domótica y hogar inteligente/None			Amazon Fire TV Lite 2022
SIN SUB	p45461	Instrumentos musicales/None			Luz LED PAR Blizzard Lighting 6W RGBAW+UV 110V/220V
SIN SUB	p45462	Instrumentos musicales/None			Silbato Irlandés de Latón Sondery en Re (D)
SIN SUB	p45464	Instrumentos musicales/None			Cartucho DJ Ortofon Concorde MK2 DJ Single
SIN SUB	p45466	Instrumentos musicales/None			Atenuador de Potencia Tone King Ironman II Mini 30W
SIN SUB	p45467	Instrumentos musicales/None			Pastillas Fender Fat '50s Stratocaster blancas
SIN SUB	p45478	Instrumentos musicales/None			Silbato ZBOSS Azteca 125+dB Grito de Obsidiana Negra
SIN SUB	p45480	Instrumentos musicales/None			Campanario de viento Corinthian Bells 69 cm Ruby Splash de aluminio
SIN SUB	p45481	Instrumentos musicales/None			Campanilla de viento Corinthian Bells 69 cm verde pátina de aluminio
SIN SUB	p45488	Instrumentos musicales/None			PLECTRUM Jim Dunlop Nylon .73MM - Pack de 12
SIN SUB	p45491	Instrumentos musicales/None			Picks Jim Dunlop Tortex Standard 418P060 naranja 060 mm x 12
SIN SUB	p45496	Instrumentos musicales/None			Pajilla de Canto AirVō Pro – Entrenador Vocal Dr. Voice
SIN SUB	p45498	Instrumentos musicales/None			Silbato de metal Clarke Sweetone D negro + bolsita
SIN SUB	p45499	Instrumentos musicales/None			Paquete Caja Directa Liquid Audio Radial ProDI Pasiva
SIN SUB	p45500	Instrumentos musicales/None			Pick Jim Dunlop de nailon paquete de 12 unidades 449 P agarre máximo calibre 60 mm
SIN SUB	p45501	Instrumentos musicales/None			Lubricante MusicNomad TUNE-IT 10 ml (MN106)
SIN SUB	p45502	Instrumentos musicales/None			Combo de cartucho y cabezal Audio-Technica AT-VM95EBK/H con montaje de 1/2"
SIN SUB	p45513	Instrumentos musicales/None			Caja DI Pyle PDC21 1/4" Entrada XLR con atenuador – Negro
SIN SUB	p45515	Instrumentos musicales/None			Control de graves Skar Audio SKv2 de reemplazo con luz de recorte
SIN SUB	p45529	Instrumentos musicales/None			Plugin de reverberación TC Electronic TC8210-DT Classic
SIN SUB	p45534	Instrumentos musicales/None			Procesador de Tono Jim Dunlop Rockman X100™
SIN SUB	p45536	Instrumentos musicales/None			Puente de Trémolo Vega‑Trem VT1 Special Strat Brillante
SIN SUB	p45537	Instrumentos musicales/None			Raqueta protectora Snare Drum Soft Case 14 x 8 pulgadas
SIN SUB	p45548	Instrumentos musicales/None			Tremolo Arm Fender Player Series Jazzmaster/Jaguar
SIN SUB	p45550	Instrumentos musicales/None			Shekere Meinl Percussion Mediano de Fibra de Vidrio Marrón
SIN SUB	p45566	Instrumentos musicales/None			Solo de Julian Vaughn Music
SIN SUB	p45573	Instrumentos musicales/None			Campanilla de Viento Corinthian Bells 76 cm Azul Medianoche
SIN SUB	p45576	Instrumentos musicales/None			Concertina Trinity College AP-1120A de 20 botones y 25 octavas
SIN SUB	p45585	Instrumentos musicales/None			Tubo de vacío Electro-Harmonix 12AY7/6072A
SIN SUB	p45602	Instrumentos musicales/None			Almohadillas aislantes para monitores de estudio Knox Gear para altavoces de 5 pulgadas
SIN SUB	p45610	Instrumentos musicales/None			Clavijas de afinación Wilkinson 3x3 Deluxe Dorado Vintage
SIN SUB	p45612	Instrumentos musicales/None			Cubierta de Varilla de Tracción JAGTRADE 3 Agujeros Negro y Blanco
SIN SUB	p45613	Instrumentos musicales/None			Caja DI Hosa DIB-445 SideKick Activa
SIN SUB	p45616	Instrumentos musicales/None			Plataforma para Pedales GHOSTFIRE 35x14 cm Aleación de Aluminio V‑BABY1
SIN SUB	p45617	Instrumentos musicales/None			Juego completo de diapasones – 10 piezas 174‑963 Hz sanación sonora de chakras
SIN SUB	p45621	Instrumentos musicales/None			Pastilla Vibrasonic Swingding
SIN SUB	p45623	Instrumentos musicales/None			Case 2 cabezas roboticas beam led 100w luxin 100
SIN SUB	p45624	Instrumentos musicales/None			Caja DI SE ELECTRONICS DM3 Negra Entrada Ultra-HiZ
SIN SUB	p45628	Instrumentos musicales/None			Fuente de alimentación FIFINE PM48 48V Phantom USB-C
SIN SUB	p45633	Instrumentos musicales/None			Fuente de Alimentación GHOSTFIRE FH10-SV4 10 Salidas DC 110V/220V
SIN SUB	p45635	Instrumentos musicales/None			PLECTRUM SEVENHEAD 096 mm Pack de 24 (Color aleatorio)
SIN SUB	p45636	Instrumentos musicales/None			PLECTRUM SEVENHEAD 071 mm – Pack de 24 (color aleatorio)
SIN SUB	p45638	Instrumentos musicales/None			PLECTRUM SEVENHEAD Pack Mixto de 24 Piezas (Color Aleatorio)
SIN SUB	p45639	Instrumentos musicales/None			PLECTRUM SEVENHEAD 046 mm Pack de 24 (Color aleatorio)
SIN SUB	p45642	Instrumentos musicales/None			PLECTRUM SEVENHEAD 150 mm Pack de 24 (Color aleatorio)
SIN SUB	p45643	Instrumentos musicales/None			PLECTRUM SEVENHEAD 120 mm paquete de 24 (colores aleatorios)
SIN SUB	p45666	Instrumentos musicales/None			Controlador Arturia MiniLab 3 25 Slim-key - Naranja
SIN SUB	p45673	Instrumentos musicales/None			Tanque de Reverberación Accutronics 4EB3C1B Decaimiento Largo 600 Ω
SIN SUB	p45675	Instrumentos musicales/None			Caja DI Rockville RDI5 Convertidor de Señal Pasivo
SIN SUB	p45688	Instrumentos musicales/None			Caja Directa Activa dbx db12 Negra
SIN SUB	p45695	Instrumentos musicales/None			Cámara de Reverberación Accutronics 8AB2D1A 3 Resortes Decaimiento Medio
SIN SUB	p45696	Instrumentos musicales/None			Whistle Clarke Tinwhistle Key D verde con nudo celta
SIN SUB	p45703	Instrumentos musicales/None			Pantalla Anti‑pop Mackie EM‑Series Negra (PF‑100)
SIN SUB	p45704	Instrumentos musicales/None			Pads de Aislamiento para Monitores de Estudio Focus Pro Audio de 5 Pulgadas Par
SIN SUB	p45707	Instrumentos musicales/None			BOSS FSC-10 Tapas para footswitch 10 piezas transparentes
SIN SUB	p45715	Instrumentos musicales/None			Almohadilla de práctica doble cara Meinl Percussion 30 cm
SIN SUB	p45722	Instrumentos musicales/None			Kit de actualización del soporte SE ELECTRONICS RF Pro B2
SIN SUB	p45742	Instrumentos musicales/None			Bolsa protectora para la mayoría de los tanques de reverb Fender
SIN SUB	p45743	Instrumentos musicales/None			Procesador de Múltiples Efectos Acústicos Zoom A1X FOUR
SIN SUB	p45750	Instrumentos musicales/None			Luz eléctrica Blizzard Lighting Snowball 4x3W RGBW LED
SIN SUB	p45751	Instrumentos musicales/None			Yamaha Stage Custom Birch 8x7" Tom Montado Ámbar Miel
SIN SUB	p45754	Instrumentos musicales/None			Cargador AYCRIT MUSTAN-02 12800mAh 9 Salidas USB-C
SIN SUB	p45755	Instrumentos musicales/None			Filtro anti‑pop SAMSON PS01 de malla de nylon con cuello flexible
SIN SUB	p45762	Instrumentos musicales/None			Bolsa de concierto Valeton GP-200 de tela Oxford impermeable
SIN SUB	p45771	Instrumentos musicales/None			Instrumento Musical Koshi Campanas Artesanales de Madera
SIN SUB	p45785	Instrumentos musicales/None			Montura Antivibración Shure SM4 A4SM
SIN SUB	p45789	Instrumentos musicales/None			Filtro Antipop Melon Audio Hidro Esponja con Clip Flexible 360°
SIN SUB	p45808	Instrumentos musicales/None			Paño de Microfibra para Limpieza Arikit 36x36 cm 300 gsm
SIN SUB	p45882	Instrumentos musicales/None			Barra de Energía Palmer PWT 08 Universal 9V
SIN SUB	p45883	Instrumentos musicales/None			Receptor Inalámbrico Bluetooth Recargable OnStage BC1000 XLR
SIN SUB	p45892	Instrumentos musicales/None			Convertidor de Salida de Línea AudioControl LC2i de 2 Canales con ACR-1
SIN SUB	p45909	Instrumentos musicales/None			Abrazadera Tom Ball Yamaha CL-940BW Varilla Hexagonal Larga
SIN SUB	p45911	Instrumentos musicales/None			Control de Pie PHILIPS ACC2330 de 4 Pedales con Toque de Punta
SIN SUB	p45923	Instrumentos musicales/None			Sistema de Gestión de Parlantes Behringer DCX2496LE 24 Bits
SIN SUB	p45938	Instrumentos musicales/None			Set de Campanas Koshi con Soporte Joe Negro 71x61x18 cm
SIN SUB	p45941	Instrumentos musicales/None			Case 4 Cabezas Moviles Beam 7RH-TOUR4 + Arcoiris Compacta Steelpro
SIN SUB	p45942	Instrumentos musicales/None			Case 2 Cabezas Moviles Beam 7RH-TOUR + Arcoiris Compacta Steelpro
SIN SUB	p45945	Instrumentos musicales/None			Instrumento musical electrónico Otamatone Color fresa
SIN SUB	p45948	Instrumentos musicales/None			Tira de efectos Valeton MES-1 Dapper Mini Silver
SIN SUB	p45960	Instrumentos musicales/None			ART HeadTAP herramienta de audio pasiva para auriculares
SIN SUB	p45980	Instrumentos musicales/None			Kit electrónico MadLab MLP105 Theremin Junior
SIN SUB	p45981	Instrumentos musicales/None			Pedestal tripie uso rudo metal reforzado para bafle naranja amortiguador
SIN SUB	p45990	Instrumentos musicales/None			Native instruments traktor control vinyl black
SIN SUB	p45994	Instrumentos musicales/None			Polipasto garrucha con capacidad 1 tn con cadena de 6m
SIN SUB	p45995	Instrumentos musicales/None			Maquina de burbujas + galon liquido rdx
SIN SUB	p45996	Instrumentos musicales/None			Galon bubblepro para pistola de burbujas y maquina de burbujas
SIN SUB	p45997	Instrumentos musicales/None			Barra led uv ultravioleta 18x3 luz negra
SIN SUB	p45998	Instrumentos musicales/None			Libro publicado de forma independiente Three Dollar Guitar
SIN SUB	p46000	Instrumentos musicales/None			Barra led uv ultravioleta 9x3 luz negra
SIN SUB	p46002	Instrumentos musicales/None			Case 2 cabezas roboticas led beam darkat 150
SIN SUB	p46004	Instrumentos musicales/None			Case 2 cabezas roboticas r1-ring beam led 90w aroled
SIN SUB	p46005	Instrumentos musicales/None			Instrumento musical electrónico portátil Otamatone de 27 cm
SIN SUB	p46023	Instrumentos musicales/None			Kit de Supervivencia para Bateristas ZILDJIAN ZSK con diversos accesorios
SIN SUB	p46024	Instrumentos musicales/None			Practicador Reflexx de 6” ZILDJIAN ZXPPRCP06 color Negro
SIN SUB	p46029	Instrumentos musicales/None			Paquete de Hardware Serie 5000 DW DWCP5000PK5 Acabado Cromo
SIN SUB	p46042	Instrumentos musicales/None			Motor para esferas de cristal discoball
SIN SUB	p46043	Instrumentos musicales/None			Soporte clamp universal para luces soporta hasta 30 kg
SIN SUB	p46044	Instrumentos musicales/None			Soporte universal para luces tipo hamburguesa de hasta 300kg
SIN SUB	p46045	Instrumentos musicales/None			Hamburguesa 2" soporte universal para iluminacion
SIN SUB	p46046	Instrumentos musicales/None			Clamp 2 pulgadas universal para iluminacion
SIN SUB	p46048	Instrumentos musicales/None			Combo de 4 cañones parled 18x1 rgb
SIN SUB	p46049	Instrumentos musicales/None			Soporte hamburguesa universal para luces 1 pulgada soporta hasta 80 kg
SIN SUB	p46052	Instrumentos musicales/None			Termostato normalmente cerrado 180° de baquelita
SIN SUB	p46053	Instrumentos musicales/None			Termostato normalmente cerrado 115° de baquelita
SIN SUB	p46054	Instrumentos musicales/None			Cabeza robotica led spot 30w+ kaleidoscopio python spot bbb
SIN SUB	p46068	Instrumentos musicales/None			Procesador de señal y ecualizador Taramps Pro 2.4S DSP Crossover
SIN SUB	p46074	Instrumentos musicales/None			Esquinero de metal para bafle grande
SIN SUB	p46075	Instrumentos musicales/None			Esquinero grande de metal con punta de bola para bafle
SIN SUB	p46076	Instrumentos musicales/None			Soporte fijo para cuello de ganso
SIN SUB	p46096	Instrumentos musicales/None			Caja directa activa prosound de dos canales pdi-02a
SIN SUB	p46097	Instrumentos musicales/None			Caja directa pasiva prosound de un canal pdi-01p
SIN SUB	p46098	Instrumentos musicales/None			Caja directa pasiva behringer di600p
SIN SUB	p46099	Instrumentos musicales/None			Modulo bi amplificado para bafle con ecualizador y reproductor bluetooth usb y s
SIN SUB	p46107	Instrumentos musicales/None			Mini planet rgbw strobe+lrg
SIN SUB	p46124	Instrumentos musicales/None			Tension Springs Fender American Series Stratocaster
SIN SUB	p46130	Instrumentos musicales/None			Combo 4 cabezas roboticas led spot 30w + kaleidoscopio python spot bbb
SIN SUB	p46132	Instrumentos musicales/None			Sartén con lengüeta de acero Panda Drum Plus 11 pulgadas 432 Hz
SIN SUB	p46135	Instrumentos musicales/None			Sartén con lengüeta de acero Panda Drum Plus con libro de música y bolsa
SIN SUB	p46138	Instrumentos musicales/None			Sartén con lengüeta de acero Panda Drum Pro con libro de música y bolsa
SIN SUB	p46143	Instrumentos musicales/None			Sartén con lengüeta de acero Panda Drum Pro de 15 pulgadas y 432 Hz con accesorios
SIN SUB	p46163	Instrumentos musicales/None			Estación de trabajo con cambio de tono BOSS XS-100 Poly Shifter
SIN SUB	p46175	Instrumentos musicales/None			Juguete de música electrónica Otamatone Melody Edición Pac-man
SIN SUB	p46176	Instrumentos musicales/None			Paquete Drum Heads Evans G2 transparente estándar (30 cm 33 cm 40 cm)
SIN SUB	p46187	Instrumentos musicales/None			Interruptor selector de camionetas Fender 3 posiciones estilo vintage
SIN SUB	p46190	Instrumentos musicales/None			Almohadilla Acondicionadora Zildjian Reflexx de 10 pulgadas color verde
SIN SUB	p46193	Instrumentos musicales/None			Braguero cuadrado Truss Slip Cover-Wrap Odyssey TS1210 de 3 m
SIN SUB	p46194	Instrumentos musicales/None			Maletín utilitario Odyssey 2025 x 1125 x 5 parte inferior interior
SIN SUB	p46197	Instrumentos musicales/None			Whistle Fox 40 Pearl negro
SIN SUB	p46199	Instrumentos musicales/None			Panel de bastidor ventilado OnStage On-Stage 3U (RPV3000)
SIN SUB	p46200	Instrumentos musicales/None			Stage Snake OnStage SNK8450V2 8x4 15 m con bolsa de nylon
SIN SUB	p46220	Instrumentos musicales/None			Cowbell Latin Percussion Black Beauty USA LTD LP20US Gris
SIN SUB	p46227	Instrumentos musicales/None			Caja directa estéreo pasiva para PC Samson MCD2 Pro con atenuación
SIN SUB	p46237	Instrumentos musicales/None			Crash Cymbal Zildjian S Dark de 18 pulgadas
SIN SUB	p46286	Instrumentos musicales/None			Interruptor de pie BOSS FS-6 estéreo dual momentáneo y con cierre
SIN SUB	p46325	Instrumentos musicales/None			Knobs Fender Telecaster/Precision Bass Dome juego de 2 unidades cromadas
SIN SUB	p46350	Instrumentos musicales/None			Mochila Cymbal Bag Zildjian 20 para estudiantes Purple Galaxy
SIN SUB	p46353	Instrumentos musicales/None			Footswitch BOSS FS-5U sin enganche con interruptor de polaridad
SIN SUB	p46360	Instrumentos musicales/None			Pastilla acústica Fishman Neo-D marrón oscuro de bobina única
SIN SUB	p46363	Instrumentos musicales/None			Interruptor selector de camionetas Fender Custom Shop Telecaster de 4 posiciones
SIN SUB	p46364	Instrumentos musicales/None			String Guide Fender Pure Vintage Style Jazz Bass/Precision
SIN SUB	p46374	Instrumentos musicales/None			Steel Gong Target Champion Range y Target Impact de 15 cm
SIN SUB	p46388	Instrumentos musicales/None			Kit home party alienpro galaxy points erizo hexa strobe led
SIN SUB	p46389	Instrumentos musicales/None			Medio grave colgante elite s118 stagepro 1000w rms 18 xlr
SIN SUB	p46390	Instrumentos musicales/None			Soporte braket montaje stagepro 94-124 para elite system s
SIN SUB	p46391	Instrumentos musicales/None			Barra led bean rgbw 4 en 1 alienpro mission 10 focos de 40w
SIN SUB	p46392	Instrumentos musicales/None			Soporte bracket de conexión 94-125 stagepro elite system s
SIN SUB	p46398	Instrumentos musicales/None			Puño tipo cross set
SIN SUB	p46399	Instrumentos musicales/None			Puño clasico caqui set
SIN SUB	p46402	Instrumentos musicales/None			Puño clasico rojo set
SIN SUB	p46403	Instrumentos musicales/None			Puño clasico negro set
SIN SUB	p46408	Instrumentos musicales/None			Galon liquido humo calidad gloomy sonidero
SIN SUB	p46409	Instrumentos musicales/None			Galon liquido burbujas calidad gloomy blop
SIN SUB	p46410	Instrumentos musicales/None			Galon liquido humo calidad gloomy antro
SIN SUB	p46423	Instrumentos musicales/None			Mini cabeza robotica caleidoscopio + laser multipuntos fractal
SIN SUB	p46425	Instrumentos musicales/None			Mini spot rgbw 40w+35w tira led rgb
SIN SUB	p46428	Instrumentos musicales/None			Maquina burbujas portatil metalica para eventos
SIN SUB	p46429	Instrumentos musicales/None			Galon liquido humo calidad gloomy smoke
SIN SUB	p46431	Instrumentos musicales/None			Barra LED Profesional STEELPRO 352-BAR RGB
SIN SUB	p46432	Instrumentos musicales/None			Barra Led 642-BAR Full Color 3 En 1 Dj Steelpro
SIN SUB	p46434	Instrumentos musicales/None			Case 2 cabezas roboticas led spot + wash sw 150
SIN SUB	p46454	Instrumentos musicales/None			Pedestal poste para elevar medio en subwoofer asp60
SIN SUB	p46458	Instrumentos musicales/None			Case 2 cabezas roboticas 9r spear 260
SIN SUB	p46501	Instrumentos musicales/None			2 Cabezas Móviles 2R-SM-GOLD-K Beam Rainbow Con Case -steelpro
SIN SUB	p46503	Instrumentos musicales/None			Cabeza Robótica Nova Rgbw Giro Infinito + Laser Verde Steelpro
SIN SUB	p46504	Instrumentos musicales/None			Par Cabeza Robotica NOVA-BAG Steelpro
SIN SUB	p46507	Instrumentos musicales/None			Yamaha P145BBT paquete con base de madera L-100B
SIN SUB	p46508	Instrumentos musicales/None			Yamaha P145B paquete con base de doble tijera DF032
SIN SUB	p46512	Instrumentos musicales/None			Barra Motorizada Razor Laser Rojo Profesional Steelpro
SIN SUB	p46520	Instrumentos musicales/None			Líquido máquina cámara humo alienpro base agua no tóxico 10l
SIN SUB	p46521	Instrumentos musicales/None			Líquido máquina cámara humo alienpro base agua no tóxico 1gl
SIN SUB	p46529	Instrumentos musicales/None			Máquina De Niebla Baja COSMO-1500 Steelpro
SIN SUB	p46530	Instrumentos musicales/None			Maquina De Nieve Artificial SNOWCRAFT Steelpro
SIN SUB	p46532	Instrumentos musicales/None			Set 6 cañones par 54x3 i alienpro wash arquitectónico rgbw
SIN SUB	p46534	Instrumentos musicales/None			Set 6 cañones par 18x15 alienpro washers 200w rgbwyp 6 en 1
SIN SUB	p46535	Instrumentos musicales/None			Cañon led par 18x1w rgb alienpro washer 30w de 7 canales
SIN SUB	p46537	Instrumentos musicales/None			Set 2 soportes tipo t alienpro para subwoofer 18 y 2 bocinas
SIN SUB	p46541	Instrumentos musicales/None			Pinza de aluminio tipo g alienpro para equipo iluminación
SIN SUB	p46543	Instrumentos musicales/None			Cañon led par 36x3w washer alienpro rgb 3 en 1 automático
SIN SUB	p46545	Instrumentos musicales/None			Líquido cámara humo alienpro base agua no tóxico 1 litro
SIN SUB	p46546	Instrumentos musicales/None			Cañón de luces led washer alienpro par 60x3 w rgb 60 leds
SIN SUB	p46548	Instrumentos musicales/None			Set 6 cañones par 18x12 alienpro washers rgbwy 5 en 1 180w
SIN SUB	p46549	Instrumentos musicales/None			Megáfono con grabador reproductor y sirena
SIN SUB	p46550	Instrumentos musicales/None			Pinza de plástico alienpro para iluminación capacidad 25 kg
SIN SUB	p46551	Instrumentos musicales/None			Cañon led par 18x3 rgb washer alienpro 3 en 1 automático
SIN SUB	p46552	Instrumentos musicales/None			Maquina Humo Atmosphere 1500w Steelpro
SIN SUB	p46554	Instrumentos musicales/None			Camara De Humo GHOST-900-B Steelpro
SIN SUB	p46555	Instrumentos musicales/None			Camara De Humo GHOST-500B Alambrica e Inalambrica C/leds
SIN SUB	p46556	Instrumentos musicales/None			Camara De Humo GHOST-500W Alambrica e Inalambrica C/leds
SIN SUB	p46559	Instrumentos musicales/None			Máquina burbujas de humo nebula1200 alienpro 16 led 8w rgb+uv
SIN SUB	p46560	Instrumentos musicales/None			Lásers doble color super mini rg 30w alienpro rojo y verde
SIN SUB	p46561	Instrumentos musicales/None			Líquido cámara humo alienpro base agua no tóxico 1 galón
SIN SUB	p46562	Instrumentos musicales/None			Láser galaxy points ii alienpro 4.5w rojo y verde 110v
SIN SUB	p46564	Instrumentos musicales/None			Máquina de burbujas petit pump 40w alienpro 600ml 100m2
SIN SUB	p46574	Instrumentos musicales/None			Mezclador Analógico MACKIE 1402-VLZ4 14 canales
SIN SUB	p46592	Instrumentos musicales/None			Galon de liquido humo calidad importacion dichter
SIN SUB	p46593	Instrumentos musicales/None			Maquina petit de burbujas de niebla, generador de burbujas de humo
SIN SUB	p46595	Instrumentos musicales/None			5 Litros Liquido Humo WOLKE Calidad
SIN SUB	p46596	Instrumentos musicales/None			Galon liquido humo wolke calidad
SIN SUB	p46597	Instrumentos musicales/None			20 Litros Liquido Humo WOLKE Calidad
SIN SUB	p46598	Instrumentos musicales/None			10 Litros Liquido Humo WOLKE Calidad
SIN SUB	p46602	Instrumentos musicales/None			Cepillo de Limpieza de Discos AUDIO TECHNICA AT6011A Antiestático
SIN SUB	p46608	Instrumentos musicales/None			Controlador IRIG KEYS IO 25 IKMUL
SIN SUB	p46609	Instrumentos musicales/None			Shell Pack New Yorker 4 Piezas PDNY1604EL PACIFIC DRUMS.
SIN SUB	p46666	Instrumentos musicales/None			Panel Led WASHOD-4410 Baño de Color para Exteriores
SIN SUB	p46667	Instrumentos musicales/None			Reflector Led UV Luz Negra Purpura Negra 30w
SIN SUB	p46669	Instrumentos musicales/None			Barra led curtain-364
SIN SUB	p46671	Instrumentos musicales/None			Barra Led WSTROBE-RGB+W
SIN SUB	p46676	Instrumentos musicales/None			Case 4 Cañones ParLed Ip65 Exteriores 18x10 RGBW 4en1
SIN SUB	p46677	Instrumentos musicales/None			Serato Vinyl Performance Series 12 (2 discos)
SIN SUB	p46682	Instrumentos musicales/None			Banco metálico con asiento acolchonado para tecladista
SIN SUB	p46683	Instrumentos musicales/None			Serato Vinyl Performance Series 12 CLEAR (2 discos)
SIN SUB	p46684	Instrumentos musicales/None			Serato vinyl performance series 12 lefto x pressing (2 discos)
SIN SUB	p46685	Instrumentos musicales/None			Cañon ParLED 4x12w RGBWAP 6en1
SIN SUB	p46686	Instrumentos musicales/None			Cañon ParLED 18x4w RGBW 4en1
SIN SUB	p46687	Instrumentos musicales/None			Cabeza Robotica BeamWash 7x15 LMH715-Z
SIN SUB	p46688	Instrumentos musicales/None			Serato Vinyl Performance Series 12 GID (2 discos)
SIN SUB	p46689	Instrumentos musicales/None			Cabeza Robotica SpotWash LMH-W68+S40
SIN SUB	p46690	Instrumentos musicales/None			Cañon ParLED 16x4w RGBW 4en1 + 4x20w
SIN SUB	p46691	Instrumentos musicales/None			Cañon ParLED 27x4w RGBW 4en1
SIN SUB	p46695	Instrumentos musicales/None			Strap básico de yute tipo cinturón lhsy-n hermes
SIN SUB	p46696	Instrumentos musicales/None			Cañon ParLED 14x4w RGBW 4en1
SIN SUB	p46698	Instrumentos musicales/None			Cañon ParLED 18x10w 4en1 RGB+ambar metalico
SIN SUB	p46699	Instrumentos musicales/None			Strap básico de yute tipo cinturón lhsy-bk hermes
SIN SUB	p46700	Instrumentos musicales/None			Barra led exterior ip65 con 18 leds de 15w 6en1 rgbwa + uv
SIN SUB	p46701	Instrumentos musicales/None			Strap básico de piel gamuza tipo cinturón lhspg-bk hermes
SIN SUB	p46703	Instrumentos musicales/None			Baquetero clásico d-baquetero drumco
SIN SUB	p46704	Instrumentos musicales/None			Strap básico de piel napa tipo cinturón lhsp-mi hermes
SIN SUB	p46707	Instrumentos musicales/None			Laptop Stand Profesional Para Controlador Dj Pro
SIN SUB	p46711	Instrumentos musicales/None			Mini Jelly Movil Con Laser 36W
SIN SUB	p46713	Instrumentos musicales/None			Mini Jelly Movil RGB 30W
SIN SUB	p46714	Instrumentos musicales/None			Stand Iluminacion Economico Doble T para Iluminacion RUPPER
SIN SUB	p46716	Instrumentos musicales/None			Cañon ParLED 18x10w 4en1 RGBW metalico
SIN SUB	p46738	Instrumentos musicales/None			Yamaha Montage M8x llega con versión plugin, síntesis AN-X con 88 teclas
SIN SUB	p46764	Instrumentos musicales/None			Paquete de hardware 5 Piezas Serie PDP 800 PDHW815 PACIFIC DRUMS.
SIN SUB	p46765	Instrumentos musicales/None			Set maquina humo 400w + jelly crystalball rgbwap + laser multipuntos rg
SIN SUB	p46766	Instrumentos musicales/None			MultiClamp MC903
SIN SUB	p46771	Instrumentos musicales/None			Barra led dancer rgb+w profesional
SIN SUB	p46776	Instrumentos musicales/None			Cañon parled 60x3 rgb (3en1) interior
SIN SUB	p46789	Instrumentos musicales/None			Pad Practicador Galaxy 12” ZXPPGAL12 ZILDJIAN
SIN SUB	p46792	Instrumentos musicales/None			Practicador baterista 12 pulgadas p1202
SIN SUB	p46799	Instrumentos musicales/None			Case 8 Cañones ParLed 54x3 RGBW
SIN SUB	p46800	Instrumentos musicales/None			Transmisor portátil inalámbrico ktx (uhf)
SIN SUB	p46812	Instrumentos musicales/None			Clamp DWSMTA12
SIN SUB	p46822	Instrumentos musicales/None			iRig IPIRINGSILIN - Controlador de Movimiento, Tipo Anillo, Color Plata
SIN SUB	p46831	Instrumentos musicales/None			Base toms serie 9000 DWCP9900
SIN SUB	p46839	Instrumentos musicales/None			Cañon ParLED 54x3w 3en1 RGB
SIN SUB	p46842	Instrumentos musicales/None			Paquete de Hardware Serie 6000 Ultralight con bolsa DWCP6000ULPK DW.
SIN SUB	p46845	Instrumentos musicales/None			Batidor de madera para cencerros LP207
SIN SUB	p46853	Instrumentos musicales/None			Soporte Clamp en V para Montaje de Dos Toms DWSM992 DW
SIN SUB	p46857	Instrumentos musicales/None			Zildjian Standard Gig Pack
SIN SUB	p46868	Instrumentos musicales/None			Paquete Grabación IRIG MIC VIDEO BUNDLE IK MULTIMEDIA
SIN SUB	p46869	Instrumentos musicales/None			Clamp para Tom Simple con Bloqueo de Memoria DWSM991 DW.
SIN SUB	p46877	Instrumentos musicales/None			Pad Practicador 12 pulgadas MA-PD12 MAPEX
SIN SUB	p46887	Instrumentos musicales/None			Paquete de 5 Llaves (800, 801, 807, HV DTY, SPEED) DWSM808 DW.
SIN SUB	p46913	Instrumentos musicales/None			Cañon ParLED 12x1w con Bocina Bluetooth control remoto
SIN SUB	p46917	Instrumentos musicales/None			Case 2 Cabezas Wash 360 36 Leds De 10W
SIN SUB	p46922	Instrumentos musicales/None			Sistema de carga para accesorios irig IRIG POWER BRIDGE LGT IK MULTIMEDIA
SIN SUB	p46923	Instrumentos musicales/None			Adaptador 2 Jacks 3.5mm a Plug 3.5mm Estéreo Macho MRS AC111 MORRISON
SIN SUB	p46949	Instrumentos musicales/None			Stand de 3 Patas para Hi Hats PDHHCO3 PACIFIC DRUMS
SIN SUB	p46951	Instrumentos musicales/None			Cañon ParLED 6x1w con Bocina Bluetooth control remoto
SIN SUB	p46953	Instrumentos musicales/None			Barra Movil 10 Led Beam RGBW 30w (4en1)
SIN SUB	p46959	Instrumentos musicales/None			Cañon ParLED 4x50w IP65 blanco frio + blanco calido exteriores interiores
SIN SUB	p46985	Instrumentos musicales/None			Cañon ParLED 7x10w IP65 RGBWA 5en1 exteriores interiores
SIN SUB	p47004	Instrumentos musicales/None			Silbato LP352 LATIN PERCUSSION
SIN SUB	p47017	Instrumentos musicales/None			Sistema de carga para accesorios irig IRIG POWER BRIDGE IK MULTIMEDIA
SIN SUB	p47019	Instrumentos musicales/None			Máquina de Nieve S-200X ANTARI
SIN SUB	p47020	Instrumentos musicales/None			IK Multimedia iRing - Controlador de movimiento inalámbrico para dispositivos iOS, color verde
SIN SUB	p47022	Instrumentos musicales/None			Banco tractor serie 9000 DWCP9120M
SIN SUB	p47035	Instrumentos musicales/None			Caja directa pasiva estéreo MDB-2P
SIN SUB	p47041	Instrumentos musicales/None			Footswitc PEDL-10008 MARSHALL
SIN SUB	p47055	Instrumentos musicales/None			Combo 4 Cabezas Roboticas Tiny Wash 7x10 RGBW
SIN SUB	p47058	Instrumentos musicales/None			Case 2 Cabezas Roboticas Hibridas Beam Spot 10R 280
SIN SUB	p47063	Instrumentos musicales/None			Barra led strobebar-144
SIN SUB	p47083	Instrumentos musicales/None			Banco redondo T270A
SIN SUB	p47094	Instrumentos musicales/None			Case 2 cabezas roboticas beam led 150w luxin 150
SIN SUB	p47097	Instrumentos musicales/None			Surdo LP3120 LATIN PERCUSSION
SIN SUB	p47106	Instrumentos musicales/None			Controlador SAKC49 SAMSON
SIN SUB	p47117	Instrumentos musicales/None			Combo 4 Cabezas moviles STARRY laser + kaledoiscopio
SIN SUB	p47124	Instrumentos musicales/None			Banco redondo DW-CP-5100
SIN SUB	p47131	Instrumentos musicales/None			Crash Par 16
SIN SUB	p47133	Instrumentos musicales/None			Paquete Broadcast C01UPRO PK
SIN SUB	p47142	Instrumentos musicales/None			Sistema Elevacion Mecanico Para Iluminacion Uso Rudo
SIN SUB	p47147	Instrumentos musicales/None			Cañon ParLED 36x1 RGB interior
SIN SUB	p47154	Instrumentos musicales/None			Combo 4 Cabezas moviles Laser 1W RGB WEAP ON
SIN SUB	p47155	Instrumentos musicales/None			Case 2 Cabezas Roboticas INFINITY 150W
SIN SUB	p47160	Instrumentos musicales/None			Adaptador Microdot a Mini XLR MDA1 AKG.
SIN SUB	p47162	Instrumentos musicales/None			Interface DVS Reloop Flux USB-C
SIN SUB	p47167	Instrumentos musicales/None			Case 2 Cabezas Roboticas 7R Beam230w
SIN SUB	p48235	Computadoras de escritorio/None			Xtreme pc intel n100 16gb ssd 500gb monitor 23.8 wifi white
SIN SUB	p48236	Computadoras de escritorio/None			Xtreme pc rtx 5060 ryzen 5 16gb ssd 500gb monitor 23.8
SIN SUB	p48237	Computadoras de escritorio/None			Xtreme pc radeon vega ryzen 7 16gb ssd 500gb monitor 23.8 bk
SIN SUB	p48241	Computadoras de escritorio/None			Xtreme pc radeon vega 3 athlon 16gb 500gb monitor 21.5 black
SIN SUB	p48242	Computadoras de escritorio/None			Xtreme pc radeon vega ryzen 7 16gb ssd 500gb monitor 23.8 wh
SIN SUB	p48243	Computadoras de escritorio/None			Xtreme pc radeon vega 7 ryzen 5 16gb 500gb monitor 27 wifi
SIN SUB	p48251	Computadoras de escritorio/None			Supercomputadora IA MSI NVIDIA Blackwell 128GB LPDDR5X 4TB
SIN SUB	p48252	Computadoras de escritorio/None			Xtreme pc gaming rtx 3050 ryzen 5 16gb ssd 500gb wifi
SIN SUB	p48253	Computadoras de escritorio/None			Supercomputadora IA ASUS NVIDIA Blackwell 128GB LPDDR5X 1TB
SIN SUB	p48254	Computadoras de escritorio/None			Xtreme pc ia rx 9060 xt ryzen 7 16gb 1tb monitor 27
SIN SUB	p48262	Computadoras de escritorio/None			Xtreme pc ia rtx 5060 ti ryzen 7 16gb 1tb monitor 27 eva 01
SIN SUB	p48265	Computadoras de escritorio/None			Xtreme pc ia rtx 5060 ti ryzen 7 16gb ddr5 ssd 1tb eva 02
SIN SUB	p48266	Computadoras de escritorio/None			Xtreme pc ia rtx 5060 ti ryzen 7 16gb ddr5 ssd 1tb eva 00
SIN SUB	p48267	Computadoras de escritorio/None			Xtreme pc ia rtx 5060 ti ryzen 7 16gb ddr5 ssd 1tb eva 08
SIN SUB	p48268	Computadoras de escritorio/None			Xtreme pc ia rtx 5060 ti ryzen 7 16gb 1tb monitor 27 eva 00
SIN SUB	p48269	Computadoras de escritorio/None			Xtreme pc ia rtx 5060 ti ryzen 7 16gb 1tb monitor 27 eva 08
SIN SUB	p48285	Computadoras de escritorio/None			Xtreme pc rtx 5060 ryzen 7 16gb 1tb monitor 27 xbox edition
SIN SUB	p48286	Computadoras de escritorio/None			Xtreme pc rtx 5060 ryzen 7 16gb 1tb monitor 27 halo edition
SIN SUB	p48287	Computadoras de escritorio/None			Xtreme pc rtx 5060 ryzen 7 16gb 1tb monitor 27 luffy edition
SIN SUB	p48288	Computadoras de escritorio/None			Xtreme pc rtx 5060 ryzen 7 16gb 1tb monitor 27 vincent edit
SIN SUB	p48289	Computadoras de escritorio/None			Xtreme pc ia ready core ultra 5 16gb ddr5 1tb monitor 27 bk
SIN SUB	p48290	Computadoras de escritorio/None			Xtreme pc ia rtx 5060 ti ultra 9 32gb 1tb monitor 31.5 bk
SIN SUB	p48291	Computadoras de escritorio/None			Xtreme pc ia ready intel core ultra 5 16gb ddr5 1tb
SIN SUB	p48292	Computadoras de escritorio/None			Xtreme pc ia rtx 5060 core ultra 9 16gb ddr5 ssd 1tb
SIN SUB	p48293	Computadoras de escritorio/None			Xtreme pc ia rtx 5060 ultra 9 16gb ddr5 1tb monitor 31.5 wh
SIN SUB	p48294	Computadoras de escritorio/None			Xtreme pc ia rtx 5060 ultra 9 16gb ddr5 1tb monitor 31.5 bk
SIN SUB	p48295	Computadoras de escritorio/None			Xtreme pc rtx 5060 ryzen 7 16gb 1tb monitor 27 mortal kombat
SIN SUB	p48297	Computadoras de escritorio/None			Xtreme pc rtx 5060 ryzen 7 16gb 1tb monitor 27 valerie edit
SIN SUB	p48298	Computadoras de escritorio/None			Xtreme pc ia rtx 5060 ti ultra 9 32gb 1tb monitor 31.5 wh
SIN SUB	p48299	Computadoras de escritorio/None			Xtreme pc ia rtx 5060 ryzen 7 16gb 1tb monitor 27 spiderman new day
SIN SUB	p48302	Computadoras de escritorio/None			Xtreme pc ia rtx 5060 ti core ultra 9 32gb ddr5 1tb
SIN SUB	p48303	Computadoras de escritorio/None			Xtreme pc ia rtx 5060 ryzen 7 16gb 1tb spiderman new day edition
SIN SUB	p48349	Computadoras de escritorio/None			Pv Hp EliteDesk 705g3, AMD A10, monitor de 19", cajon de dinero + lector de codigo de barras, 8gb ra
SIN SUB	p48350	Computadoras de escritorio/None			Pv Hp EliteDesk 705 G3, AMD A10, monitor de 19", cajon de dinero + lector de codigo de barra, 4gb de
SIN SUB	p48354	Computadoras de escritorio/None			Xtreme pc core ultra 9 16gb ddr5 ssd 1tb monitor 27 wifi bk
SIN SUB	p48362	Computadoras de escritorio/None			CPUHp EliteDesk 705 g3, AMD A10, 4gb de memoria ram, 500gb de almacenamiento hdd, Equipo Reacondicio
SIN SUB	p48363	Computadoras de escritorio/None			Xtreme pc rtx 5060 ryzen 7 16gb ssd 1tb wifi sakura cherry
SIN SUB	p48364	Computadoras de escritorio/None			Xtreme pc rtx 5060 ryzen 7 16gb ssd 1tb wifi eva 00 edition
SIN SUB	p48365	Computadoras de escritorio/None			Xtreme pc gaming rtx 5060 ryzen 7 16gb ssd 1tb luffy edition
SIN SUB	p48367	Computadoras de escritorio/None			Xtreme pc gaming rtx 5060 ryzen 7 16gb ssd 1tb ghost edition
SIN SUB	p48368	Computadoras de escritorio/None			Xtreme pc rtx 5060 ryzen 7 16gb ssd 1tb wifi pikachu edition
SIN SUB	p48369	Computadoras de escritorio/None			Xtreme pc rtx 5060 ryzen 7 5700 16gb 1tb cyberpunk valerie
SIN SUB	p48372	Computadoras de escritorio/None			Xtreme pc rtx 5060 ryzen 7 16gb ssd 1tb cyberpunk vincent
SIN SUB	p48373	Computadoras de escritorio/None			Xtreme pc rtx 5060 ryzen 7 5700 16gb ssd 1tb halo edition
SIN SUB	p48374	Computadoras de escritorio/None			Xtreme pc rtx 5050 ryzen 7 16gb ssd 1tb wifi monitor 23.8 bk
SIN SUB	p48375	Computadoras de escritorio/None			Xtreme pc rtx 5060 ti ryzen 7 32gb ssd 1tb monitor 27
SIN SUB	p48378	Computadoras de escritorio/None			Xtreme pc gaming rtx 5060 ryzen 7 16gb ssd 1tb wifi
SIN SUB	p48379	Computadoras de escritorio/None			Xtreme pc rtx 5060 ryzen 7 16gb ssd 1tb wifi monitor 27 bk
SIN SUB	p48380	Computadoras de escritorio/None			Xtreme pc gaming rtx 5050 ryzen 7 16gb ssd 1tb wifi
SIN SUB	p48381	Computadoras de escritorio/None			Xtreme pc gaming rtx 5060 core i7 16gb ddr5 ssd 1tb wifi bk
SIN SUB	p48382	Computadoras de escritorio/None			Xtreme pc gaming rtx 5060 ryzen 7 16gb ssd 1tb mortal kombat
SIN SUB	p48383	Computadoras de escritorio/None			Xtreme pc rtx 5060 core i7 16gb ddr5 ssd 1tb monitor 27 bk
SIN SUB	p48384	Computadoras de escritorio/None			Xtreme pc rtx 5060 ryzen 5 16gb ssd 1tb monitor 23.8 black
SIN SUB	p48390	Computadoras de escritorio/None			Xtreme pc gaming core i5 16gb 500gb monitor 23.8 wifi black
SIN SUB	p48396	Computadoras de escritorio/None			Xtreme pc rtx 5060 core ultra 5 16gb ddr5 ssd 1tb wifi white
SIN SUB	p48397	Computadoras de escritorio/None			Xtreme pc rtx 5060 core i9 16gb ssd 1tb monitor 31.5 white
SIN SUB	p48398	Computadoras de escritorio/None			Xtreme pc gaming rtx 5060 core i9 16gb ddr5 ssd 1tb white
SIN SUB	p48399	Computadoras de escritorio/None			Xtreme pc rtx 5070 ryzen 9 16gb ddr5 1tb monitor 27 black
SIN SUB	p48400	Computadoras de escritorio/None			Xtreme pc rtx 5060 core i7 16gb ddr5 ssd 1tb monitor 27 wh
SIN SUB	p48401	Computadoras de escritorio/None			Xtreme pc rtx 5060 core ultra 7 16gb ddr5 ssd 1tb wifi white
SIN SUB	p48403	Computadoras de escritorio/None			Xtreme pc ai performance rtx 5060 ultra 5 16gb 1tb monitor27
SIN SUB	p48404	Computadoras de escritorio/None			Xtreme pc ia rtx 5060 ultra 5 16gb ddr5 1tb monitor 27 bk
SIN SUB	p48405	Computadoras de escritorio/None			Xtreme pc ia rtx 5060 ti core ultra 7 16gb 1tb monitor 27 bk
SIN SUB	p48406	Computadoras de escritorio/None			Xtreme pc rtx 5060 ryzen 7 16gb 1tb monitor 27 mario galaxy
SIN SUB	p48407	Computadoras de escritorio/None			Xtreme pc rtx 5060 ryzen 7 16gb ssd 1tb wifi mario galaxy
SIN SUB	p48408	Computadoras de escritorio/None			Xtreme pc gaming rtx 5060 ryzen 5 16gb ssd 1tb wifi
SIN SUB	p48412	Computadoras de escritorio/None			Xtreme pc world of warcraft rtx 5070 ultra 7 32gb ddr5 1tb
SIN SUB	p48417	Computadoras de escritorio/None			Xtreme pc gaming rtx 5060 ryzen 7 16gb ssd 1tb monitor 27
SIN SUB	p48420	Computadoras de escritorio/None			Xtreme pc rtx 5060 ti ryzen 7 16gb 1tb monitor 31.5 black
SIN SUB	p48422	Computadoras de escritorio/None			Xtreme pc rtx 5060 ryzen 7 16gb ssd 1tb monitor 27 wifi
SIN SUB	p48433	Computadoras de escritorio/None			Xtreme pc rtx 5060 ti ryzen 7 32gb ssd 1tb wifi black/white
SIN SUB	p48435	Computadoras de escritorio/None			Xtreme pc rtx 5060 ryzen 7 16gb ssd 1tb monitor 27
SIN SUB	p48437	Computadoras de escritorio/None			Xtreme pc rtx 5060 ryzen 7 16gb ssd 1tb monitor 27 wifi
SIN SUB	p48439	Computadoras de escritorio/None			Xtreme pc gaming rtx 5060 amd ryzen 7 16gb ssd 1tb wifi blue
SIN SUB	p48440	Computadoras de escritorio/None			Xtreme pc rtx 5060 ryzen 7 16gb ssd 1tb wifi black/white
SIN SUB	p48441	Computadoras de escritorio/None			Xtreme pc gaming geforce rtx 5060 ryzen 7 16gb ssd 1tb wifi
SIN SUB	p48442	Computadoras de escritorio/None			Xtreme pc rtx 5080 ultra 9 32gb ddr5 ssd 1tb monitor 32 wifi
SIN SUB	p48443	Computadoras de escritorio/None			Xtreme pc ia ready core ultra 5 16gb 500gb monitor 23.8 bk
SIN SUB	p48447	Computadoras de escritorio/None			Xtreme pc gaming rtx 5070 ti core i9 32gb ddr5 ssd 1tb
SIN SUB	p48464	Computadoras de escritorio/None			Xtreme pc radeon vega ryzen 7 16gb ssd 500gb monitor 24.5 bk
SIN SUB	p48466	Computadoras de escritorio/None			Xtreme pc gaming intel core i9 12900 16gb ssd 1tb wifi black
SIN SUB	p48467	Computadoras de escritorio/None			Xtreme pc gaming intel core i9 16gb ssd 1tb monitor 27
SIN SUB	p48468	Computadoras de escritorio/None			Xtreme pc alienware rtx 5060 ryzen 7 16gb ssd 1tb monitor 32
SIN SUB	p48469	Computadoras de escritorio/None			Xtreme pc alienware rtx 5060 ryzen 5 16gb ssd 1tb monitor 32
SIN SUB	p48472	Computadoras de escritorio/None			Xtreme pc gaming rtx 5060 ryzen 7 16gb ssd 1tb wifi eva 01
SIN SUB	p48473	Computadoras de escritorio/None			Xtreme pc gaming rtx 5060 ryzen 7 16gb ssd 1tb wifi eva 08
SIN SUB	p48474	Computadoras de escritorio/None			Xtreme pc rtx 5060 ryzen 7 16gb ssd 1tb wifi eva 00
SIN SUB	p48476	Computadoras de escritorio/None			Xtreme pc gaming rtx 5060 ryzen 7 16gb ssd 1tb wifi eva 05
SIN SUB	p48477	Computadoras de escritorio/None			Xtreme pc vega 3 athlon 16gb ssd 500gb monitor 23.8 wifi bk
SIN SUB	p48478	Computadoras de escritorio/None			Xtreme pc radeon vega 3 athlon 3000g 16gb ssd 500gb wifi bk
SIN SUB	p48479	Computadoras de escritorio/None			Xtreme pc gaming rtx 5070 ti ryzen 9 32gb ddr5 ssd 1tb white
SIN SUB	p48482	Computadoras de escritorio/None			Xtreme pc ia ready core ultra 7 16gb ddr5 ssd 1tb monitor 27
SIN SUB	p48483	Computadoras de escritorio/None			Xtreme pc radeon vega ryzen 5 16gb ssd 1tb monitor 27
SIN SUB	p48485	Computadoras de escritorio/None			Xtreme pc core i5 12400 16gb ssd 500gb monitor 23.8 black
SIN SUB	p48486	Computadoras de escritorio/None			Xtreme pc ia ready core ultra 7 16gb ddr5 ssd 1tb wifi black
SIN SUB	p48487	Computadoras de escritorio/None			Xtreme pc intel n100 16gb ssd 240gb monitor 23.8 wifi black
SIN SUB	p48488	Computadoras de escritorio/None			Xtreme pc intel n100 16gb ssd 240gb monitor 21.5 wifi black
SIN SUB	p48489	Computadoras de escritorio/None			Xtreme pc ia ready core ultra 5 225 16gb ddr5 ssd 1tb black
SIN SUB	p48492	Computadoras de escritorio/None			Xtreme pc vega 8 ryzen 3 16gb ssd 500gb monitor 27 black
SIN SUB	p48495	Computadoras de escritorio/None			Xtreme pc radeon vega 8 ryzen 3 16gb ssd 500gb wifi black
SIN SUB	p48496	Computadoras de escritorio/None			Xtreme pc radeon 780m ryzen 9 16gb ddr5 ssd 1tb monitor 27
SIN SUB	p48497	Computadoras de escritorio/None			Xtreme pc vega 11 ryzen 5 16gb ssd 500gb monitor 24.5 black
SIN SUB	p48502	Computadoras de escritorio/None			Xtreme pc gaming rx 9060 ryzen 7 16gb ssd 1tb wifi jinx
SIN SUB	p48503	Computadoras de escritorio/None			Xtreme pc rtx 5060 ryzen 7 32gb ssd 1tb monitor 32 wifi
SIN SUB	p48504	Computadoras de escritorio/None			Xtreme pc rtx 5060 ti ryzen 7 32gb ssd 1tb monitor 32 wifi
SIN SUB	p48505	Computadoras de escritorio/None			Xtreme pc alienware rtx 5060 ultra 5 16gb ssd 1tb monitor 32
SIN SUB	p48506	Computadoras de escritorio/None			Xtreme pc rtx 5070 ti ultra 9 32gb ddr5 ssd 1tb monitor 32
SIN SUB	p48507	Computadoras de escritorio/None			Xtreme pc ia rtx 5060 ti core ultra 7 16gb 1tb monitor 32
SIN SUB	p48511	Computadoras de escritorio/None			Xtreme pc ia ultra rtx 5080 core ultra 9 32gb ddr5 ssd 1tb
SIN SUB	p48512	Computadoras de escritorio/None			Xtreme pc rtx 5080 core ultra 9 32gb ddr5 ssd 1tb wifi white
SIN SUB	p48518	Computadoras de escritorio/None			Xtreme pc ia ultra rtx 5080 ultra 9 32gb 1tb monitor 31.5
SIN SUB	p48519	Computadoras de escritorio/None			Xtreme pc gaming radeon vega 11 ryzen 5 16gb ssd 1tb black
SIN SUB	p48520	Computadoras de escritorio/None			Xtreme pc vega 11 ryzen 5 16gb ssd 1tb monitor 23.8 wifi bk
SIN SUB	p48521	Computadoras de escritorio/None			Xtreme pc vega 11 ryzen 5 16gb ssd 1tb monitor 23.8 white
SIN SUB	p48522	Computadoras de escritorio/None			Xtreme pc gaming vega 11 ryzen 5 16gb ssd 1tb wifi white
SIN SUB	p48523	Computadoras de escritorio/None			Xtreme pc gaming vega 11 ryzen 5 16gb ssd 500gb wifi white
SIN SUB	p48524	Computadoras de escritorio/None			Xtreme pc gaming rx 7600 ryzen 7 16gb ssd 1tb wifi
SIN SUB	p48525	Computadoras de escritorio/None			Xtreme pc radeon vega ryzen 3 16gb 500gb monitor 23.8 black
SIN SUB	p48526	Computadoras de escritorio/None			Xtreme pc radeon vega ryzen 5 16gb 1tb monitor 23.8
SIN SUB	p48527	Computadoras de escritorio/None			Xtreme pc radeon vega ryzen 7 16gb ssd 1tb monitor 23.8 bk
SIN SUB	p48528	Computadoras de escritorio/None			Xtreme pc radeon vega ryzen 7 16gb ssd 1tb monitor 23.8 wh
SIN SUB	p48530	Computadoras de escritorio/None			Xtreme pc rx 9070 xt ryzen 9 16gb ddr5 1tb monitor 27 black
SIN SUB	p48531	Computadoras de escritorio/None			Xtreme pc radeon rx 9070 xt ryzen 9 16gb ddr5 ssd 1tb
SIN SUB	p48534	Computadoras de escritorio/None			Xtreme pc rtx 5050 core i5 16gb ssd 1tb monitor 23.8
SIN SUB	p48535	Computadoras de escritorio/None			Xtreme pc gaming rtx 5050 core i5 16gb ssd 1tb wifi bt white
SIN SUB	p48538	Computadoras de escritorio/None			Xtreme pc ia ultra rtx 5090 core ultra 9 32gb 1tb monitor 27
SIN SUB	p48540	Computadoras de escritorio/None			Xtreme pc rx 9060 xt ryzen 9 16gb ddr5 ssd 1tb monitor 27 bk
SIN SUB	p48543	Computadoras de escritorio/None			Xtreme pc radeon rx 9060 ryzen 7 16gb 1tb monitor 27 white
SIN SUB	p48544	Computadoras de escritorio/None			Xtreme pc gaming rx 9060 ryzen 7 16gb ssd 1tb wifi bt black
SIN SUB	p48546	Computadoras de escritorio/None			Dxt ia performance rtx 5060 ti ultra 5 16gb ddr5 1tb white
SIN SUB	p48547	Computadoras de escritorio/None			Xtreme pc gaming rtx 5060 ryzen 7 16gb ssd 1tb ender dragon
SIN SUB	p48548	Computadoras de escritorio/None			Xtreme pc rtx 5070 ti core i9 32gb ddr5 ssd 1tb loong:nia
SIN SUB	p48549	Computadoras de escritorio/None			Xtreme pc rtx 5070 ti ryzen 9 32gb ddr5 ssd 1tb loong:nia
SIN SUB	p48552	Computadoras de escritorio/None			Xtreme pc ia advanced rtx 5070 core ultra 7 16gb ddr5 1tb
SIN SUB	p48553	Computadoras de escritorio/None			Xtreme pc gaming rtx 5060 core i7 16gb ssd 1tb wifi
SIN SUB	p48554	Computadoras de escritorio/None			Xtreme pc rtx 5070 ti core ultra 7 32gb ddr5 ssd 1tb wifi
SIN SUB	p48558	Computadoras de escritorio/None			Xtreme pc gaming rtx 5050 ryzen 5 16gb ssd 1tb wifi
SIN SUB	p48559	Computadoras de escritorio/None			Xtreme pc rtx 5060 core i7 16gb ssd 1tb minecraft warden
SIN SUB	p48561	Computadoras de escritorio/None			Xtreme pc ia rtx 5060 ryzen 7 16gb ddr5 ssd 1tb wifi black
SIN SUB	p48565	Computadoras de escritorio/None			Xtreme pc gaming rtx 5060 core i5 16gb ssd 1tb wifi
SIN SUB	p48566	Computadoras de escritorio/None			Xtreme pc ia rtx 5080 core ultra 9 32gb ddr5 ssd 1tb black
SIN SUB	p48567	Computadoras de escritorio/None			Xtreme pc gaming radeon rx 7600 ryzen 5 16gb ssd 1tb
SIN SUB	p48568	Computadoras de escritorio/None			Xtreme pc rtx 5060 core i7 16gb ssd 1tb wifi sonic super
SIN SUB	p48570	Computadoras de escritorio/None			Xtreme pc gaming rtx 5060 core i7 12700f 16gb ssd 1tb tails
SIN SUB	p48571	Computadoras de escritorio/None			Xtreme pc rtx 5060 ryzen 7 16gb ssd 1tb counter strike white
SIN SUB	p48572	Computadoras de escritorio/None			Xtreme pc gaming rtx 5060 ryzen 7 16gb ssd 1tb neon green
SIN SUB	p48573	Computadoras de escritorio/None			Xtreme pc rx 7600 ryzen 7 16gb ssd 1tb mandalorian brown
SIN SUB	p48574	Computadoras de escritorio/None			Xtreme pc gaming radeon vega ryzen 7 16gb ssd 1tb wifi
SIN SUB	p48575	Computadoras de escritorio/None			Xtreme pc gaming intel core i9 16gb ssd 1tb wifi white
SIN SUB	p48576	Computadoras de escritorio/None			Xtreme pc rtx 5060 ryzen 7 16gb ssd 1tb wifi counter strike
SIN SUB	p48578	Computadoras de escritorio/None			Xtreme pc gaming rtx 5060 ryzen 5 16gb ssd 500gb wifi
SIN SUB	p48579	Computadoras de escritorio/None			Xtreme pc rtx 5060 ti core ultra 7 16gb ddr5 ssd 1tb white
SIN SUB	p48580	Computadoras de escritorio/None			Xtreme pc ia performance rtx 5060 ti ultra 7 16gb 1tb black
SIN SUB	p48581	Computadoras de escritorio/None			Xtreme pc rx 7600 ryzen 5 16gb ssd 1tb monitor 23.8
SIN SUB	p48583	Computadoras de escritorio/None			Xtreme pc rtx 5060 ryzen 7 32gb ssd 1tb monitor 27
SIN SUB	p48586	Computadoras de escritorio/None			Xtreme pc gaming rx 9060 xt ryzen 7 16gb ssd 1tb wifi
SIN SUB	p48587	Computadoras de escritorio/None			Xtreme pc gaming rx 9060 xt ryzen 9 16gb ddr5 ssd 1tb white
SIN SUB	p48588	Computadoras de escritorio/None			Xtreme pc radeon 780m ryzen 7 16gb ddr5 ssd 500gb wifi white
SIN SUB	p48589	Computadoras de escritorio/None			Xtreme pc gaming rtx 5080 ryzen 9 32gb ddr5 ssd 1tb black
SIN SUB	p48590	Computadoras de escritorio/None			Xtreme pc rtx 5080 core i9 32gb ddr5 ssd 1tb wifi spider-man
SIN SUB	p48591	Computadoras de escritorio/None			Xtreme pc gaming radeon vega 7 ryzen 5 16gb ssd 1tb black
SIN SUB	p48592	Computadoras de escritorio/None			Xtreme pc rtx 5060 ryzen 7 16gb 1tb monitor 27 sakura edit
SIN SUB	p48593	Computadoras de escritorio/None			Xtreme pc rtx 5060 ryzen 7 16gb ssd 1tb monitor 27 eva 02
SIN SUB	p48595	Computadoras de escritorio/None			Xtreme pc gaming rx 7600 ryzen 7 16gb ssd 1tb wifi warden
SIN SUB	p48596	Computadoras de escritorio/None			Xtreme pc rtx 5060 ryzen 7 16gb 1tb monitor 27 dark green
SIN SUB	p48597	Computadoras de escritorio/None			Xtreme pc gaming rx 9060 ryzen 7 16gb ssd 1tb venom-spider
SIN SUB	p48598	Computadoras de escritorio/None			Xtreme pc rx 7600 ryzen 7 16gb ssd 1tb mandalorian green
SIN SUB	p48599	Computadoras de escritorio/None			Xtreme pc gaming rx 9060 ryzen 7 16gb ssd 1tb boba comic
SIN SUB	p48600	Computadoras de escritorio/None			Xtreme pc rx 9060 ryzen 7 16gb ssd 1tb monitor 27 scarlet
SIN SUB	p48601	Computadoras de escritorio/None			Xtreme pc rtx 5060 ryzen 7 16gb 1tb monitor 27 pikachu edit
SIN SUB	p48602	Computadoras de escritorio/None			Xtreme pc rtx 5060 ryzen 7 16gb 1tb monitor 27 neon green
SIN SUB	p48603	Computadoras de escritorio/None			Xtreme pc gaming rtx 5060 amd ryzen 7 16gb 1tb monitor 27
SIN SUB	p48604	Computadoras de escritorio/None			Xtreme pc gaming rx 7600 ryzen 7 16gb ssd 1tb wifi starwars
SIN SUB	p48605	Computadoras de escritorio/None			Xtreme pc rtx 5050 ryzen 5 16gb ssd 500gb wifi stormtrooper
SIN SUB	p48606	Computadoras de escritorio/None			Xtreme pc gaming rtx 5050 ryzen 5 16gb ssd 500gb boba comic
SIN SUB	p48607	Computadoras de escritorio/None			Xtreme pc rtx 5050 ryzen 5 16gb ssd 500gb wifi grogu comic
SIN SUB	p48608	Computadoras de escritorio/None			Xtreme pc gaming rtx 5070 core ultra 7 16gb ddr5 ssd 1tb
SIN SUB	p48610	Computadoras de escritorio/None			Xtreme pc ia performance rtx 5060 ti ultra 7 16gb ddr5 1tb
SIN SUB	p48611	Computadoras de escritorio/None			Xtreme pc gaming rtx 5060 ti core i9 16gb ssd 1tb monitor 27
SIN SUB	p48612	Computadoras de escritorio/None			Xtreme pc rtx 5070 ti core i9 32gb ddr5 ssd 1tb wifi
SIN SUB	p48614	Computadoras de escritorio/None			Xtreme pc gaming rx 9060 ryzen 7 16gb ssd 1tb wifi black
SIN SUB	p48615	Computadoras de escritorio/None			Xtreme pc gaming rtx 5070 core i7 16gb ssd 1tb wifi black
SIN SUB	p48616	Computadoras de escritorio/None			Xtreme pc gaming rtx 5060 ti core i7 16gb ssd 1tb wifi black
SIN SUB	p48617	Computadoras de escritorio/None			Xtreme pc gaming rtx 5070 core i7 32gb ssd 1tb wifi
SIN SUB	p48618	Computadoras de escritorio/None			Xtreme pc gaming rtx 5060 core i7 16gb ddr5 ssd 1tb
SIN SUB	p48619	Computadoras de escritorio/None			Xtreme pc gaming rtx 5060 ti core i9 16gb ssd 1tb wifi white
SIN SUB	p48620	Computadoras de escritorio/None			Xtreme pc gaming rtx 5070 intel core i9 32gb ssd 1tb
SIN SUB	p48625	Computadoras de escritorio/None			Xtreme pc gaming geforce rtx 5060 ryzen 7 16gb ssd 1tb
SIN SUB	p48629	Computadoras de escritorio/None			Xtreme pc rtx 5060 ryzen 5 16gb 1tb monitor 24 wifi white
SIN SUB	p48632	Computadoras de escritorio/None			Xtreme pc rtx 5060 ryzen 7 16gb ssd 1tb sonic silver ring
SIN SUB	p48635	Computadoras de escritorio/None			Xtreme pc rtx 5060 ryzen 7 16gb ssd 1tb wifi sonic amy ring
SIN SUB	p48637	Computadoras de escritorio/None			Xtreme pc rtx 5060 ryzen 7 16gb ssd 1tb sonic super ring
SIN SUB	p48638	Computadoras de escritorio/None			Xtreme pc rtx 5060 ryzen 7 16gb ssd 1tb sonic tails ring
SIN SUB	p48639	Computadoras de escritorio/None			Xtreme pc gaming intel core i9 16gb ssd 500gb wifi
SIN SUB	p48641	Computadoras de escritorio/None			Xtreme pc gaming rtx 5060 intel core i5 16gb ssd 1tb black
SIN SUB	p48643	Computadoras de escritorio/None			Xtreme pc rtx 5070 amd ryzen 9 16gb ddr5 ssd 1tb wifi white
SIN SUB	p48644	Computadoras de escritorio/None			Xtreme pc intel core i7 16gb ssd 500gb monitor 27 wifi white
SIN SUB	p48645	Computadoras de escritorio/None			Xtreme pc geforce rtx 5060 ryzen 7 32gb ssd 1tb wifi
SIN SUB	p48646	Computadoras de escritorio/None			Xtreme pc gaming rtx 5060 ryzen 7 5700 16gb ssd 1tb dark green
SIN SUB	p48648	Computadoras de escritorio/None			Xtreme pc rx 7600 ryzen 7 5700 16gb ssd 1tb wifi mandalorian
SIN SUB	p48649	Computadoras de escritorio/None			Xtreme pc rx 7600 ryzen 7 5700 16gb ssd 1tb grogu comic
SIN SUB	p48653	Computadoras de escritorio/None			Xtreme pc gaming rtx 5070 ryzen 9 16gb ddr5 ssd 1tb black
SIN SUB	p48654	Computadoras de escritorio/None			Xtreme pc gaming geforce rtx 3050 amd ryzen 5 5500 16gb ssd 1tb wifi
SIN SUB	p48655	Computadoras de escritorio/None			Xtreme pc gaming rx 7600 ryzen 7 16gb ssd 1tb wifi venom
SIN SUB	p48658	Computadoras de escritorio/None			Xtreme pc gaming rx 9060 xt ryzen 7 5700 16gb ssd 1tb black
SIN SUB	p48659	Computadoras de escritorio/None			Xtreme pc gaming rtx 5070 ryzen 9 16gb ddr5 ssd 1tb wifi bk
SIN SUB	p48660	Computadoras de escritorio/None			Xtreme pc gaming rtx 5080 core i9 32gb ddr5 ssd 1tb wifi bk
SIN SUB	p48664	Computadoras de escritorio/None			Xtreme pc rtx 5060 ryzen 7 16gb ssd 1tb wifi sonic edition
SIN SUB	p48667	Computadoras de escritorio/None			Xtreme pc radeon vega  ryzen 7 16gb ssd 1tb wifi dark green
SIN SUB	p48668	Computadoras de escritorio/None			Xtreme pc amd radeon vega ryzen 7 5700g 16gb ssd 500gb
SIN SUB	p48669	Computadoras de escritorio/None			Xtreme pc rx 9060 ryzen 7 16gb ssd 1tb wifi scarlet dragon
SIN SUB	p48673	Computadoras de escritorio/None			Xtreme pc intel core i9 16gb ssd 500gb monitor 27 wifi black
SIN SUB	p48675	Computadoras de escritorio/None			Xtreme pc gaming rtx 5070 core i9 16gb ddr5 ssd 1tb
SIN SUB	p48679	Computadoras de escritorio/None			Xtreme pc gaming rtx 5060 ryzen 7 32gb ssd 1tb wifi
SIN SUB	p48683	Computadoras de escritorio/None			Xtreme pc gaming radeon rx 7600 ryzen 7 16gb 1tb monitor 27
SIN SUB	p48686	Computadoras de escritorio/None			Xtreme pc radeon vega ryzen 7 16gb ssd 1tb monitor 24.5 bk
SIN SUB	p48689	Computadoras de escritorio/None			Xtreme pc gaming rtx 5060 ti ryzen 7 16gb ddr5 ssd 1tb black
SIN SUB	p48693	Computadoras de escritorio/None			Xtreme pc gaming rtx 5060 ryzen 7 16gb ddr5 ssd 1tb wifi bk
SIN SUB	p48694	Computadoras de escritorio/None			Xtreme pc gaming rtx 5070 ryzen 7 16gb ddr5 ssd 1tb white
SIN SUB	p48696	Computadoras de escritorio/None			Xtreme pc rtx 5070 ryzen 7 9700x 16gb ddr5 ssd 1tb black
SIN SUB	p48698	Computadoras de escritorio/None			Xtreme pc rtx 5060 ryzen 7 16gb ssd 1tb monitor 23.8
SIN SUB	p48701	Computadoras de escritorio/None			Xtreme pc gaming rtx 5070 intel core i7 32gb ssd 1tb white
SIN SUB	p48702	Computadoras de escritorio/None			Xtreme pc ia performance rx 9060 xt ryzen 7 16gb ddr5 1tb wh
SIN SUB	p48703	Computadoras de escritorio/None			Xtreme pc radeon vega ryzen 5 16gb 500gb monitor 23.8 black
SIN SUB	p48704	Computadoras de escritorio/None			Xtreme pc radeon vega 7 ryzen 5 16gb ssd 500gb monitor white
SIN SUB	p48706	Computadoras de escritorio/None			Xtreme pc radeon 780m ryzen 9 16gb ssd 1tb monitor 27 white
SIN SUB	p48707	Computadoras de escritorio/None			Xtreme pc radeon ryzen 5 16gb ddr5 ssd 500gb monitor 23.8 wh
SIN SUB	p48708	Computadoras de escritorio/None			Xtreme pc radeon 780m ryzen 7 16gb ssd 500gb monitor 27 wh
SIN SUB	p48709	Computadoras de escritorio/None			Xtreme pc radeon 780m ryzen 7 16gb ddr5 500gb monitor 27 bk
SIN SUB	p48710	Computadoras de escritorio/None			Xtreme pc rx 7600 ryzen 7 16gb ssd 1tb monitor 27 wifi black
SIN SUB	p48711	Computadoras de escritorio/None			Xtreme pc radeon 780m ryzen 7 16gb ddr5 500gb monitor 27 pk
SIN SUB	p48712	Computadoras de escritorio/None			Xtreme pc rtx 3050 ryzen 5 16gb ssd 1tb monitor 23.8 wifi pk
SIN SUB	p48715	Computadoras de escritorio/None			Xtreme pc gaming rtx 5060 intel core i7 16gb ssd 1tb black
SIN SUB	p48717	Computadoras de escritorio/None			Xtreme pc gaming rtx 5060 core i7 16gb ssd 1tb lego emmet
SIN SUB	p48720	Computadoras de escritorio/None			Xtreme pc radeon vega ryzen 7 16gb ssd 1tb monitor 24.5 wh
SIN SUB	p48721	Computadoras de escritorio/None			Xtreme pc radeon vega 7 ryzen 5 16gb ssd 1tb monitor 23.8 bk
SIN SUB	p48726	Computadoras de escritorio/None			Xtreme pc radeon vega 7 ryzen 5 16gb ssd 1tb monitor 27 bk
SIN SUB	p48727	Computadoras de escritorio/None			Xtreme pc gaming rtx 5070 ryzen 7 16gb ddr5 ssd 1tb lucky
SIN SUB	p48728	Computadoras de escritorio/None			Xtreme pc core i9 16gb ssd 500gb monitor 27 75hz wifi black
SIN SUB	p48729	Computadoras de escritorio/None			Xtreme pc rtx 3050 ryzen 7 16gb ssd 1tb monitor 27 skribble
SIN SUB	p48730	Computadoras de escritorio/None			Xtreme pc rtx 3050 amd ryzen 7 16gb ssd 1tb monitor 27 grey
SIN SUB	p48735	Computadoras de escritorio/None			Xtreme pc radeon vega ryzen 5 16gb ssd 500gb monitor 23.8 bk
SIN SUB	p48738	Computadoras de escritorio/None			Xtreme pc amd radeon vega ryzen 5 16gb ssd 500gb monitor 27
SIN SUB	p48739	Computadoras de escritorio/None			Xtreme pc gaming amd radeon vega renoir ryzen 7 16gb ssd 1tb pink
SIN SUB	p48741	Computadoras de escritorio/None			Xtreme pc gaming amd radeon 8 ryzen 3 16gb ssd 500gb monitor 23.8
SIN SUB	p48742	Computadoras de escritorio/None			Xtreme pc radeon vega 3 athlon 3000g 16gb ssd 500gb white
SIN SUB	p48744	Computadoras de escritorio/None			Xtreme pc gaming msi radeon vega ryzen 7 16gb ssd 1tb black
SIN SUB	p48745	Computadoras de escritorio/None			Xtreme pc vega 3 athlon 16gb ssd 500gb monitor 21.5 wifi wh
SIN SUB	p48748	Computadoras de escritorio/None			Xtreme pc ia ready radeon 760m ryzen 5 16gb 500gb monitor 27
SIN SUB	p48751	Computadoras de escritorio/None			Xtreme pc gaming amd radeon vega 3 athlon 3000g 16gb ssd 500gb wifi
SIN SUB	p48754	Computadoras de escritorio/None			Xtreme pc vega 8 ryzen 7 16gb ssd 500gb monitor 27 white
SIN SUB	p48756	Computadoras de escritorio/None			Xtreme pc ia ready radeon 760m ryzen 5 16gb ddr5 500gb
SIN SUB	p48758	Computadoras de escritorio/None			Xtreme pc radeon 740m ryzen 5 8500g 16gb ddr5 500gb
SIN SUB	p48759	Computadoras de escritorio/None			Xtreme pc vega 8 ryzen 3 16gb ssd 500gb monitor 23.8 white
SIN SUB	p48760	Computadoras de escritorio/None			Xtreme pc radeon rx vega 7 ryzen 5 16gb ssd 500gb wifi black
SIN SUB	p48761	Computadoras de escritorio/None			Xtreme pc rx vega 7 ryzen 5 16gb ssd 500gb monitor 27 black
SIN SUB	p48763	Computadoras de escritorio/None			Xtreme pc vega 3 athlon 16gb ssd 500gb monitor 21.5 black
SIN SUB	p48764	Computadoras de escritorio/None			Xtreme pc radeon vega 8 ryzen 7 16gb ssd 500gb monitor 27 bk
SIN SUB	p48767	Computadoras de escritorio/None			Xtreme pc gaming core i5 16gb ssd 500gb monitor 23.8 wifi wh
SIN SUB	p48768	Computadoras de escritorio/None			Xtreme pc core i5 16gb ssd 500gb monitor 23.8 wifi black
SIN SUB	p48769	Computadoras de escritorio/None			Xtreme pc gaming amd radeon vega 7 ryzen 5 16gb ssd 500gb black
SIN SUB	p48772	Computadoras de escritorio/None			Xtreme pc gaming rtx 5090 ryzen 9 32gb ddr5 ssd 1tb wifi wh
SIN SUB	p48775	Computadoras de escritorio/None			Xtreme pc gaming radeon vega 7 ryzen 5 16gb ssd 1tb wifi pk
SIN SUB	p48781	Computadoras de escritorio/None			Lenovo m720s I5-8  8GB en RAM 240GB SSD REACONDICIONADO
SIN SUB	p48866	Computadoras de escritorio/None			Lenovo m910s i5-7  8GB en RAM  240GB SSD REACONDICIONADO
SIN SUB	p49285	Almacenamiento/None			Disquetes y cintas de 3.5 pulgadas, 1.44 MB, Sfr1m44-u100k, versión ac
SIN SUB	p49386	Almacenamiento/None			Memoria RAM G.SKILL RipJawSV Series DDR4 de 16 GB (2 x 8 GB) a 3200 MHz
SIN SUB	p49409	Almacenamiento/None			Memoria RAM Acer Predator Vesta II RGB DDR5 32GB 6000MHz CL36
SIN SUB	p49457	Almacenamiento/None			Discos para ordenador Verbatim DataLife Colors 3.5 144 MB paquete de 50
SIN SUB	p49459	Almacenamiento/None			Disquetes Maxell 556531 144 MB paquete de 30
SIN SUB	p49484	Almacenamiento/None			Memoria RAM de Gran velocidad MXOON-002 XonoDDR3 Memoria DDR3 de Gama Alta
SIN SUB	p49485	Almacenamiento/None			Memoria RAM de Rendimiento MXOON-001 XonoDDR3 Memoria DDR3 de Gama Alta
SIN SUB	p49486	Almacenamiento/None			Memoria DDR3 de Velocidad MXOXN-009 XonoDDR4 Memoria DDR3 de Gama Alta
SIN SUB	p49487	Almacenamiento/None			Memoria DDR3 de Rendimiento MXOXN-008 XonoDDR4 Memoria DDR3 de Gama Alta
SIN SUB	p49488	Almacenamiento/None			Memoria DDR3 para Programas MXOXN-006 XonoDDR4 Memoria DDR3 de Gama Alta
SIN SUB	p49489	Almacenamiento/None			Memoria RAM de Gama Alta MXOXN-004 XonoDDR4 Memoria DDR3 de Gama Alta
SIN SUB	p49492	Almacenamiento/None			Memoria RAM para Multimedia MXOXN-003 XonoDDR4 Memoria DDR3 de Gama Alta
SIN SUB	p49495	Almacenamiento/None			Memoria RAM de Ordenador MXOXN-005 XonoDDR4 Memoria DDR3 de Gama Alta
SIN SUB	p49498	Almacenamiento/None			Memoria RAM de Rendimiento MXOXN-002 XonoDDR4 Memoria DDR3 de Gama Alta
SIN SUB	p49500	Almacenamiento/None			Memoria DDR3 para Videojuegos MXOXN-010 XonoDDR4 Memoria DDR3 de Gama Alta
SIN SUB	p49505	Almacenamiento/None			Memoria RAM de Gran velocidad MXOXN-001 XonoDDR4 Memoria DDR3 de Gama Alta
SIN SUB	p51430	Audífonos/None			Honor X7d 8GB 256GB + Audifonos 119 De Regalo
SIN SUB	p51975	Audífonos/None			Samsung Galaxy S25 128GB/12RAM + Audífonos
SIN SUB	p52248	Audífonos/None			Oppo A58 256GB Movistar más Audífonos
SIN SUB	p61765	Muebles/Otros			Cubrecolchón Aller-Ease King impermeable de algodón orgánico
SIN SUB	p61779	Muebles/Otros			Air Mattress Intex 64149ED Dura-Beam soporte de almohada estándar
SIN SUB	p62744	Muebles/Otros			Maxeco Ind Azul
SIN SUB	p63236	Muebles/Otros			Cochón En Caja Dormimundo Toronto King Size
SIN SUB	p63237	Muebles/Otros			Cochón Dormimundo En Caja Toronto Queen Size
SIN SUB	p64466	Muebles/Otros			Base Individual Metálica Color Negro Estilo Minimalista
SIN SUB	p64467	Muebles/Otros			Base Matrimonial De Metal Color Negro Silenciosa y Elevada
SIN SUB	p64471	Muebles/Otros			Base Individual Armable Dormez Nordic Wood Soporte Firme
SIN SUB	p64681	Muebles/Otros			Base de Madera Memory Foam ( King Size)
SIN SUB	p64682	Muebles/Otros			Base de Madera Memory Foam (Queen Size)
SIN SUB	p64683	Muebles/Otros			Base de Madera Memory Foam (Individual)
SIN SUB	p65462	Muebles/Otros			Cabececera Matrimonial Dicasa Catania Plata + Box Rivo Plata RGH
SIN SUB	p65689	Muebles/Otros			olchón Restonic Ortopédico Individual Random Antiestres + Box Tapiz
SIN SUB	p66613	Muebles/Otros			Napnest Matimonial
SIN SUB	p67090	Muebles/Otros			Sala Esquinera Montreal 3 plazas Gris
SIN SUB	p67095	Muebles/Otros			Sala Alton 5 plazas Gris Claro
SIN SUB	p67096	Muebles/Otros			Sala Esquinera Boston 6 plazas Gris
SIN SUB	p67097	Muebles/Otros			Sala Esquinera Barcelona 3 plazas Gris
SIN SUB	p67098	Muebles/Otros			Sala Esquinera Texas 5 plazas Gris
SIN SUB	p67100	Muebles/Otros			Sala Esquinera Madrid 5 Plazas Gris
SIN SUB	p67103	Muebles/Otros			Sala Esquinera Mallorca 5 plazas Gris
SIN SUB	p67105	Muebles/Otros			Sala Esquinera Caprice Modular Izquierda o Derecha
SIN SUB	p67108	Muebles/Otros			Sala Esquinera Paris 5 plazas Azul
SIN SUB	p67111	Muebles/Otros			Sala Esquinera Alabama 5 Plazas Gris
SIN SUB	p67112	Muebles/Otros			Sala Esquinera San Diego 3 plazas Gris
SIN SUB	p67116	Muebles/Otros			Sala Esquinera Caprice Modular Izquierda o Derecha Café
SIN SUB	p67119	Muebles/Otros			Sala Modular Brooklyn 3 plazas Silver
SIN SUB	p67125	Muebles/Otros			Sala Modular Doble Chaise Makora Oxford Brandon Con Memory Foam Y Respaldo Ajustable
SIN SUB	p67128	Muebles/Otros			Sala Modular Katy, Atlas del Descanso, color Gris claro
SIN SUB	p67138	Muebles/Otros			Sala Modular  Modelo Catania 2 2 E - Chocolate
SIN SUB	p67139	Muebles/Otros			Sala 3 2 1 Valentina Gris Claro
SIN SUB	p67140	Muebles/Otros			Sala 3 2 1 Vanessa Coca
SIN SUB	p67142	Muebles/Otros			Sala Esquinera Genova 5 plazas Gris Grafito
SIN SUB	p67143	Muebles/Otros			Sala Esquinera Burdeos 3 Plazas Gris
SIN SUB	p67156	Muebles/Otros			Sala San Antonio 5 plazas Gris
SIN SUB	p67160	Muebles/Otros			Sala  Modelo Catania 3 2 1 - Chocolate
SIN SUB	p67162	Muebles/Otros			Sala 3 2 1 Munich Camello
SIN SUB	p67175	Muebles/Otros			Sala Esquinera Derecha Londres 3 Plazas Gris
SIN SUB	p67187	Muebles/Otros			Sala Esquinera Easy Living Tenerife Gris
SIN SUB	p67416	Muebles/Otros			Sala Modular Urbana Camello Kessa Muebles
SIN SUB	p67417	Muebles/Otros			Sala Modular Nadir Gris Oxford Kessa Muebles
SIN SUB	p67418	Muebles/Otros			Sala Modular Manta Perla Kessa Muebles
SIN SUB	p67419	Muebles/Otros			Sala Modular Nox Chocolate Kessa Muebles
SIN SUB	p67420	Muebles/Otros			Sala Modular Nox Capuchino Kessa Muebles
SIN SUB	p67421	Muebles/Otros			Sala Modular Urbana Evory Kessa Muebles
SIN SUB	p67422	Muebles/Otros			Sala Modular Soto Plata Kessa Muebles
SIN SUB	p67423	Muebles/Otros			Sala Modular Urbana Vison Kessa Muebles
SIN SUB	p67424	Muebles/Otros			Sala Modular Nadir Chocolate Kessa Muebles
SIN SUB	p67425	Muebles/Otros			Sala Modular Kobe Charcoal Kessa Muebles
SIN SUB	p67426	Muebles/Otros			Sala Modular Venezia Cafe Kessa Muebles
SIN SUB	p67427	Muebles/Otros			Sala Modular Soto Gris Oxford Kessa Muebles
SIN SUB	p67428	Muebles/Otros			Sala Modular Soto Perla Kessa Muebles
SIN SUB	p67429	Muebles/Otros			Sala Modular Soto Azul Marino Kessa Muebles
SIN SUB	p67430	Muebles/Otros			Sala Chaise Longue Kama Verde Olivo Kessa Muebles
SIN SUB	p67431	Muebles/Otros			Sala Modular Nox Gris Oxford Kessa Muebles
SIN SUB	p67432	Muebles/Otros			Sala Chaise Longue Kama 1 Verde Olivo Kessa Muebles
SIN SUB	p67433	Muebles/Otros			Sala Modular Manta Plata Kessa Muebles
SIN SUB	p67434	Muebles/Otros			Sala Modular Manta Azul Marino Kessa Muebles
SIN SUB	p67435	Muebles/Otros			Sala Modular Nadir Azul Marino Kessa Muebles
SIN SUB	p67436	Muebles/Otros			Sala Modular Urbana Lino Camello Kessa Muebles
SIN SUB	p67437	Muebles/Otros			Sala 3 2 1 Alba Perla Kessa Muebles
SIN SUB	p67438	Muebles/Otros			Sala 3 2 1 Drake Verde Grass Kessa Muebles
SIN SUB	p67439	Muebles/Otros			Sala 3 2 1 Bari Azul Marino Kessa Muebles
SIN SUB	p67440	Muebles/Otros			Sala 3 2 Drake Verde Esmeranlda Kessa Muebles
SIN SUB	p67441	Muebles/Otros			Sala 3 2 Drake 1 Gris Oxford Kessa Muebles
SIN SUB	p67442	Muebles/Otros			Sala 3 2 Drake Chocolate Kessa Muebles
SIN SUB	p67443	Muebles/Otros			Sala 3 1 Drake Vino Kessa Muebles
SIN SUB	p67444	Muebles/Otros			Sala 3 1 Drake Verde Grass Kessa Muebles
SIN SUB	p67445	Muebles/Otros			Sala 3 2 1 Drake Gris Oxford Kessa Muebles
SIN SUB	p67446	Muebles/Otros			Sala 3 2 1 Bari Gris Oxford Kessa Muebles
SIN SUB	p67447	Muebles/Otros			Sala 2 1 1 Drake Verde Grass Kessa Muebles
SIN SUB	p67448	Muebles/Otros			Sala 2 1 1 Drake Gris Oxford Kessa Muebles
SIN SUB	p67449	Muebles/Otros			Sala Modular Garbi Negro Kessa Muebles
SIN SUB	p67450	Muebles/Otros			Sala 3 2 1 Drake Plata Kessa Muebles
SIN SUB	p67451	Muebles/Otros			Sala 2 1 Drake 1 Gris Oxford Kessa Muebles
SIN SUB	p67452	Muebles/Otros			Sala 3 2 1 Teka Azul Marino Kessa Muebles
SIN SUB	p67453	Muebles/Otros			Sala 3 2 Drake Plata Kessa Muebles
SIN SUB	p67454	Muebles/Otros			Sala 2 1 1 Drake Azul Marino Kessa Muebles
SIN SUB	p67455	Muebles/Otros			Sala 3 1 Drake Chocolate Kessa Muebles
SIN SUB	p67456	Muebles/Otros			Sala 2 1 Drake Azul Marino Kessa Muebles
SIN SUB	p67457	Muebles/Otros			Sala 2 1 Drake Beige Kessa Muebles
SIN SUB	p67458	Muebles/Otros			Sala 2 1 Drake Vino Kessa Muebles
SIN SUB	p67459	Muebles/Otros			Sala 3 2 Drake Azul Marino Kessa Muebles
SIN SUB	p67460	Muebles/Otros			Sala 3 2 S Lira Gris Oxford Kessa Muebles
SIN SUB	p67461	Muebles/Otros			Sala 3 2 1 Siena Gris Oxford Kessa Muebles
SIN SUB	p67462	Muebles/Otros			Sala Modular Calgary Gris Oxford Kessa Muebles
SIN SUB	p67463	Muebles/Otros			Sala 2 1 1 Drake Chocolate Kessa Muebles
SIN SUB	p67464	Muebles/Otros			Sala 3 2 1 Teka Plata Kessa Muebles
SIN SUB	p67465	Muebles/Otros			Sala 3 1 Drake Plata Kessa Muebles
SIN SUB	p67466	Muebles/Otros			Sala 3 2 1 Siena Azul Marino Kessa Muebles
SIN SUB	p67467	Muebles/Otros			Sala 3 2 1 Studio Cocoa Kessa Muebles
SIN SUB	p67468	Muebles/Otros			Sala 3 1 Drake 1 Azul Marino Kessa Muebles
SIN SUB	p67469	Muebles/Otros			Sala 3 2 1 Riva Negro Kessa Muebles
SIN SUB	p67470	Muebles/Otros			Sala 3 2 1 Bari Negro Kessa Muebles
SIN SUB	p67471	Muebles/Otros			Sala 2 1 1 Drake Beige Kessa Muebles
SIN SUB	p67472	Muebles/Otros			Sala 3 2 1 Drake 1 Gris Oxford Kessa Muebles
SIN SUB	p67473	Muebles/Otros			Sala 3 2 Drake Verde Grass Kessa Muebles
SIN SUB	p67475	Muebles/Otros			Sala 3 2 1 Alba Plata Kessa Muebles
SIN SUB	p67476	Muebles/Otros			Sala Modular Carrara Beige Kessa Muebles
SIN SUB	p67477	Muebles/Otros			Sala 3 2 1 Riva Chocolate Kessa Muebles
SIN SUB	p67478	Muebles/Otros			Sala 2 1 1 Drake Verde Esmeranlda Kessa Muebles
SIN SUB	p67479	Muebles/Otros			Sala 3 2 1 Drake Chocolate Kessa Muebles
SIN SUB	p67480	Muebles/Otros			Sala 3 2 1 Drake Verde Esmeranlda Kessa Muebles
SIN SUB	p67481	Muebles/Otros			Sala 2 1 Drake Verde Grass Kessa Muebles
SIN SUB	p67482	Muebles/Otros			Sala 3 1 Drake Gris Oxford Kessa Muebles
SIN SUB	p67483	Muebles/Otros			Sala 3 1 Drake Azul Marino Kessa Muebles
SIN SUB	p67484	Muebles/Otros			Sala 3 2 1 Siena Chocolate Kessa Muebles
SIN SUB	p67485	Muebles/Otros			Sala 3 2 1 Drake Beige Kessa Muebles
SIN SUB	p67486	Muebles/Otros			Sala 3 1 Drake 1 Gris Oxford Kessa Muebles
SIN SUB	p67487	Muebles/Otros			Sala 3 2 Drake Beige Kessa Muebles
SIN SUB	p67488	Muebles/Otros			Sala 2 1 1 Drake Vino Kessa Muebles
SIN SUB	p67489	Muebles/Otros			Set de 2 Sillones y Love Seat exterior Savania Gris/Verde Kessa Muebles
SIN SUB	p67491	Muebles/Otros			Sala 2 1 Drake Verde Esmeranlda Kessa Muebles
SIN SUB	p67493	Muebles/Otros			Sala 2 1 1 Drake Plata Kessa Muebles
SIN SUB	p67494	Muebles/Otros			Sala 3 2 1 Drake 1 Azul Marino Kessa Muebles
SIN SUB	p67495	Muebles/Otros			Sala Modular Calgary Capuchino Kessa Muebles
SIN SUB	p67496	Muebles/Otros			Sala 2 1 1 Drake 1 Azul Marino Kessa Muebles
SIN SUB	p67497	Muebles/Otros			Sala 3 2 Drake 1 Azul Marino Kessa Muebles
SIN SUB	p67499	Muebles/Otros			Sala 3 2 1 Drake Azul Marino Kessa Muebles
SIN SUB	p67501	Muebles/Otros			Sala 3 1 Drake Beige Kessa Muebles
SIN SUB	p67502	Muebles/Otros			Sala 3 2 1 Studio Gris Oxford Kessa Muebles
SIN SUB	p67503	Muebles/Otros			Sala Modular Calgary Marfil Kessa Muebles
SIN SUB	p67504	Muebles/Otros			Sala 3 2 Drake Vino Kessa Muebles
SIN SUB	p67505	Muebles/Otros			Sala Modular Carrara Gris Kessa Muebles
SIN SUB	p67506	Muebles/Otros			Sala 3 2 1 Teka Perla Kessa Muebles
SIN SUB	p67507	Muebles/Otros			Sala 2 1 Drake Plata Kessa Muebles
SIN SUB	p67509	Muebles/Otros			Sala 2 1 Drake Chocolate Kessa Muebles
SIN SUB	p67510	Muebles/Otros			Sala 2 1 Drake 1 Azul Marino Kessa Muebles
SIN SUB	p67511	Muebles/Otros			Sala 3 2 1 Bari Chocolate Kessa Muebles
SIN SUB	p67512	Muebles/Otros			Sala 3 2 Drake Gris Oxford Kessa Muebles
SIN SUB	p67513	Muebles/Otros			Sala 3 2 1 Teka Gris Oxford Kessa Muebles
SIN SUB	p67514	Muebles/Otros			Sala 3 2 S Lira Chocolate Kessa Muebles
SIN SUB	p67515	Muebles/Otros			Sala 3 2 1 Alba Gris Oxford Kessa Muebles
SIN SUB	p67516	Muebles/Otros			Sala 3 2 1 Studio Capuchino Kessa Muebles
SIN SUB	p67518	Muebles/Otros			Sala 3 2 1 Siena Humo Kessa Muebles
SIN SUB	p67519	Muebles/Otros			Sala 3 1 Drake Verde Esmeranlda Kessa Muebles
SIN SUB	p67520	Muebles/Otros			Sala 3 2 1 Siena Olivo Kessa Muebles
SIN SUB	p67521	Muebles/Otros			Sala 2 1 Drake Gris Oxford Kessa Muebles
SIN SUB	p67522	Muebles/Otros			Sala 2 1 1 Drake 1 Gris Oxford Kessa Muebles
SIN SUB	p67523	Muebles/Otros			Sala 3 2 1 Drake Vino Kessa Muebles
SIN SUB	p67524	Muebles/Otros			Sala 3 2 1 Studio Emerald Kessa Muebles
SIN SUB	p67772	Muebles/Otros			Sala Esquinera Modular Reversible 4 Plazas con Cojines Tenerife LASE
SIN SUB	p67777	Muebles/Otros			Sala Esquinera 5 Plazas armada con cojines Leon LASE
SIN SUB	p67791	Muebles/Otros			Sala Esquinera Modular Reversible 4 Plazas con Cojines Tenerife LASE Chocolate
SIN SUB	p67801	Muebles/Otros			Sala Esquinera 5 Plazas armada con cojines Leon LASE Chocolate
SIN SUB	p67836	Muebles/Otros			3 Repisas Flotantes Melamina 30x15 Color Nogal
SIN SUB	p67847	Muebles/Otros			Set De Muebles La Gran Final, Sala En L Katy + Mueble De Tv
SIN SUB	p67857	Muebles/Otros			3 Repisas Flotantes, Minimalistas Color Blanco
SIN SUB	p67860	Muebles/Otros			3 Repisas Flotantes de Madera Minimalista Color Gris
SIN SUB	p67861	Muebles/Otros			3 Repisas Flotantes de Madera Color Negro
SIN SUB	p67862	Muebles/Otros			3 Repisas Flotantes de Madera Modernas Color Blanco
SIN SUB	p67896	Muebles/Otros			Sala Gris Oxford Easy Living 2,2 Kumo
SIN SUB	p67899	Muebles/Otros			Sala Chaise longue con love seat Euler Gris Oxford Kessa Muebles
SIN SUB	p67902	Muebles/Otros			Sala con 2 taburetes Nabu Gris Oxford Kessa Muebles
SIN SUB	p67903	Muebles/Otros			Sala con 2 taburetes Nabu Verde Olivo Kessa Muebles
SIN SUB	p67908	Muebles/Otros			Sala con 2 taburetes Nabu Terracota Kessa Muebles
SIN SUB	p67915	Muebles/Otros			Sala Chaise longue con love seat Euler Azul Marino Kessa Muebles
SIN SUB	p67916	Muebles/Otros			Sala Chaise longue con love seat Euler Gris Claro Kessa Muebles
SIN SUB	p67917	Muebles/Otros			Sala Chaise longue con love seat Euler Verde Olivo Kessa Muebles
SIN SUB	p67919	Muebles/Otros			Sala con 2 taburetes Nabu Gris Kessa Muebles
SIN SUB	p67920	Muebles/Otros			Sala con 2 taburetes Nabu Azul Marino Kessa Muebles
SIN SUB	p67921	Muebles/Otros			Sala Chaise longue con love seat Euler Marfil Kessa Muebles
SIN SUB	p67956	Muebles/Otros			Sillones de Sala Modernos con Resortes de soporte resistentes Brazos de Madera Oscura
SIN SUB	p67985	Muebles/Otros			Sala Esquina Easy Living Tulum Beige
SIN SUB	p68317	Muebles/Otros			Sala Chaise longue Kama Derecha Chocolate Kessa Muebles
SIN SUB	p68318	Muebles/Otros			Sala Chaise longue Kama Izquierda Chocolate Kessa Muebles
SIN SUB	p68320	Muebles/Otros			Sala Modular Garbi Cafe Kessa Muebles
SIN SUB	p68321	Muebles/Otros			Sala Modular para Exterior Teras Natural Kessa Muebles
SIN SUB	p68322	Muebles/Otros			Sala Chaise Lounge Selene Rosa Kessa Muebles
SIN SUB	p68323	Muebles/Otros			Sala Chaise Lounge Selene Azul Kessa Muebles
SIN SUB	p68324	Muebles/Otros			Sala Chaise Lounge Juvela Cafe Kessa Muebles
SIN SUB	p68325	Muebles/Otros			Sala Chaise Lounge Izquierdo Roselia Beige Kessa Muebles
SIN SUB	p68326	Muebles/Otros			Sala Chaise Lounge Izquierdo Roselia Azul Kessa Muebles
SIN SUB	p68327	Muebles/Otros			Sala Chaise Lounge Derecha Runa Azul Kessa Muebles
SIN SUB	p68328	Muebles/Otros			Sala Chaise Lounge Derecha Runa Beige Kessa Muebles
SIN SUB	p68338	Muebles/Otros			Sala Modular Doble Chaise Makora Boyd Con Memory Foam Y Respaldo Ajustable Lino
SIN SUB	p68339	Muebles/Otros			Sala Modular Doble Chaise Makora Boyd Con Memory Foam Y Respaldo Ajustable Lino Arena
SIN SUB	p68340	Muebles/Otros			Sala Modular Doble Chaise Makora Boyd Con Memory Foam Y Respaldo Ajustable Lino Cafe
SIN SUB	p68341	Muebles/Otros			Sala Modular Doble Chaise Makora Boyd Con Memory Foam Y Respaldo Ajustable Lino Oxford
SIN SUB	p68353	Muebles/Otros			Sala Esquinera Con Memory Foam Makora Astori Rojo Lino
SIN SUB	p68354	Muebles/Otros			Sala Esquinera Con Memory Foam Makora Astori Mostaza Lino
SIN SUB	p68355	Muebles/Otros			Sala Esquinera Con Memory Foam Makora Astori Rosa Lino
SIN SUB	p68356	Muebles/Otros			Sala Esquinera Con Memory Foam Makora Astori Azul Lino
SIN SUB	p68357	Muebles/Otros			Sala Esquinera Astori Con Memory Foam Makora Oxford Lino
SIN SUB	p68358	Muebles/Otros			Sala Esquinera Astori Gris Claro Con Memory Foam Makora  Lino
SIN SUB	p68359	Muebles/Otros			Sala Esquinera Astori Cafe Con Memory Foam Makora  Lino
SIN SUB	p68360	Muebles/Otros			Sala Modular Doble Chaise Makora Negro Brandon Con Memory Foam Y Respaldo Ajustable
SIN SUB	p68361	Muebles/Otros			Sala Modular Doble Chaise Makora Arena Brandon Con Memory Foam Y Respaldo Ajustable
SIN SUB	p68362	Muebles/Otros			Sala Modular Doble Chaise Makora Cafe Brandon Con Memory Foam Y Respaldo Ajustable
SIN SUB	p68363	Muebles/Otros			Sala Modular Doble Chaise Makora Azul Brandon Con Memory Foam Y Respaldo Ajustable
SIN SUB	p68365	Muebles/Otros			Sala Modular Doble Chaise Makora Gris Claro Brandon Con Memory Foam Y Respaldo Ajustable
SIN SUB	p68401	Muebles/Otros			Tocador con Espejo Moderno Bossa Camarín California Blanco
SIN SUB	p68436	Muebles/Otros			Carrito Organizador 4 Niveles Multiusos Estantes Con Cajón, Color Blanco
SIN SUB	p68437	Muebles/Otros			Carrito Auxiliar Estética Multiuso 4 Estantes Con Pasamanoz, Color Rosa
SIN SUB	p68440	Muebles/Otros			Mueble auxiliar de cocina con ruedas, 3 cajones de tela, repisas abiertas, estructura metálica y cub
SIN SUB	p68441	Muebles/Otros			Mueble de cocina con ruedas y repisas, estructura metálica y acabado madera, ideal para microondas, 
SIN SUB	p68452	Muebles/Otros			Mueble de baño blanco con repisas abiertas y puerta, diseño alto y compacto con acabado madera, idea
SIN SUB	p68874	Muebles/Otros			Juego de sala de juegos infantil de 3 piezas de Delta Children Marvel
SIN SUB	p68889	Muebles/Otros			Juego de sala de juegos infantil de 4 piezas Delta Children, rosa/blan
SIN SUB	p68890	Muebles/Otros			Juego de sala de juegos infantil de 3 piezas Disney Minnie Mouse de De
SIN SUB	p68910	Muebles/Otros			Juego de sala de juegos infantil Bluey de 3 piezas de Delta Children:
SIN SUB	p68958	Muebles/Otros			Juego de sala de juegos infantil de 3 piezas de Delta Children PAW Pat
SIN SUB	p69193	Muebles/Otros			Ilios Innova | Mueble Organizador Multiusos Blanco Moderno con Puertas Push to Open, Diseño Futurist
SIN SUB	p69555	Muebles/Otros			Escritorios Oficina Harper 246T H0174
SIN SUB	p70019	Muebles/Otros			Mueble cocina blanco con enchufe, repisas abiertas, gabinete con puerta y cubierta madera para organ
SIN SUB	p70024	Muebles/Otros			Ilios Innova | Barra de Cocina Multifuncional con Soporte para Copas, Diseño Industrial con Estructu
SIN SUB	p70781	Muebles/Otros			Furnirturer Estantes y Buffeteras Freesia
SIN SUB	p70782	Muebles/Otros			Furnirturer Estantes y Buffeteras Ranger
SIN SUB	p70784	Muebles/Otros			Furnirturer Estantes y Buffeteras Keyon
SIN SUB	p71029	Muebles/Otros			Set de 2 Bancos para Barra Beige con Asiento Acolchonado
SIN SUB	p80643	Joyería y bisutería/Otros			Caja de Joyería Musical Mini Treasures Harry Potter
SIN SUB	p80676	Joyería y bisutería/Otros			Pendientes Velelia Moissanite 02‑30 ct Plata 925
SIN SUB	p80677	Joyería y bisutería/Otros			Colgante PANDORA Corazones entrelazados de plata de ley con circonio
SIN SUB	p80688	Joyería y bisutería/Otros			Kit de Limpieza CONNOISSEURS Diamond Dazzle Stik y Paños
SIN SUB	p80705	Joyería y bisutería/Otros			Colgante Coach de 26 cm de cuero y metal con cereza llave y dado
SIN SUB	p80707	Joyería y bisutería/Otros			Pendientes de botón Coach Pearl C con perla blanca talla única
SIN SUB	p80708	Joyería y bisutería/Otros			Llavero con encanto Coach Multi Cristal Esmalte
SIN SUB	p80736	Joyería y bisutería/Otros			Medallones Wendells – Set de 20 Piezas de Bronce para AA
SIN SUB	p80761	Joyería y bisutería/Otros			Moneda de Recuperación Simply Minimal 26 Años con Purpurina
SIN SUB	p80764	Joyería y bisutería/Otros			Medallón de Recuperación Simply Minimal 6 Años con Purpurina
SIN SUB	p80808	Joyería y bisutería/Otros			Cordón de cuentas The Beadsmith 70 m TEX210 05 mm Tropical
SIN SUB	p80814	Joyería y bisutería/Otros			Llavero Roman Armadura de Dios 9 cm
SIN SUB	p80815	Joyería y bisutería/Otros			Alianza de Boda LAVALE Moissanita con Vermeil de Oro 18K
SIN SUB	p80849	Joyería y bisutería/Otros			Etiqueta SilenTags Transparente con Brillo Dorado
SIN SUB	p80855	Joyería y bisutería/Otros			Kit de joyería Imaginovelty 1920 piezas con cuentas de amazonita
SIN SUB	p80858	Joyería y bisutería/Otros			Caja de joyería portátil Homde de terciopelo 16 × 13 × 8 cm
SIN SUB	p80859	Joyería y bisutería/Otros			Kit de Perforación de Orejas Fanmayhe 43 Piezas Desechables Plateado
SIN SUB	p80862	Joyería y bisutería/Otros			Llavero Pokémon Mew de 16 cm con Peluche y Cierre de Poké Ball
SIN SUB	p80872	Joyería y bisutería/Otros			Moneda de Cristal Plateada con Brillo Simply Minimal 34 mm
SIN SUB	p80882	Joyería y bisutería/Otros			Cuentas rosquilla Justinstones 30 mm mixtas (paquete de 12/24)
SIN SUB	p80884	Joyería y bisutería/Otros			Paño de Cuidado de Joyas Blitz 2 Capas - 1 Unidad
SIN SUB	p80887	Joyería y bisutería/Otros			Rosario HanlinCC 52 cm con Cuentas de Hematita y Caja de Regalo
SIN SUB	p80888	Joyería y bisutería/Otros			Llavero Sovelirix Alerta Médica Alergia al Huevo - Pack de 5
SIN SUB	p80891	Joyería y bisutería/Otros			Pin de Insignia Depot para Sargento Mayor - Metal Brillante
SIN SUB	p80892	Joyería y bisutería/Otros			Llavero Sovelirix Alerta Médica Alergia a la Leche – Set de 5 piezas
SIN SUB	p80895	Joyería y bisutería/Otros			Llavero Sovelirix Alerta de Diabetes – Conjunto de 6 piezas Tipo 1
SIN SUB	p80897	Joyería y bisutería/Otros			Medallón de Recuperación Simply Minimal 13 Años con Brillo
SIN SUB	p80898	Joyería y bisutería/Otros			Medallón de Recuperación Simply Minimal 10 Años con Purpurina
SIN SUB	p80899	Joyería y bisutería/Otros			Moneda de Recuperación Simply Minimal 2 Años con Purpurina
SIN SUB	p80900	Joyería y bisutería/Otros			Medallones Wendells 34 mm Bronce con Camello – Pack de 25
SIN SUB	p80927	Joyería y bisutería/Otros			Set de regalo Rieltec de manta de sirena para niñas de 5‑12 años con brillo nocturno
SIN SUB	p80935	Joyería y bisutería/Otros			Llavero de peluche Pokémon Totodile 17 cm
SIN SUB	p80941	Joyería y bisutería/Otros			Conjunto de Zapatos de Princesa Mastom para Niñas
SIN SUB	p80945	Joyería y bisutería/Otros			Accesorios para Sandalias Jibbitz Crocs Unisex 100 Piezas, Multicolor
SIN SUB	p81053	Joyería y bisutería/Otros			Arrancadas Mujer Elegante Plata 925 Rosa
SIN SUB	p81088	Joyería y bisutería/Otros			Colgante de fútbol FRESHeTECH para bolsa Bogg
SIN SUB	p81103	Joyería y bisutería/Otros			Solitario De Oro Rosa 14K Con 15Pts De Diamante
SIN SUB	p81125	Joyería y bisutería/Otros			Etiqueta PATYZON 10 cm × 13 cm Regalo de Vino para Jubilación – Pack de 2
SIN SUB	p81126	Joyería y bisutería/Otros			Neutralizador de ácido ToolTreaux - Set de 3 piezas (2 botellas de 05 oz y piedra de prueba)
SIN SUB	p81134	Joyería y bisutería/Otros			Cepillo de Joyas Shinery de Cerdas Suaves y Precisión
SIN SUB	p81137	Joyería y bisutería/Otros			Alhajeros Organizadores Para Joyería Color Rosa
SIN SUB	p81142	Joyería y bisutería/Otros			Aro Gacimy chapado en oro de 14K – 20 mm
SIN SUB	p81145	Joyería y bisutería/Otros			Pendientes de aro pequeños de acero quirúrgico Yesteel
SIN SUB	p81146	Joyería y bisutería/Otros			Extensor de joyería VANBARIS 5 10 y 15 cm – Set de 3 piezas
SIN SUB	p81153	Joyería y bisutería/Otros			Caja abatible de madera para joyería Muchly 96 × 32 × 37 cm
SIN SUB	p81159	Joyería y bisutería/Otros			Porta-púas de Cuero Rústico CestAntiQ
SIN SUB	p81160	Joyería y bisutería/Otros			Libro Dutton Decadence (Serie Nia Simone Bijou)
SIN SUB	p81161	Joyería y bisutería/Otros			Aros GUESS 432020-21 Dorado Rosa Grandes
SIN SUB	p81164	Joyería y bisutería/Otros			Cordón para Cuello POCKT Otoño
SIN SUB	p81165	Joyería y bisutería/Otros			Correa para el cuello a cuadros POCKT 445 cm x 2 cm
SIN SUB	p81166	Joyería y bisutería/Otros			Pin Armear Alas de la Libertad Cuerpo de Reconocimiento Metálico 3.6 cm
SIN SUB	p81168	Joyería y bisutería/Otros			Aro Ana Luisa Doble 14K Baño de Oro
SIN SUB	p81169	Joyería y bisutería/Otros			Kit de Anillas Abiertas para Manualidades Handyman Crafts 1000 piezas Dorado
SIN SUB	p81174	Joyería y bisutería/Otros			Aros Barzel con Perla de 6 mm en Jaula Bañados en Oro 18K Brasil
SIN SUB	p81198	Joyería y bisutería/Otros			Aros GUESS de Alambre Multitextura en Tono Plateado
SIN SUB	p81199	Joyería y bisutería/Otros			Kit de Estiramiento para Piercing de Oreja VCMART 14G-00G
SIN SUB	p81203	Joyería y bisutería/Otros			Set de Gemelos HAWSON 6 Piezas Negro y Plata con Caja de Regalo
SIN SUB	p81211	Joyería y bisutería/Otros			Aros Velelia de Plata 925 con Corte Redondo Moissanita
SIN SUB	p81233	Joyería y bisutería/Otros			Cordón POCKT Rojo Menta Azul Floral 44.5 cm
SIN SUB	p81234	Joyería y bisutería/Otros			Rosario de Intercesión San Benito en Madera Maciza Azul
SIN SUB	p81313	Joyería y bisutería/Otros			Juego Set Nudo de Bruja Chapa de Oro 18k EH124
SIN SUB	p81317	Joyería y bisutería/Otros			Caja para Colgante De Madera Nogal, Con Espejo Color Café
SIN SUB	p81339	Joyería y bisutería/Otros			Violadores Oro Amarillo 14K
SIN SUB	p81348	Joyería y bisutería/Otros			Conjunto de joyería Butterfly Love Pearl
SIN SUB	p81372	Joyería y bisutería/Otros			Set de 4 pares de aros WETEL plateados y bañados en oro
SIN SUB	p81443	Joyería y bisutería/Otros			Protector Jewelry Shield EUROTOOL botella de 15 ml
SIN SUB	p81447	Joyería y bisutería/Otros			Pulso torzal 2 mm 16 cm oro sólido 10k
SIN SUB	p81453	Joyería y bisutería/Otros			Pulso tejido rolos oro sólido 14k
SIN SUB	p81498	Joyería y bisutería/Otros			Misterio Vírgen de Guadalupe 21cm cobertura Plateada Chapa de Oro 18K Horoz EH618
SIN SUB	p81501	Joyería y bisutería/Otros			Misterio San Judas Tadeo 18cm Chapa de Oro florentino de 18K Horoz EH616
SIN SUB	p81502	Joyería y bisutería/Otros			Misterio Vírgen de Juquila 18cm Chapa de Oro florentino de 18K Horoz EH617
SIN SUB	p81506	Joyería y bisutería/Otros			Tobillera cruces colgantes ajustable 21+5cm Chapa de Oro 18K Horoz EH613
SIN SUB	p81518	Joyería y bisutería/Otros			Correa ajustable para anteojos deportivos Boelley cordón de 75 cm 6 piezas
SIN SUB	p81532	Joyería y bisutería/Otros			Juego Joyería de 3 piezas para Mujer Color Plata
SIN SUB	p81649	Joyería y bisutería/Otros			Pastillero Semanal Nicole Lee Con Cierre Emotion SS26
SIN SUB	p81652	Joyería y bisutería/Otros			Pastillero Semanal Nicole Lee Con Broche Emotion SS26
SIN SUB	p81653	Joyería y bisutería/Otros			Pastillero Semanal Nicole Lee Con Broche Sabina Imagine SS26
SIN SUB	p81654	Joyería y bisutería/Otros			5pzs Joyería Cristal para Mujer Color Plateado
SIN SUB	p81701	Joyería y bisutería/Otros			Pulso barbado 2 mm oro sólido 10k
SIN SUB	p81712	Joyería y bisutería/Otros			Solitario de Oro Amarillo 14K con 15PTS de Diamante
SIN SUB	p81713	Joyería y bisutería/Otros			Solitario de Oro Blanco 14K con 15PTS de Diamante
SIN SUB	p81754	Joyería y bisutería/Otros			Pendientes ALEXCRAFT con forma de lágrima en oro de 14 quilates para mujer
SIN SUB	p81816	Joyería y bisutería/Otros			Medallón Ring Alex and Ani Polly Pocket™ rosa en forma de estrella
SIN SUB	p81856	Joyería y bisutería/Otros			Joya de ramo con acabado esmaltado MXXWT-005 Bouquet01 Colgante floral con zirconias rosas
SIN SUB	p81859	Joyería y bisutería/Otros			Joya floral multicolor con brillo MXXWT-002 Bouquet01 Colgante floral con zirconias rosas
SIN SUB	p81860	Joyería y bisutería/Otros			Colgante romántico con diseño flora MXXWT-004 Bouquet01 Colgante floral con zirconias rosas
SIN SUB	p81868	Joyería y bisutería/Otros			Pendientes DELECOE de plata de ley 925 chapados en oro de 18 quilates
SIN SUB	p81871	Joyería y bisutería/Otros			Kit de gemas para dientes Loeland DIY Crystals Jewelry Set
SIN SUB	p81893	Joyería y bisutería/Otros			Correa de muñeca Anne Klein para Apple iPhone de mujer tono dorado
SIN SUB	p81912	Joyería y bisutería/Otros			Alfileres para solapa con luz corporal parpadeante Dice Blinkee
SIN SUB	p81914	Joyería y bisutería/Otros			Trébol sin iluminación Beads Blinkee paquete de 12
SIN SUB	p81915	Joyería y bisutería/Otros			Ring Dicksons con forma de caja vertical pulida con forma de cruz chapada en plata
SIN SUB	p81918	Joyería y bisutería/Otros			Llavero Creative Gifts International ovalado transparente
SIN SUB	p81919	Joyería y bisutería/Otros			Llavero Creative Gifts International de piel sintética gris
SIN SUB	p81920	Joyería y bisutería/Otros			Caja rectangular de vidrio con bisagras Creative Gifts International
SIN SUB	p81959	Joyería y bisutería/Otros			Pulso Flores Trébol 10K Oro Italiano Abba Joyas
SIN SUB	p81960	Joyería y bisutería/Otros			Pulso Infinito 1mm 19cm 10K Oro Florentino Abba Joyas
SIN SUB	p81961	Joyería y bisutería/Otros			Pulso Estrella 1mm 19cm 10K Oro Italiano Abba Joyas
SIN SUB	p81962	Joyería y bisutería/Otros			Pulso Corazones 1mm 19cm 10K Oro Italiano Abba Joyas
SIN SUB	p81964	Joyería y bisutería/Otros			Paquete de soluciones limpiadoras para joyas Connoisseurs Premium Ed.
SIN SUB	p81965	Joyería y bisutería/Otros			Kit de herramientas de medición Ring Sizer RYOEIKT de acero inoxidable mejorado
SIN SUB	p81966	Joyería y bisutería/Otros			Paño de pulir CONNOISSEURS Premium Edition extra grande
SIN SUB	p81968	Joyería y bisutería/Otros			Cubiertas para pezones CAKES Body Grippy Circle Silicone Honey
SIN SUB	p81971	Joyería y bisutería/Otros			Hug Rings de plata de ley Yesteel para adolescentes niñas y niños
SIN SUB	p81999	Joyería y bisutería/Otros			Pendientes Anne Klein con forma de aro en forma de hoja dorada para mujer
SIN SUB	p82000	Joyería y bisutería/Otros			Llavero Disney Kingdom Hearts Sora Soft Touch PVC Marrón
SIN SUB	p82007	Joyería y bisutería/Otros			Kit de cierres para llaves Roctee color negro metalizado 50 unidades con clip para llavero
SIN SUB	p82009	Joyería y bisutería/Otros			Pendientes Swarovski Matrix Hoop de corte redondo en rodio transparente
SIN SUB	p82012	Joyería y bisutería/Otros			Pendientes Swarovski Lunar Drop Crystal Blush en tono oro rosa
SIN SUB	p82014	Joyería y bisutería/Otros			Pinzas para llavero Roctee con cierre de mosquetón 50 unidades plateadas
SIN SUB	p82027	Joyería y bisutería/Otros			Churumbela Zaria 14K Oro Abba Joyas
SIN SUB	p82028	Joyería y bisutería/Otros			Churumbela Zaria 10K Oro Abba Joyas
SIN SUB	p82029	Joyería y bisutería/Otros			Correctores reutilizables que no se muestran: secretos de la moda de Hollywood
SIN SUB	p82051	Joyería y bisutería/Otros			Churumbela Zoe Eternity 14K Oro Abba Joyas
SIN SUB	p82056	Joyería y bisutería/Otros			Churumbela Zoe Eternity 10K Oro Abba joyas
SIN SUB	p82077	Joyería y bisutería/Otros			Set de 50 Llavero Roctee Dorados 49 cm Kit DIY
SIN SUB	p82078	Joyería y bisutería/Otros			Tinte para cuero Angelus Flexible para zapatos botas y bolsos 90 ml naranja
SIN SUB	p82079	Joyería y bisutería/Otros			Llavero Apple AirTag FineWoven Negro
SIN SUB	p82080	Joyería y bisutería/Otros			Llavero de peluche Fuggler Bob Esponja de 13 cm con forma de animal de peluche Gary
SIN SUB	p82081	Joyería y bisutería/Otros			Tinte Flexible para Cuero Angelus Amarillo 90 ml con Aplicador
SIN SUB	p82089	Joyería y bisutería/Otros			Pendientes STAR WARS Set de 3 Pares con Sables de Luz Colgantes
SIN SUB	p82122	Joyería y bisutería/Otros			Pendientes de aro con diseño de Mickey Mouse de Disney en plata y oro amarillo para mujer
SIN SUB	p82123	Joyería y bisutería/Otros			Pendientes AROIC Coloridos 93 pares con borla para mujer
SIN SUB	p82124	Joyería y bisutería/Otros			Ganchos giratorios con llaveros 100 unidades Segain Premium
SIN SUB	p82258	Joyería y bisutería/Otros			Colgante con forma de torre Eiffel de París con colgante PANDORA plata de ley
SIN SUB	p82259	Joyería y bisutería/Otros			Colgante PANDORA Love You Mom con forma de corazón infinito plata de ley
SIN SUB	p82260	Joyería y bisutería/Otros			Llavero de peltre Star Wars X-Wing
SIN SUB	p82261	Joyería y bisutería/Otros			Pendientes GUESS con forma de aro con piedras de cristal pavé plateado
SIN SUB	p82278	Joyería y bisutería/Otros			Bandeja Organizadora de Piel Sintética con Diseño de Gato - Decoración para Mesa de Centro o Entrada
SIN SUB	p82293	Joyería y bisutería/Otros			Solitario de Oro Amarillo 14K de Corazón con Zirconias
SIN SUB	p82300	Joyería y bisutería/Otros			Joya de plata corazón termocrómico MXXVY-005 Heart15 Corazón en plata fina
SIN SUB	p82306	Joyería y bisutería/Otros			Joya plata fotoluminiscente MXXKR-002 Clear02 Joya plata s925 elegante
SIN SUB	p82385	Joyería y bisutería/Otros			Rosa Joya Termocrómica S925 MXXTQ-004 Rose01 Rosa Termocrómica Plata S925
SIN SUB	p82391	Joyería y bisutería/Otros			Joya rosa Termocrómico S925 MXXTQ-002 Rose01 Rosa Termocrómica Plata S925
SIN SUB	p85793	Iluminación/None			Bobina de Encendido Morimoto AMP XB
SIN SUB	p85801	Iluminación/None			Pantalla Ginna Springcrest 15 × 30 × 23 cm Araña Blanca
SIN SUB	p85815	Iluminación/None			Tubo de Espectro EISCO Xenón (Xe) 26 cm
SIN SUB	p85817	Iluminación/None			Balasto MAD OWL 7R 230W MSD Platino 7R
SIN SUB	p85820	Iluminación/None			Tubo de Espectro EISCO Hidrógeno (H) 26 cm
SIN SUB	p85822	Iluminación/None			Tubo de Espectro EISCO Argón (Ar) 26 cm
SIN SUB	p85824	Iluminación/None			Flotadores iluminados Thill 13 cm color amarillo
SIN SUB	p85856	Iluminación/None			Anuncio luminoso leds tipo neon tacos
SIN SUB	p85875	Iluminación/None			Anuncio luminoso vintage leds ice cream
SIN SUB	p85877	Iluminación/None			Anuncio luminoso vintage leds abierto
SIN SUB	p85878	Iluminación/None			Anuncio luminoso leds tipo neon hamburguesas
SIN SUB	p85882	Iluminación/None			Anuncio luminoso vintage leds pan
SIN SUB	p85885	Iluminación/None			Anuncio luminoso leds tipo neon bar
SIN SUB	p85887	Iluminación/None			Anuncio luminoso vintage leds open
SIN SUB	p85891	Iluminación/None			Anuncio luminoso vintage leds cafe
SIN SUB	p85894	Iluminación/None			Anuncio luminoso leds tipo neon open
SIN SUB	p85900	Iluminación/None			Iluminación empotrada HALO RL4069FSD2W1EWHDM 4 pulgadas 600/900 lm 2700K-5000K
SIN SUB	p85929	Iluminación/None			Farol Coleman Premium Dual Fuel de 700 lúmenes con funda de transporte
SIN SUB	p85978	Iluminación/None			Feit Electric OM60/RGBW/CA/AG/3 60 W Equ
SIN SUB	p85993	Iluminación/None			EECOO - Adaptador de enchufe para bombil
SIN SUB	p86018	Iluminación/None			HORKEY Iluminación recargable para cuadr
SIN SUB	p86020	Iluminación/None			2PCS 50W 2.4G Control Remoto Barra de Lu
SIN SUB	p86023	Iluminación/None			KAMYSEN Edison Light Bulbs,Dimmable Vint
SIN SUB	p86156	Iluminación/None			SATCO Products, Inc Satco S29852 - Bombi
SIN SUB	p86168	Iluminación/None			MIYIHA Paquete De 10 * 1M Unidades Difus
SIN SUB	p86172	Iluminación/None			Tira 300 LEDS 2835 Interior 24W de Poten
SIN SUB	p86197	Iluminación/None			MIYIHA Paquete de 5 difusores，Perfil de
SIN SUB	p86211	Iluminación/None			MIYIHA Paquete De 5 * 1M Unidades Difuso
SIN SUB	p86279	Iluminación/None			Paladone - Mini bloque de preguntas de S
SIN SUB	p86289	Iluminación/None			Iluminación Nocturna de Interior,2 Pieza
SIN SUB	p86290	Iluminación/None			8cm Bola de Cristal de Saturno 3D, 16 Co
SIN SUB	p86311	Iluminación/None			Proyector Galaxy Astronauta – Con Tempor
SIN SUB	p86312	Iluminación/None			Gugxiom Balón de Fútbol de Levitación Ma
SIN SUB	p86313	Iluminación/None			UEBSDVA Sensible al Tacto Bola Magica Es
SIN SUB	p86324	Iluminación/None			Yosoo Health Gear Proyector de Estrellas
SIN SUB	p86327	Iluminación/None			Regalo del Día de la Madre,Regalos de Cu
SIN SUB	p86340	Iluminación/None			Proyector de Galaxias y Estrellas,Lampar
SIN SUB	p86341	Iluminación/None			BAIWOLF Lámparas de Esfera de Planetas,
SIN SUB	p86345	Iluminación/None			SOZOMO 2Pcs Bola cristal 3D de Saturno/L
SIN SUB	p86349	Iluminación/None			Ejoyous - Bola de Cristal con Base de Lu
SIN SUB	p86363	Iluminación/None			Proyector de Estrellas Astronautas, Lámp
SIN SUB	p86374	Iluminación/None			SEAFON Estrellas luminosas para Techo Pa
SIN SUB	p86381	Iluminación/None			TSZCOO Proyector de Galaxias y Estrellas
SIN SUB	p86385	Iluminación/None			SYCYKA Tulipanes Infinitos, 12 x 12 cm D
SIN SUB	p86387	Iluminación/None			RUISTLI Sunset Lamp con 16 Colores+4 Mod
SIN SUB	p86401	Iluminación/None			Proyector de Galaxias y Estrellas, Astro
SIN SUB	p86419	Iluminación/None			JUGLUTE Decoración de Halloween, 5 Pieza
SIN SUB	p86456	Iluminación/None			Lámparas para Entrada 22.5cm 3000K/4000K
SIN SUB	p86469	Iluminación/None			Kit De Iluminación De Pista Moderno, JSX
SIN SUB	p86470	Iluminación/None			JSXing Lámparas de Techo de Montaje Empo
SIN SUB	p86472	Iluminación/None			Accesorios de Iluminación de Riel Modern
SIN SUB	p86481	Iluminación/None			100-240V, Estándar Seguro de usar E26 E2
SIN SUB	p86482	Iluminación/None			5 Piezas Megaluz lamparas de techo para
SIN SUB	p86496	Iluminación/None			Lamparas de Techo Para Interior de Casas — 7503059944132
SIN SUB	p86514	Iluminación/None			20Pack Lámparas De Techo Para Interior D
SIN SUB	p86533	Iluminación/None			TIANLAI - Lámparas De Techo Para Interio
SIN SUB	p86534	Iluminación/None			CHENBEN Lamparas de Techo para Interior
SIN SUB	p86556	Iluminación/None			YICALE Lamparas De Techo 4 Piezas, Lampa
SIN SUB	p86567	Iluminación/None			Kit De Iluminación De Riel, Iluminación
SIN SUB	p86581	Iluminación/None			Kit De Iluminación De Pista Moderno, Lám
SIN SUB	p86596	Iluminación/None			Tecnolite - Paquete de 4 Lámparas de Tec
SIN SUB	p86597	Iluminación/None			CANMEIJIA Lamparas para Techo Redonda 24
SIN SUB	p86599	Iluminación/None			CANMEIJIA Lamparas de Techo para Interio
SIN SUB	p86603	Iluminación/None			CANMEIJIA Kit 2 Luminario Lamparas de Te
SIN SUB	p86605	Iluminación/None			Digiray Lamparas de Techo para Interior
SIN SUB	p86609	Iluminación/None			CANMEIJIA 24W Lamparas de Techo para Int
SIN SUB	p86612	Iluminación/None			JSXing Kit de iluminación de riel, ilumi
SIN SUB	p86618	Iluminación/None			Lámparas de Pared E27, Accesorios de Ilu
SIN SUB	p86643	Iluminación/None			E27 Portalámparas Adaptador 180 ° Girato
SIN SUB	p86657	Iluminación/None			OYINDIZ Lámparas de Pared Interior, Lató
SIN SUB	p86667	Iluminación/None			2 PCS lámparas de pared recargables, bom
SIN SUB	p86685	Iluminación/None			50cm Iluminación Recargable para Cuadros
SIN SUB	p86697	Iluminación/None			HORKEY Lamparas De Pared Interior Modern
SIN SUB	p86704	Iluminación/None			CANMEIJIA Lamparas de Pared Interior de
SIN SUB	p86708	Iluminación/None			KUAEAY Juego de 2 Lámparas de Pared Inal
SIN SUB	p86727	Iluminación/None			Juego de 2 lámparas de pared para cabece
SIN SUB	p86741	Iluminación/None			VASAGLE Mueble de Baño, Armario de Baño,
SIN SUB	p86748	Iluminación/None			Sunsign iluminación for Pared de tira la
SIN SUB	p86804	Iluminación/None			Pack 2 Lamparas Uv Trampa Mata Msquitos
SIN SUB	p86841	Iluminación/None			Exterminador de Insectos USB MXEPZ-001 ZapPurple Atrapa Mosquitos
SIN SUB	p86847	Iluminación/None			Exterminadora Antimosquitos USB MXEPZ-002 ZapPurple Atrapa Mosquitos
SIN SUB	p86848	Iluminación/None			Lamparas MXEPZ-003 ZapPurple Atrapa Mosquitos
SIN SUB	p86998	Iluminación/None			Placa Armada 1 Apagador de 3 Modulos / Marfil / Lugano IGOTO
SIN SUB	p86999	Iluminación/None			Placa armada Inox con 1 apag sencillo y 1 contacto de 1.5 módulos  oxford IGOTO
SIN SUB	p87000	Iluminación/None			Placa armada Inox con 2 mecanismos de toma usb, de 2.1 Amp. Y 1 contacto de 1 módulo. plata IGOTO
SIN SUB	p87001	Iluminación/None			Placa Armada 1 Apagador de 3 Modulos / Blanco / Lugano IGOTO
SIN SUB	p87002	Iluminación/None			Placa Armada 1 Apagador de 3 Modulos / Negro / Lugano IGOTO
SIN SUB	p87003	Iluminación/None			Placa armada Inox con contacto dúplex oxford IGOTO
SIN SUB	p87004	Iluminación/None			Placa armada Inox con 1 apag sencillo y 1 contacto de 1.5 módulos  plata IGOTO
SIN SUB	p87005	Iluminación/None			Placa armada Inox con 2 mecanismos de toma usb, de 2.1 Amp. Y 1 contacto de 1 módulo. oxford IGOTO
SIN SUB	p87034	Iluminación/None			Mezcladora de audio 7 canales reproductor usb mp3 bluetooth
SIN SUB	p87042	Iluminación/None			Estevez Valvula de Union Anti-retorno Actuada por Presión de 4 Pulgadas
SIN SUB	p87043	Iluminación/None			Estevez Rejilla Plástica para Desfogue 90º de 4 Pulgadas
SIN SUB	p87045	Iluminación/None			Estevez Válvula Final Anti-retorno Transparente 4 Pulgadas
SIN SUB	p87046	Iluminación/None			Estevez Rejilla Plástica para Desfogue 90º de 6 Pulgadas
SIN SUB	p87047	Iluminación/None			Estevez Válvula Final Anti-retorno Transparente 6 Pulgadas
SIN SUB	p87119	Iluminación/None			Placa Armada Boton Timbre de 1 Módulo / Negro / Lugano
SIN SUB	p87120	Iluminación/None			Wall Lamp 30W .9M
SIN SUB	p87121	Iluminación/None			Gabinete Vapor ABS+PC T8 Y T5 Sin Tubo
SIN SUB	p87123	Iluminación/None			Gabinete Rejilla 2X18W 1.20M Sin Tubos
SIN SUB	p87130	Iluminación/None			Placa Armada Boton Timbre de 1 Módulo / Marfil / Lugano
SIN SUB	p87135	Iluminación/None			Contacto dúplex falla a tierra con Placa Lugano  Blanco
SIN SUB	p87136	Iluminación/None			Placa Armada Boton Timbre de 1 Módulo / Blanco / Lugano
SIN SUB	p87137	Iluminación/None			Placa de 3 Módulos+ 2 Apag. de 1 Mód. + Apag. Esc. de 1 Mód. Negro / Lugano
SIN SUB	p87145	Iluminación/None			3 pack blister adaptador clavija naranja 3 a 2 patas laton
SIN SUB	p87146	Iluminación/None			Apagador timbre sencillo
SIN SUB	p87147	Iluminación/None			Placa Armada 1 Apag Sencillo, 2 contactos, 3 Módulos / Blanco / Lugano
SIN SUB	p87148	Iluminación/None			Placa Armada 1 Apag Sencillo, 2 contactos, 3 Módulos / Negro / Lugano
SIN SUB	p87149	Iluminación/None			Placa Armada 1 Apag Sencillo, 2 contactos, 3 Módulos / Marfil / Lugano
SIN SUB	p87150	Iluminación/None			Placa de 3 Modulos + 2 Apagadores de 1 Modulo + contacto  Marfil / Lugano
SIN SUB	p87151	Iluminación/None			Placa de 3 Modulos + 2 Apagadores de 1 Modulo + contacto  Blanco / Lugano
SIN SUB	p87152	Iluminación/None			Placa de 1Modulo + Dimmer  Blanco / Lugano
SIN SUB	p87153	Iluminación/None			Placa de 1Modulo + Dimmer  Negro / Lugano
SIN SUB	p87154	Iluminación/None			Placa Ciega Color Madera Wenge / Lugano
SIN SUB	p87155	Iluminación/None			Placa Con 1 Contacto y 4 Tomas USB Negro / Lugano
SIN SUB	p87156	Iluminación/None			Placa Con Contacto y  2 Tomas USB Marfíl / Lugano
SIN SUB	p87157	Iluminación/None			Placa Ciega Color Negro / Lugano
SIN SUB	p87158	Iluminación/None			Placa Ciega Color Plateado / Lugano
SIN SUB	p87159	Iluminación/None			Placa Ciega Color Perla / Lugano
SIN SUB	p87160	Iluminación/None			Placa Con Contacto y 2 Tomas USB Blanco / Lugano
SIN SUB	p87161	Iluminación/None			Placa Con 1 Contacto y 4 Tomas USB Marfíl / Lugano
SIN SUB	p87162	Iluminación/None			Placa Con 1 Contacto y 4 Tomas USB Blanco / Lugano
SIN SUB	p87166	Iluminación/None			Wall Lamp 20W .6M
SIN SUB	p87167	Iluminación/None			Placa Armada  3 contactos, 3 Módulos / Blanco / Lugano
SIN SUB	p87168	Iluminación/None			Placa Armada  3 contactos, 3 Módulos / Negro / Lugano
SIN SUB	p87169	Iluminación/None			Placa de 3 Modulos + 3 Apagadores de 1 Modulo Marfíl / Lugano
SIN SUB	p87170	Iluminación/None			Extensión USO RUDO de 2 m
SIN SUB	p87171	Iluminación/None			Extensión USO RUDO de 3 m
SIN SUB	p87172	Iluminación/None			Extensión doméstica de 10 m
SIN SUB	p87173	Iluminación/None			Placa de 3 Modulos + 3 Apagadores de 1 Modulo Blanco / Lugano
SIN SUB	p87174	Iluminación/None			Extensión doméstica de 8 m
SIN SUB	p87175	Iluminación/None			Placa Armada 2 Apagadores de 1.5 Módulos / Marfil / Lugano
SIN SUB	p87176	Iluminación/None			Placa Armada 2 Apagadores de 1.5 Módulos / Negro / Lugano
SIN SUB	p87177	Iluminación/None			Extensión doméstica de 6 m
SIN SUB	p87178	Iluminación/None			Placa Armada 1  Apagador Escalera de 3 Módulos / Marfil / Lugano
SIN SUB	p87179	Iluminación/None			Extensión doméstica de 5 m
SIN SUB	p87180	Iluminación/None			Extensión doméstica de 3 m
SIN SUB	p87181	Iluminación/None			Extensión doméstica de 4 m
SIN SUB	p87182	Iluminación/None			Placa Armada 1  Apagador Escalera de 3 Módulos / Blanco / Lugano
SIN SUB	p87183	Iluminación/None			Extensión doméstica de 2 m
SIN SUB	p87184	Iluminación/None			Extensión Doméstica 10 cm DUAL
SIN SUB	p87185	Iluminación/None			Placa Ciega Color Blanco / Lugano
SIN SUB	p87186	Iluminación/None			Placa de 3 Módulos+ 2 Apag. de 1 Mód. + Apag. Esc. de 1 Mód. Marfíl / Lugano
SIN SUB	p87187	Iluminación/None			Placa de 3 Módulos+ 2 Apag. de 1 Mód. + Apag. Esc. de 1 Mód. Blanco / Lugano
SIN SUB	p87188	Iluminación/None			Placa Ciega Color Marfíl / Lugano
SIN SUB	p87189	Iluminación/None			Interruptor termomagnético 50A 3 Polos
SIN SUB	p87190	Iluminación/None			Placa Armada Apador Y contacto 2p+T 1.5 Módulos / Negro / Lugano
SIN SUB	p87191	Iluminación/None			Placa Armada Apador Y contacto 2p+T 1.5 Módulos / Marfil / Lugano
SIN SUB	p87192	Iluminación/None			Interruptor termomagnético 15A 1 Polo
SIN SUB	p87193	Iluminación/None			Interruptor termomagnético 30A 1 Polo
SIN SUB	p87194	Iluminación/None			Extensión USO RUDO de 15 m
SIN SUB	p87195	Iluminación/None			Extensión USO RUDO de 25 m
SIN SUB	p87196	Iluminación/None			Placa Armada Apador Y contacto 2p+T 1.5 Módulos / Blanco / Lugano
SIN SUB	p87197	Iluminación/None			Extensión USO RUDO de 12 m
SIN SUB	p87198	Iluminación/None			Extensión USO RUDO de 10 m
SIN SUB	p87199	Iluminación/None			Extensión USO RUDO de 6 m
SIN SUB	p87200	Iluminación/None			Placa de 3 Modulos + 3 Apagadores de 1 Modulo Negro / Lugano
SIN SUB	p87217	Iluminación/None			Portalámpara Redonda Blanco Porcelana P/Techo Surtek
SIN SUB	p93361	Blancos y ropa de cama/None			Set Sognare Nuo 2 Almohadas King Size + 2 Almohadas Estándar Relleno Semi Firme con Microfibras de G
SIN SUB	p93375	Blancos y ropa de cama/None			Sognare Nuo 6 pack Almohadas Estándar Semi Firmes Microfibras de Gel
SIN SUB	p93379	Blancos y ropa de cama/None			Faldón de cama Bare Home Queen 60x80 cm caída de 38 cm gris
SIN SUB	p93380	Blancos y ropa de cama/None			Falda de Cama Bare Home King 38 cm Blanca con Pliegues
SIN SUB	p93390	Blancos y ropa de cama/None			Inserto lumbar de plumas Swandream 30 × 61 cm
SIN SUB	p93394	Blancos y ropa de cama/None			Juego de funda nórdica BDEAR Queen 229 × 229 cm Marrón 3 piezas
SIN SUB	p93395	Blancos y ropa de cama/None			Funda de colchón MATTSHIELD ORIGINAL Full 1345 × 1905 cm
SIN SUB	p93402	Blancos y ropa de cama/None			Night Guard SOVA Aero de 16 mm de grosor ajuste moldeado a medida
SIN SUB	p93403	Blancos y ropa de cama/None			Funda de colchón SureGuard Full XL impermeable
SIN SUB	p93407	Blancos y ropa de cama/None			Night Guard Sleepette para mujer para rechinar los dientes 4 veces
SIN SUB	p93413	Blancos y ropa de cama/None			Smart Bamboo Bubble Hug Bosque
SIN SUB	p93414	Blancos y ropa de cama/None			Smart Bamboo Bubble Hug Sienna
SIN SUB	p93426	Blancos y ropa de cama/None			Juego de funda nórdica Calvin Klein Queen blanco de algodón
SIN SUB	p93434	Blancos y ropa de cama/None			Juego de 2 fundas de almohada Bedsure tamaño queen color lavanda
SIN SUB	p93513	Blancos y ropa de cama/None			Funda nórdica RENEWROOTS Queen 229 cm Marfil Algodón
SIN SUB	p93678	Blancos y ropa de cama/None			Funda decorativa MODERN HEIRLOOM 66x51 cm azul con bordado de algodón
SIN SUB	p93679	Blancos y ropa de cama/None			Acolchado Mellow Twin/Twin XL Rosa Oeko-TEX
SIN SUB	p93689	Blancos y ropa de cama/None			Cojín Decorativo Round Pillow Pan de Muerto
SIN SUB	p93714	Blancos y ropa de cama/None			Relleno de Hueco para Cama Barpoullar 180 × 10 × 25 cm con Funda de Lino
SIN SUB	p93772	Blancos y ropa de cama/None			Juego de funda de edredón Pure Bamboo Queen 100% viscosa orgánica color blanco
SIN SUB	p93799	Blancos y ropa de cama/None			Sudadera con capucha Artisans Bazaar 110 cm - Manta portátil con diseño azteca
SIN SUB	p93808	Blancos y ropa de cama/None			Cojines Decorativos Extra Suaves 40 Cm X 40 Cm Set De 2 Piezas Negros
SIN SUB	p93809	Blancos y ropa de cama/None			Cojines Decorativos Extra Suaves 40 Cm X 40 Cm Set De 2 Piezas Blancos
SIN SUB	p93811	Blancos y ropa de cama/None			Cojines Decorativos Extra Suaves 40 Cm X 40 Cm Set De 2 Piezas Azules
SIN SUB	p93813	Blancos y ropa de cama/None			Cojines Decorativos Extra Suaves 40 Cm X 40 Cm Set De 2 Piezas Rosas
SIN SUB	p93814	Blancos y ropa de cama/None			Cojines Decorativos Extra Suaves 40 Cm X 40 Cm Set De 2 Piezas Grises
SIN SUB	p93815	Blancos y ropa de cama/None			Cojines Decorativos Extra Suaves 40 Cm X 40 Cm Set De 2 Piezas Cafes
SIN SUB	p93837	Blancos y ropa de cama/None			Set de regalo Sparkalyn de 11 piezas para mujer con manta
SIN SUB	p93854	Blancos y ropa de cama/None			Cojín Reversible Toy Story Pad
SIN SUB	p93880	Blancos y ropa de cama/None			California Design Den Juego de Sábanas Queen - Algodón 100 % Natural con Bolsillos Profundos Tejido 
SIN SUB	p93930	Blancos y ropa de cama/None			Juego de funda de edredón Amazon Basics Queen 229 × 229 cm Blanco
SIN SUB	p93946	Blancos y ropa de cama/None			Cubierta de asiento para silla de oficina Sunnyway funda elástica de spandex para silla de escritori
SIN SUB	p93953	Blancos y ropa de cama/None			Pillow Bluewave Bedding Ultra Slim Max Cool Carbon Blue Gel
SIN SUB	p93969	Blancos y ropa de cama/None			Falda de Cama MEILA Envolvente de 41 cm de Caída para Queen y King – Blanco
SIN SUB	p94035	Blancos y ropa de cama/None			Juego de 2 unidades Pillow Puredown® con plumas de ganso y plumón tamaño king
SIN SUB	p94113	Blancos y ropa de cama/None			Skirt Utopia Bedding King microfibra blanca 40 cm caída
SIN SUB	p94114	Blancos y ropa de cama/None			Pillow Weekender espuma viscoelástica en gel tamaño queen paquete de 2
SIN SUB	p94181	Blancos y ropa de cama/None			Pillow Pacific Coast Queen Size juego de 2 plumas y plumón de ganso
SIN SUB	p94317	Blancos y ropa de cama/None			Cojín Reversible Coca-Cola Ice
SIN SUB	p94318	Blancos y ropa de cama/None			Cojín Reversible Coca-Cola Love
SIN SUB	p94319	Blancos y ropa de cama/None			Cojín Reversible Coca-Cola Botella
SIN SUB	p94320	Blancos y ropa de cama/None			Cojín Reversible Coca-Cola Drink
SIN SUB	p94321	Blancos y ropa de cama/None			Cojín Reversible Coca-Cola Catch
SIN SUB	p94323	Blancos y ropa de cama/None			Juego de 2 fundas de almohada Bedsure satinadas estándar de seda negra
SIN SUB	p94327	Blancos y ropa de cama/None			Colchoneta Mudancera Capitonada Pegaso, Mod: COL-M, 200 x 180 cm
SIN SUB	p94333	Blancos y ropa de cama/None			Espuma viscoelástica en gel Pillow Weekender Standard tamaño 1 paquete
SIN SUB	p94335	Blancos y ropa de cama/None			Skirt Utopia Bedding Queen microfibra blanca 40 cm caída
SIN SUB	p94338	Blancos y ropa de cama/None			Cojín de Soporte Lumbar, Versátil Color Negro
SIN SUB	p94372	Blancos y ropa de cama/None			Cojín Round Pillow Stitch Balón
SIN SUB	p94469	Blancos y ropa de cama/None			Cojín Jacquard Decorativo Concha Fresa
SIN SUB	p94505	Blancos y ropa de cama/None			Lana Berroco Lanas Light 78136 Carbón
SIN SUB	p94616	Blancos y ropa de cama/None			Set de 4 rellenos de almohadón de plumas Swandream 51 x 51 cm
SIN SUB	p94655	Blancos y ropa de cama/None			Relleno de almohadón lumbar Swandream 13x21" suave como pluma
SIN SUB	p94670	Blancos y ropa de cama/None			Almohadilla Térmica Beurer con 3 Niveles de Temperatura
SIN SUB	p94704	Blancos y ropa de cama/None			Set Descanso KS Azul Marino: Almohadas Peach, Sábanas y Protector Impermeable
SIN SUB	p94705	Blancos y ropa de cama/None			Set Descanso QS Azul Marino: Almohadas Peach, Sábanas y Protector Impermeable
SIN SUB	p94706	Blancos y ropa de cama/None			Set Descanso Individual Azul Marino: Almohadas Peach, Sábanas y Protector Impermeable
SIN SUB	p94708	Blancos y ropa de cama/None			Set Descanso QS Blanco: Almohadas Peach, Sábanas y Protector Impermeable
SIN SUB	p94709	Blancos y ropa de cama/None			Set Descanso Indi Blanco: Almohadas Peach, Sábanas y Protector Impermeable
SIN SUB	p94786	Blancos y ropa de cama/None			Pillow Globon Ultra Soft Down Standard 20 x 26 cm 500 hilos juego de 2
SIN SUB	p94902	Blancos y ropa de cama/None			Pillows Serta Hotel Collection King Size 100% algodón juego de 2
SIN SUB	p94909	Blancos y ropa de cama/None			Cama Pillows Acanva para dormir y refrescarse calidad hotelera paquete de 4 unidades
SIN SUB	p94965	Blancos y ropa de cama/None			Juego de 60 platos Sportime My Plate de BeanBags colores surtidos
SIN SUB	p94981	Blancos y ropa de cama/None			Juego de funda de edredón Bambaw 100% viscosa derivado de Bamboo King
SIN SUB	p94985	Blancos y ropa de cama/None			Juego de Funda de Edredón Queen Eddie Bauer de Algodón a Cuadros 224x224 cm
SIN SUB	p94997	Blancos y ropa de cama/None			Set de fundas de almohada Laura Ashley Emogene Púrpura 100% algodón
SIN SUB	p95012	Blancos y ropa de cama/None			Forro polar suave Euro Sham Nautica con cierre de cremallera 66 x 66 cm
SIN SUB	p95045	Blancos y ropa de cama/None			Plumas de ganso de lujo Pillow Beautyrest suaves 51 x 71 cm tamaño queen paquete de 2
SIN SUB	p95071	Blancos y ropa de cama/None			Falda de cama Laura Ashley Home de algodón con volantes doble
SIN SUB	p95077	Blancos y ropa de cama/None			Juego de fundas de almohada Nautica Standard de algodón percal 2 piezas
SIN SUB	p95079	Blancos y ropa de cama/None			Juego de fundas de almohada Laura Ashley Home satén de algodón 2 piezas
SIN SUB	p95109	Blancos y ropa de cama/None			Juego de fundas de almohada Laura Ashley Standard de algodón percal 2 piezas
SIN SUB	p95115	Blancos y ropa de cama/None			Juego de Fundas de Almohada King Laura Ashley de Algodón Percal 2 Piezas
SIN SUB	p95122	Blancos y ropa de cama/None			Juego de 2 Fundas de Almohada de Satén Juicy Couture Negro 51x66 cm
SIN SUB	p95125	Blancos y ropa de cama/None			Falda de cama Laura Ashley Home de algodón con volantes color gris
SIN SUB	p95133	Blancos y ropa de cama/None			Juego de fundas de almohada Laura Ashley Norella de algodón percal rosa
SIN SUB	p95170	Blancos y ropa de cama/None			Falda para Cama Individual Laura Ashley Home de Algodón Verde con Volantes
SIN SUB	p95194	Blancos y ropa de cama/None			Juego de fundas de almohada Laura Ashley King de algodón percal de 2 piezas
SIN SUB	p95195	Blancos y ropa de cama/None			Juego de Funda de Edredón Laura Ashley Home Natalie Verde de Algodón
SIN SUB	p95204	Blancos y ropa de cama/None			Falda de cama Laura Ashley Home de algodón con volantes azul queen
SIN SUB	p95253	Blancos y ropa de cama/None			Juego de fundas de almohada Nautica Coleridge a rayas de algodón rojo percal
SIN SUB	p95256	Blancos y ropa de cama/None			Falda para Cama Laura Ashley de Algodón con Volantes Ligera Tamaño Queen
SIN SUB	p95260	Blancos y ropa de cama/None			Set de fundas de almohada Nautica Cotton Percale Coleridge Stripe
SIN SUB	p95280	Blancos y ropa de cama/None			Falda de cama Laura Ashley Home con volantes de ganchillo White Queen
SIN SUB	p95290	Blancos y ropa de cama/None			Par de fundas de almohada Lacoste 100% algodón percal color blanco estándar
SIN SUB	p95312	Blancos y ropa de cama/None			Juego de Funda de Edredón Laura Ashley King 234x224cm Algodón
SIN SUB	p95321	Blancos y ropa de cama/None			Juego de fundas de almohada Laura Ashley Home Ramona de algodón azul 2 piezas
SIN SUB	p95325	Blancos y ropa de cama/None			Juego de fundas de almohada Nautica Cotton Percale Beaux Stripe Blue 2 unidades
SIN SUB	p95330	Blancos y ropa de cama/None			Funda de colchón con calefacción Sunbeam acolchada 10 ajustes de calor tamaño king
SIN SUB	p95343	Blancos y ropa de cama/None			Funda de colchón Linenspa Waterproof Twin White
SIN SUB	p95355	Blancos y ropa de cama/None			Faldón de cama Laura Ashley con volantes a ganchillo blanco 38 x 190 x 38 cm
SIN SUB	p95627	Blancos y ropa de cama/None			Set de Descanso Supremo Atlas King Size: Colchoneta 5 Zonas KS  + Set Bed In A Box Azul + 4 Almohada
SIN SUB	p95634	Blancos y ropa de cama/None			Master Suite Atlas Queen Size: Colchoneta 5 Zonas QS + Set Bed In A Box Azul QS+ 4 Almohadas + Oso P
SIN SUB	p95642	Blancos y ropa de cama/None			Set de Descanso Premium Atlas Matrimonial: Colchoneta 5 Zonas Matri + Kit Bed In A Box + 4 Almohadas
SIN SUB	p95673	Blancos y ropa de cama/None			Set de Descanso Total Atlas: Colchoneta 5 Zonas Individual Kit de Cama Bed In A Box Azul + 2 Almohad
SIN SUB	p95674	Blancos y ropa de cama/None			Master Suite Atlas Queen Size: Colchoneta 5 Zonas QS + Set Bed In A Box Rosa + 4 Almohadas + Oso
SIN SUB	p95706	Blancos y ropa de cama/None			Set de Descanso Total Atlas: Colchoneta 5 Zonas Indi  + Kit de Cama Bed In A Box Rosa + 2 Almohadas 
SIN SUB	p95707	Blancos y ropa de cama/None			Set Descanso Total Spring Air King Size: 4 Almohadas Cozy + Protector Essence + Oso de Colección
SIN SUB	p95710	Blancos y ropa de cama/None			Combo Descanso Premium Spring Air: 1 Almohada Cozy + Protector Essence Individual + Oso Peluche
SIN SUB	p95714	Blancos y ropa de cama/None			Edrecolcha Matrimonial Súper Mario Yoshi
SIN SUB	p95715	Blancos y ropa de cama/None			Cojín Reversible Súper Mario Here
SIN SUB	p95787	Blancos y ropa de cama/None			Cojín Abrazable Jack Skellington
SIN SUB	p95852	Blancos y ropa de cama/None			Combo Spring Air Individual con Maxi Sudaderas: 2 Almohadas Cozy + 2 Sábanas Indi+ 2 Protectores Ind
SIN SUB	p99551	Muebles/Otros			Percheros para pantalones MORALVE – Pack de 2 madera de haya giro 360°
SIN SUB	p99562	Muebles/Otros			2 Ganchos Organizador De Gorras Percheros Para Pared Negro
SIN SUB	p99566	Muebles/Otros			12 Pzs Zapateras Apilable, Plegable, Multiusos Color Negro
SIN SUB	p99573	Muebles/Otros			Set de 2 Cajas Zapateras Megan AGBOX  Tamaño Estándar Modelo Transparente
SIN SUB	p99580	Muebles/Otros			Zapateras de Bamboo Almacenamiento  Zapatos Diseño Plano 6 Niveles
SIN SUB	p99591	Muebles/Otros			Rack con percheros multiusos 3 en 1
