accion	id	de	a	motivo	nombre
NO REGISTRADA	p310147	Suplementos/None	Suplementos/Salud y bienestar		Suplemento Endocalyx - Apoyo al glicocáliz endotelial 60 cápsulas - Salud vascular y de la microcirc
NO REGISTRADA	p310168	Suplementos/None	Suplementos/Salud y bienestar		LongLifeNutri- “Diosmina 1000mg Fórmula Avanzada 240 Cápsulas para Apoyo a la Salud Circulatoria, Ab
NO REGISTRADA	p310201	Suplementos/None	Suplementos/Salud y bienestar		Endocalyx Pro Suplemento para la Salud Vascular y Microcirculación 120 Cápsulas | Support Vascular P
SIN SUB	p103032	Instrumentos musicales/Baterías			Masajeador de percusión Thumper Sport de tejido profundo con mango largo
SIN SUB	p103130	Instrumentos musicales/Baterías			Pistola de masaje RENPHO Masajeador de percusión portátil de tejido profundo
SIN SUB	p108033	Juegos de mesa/Otros juegos			Casa de Juego de Fieltro Horizon Group USA 25x41 cm con 20 Accesorios
SIN SUB	p108044	Juegos de mesa/Otros juegos			Set Completo de Tarjetas Flash Little Economists – 8 Libros
SIN SUB	p108045	Juegos de mesa/Otros juegos			Mesa de arena y agua Elitevia 54x29x53 cm rosa con bomba eléctrica
SIN SUB	p108054	Juegos de mesa/Otros juegos			Set de Beer Pong GoPong Flotante con 3 Pelotas y Balsas Inflables
SIN SUB	p108058	Juegos de mesa/Otros juegos			Juego de 4 Pistolas de Agua Eléctricas Funwee con Luz LED y Disparo Automático
SIN SUB	p108077	Juegos de mesa/Otros juegos			CHARM Wixine Pies de Zorro Articulados en Hueso con Garras – 6 g Taxidermia
SIN SUB	p108089	Juegos de mesa/Otros juegos			Pizarra Mágica LCD Tarjetas Flash Español-Ingles Rosa
SIN SUB	p108113	Juegos de mesa/Otros juegos			Globos de Agua Reutilizables DZLUSJ 24 unidades
SIN SUB	p108114	Juegos de mesa/Otros juegos			Juego The Fidget Game Supermarket Squishy Spree 5‑8 años
SIN SUB	p108129	Juegos de mesa/Otros juegos			Alfombrilla de juego STORKY 61 × 36 cm con superficie de goma y bolsa de almacenamiento
SIN SUB	p108144	Juegos de mesa/Otros juegos			Alfombrilla de juego STORKY 61x36 cm con bordes cosidos y base antideslizante
SIN SUB	p108168	Juegos de mesa/Otros juegos			Libro Simon Spotlight: Angelina Ballerina
SIN SUB	p108172	Juegos de mesa/Otros juegos			PUZZLES iDventure Cluepuzzle Caja Maravilla de Alicia
SIN SUB	p108190	Juegos de mesa/Otros juegos			Laberinto de Cuentas de Madera Fisher‑Price – Juguete de Actividad
SIN SUB	p108192	Juegos de mesa/Otros juegos			Pizarra Mágica LEXiBOOK Spider-Man 28 cm
SIN SUB	p108198	Juegos de mesa/Otros juegos			Kit de Excavación Gem Pets Zorro Rojo Rubí - Tesoro
SIN SUB	p108201	Juegos de mesa/Otros juegos			Kit de Excavación Gem Pets: Tesoro de Cachorro Esmeralda Verde
SIN SUB	p108203	Juegos de mesa/Otros juegos			Kit de Excavación Gem Pets Conejo Púrpura Diamante
SIN SUB	p108205	Juegos de mesa/Otros juegos			Kit de Excavación Gem Pets Gato Zafiro Azul Tesoro
SIN SUB	p108217	Juegos de mesa/Otros juegos			Juguete de Agua Lunch Money – Crece un Alce (crecimiento del 600%)
SIN SUB	p108226	Juegos de mesa/Otros juegos			Libro Sterling Ethos 1001: Serie de Tiradas de Tarot
SIN SUB	p108228	Juegos de mesa/Otros juegos			Bolso Tote C&H Solutions 55 cm x 30 cm Negro Mah Jongg
SIN SUB	p108235	Juegos de mesa/Otros juegos			Kit de Identificación de Minerales Colidcolor 13 piezas con lupa de mano y muestras
SIN SUB	p108239	Juegos de mesa/Otros juegos			Libro HarperCollins Biblia del Osito Tiny Bear (La historia del gran amor de Dios)
SIN SUB	p108241	Juegos de mesa/Otros juegos			Bola de latón EISCO con agujero de 25 mm para demostración de péndulo
SIN SUB	p108243	Juegos de mesa/Otros juegos			Libro Shadow Mountain Nando Volumen 4 Cuentos de Perros
SIN SUB	p108244	Juegos de mesa/Otros juegos			Juguete de Baño Waboba Sharky Tiburón 90 mm que Salta en el Agua
SIN SUB	p108263	Juegos de mesa/Otros juegos			Libro Simon & Schuster – Spooky Pookie (Little Pookie)
SIN SUB	p108266	Juegos de mesa/Otros juegos			Set de 6 títeres de dedo estrella de 10 cm en fieltro – ShaoAngDuoMi
SIN SUB	p108270	Juegos de mesa/Otros juegos			Libro HarperCollins Fuerte: Salmo 1 (La historia del gran amor de Dios)
SIN SUB	p108272	Juegos de mesa/Otros juegos			HarperCollins – Primeras Oraciones del Bebé
SIN SUB	p108275	Juegos de mesa/Otros juegos			Scholastic Libro Oficial X-Men: Cómo Dibujar
SIN SUB	p108293	Juegos de mesa/Otros juegos			Soporte para fichas American-Wholesaler Inc. 46 cm Azul zafiro
SIN SUB	p108298	Juegos de mesa/Otros juegos			Corralito Para Bebe Plegable Corral Gimnasio Rosa/Gris
SIN SUB	p108305	Juegos de mesa/Otros juegos			Set de Regalo de Barajas Forage Folk Trilogía
SIN SUB	p108307	Juegos de mesa/Otros juegos			Caja de madera con temática náutica de Shut The Box Game STERLING Games
SIN SUB	p108308	Juegos de mesa/Otros juegos			Globo Celestial EISCO 30 cm 445 cm Alto Estrella Vía Láctea
SIN SUB	p108309	Juegos de mesa/Otros juegos			Biblia HarperCollins Tiny Theologians Rosa
SIN SUB	p108311	Juegos de mesa/Otros juegos			Kit de geología GeLaozee – 13 piezas para identificación de minerales
SIN SUB	p108312	Juegos de mesa/Otros juegos			Alfombrilla de juego Realm Guard 36x61 cm dibujada a mano antideslizante
SIN SUB	p108316	Juegos de mesa/Otros juegos			Kit de Óptica Láser para Aula (Grados 2‑8) RGB LED
SIN SUB	p108321	Juegos de mesa/Otros juegos			Tablero de Galton Dimind 32 cm Modelo de Probabilidad con 17 500 Cuentas
SIN SUB	p108324	Juegos de mesa/Otros juegos			Aparato de demostración del efecto Doppler EISCO 0.8 m 92 dB
SIN SUB	p108342	Juegos de mesa/Otros juegos			ALFOMBRILLA DE JUEGO Gamegenic Altered Trial By Frost 61 × 35 cm
SIN SUB	p108377	Juegos de mesa/Otros juegos			Alfombrilla de juego STORKY 61 cm x 36 cm de goma antideslizante con gato
SIN SUB	p108379	Juegos de mesa/Otros juegos			Cubo Laberinto Actividades 7 En 1 Multicolor
SIN SUB	p108380	Juegos de mesa/Otros juegos			Laberinto De Cuentas 3 Caminos Multicolor
SIN SUB	p108381	Juegos de mesa/Otros juegos			Juego Mesa Equilibrio Linda Rana Rojo
SIN SUB	p108392	Juegos de mesa/Otros juegos			Cartel de emociones Yoink 81 tarjetas – Rincón de calma
SIN SUB	p108400	Juegos de mesa/Otros juegos			Pizarra Mágica LEXiBOOK Pitufos 28 cm
SIN SUB	p108401	Juegos de mesa/Otros juegos			Juego de Construcción de Mazos BANDAI Resident Evil: Mercenarios
SIN SUB	p108403	Juegos de mesa/Otros juegos			Música WARNER BROS Love Is Such a Funny Game
SIN SUB	p108407	Juegos de mesa/Otros juegos			Juego Nintendo Splatoon Raiders: Shooter de Acción
SIN SUB	p108409	Juegos de mesa/Otros juegos			Caballito Montable Mecedora Balance Con Efectossonido Reales  VANLIG | Color Marrón Claro
SIN SUB	p108416	Juegos de mesa/Otros juegos			Globos reutilizables Bunch O Balloons de ZURU paquete de 10
SIN SUB	p108420	Juegos de mesa/Otros juegos			Caja de Ahorro MoliDow de Madera - Bóveda de Efectivo $10000
SIN SUB	p108424	Juegos de mesa/Otros juegos			Libro Careland: Jack McAfghan – Rainbow Bridge
SIN SUB	p108425	Juegos de mesa/Otros juegos			Kit de motor para pista de canicas PlayMonster 10 cm x 8 cm
SIN SUB	p108427	Juegos de mesa/Otros juegos			Rueda de oración tibetana DMtse 38x115 mm juego de 2
SIN SUB	p108430	Juegos de mesa/Otros juegos			Set de Campeones Sneaky PEET de Godtear (Steamforged Games)
SIN SUB	p108432	Juegos de mesa/Otros juegos			Fósiles de dientes de tiburón – Caja de colección Fabrvog y lupa
SIN SUB	p108438	Juegos de mesa/Otros juegos			Pegatina Elsqolro 25 × 17 cm 20 hojas Frutas y Verduras
SIN SUB	p108440	Juegos de mesa/Otros juegos			Bandeja para tarjetas KIHACO 125 × 75 × 45 cm de bambú – juego de 2
SIN SUB	p108446	Juegos de mesa/Otros juegos			Fósiles Fabrvog 4‑5 cm con caja y lupa
SIN SUB	p108451	Juegos de mesa/Otros juegos			Kit de Globos de Agua Kiddie Play 500 unidades con Bomba de Llenado
SIN SUB	p108488	Juegos de mesa/Otros juegos			Libro DELL "El lenguaje de los animales: 7 pasos para comunicarte con los animales"
SIN SUB	p108493	Juegos de mesa/Otros juegos			Squishy Maker Station Doctor Squish Edición exclusiva de Amazon
SIN SUB	p108497	Juegos de mesa/Otros juegos			Kit de modelo de motor Stirling de aire caliente Heligotech con luz LED
SIN SUB	p108498	Juegos de mesa/Otros juegos			Publications International – Juegos de Cerebro “Encuentra al Gato”
SIN SUB	p108499	Juegos de mesa/Otros juegos			Bantam – El libro completo de solitario y juegos de paciencia (225 juegos)
SIN SUB	p108502	Juegos de mesa/Otros juegos			Imanes decorativos Tienda LEAN Pack de 25 caritas sonrientes 25 cm
SIN SUB	p108504	Juegos de mesa/Otros juegos			Libro Clarion: Cuenta Ratones
SIN SUB	p108514	Juegos de mesa/Otros juegos			Plantilla Grande Redonda para Hacer Yo-Yós Clover Fácil de Usar
SIN SUB	p108519	Juegos de mesa/Otros juegos			Libro Marvel: Predator mata el Universo Marvel (Nuevo)
SIN SUB	p108527	Juegos de mesa/Otros juegos			Kit de Construcción Artística Machine Works – Modelo de Motor V8 con Realidad Aumentada
SIN SUB	p108529	Juegos de mesa/Otros juegos			El libro de imágenes de cachorros
SIN SUB	p108532	Juegos de mesa/Otros juegos			Juego de Disc Golf de Escritorio Mini Ediciones Running Press
SIN SUB	p108536	Juegos de mesa/Otros juegos			Libro Thomas Nelson Operación Tiro Truco Dude Perfect Panda
SIN SUB	p108539	Juegos de mesa/Otros juegos			Libro ilustrado de arte popular Clarion Día de Mercado para edades 0-3
SIN SUB	p108542	Juegos de mesa/Otros juegos			Teaching Stones Yellow Door Huellas de Animales de Granja Paquete de 8 Piedras de 8 cm
SIN SUB	p108572	Juegos de mesa/Otros juegos			Placa de Prototipado Elenco 9440C con 3220 Puntos de Contacto
SIN SUB	p108573	Juegos de mesa/Otros juegos			Juego de sobremesa de superhéroes Atomic Mass Marvel Crisis Protocol
SIN SUB	p108579	Juegos de mesa/Otros juegos			Juego The Learning Company Super Solvers Rescate a Medianoche
SIN SUB	p108585	Juegos de mesa/Otros juegos			ZURU - Juguete (339-36589_4894680025981)
SIN SUB	p108599	Juegos de mesa/Otros juegos			Gorra de Seguimiento EEG DIGIPACE 64 Electrodos Sistema 10-20
SIN SUB	p108604	Juegos de mesa/Otros juegos			Herramienta de Plegado Makedo Fold-Roller para Esculpir Cartón
SIN SUB	p108606	Juegos de mesa/Otros juegos			Kit de Rinconcito de Libros DIY Tonecheer Mundo de Vincent con Luz LED
SIN SUB	p108609	Juegos de mesa/Otros juegos			Set de Bolas de Billar Aramith Crown 5.7 cm Magnéticas
SIN SUB	p108620	Juegos de mesa/Otros juegos			Casa para Insectos Lulu Home Hotel de Bichos de Madera 26x9x14 cm
SIN SUB	p108623	Juegos de mesa/Otros juegos			Pistola de Agua Super Soaker Minecraft Glow Squid
SIN SUB	p108636	Juegos de mesa/Otros juegos			Set de Globos de Agua ABEAMIX con 2 Resorteras y 25 Pelotas Suaves
SIN SUB	p108643	Juegos de mesa/Otros juegos			Libro Ace El Ojo de la Novia de Bedlam Dungeon Crawler
SIN SUB	p108645	Juegos de mesa/Otros juegos			Bolsa de Suerte con Oro Garantizado Bobby Nugget California
SIN SUB	p108648	Juegos de mesa/Otros juegos			Set Completo Brain Challenger miniLUK Beyond123
SIN SUB	p108658	Juegos de mesa/Otros juegos			Libro Running Press Mini Ediciones Itty-Bitty Marquee
SIN SUB	p108668	Juegos de mesa/Otros juegos			Bomba de Agua Exokugo Diseño de Ballena 3 Modos de Rociado Impermeable
SIN SUB	p108673	Juegos de mesa/Otros juegos			Mini Terrario Mi Jardín de Hadas Rincón de Ortigas
SIN SUB	p108681	Juegos de mesa/Otros juegos			Set de juego Popdarts PRO Pack (Rizzle) con ventosa para interiores y exteriores
SIN SUB	p108682	Juegos de mesa/Otros juegos			Set de juego Outdoor Flying Disc Bottle Bash USA con postes y botellas
SIN SUB	p108683	Juegos de mesa/Otros juegos			Juego Foxtail con luces LED para lanzar y atrapar al aire libre
SIN SUB	p108695	Juegos de mesa/Otros juegos			Set de 2 Pistolas de Agua XSHOT Fast-Fill Medianas 700 ml
SIN SUB	p108698	Juegos de mesa/Otros juegos			Set de 4 Pistolas de Agua Super Soaker Mini Dunk-Fill 101 ml
SIN SUB	p108699	Juegos de mesa/Otros juegos			Juego Activo Little Tikes Luz Roja Luz Verde
SIN SUB	p108714	Juegos de mesa/Otros juegos			Craft Kit dazzidoo miniazulejo magnético con 12 imanes para azulejos
SIN SUB	p108715	Juegos de mesa/Otros juegos			Herramienta para atrapar insectos Carson BugView lupa de liberación rápida color verde
SIN SUB	p108721	Juegos de mesa/Otros juegos			Kit de Modelo Musical 3D de Madera Tonecheer Nave Viajera del Viento
SIN SUB	p108729	Juegos de mesa/Otros juegos			Juego de Hockey de Escritorio Running Press Mini Editions
SIN SUB	p108742	Juegos de mesa/Otros juegos			Paquete de 15 Pellets Grandes de Búho Cárabo Pioneer
SIN SUB	p108751	Juegos de mesa/Otros juegos			Flash Cards BLUE PANDA 205 banderas de países del mundo
SIN SUB	p108752	Juegos de mesa/Otros juegos			Microscopio de bolsillo Carson MicroBrite Plus 60x-120x con iluminación LED
SIN SUB	p108763	Juegos de mesa/Otros juegos			Circuito de canicas de madera Golden Age set de 60 piezas
SIN SUB	p108772	Juegos de mesa/Otros juegos			AR Interactive Globe Toy PlayShifu Orboot Earth Explorer
SIN SUB	p108775	Juegos de mesa/Otros juegos			Mini golf de escritorio
SIN SUB	p108776	Juegos de mesa/Otros juegos			Juego de curling de escritorio Running Press Mini Editions
SIN SUB	p108781	Juegos de mesa/Otros juegos			Mini coleccionables MGA's Miniverse Hello Kitty Serie 2 6 unidades
SIN SUB	p108823	Juegos de mesa/Otros juegos			Juego de ensamble Acrobageometrix Educrea
SIN SUB	p108824	Juegos de mesa/Otros juegos			Cilindros de encaje
SIN SUB	p108825	Juegos de mesa/Otros juegos			Laberinto Roller
SIN SUB	p108831	Juegos de mesa/Otros juegos			Pelota inflable 9 Square Castle Sports de 12" verde fluorescente
SIN SUB	p108835	Juegos de mesa/Otros juegos			Kit de arcilla KizDoToy Dino Land de 6 piezas set de modelado de secado al aire
SIN SUB	p108837	Juegos de mesa/Otros juegos			Lienzo para pintar por numero Florero blanco
SIN SUB	p108838	Juegos de mesa/Otros juegos			Lienzo para pintar por numero Romance París
SIN SUB	p108839	Juegos de mesa/Otros juegos			Lienzo para pintar por numero Los girasoles
SIN SUB	p108840	Juegos de mesa/Otros juegos			Lienzo para pintar por numero ojo
SIN SUB	p108841	Juegos de mesa/Otros juegos			Lienzo para pintar por numero La gran manzana
SIN SUB	p108843	Juegos de mesa/Otros juegos			Lienzo para pintar por numero Gallo loco
SIN SUB	p108860	Juegos de mesa/Otros juegos			Juego de ensamble Acrobageometrix
SIN SUB	p108862	Juegos de mesa/Otros juegos			Juego de ensamble Cadenamix
SIN SUB	p108864	Juegos de mesa/Otros juegos			Juego de ensamble Tubicolor
SIN SUB	p108866	Juegos de mesa/Otros juegos			Juego de ensamble Rocket
SIN SUB	p108881	Juegos de mesa/Otros juegos			Conjunto de actividades hand2mind MathLink Cubes Numberblocks 21-30
SIN SUB	p108892	Juegos de mesa/Otros juegos			Mesa de agua y arena Wee Wonders de 3 niveles con sombrilla y juguetes
SIN SUB	p108893	Juegos de mesa/Otros juegos			Kit Rainbow Loom Mighty Rainbow Case con 6000 ligas
SIN SUB	p108896	Juegos de mesa/Otros juegos			Puerta y ventanas de hadas para árbol con decoración que brilla en la oscuridad
SIN SUB	p108900	Juegos de mesa/Otros juegos			Agenda visual HANUSTARS de 60 piezas con bolsa para tareas
SIN SUB	p108905	Juegos de mesa/Otros juegos			Pelotas oficiales GoPong para beer pong paquete de 36 40 mm blancas
SIN SUB	p108909	Juegos de mesa/Otros juegos			Tabla magnética para el entrenamiento para ir al baño Bright Seed Sirenas Brillantes 30x25 cm
SIN SUB	p108913	Juegos de mesa/Otros juegos			Kit de práctica de soldadura tingbowie para entrenamiento en electrónica DIY
SIN SUB	p108918	Juegos de mesa/Otros juegos			Tarro de recompensas para entrenamiento para ir al baño Yoink con 27 fichas
SIN SUB	p108921	Juegos de mesa/Otros juegos			Pulidora de piedras VIYUKI de 3 lb de capacidad kit con motor de 120V
SIN SUB	p108925	Juegos de mesa/Otros juegos			Tangram de madera
SIN SUB	p108926	Juegos de mesa/Otros juegos			Lienzo para pintar ppn búho y luna
SIN SUB	p108927	Juegos de mesa/Otros juegos			Lienzo para pintar ppn aventura espacial
SIN SUB	p108928	Juegos de mesa/Otros juegos			Lienzo para pintar ppn leo el león
SIN SUB	p108929	Juegos de mesa/Otros juegos			Lienzo para pintar ppn pez 1
SIN SUB	p108930	Juegos de mesa/Otros juegos			Lienzo para pintar ppn elefante splash
SIN SUB	p108931	Juegos de mesa/Otros juegos			Lienzo para pintar ppn dinosuario
SIN SUB	p108941	Juegos de mesa/Otros juegos			Juego terapéutico StrongSuit Vibes 2 en 1 de diana emocional
SIN SUB	p108947	Juegos de mesa/Otros juegos			Tapete para juegos STORKY 61 x 36 cm de goma antideslizante de 3 mm de grosor
SIN SUB	p108948	Juegos de mesa/Otros juegos			Juego de tetherball de escritorio Running Press Mini Editions
SIN SUB	p108977	Juegos de mesa/Otros juegos			Rueda traductora de jerga Slang-o-Matic de Dissent Pins 20 x 22 cm
SIN SUB	p108981	Juegos de mesa/Otros juegos			Juego DŌTEKI Multiplayer Battle Pack Heatoru & Arctos
SIN SUB	p108997	Juegos de mesa/Otros juegos			Libro Novela corta «Subtraction» publicado de forma independiente
SIN SUB	p109021	Juegos de mesa/Otros juegos			Lienzo para pintar ppn tres perros
SIN SUB	p109022	Juegos de mesa/Otros juegos			Lienzo para pintar ppn tres gatos
SIN SUB	p109029	Juegos de mesa/Otros juegos			Libro publicado de forma independiente: ¿Preferirías... baloncesto?
SIN SUB	p109051	Juegos de mesa/Otros juegos			Colección temática Holiday Hands Edición 2026 de Mah Jongg
SIN SUB	p109088	Juegos de mesa/Otros juegos			Flotador de Sirena y Avión para Bebés con Pistola de Agua,Asiento Antivuelco de PVC con Diseño de Co
SIN SUB	p109099	Juegos de mesa/Otros juegos			Flotador para Bebés con Sombrilla y Asiento Antivuelco,Cámara de Agua de PVC con Protección Solar, H
SIN SUB	p109109	Juegos de mesa/Otros juegos			Libro Ace: El escenario del fin del mundo de Carl (Dungeon Crawler Carl)
SIN SUB	p109120	Juegos de mesa/Otros juegos			Kit de juguete Timetome Magic Water Elf con 20 geles y 10 moldes
SIN SUB	p109122	Juegos de mesa/Otros juegos			Juego de gato magnético promocional de escritorio-junk
SIN SUB	p109123	Juegos de mesa/Otros juegos			Mini coleccionables MGA's Miniverse Make It Mini Café Serie 6
SIN SUB	p109130	Juegos de mesa/Otros juegos			Juego de despedida de soltera Diakos 8 en 1 para 50 invitados
SIN SUB	p109137	Juegos de mesa/Otros juegos			Kit de geodas TruEnergy 20 cristales marroquíes reales 25-38 cm
SIN SUB	p109144	Juegos de mesa/Otros juegos			Kit de juguete Albxiu de elfos de agua mágicos con 22 geles y moldes
SIN SUB	p109154	Juegos de mesa/Otros juegos			Juguete MGA's Miniverse Make It Mini Spring DIY Crafts
SIN SUB	p109157	Juegos de mesa/Otros juegos			Juego de viaje de fichas Big Potato OK Play impermeable
SIN SUB	p109159	Juegos de mesa/Otros juegos			Kit de actividades Blue Marble Aventura Pirata con catalejo
SIN SUB	p109166	Juegos de mesa/Otros juegos			Kit de disección Tiburón Blanco Brillante Blue Marble Anatomía
SIN SUB	p109167	Juegos de mesa/Otros juegos			¿Qué con qué? asociación  de imágenes
SIN SUB	p109169	Juegos de mesa/Otros juegos			Sopa de silabas
SIN SUB	p109173	Juegos de mesa/Otros juegos			Centro de guardería Playard Pamo Babe Deluxe con capazo gris
SIN SUB	p109174	Juegos de mesa/Otros juegos			Play Space Evenflo versátil 6 paneles ajustables (gris frío)
SIN SUB	p109178	Juegos de mesa/Otros juegos			Baby Trend Lil' Snooze Deluxe III Cozy Mint con capazo
SIN SUB	p109180	Juegos de mesa/Otros juegos			Libro publicado de forma independiente Mi bebé deportista
SIN SUB	p109183	Juegos de mesa/Otros juegos			Providence (Tides of Fortune) - Libro de publicación independiente
SIN SUB	p109193	Juegos de mesa/Otros juegos			Kit Diorama de Animales de la Selva Tropical LuciPaw de 33 Piezas
SIN SUB	p109197	Juegos de mesa/Otros juegos			Mesa Multijuego 6 en 1 VANLIG | Plegable Billar Hockey Tenis Bolos Tejo
SIN SUB	p109228	Juegos de mesa/Otros juegos			Huevos de triops Red Longicaudatus GREEN WATER FARM 200 unidades
SIN SUB	p109238	Juegos de mesa/Otros juegos			Set de juego de arenero John Deere con 5 camiones y tapa
SIN SUB	p109239	Juegos de mesa/Otros juegos			Juego de Hilo Clásico Dan&Darci - Cat's Cradle
SIN SUB	p109241	Juegos de mesa/Otros juegos			BONNYCO Juego de 4 en Raya paquete de 16 mini juegos de mesa de viaje
SIN SUB	p109245	Juegos de mesa/Otros juegos			Ruleta de premios Pionites de 20 cm para mesa con marcador
SIN SUB	p109250	Juegos de mesa/Otros juegos			Libro Ace Dungeon Crawler Carl
SIN SUB	p109251	Juegos de mesa/Otros juegos			Libro This Inevitable Ruin: Dungeon Crawler Carl
SIN SUB	p109255	Juegos de mesa/Otros juegos			Juego de cuencos con fuente para baño y agua Toy PlanToys 5714
SIN SUB	p109256	Juegos de mesa/Otros juegos			Barquitos de baño SplashEZ set flotante de 3 piezas sin moho
SIN SUB	p109261	Juegos de mesa/Otros juegos			Juego de baloncesto de mesa Franklin Sports WNBA Mini Hoop
SIN SUB	p109270	Juegos de mesa/Otros juegos			Libro Ace: A Parade of Horribles (Dungeon Crawler Carl)
SIN SUB	p109273	Juegos de mesa/Otros juegos			ZL-YXL-ZQT
SIN SUB	p109319	Juegos de mesa/Otros juegos			Miniverse Make It Mini Hello Kitty Series 2 de MGA
SIN SUB	p109340	Juegos de mesa/Otros juegos			Tarjetas de conversación TALES Friends Edition 150 tarjetas
SIN SUB	p109346	Juegos de mesa/Otros juegos			Pressman de Tumble Game
SIN SUB	p109353	Juegos de mesa/Otros juegos			Flotador Tipo Asiento con Sombrilla para Bebé - Cámara de Agua con Diseño de Conejo, Antivuelco y Pr
SIN SUB	p109354	Juegos de mesa/Otros juegos			Flotador Tipo Asiento con Sombrilla y Diseño Retro de Piruleta - Cámara de Agua Inflable para Bebés 
SIN SUB	p109368	Juegos de mesa/Otros juegos			Flotador de pato amarillo para bebé con tanque de agua, cinturón de seguridad y base tipo pantalón; 
SIN SUB	p109370	Juegos de mesa/Otros juegos			Reserve WizKids Pocket Eyewitness Cars: hechos al alcance de su mano
SIN SUB	p109383	Juegos de mesa/Otros juegos			Dispositivo de flotación de agua Intex 59220NP Animal Split anillo de natación
SIN SUB	p109424	Juegos de mesa/Otros juegos			Juguete Daruma Otoshi Tomerry de madera tradicional japonesa 22 x 47 cm
SIN SUB	p109434	Juegos de mesa/Otros juegos			Aleta para natación tipo sirena (monofín)
SIN SUB	p109437	Juegos de mesa/Otros juegos			Dardera Magnética Doble Vista
SIN SUB	p109469	Juegos de mesa/Otros juegos			Juego de tiro baloncesto Bluelander, para interiores con bomba y 4 pelotas, material resistente ABS.
SIN SUB	p109475	Juegos de mesa/Otros juegos			Kit Clasico
SIN SUB	p109476	Juegos de mesa/Otros juegos			Kits Maravillas del Mundo
SIN SUB	p109481	Juegos de mesa/Otros juegos			Casita y supermercado​ timbre con luz y
SIN SUB	p109489	Juegos de mesa/Otros juegos			Rc. Gold Edition 500 Pzs, Dulce Vida
SIN SUB	p109490	Juegos de mesa/Otros juegos			Rc. Gold Edition 500 Pzs, Casa en el Muelle
SIN SUB	p109491	Juegos de mesa/Otros juegos			Rc. Gold Edition 500 Pzs, Atardecer en el Océano
SIN SUB	p109492	Juegos de mesa/Otros juegos			Rc. Gold Edition 500 Pzs, San Francisco
SIN SUB	p109493	Juegos de mesa/Otros juegos			Rc. Gold Edition 500 Pzs, Artardecer en el Puerto
SIN SUB	p109498	Juegos de mesa/Otros juegos			Rc. Gold Edition 500 Pzs, Atardecer en la Toscana
SIN SUB	p109499	Juegos de mesa/Otros juegos			Juego de Viajero Estalla Y Salta
SIN SUB	p109501	Juegos de mesa/Otros juegos			Rc. Gold Edition 500 Pzs, Gran Canal, Venecia
SIN SUB	p109502	Juegos de mesa/Otros juegos			Juego de Viajero Torre De Equilibrio
SIN SUB	p109503	Juegos de mesa/Otros juegos			Juego de Viajero Escaleras
SIN SUB	p109505	Juegos de mesa/Otros juegos			Juego de Viajero Sillas En Equilibrio
SIN SUB	p109506	Juegos de mesa/Otros juegos			Juego de Viajero Tangram
SIN SUB	p109507	Juegos de mesa/Otros juegos			Juego de Viajero Rana Saltante
SIN SUB	p109508	Juegos de mesa/Otros juegos			Juego de Viajero Boliche
SIN SUB	p109509	Juegos de mesa/Otros juegos			Rc. Gold Edition 500 Pzs, Dulcería
SIN SUB	p109614	Juegos de mesa/Otros juegos			Play Doh: Lata de Play Doh Aleatorio
SIN SUB	p109618	Juegos de mesa/Otros juegos			Juego de bolas magnéticas
SIN SUB	p109619	Juegos de mesa/Otros juegos			Juego de bolas magnéticas verde metálico
SIN SUB	p109620	Juegos de mesa/Otros juegos			Juego de bolas y barras magneticas plata
SIN SUB	p109621	Juegos de mesa/Otros juegos			Casa de Campaña Puerta Plegable 90x120x120 cm Rosa
SIN SUB	p109623	Juegos de mesa/Otros juegos			Juego de bolas magnéticas azul rey
SIN SUB	p109625	Juegos de mesa/Otros juegos			Baby Garage Divertido
SIN SUB	p109629	Juegos de mesa/Otros juegos			Juego De Bolos Infantino Stack N Bowling
SIN SUB	p111416	Movilidad eléctrica/			Arnes electrico vento crossmax 220 (25) 12v
SIN SUB	p118299	Videojuegos/Otros accesorios gamer			Kit de Reemplazo de Botones Rowsmau para Xbox 360 Negro
SIN SUB	p118327	Videojuegos/Otros accesorios gamer			Kit de herramientas OSTENT para abrir y desmontar Xbox 360
SIN SUB	p12017	Joyería y bisutería/Otros			Exclusive Niche Design Marine Inspired Golden Seashell & Starfish Jewelry Set Vintage Glam Beach Par
SIN SUB	p12029	Joyería y bisutería/Otros			Radiant Cut Loose Moissanite Stone Brilliant Cut 0.4~5ct Lab Grown Moissanite Diamonds Pass test Wit
SIN SUB	p12036	Joyería y bisutería/Otros			New Luxury Rhinestone Bow Tie High-end Gift Men Women's Fashion Korean British Business Banquet Bowt
SIN SUB	p12048	Joyería y bisutería/Otros			Gold-plated blue spinel square minimalist style jewelry set for women 8*8
SIN SUB	p12060	Joyería y bisutería/Otros			Creative Animal Doctor Brooch Enamel Pins Funny Animal Badge TRUST ME I'M A DOGTOR Brooches Clothes 
SIN SUB	p12097	Joyería y bisutería/Otros			Vintage Blue White Rhinestone Oval Forest Black Brooches For Woman Luxury Brand Jewelry Trending 202
SIN SUB	p12106	Joyería y bisutería/Otros			HNYYX Elegant Gold Color Mesh Flower Hairpin Tassel Head Clips Wedding Bridesmaid Headwear Fashion H
SIN SUB	p12138	Joyería y bisutería/Otros			Heavy industry haute couture pineapple exquisite Seiko brooch
SIN SUB	p12182	Joyería y bisutería/Otros			Gold-plated rose cut fat square premium set main stone 14*14
SIN SUB	p121864	Otros/			Juego de Conectores para Manguera Sanpaint Zinc Aluminio Macho y Hembra 2 Piezas
SIN SUB	p12199	Joyería y bisutería/Otros			Chinese Ethnic Style Bridal Headdress Beautiful Velvet Flower Tassel Red Hair Accessories Hanfu Clot
SIN SUB	p12208	Joyería y bisutería/Otros			Levmoudra Round Crown for Women Queen Crown and Tiara Crystal Rhinestone Princess Tiaras Crowns Wedd
SIN SUB	p12215	Joyería y bisutería/Otros			Dudo Store Bohemian African Crystal Jewelry Set Size US 8 Crystal Fine Body Jewelry Set Shoulers Cus
SIN SUB	p12232	Joyería y bisutería/Otros			Levey Baroque Luxury Crystal Royal Queen Wedding Crown Rhinestone Bride Diadem Pageant Headdress Tia
SIN SUB	p12259	Joyería y bisutería/Otros			Levmoudra Queen Crown and Tiara Pageant Sparkly Rhinestone Wedding Crown Bride Tiaras Princess Full 
SIN SUB	p12271	Joyería y bisutería/Otros			Diana baby Fashion jewelry Dubai 14k Gold Plated Ball Wedding Bride jewelry Sets For Women
SIN SUB	p12318	Joyería y bisutería/Otros			Tibetan Jiu Zi Li Huo Zha Ji Ram 108 prayer beads, Tibetan style hand woven multiple circles, handhe
SIN SUB	p12329	Joyería y bisutería/Otros			Vintage Colorful Rhinestone Koi Brooches For Woman Luxury Trendy Brand Jewelry Retro Style High Qual
SIN SUB	p12345	Joyería y bisutería/Otros			Hip Hop Full Iced Out Multi-Function Round Stainless Steel Fashion Luxury Zircon Quartz Square Wrist
SIN SUB	p12346	Joyería y bisutería/Otros			5 PCS Cultured White Pearl Green Crystal Pave Spacer Beads Connector Jewelry Accessory
SIN SUB	p12352	Joyería y bisutería/Otros			1Pc Fashion Shiny Copper Inlaid Zircon Hip Hop Teeth Grillz Body Jewelry Halloween Tooth Party Essen
SIN SUB	p12353	Joyería y bisutería/Otros			Natural Sultanite Amethyst Jewelry Set Color Change Stone Purify Negative Energy Balance Chakra Spir
SIN SUB	p123653	Videojuegos/Otros accesorios gamer			Videojuego Ubisoft Your Shape para Wii con Cámara de Fitness
SIN SUB	p123674	Videojuegos/Otros accesorios gamer			Accesorio VANJUNN Botón de hombro L/R para Nintendo 3DS
SIN SUB	p123719	Videojuegos/Otros accesorios gamer			Paquete de Cámara y Videojuego Ubisoft Fit in Six para Wii
SIN SUB	p12377	Joyería y bisutería/Otros			Ylaili Italian brass gold plated jewelry set designed by Chinese factory, interlocking large chain f
SIN SUB	p12381	Joyería y bisutería/Otros			Bride Talk Luxury 4PCS Marquise Leaf Tassel CZ Zirconia Bridal Jewelry Set Dubai African Nigerian We
SIN SUB	p12457	Joyería y bisutería/Otros			Bride Talk Stunning 4PCS Full CZ Zirconia Marquise Cut Leaf Jewelry Collection Dubai Nigerian Bridal
SIN SUB	p125137	Otros/Varios			Estuche rígido Fintie para audífonos Sony WH-CH720N / CH520 / XM6 / XM5
SIN SUB	p131241	Otros/			Kit 4 Piezas Sombrilla Con Angulo Jardin Playa 2.7 Metros Jardimex
SIN SUB	p131242	Muebles/Otros			Sombrilla Jardin Sol Playa Angulo 2.7 m Diametro Exterior Jardimex
SIN SUB	p135048	Juegos de mesa/Otros juegos			Set Spidey and his Amazing Friends Delfín Ciclónico
SIN SUB	p135072	Juegos de mesa/Otros juegos			Set de Batalla Beyblade X Drop Attack Beystadium
SIN SUB	p135109	Juegos de mesa/Otros juegos			Set De Juegos 30 En 1
SIN SUB	p135130	Juegos de mesa/Otros juegos			Juego De Viaje ¿Qué Soy? Familia
SIN SUB	p135351	Juegos de mesa/Otros juegos			Hedbanz Adulting
SIN SUB	p136615	Deportes y fitness/Otros			Goggle Voit Jr
SIN SUB	p136946	Deportes y fitness/Otros			Cable Candado Mikels CCA 65 Azul
SIN SUB	p136958	Deportes y fitness/Otros			Plataforma de vibración para ejercicio Bio Shaker
SIN SUB	p136997	Deportes y fitness/Otros			Power Legs CV Directo Mejora Circulación y Fortalece Las Piernas
SIN SUB	p137146	Deportes y fitness/Otros			Cuerda Afxports de Salto Con Peso
SIN SUB	p138294	Deportes y fitness/Otros			Guante Under Armour Golf Medal Hombre 1349705-001
SIN SUB	p138295	Deportes y fitness/Otros			Guante Under Armour Golf Iso-Chill Hombre 1370277-100
SIN SUB	p138388	Deportes y fitness/Otros			Manopla Wilson Béisbol 2021 A360 SP13 Unisex WBW10019213
SIN SUB	p138389	Deportes y fitness/Otros			Manopa Wilson Béisbol A360 Carbon 12" Unisex
SIN SUB	p138390	Deportes y fitness/Otros			Manopla Wilson Béisbol A360 Niño
SIN SUB	p138420	Deportes y fitness/Otros			Bat Wilson Béisbol Génesis Niño
SIN SUB	p138768	Deportes y fitness/Otros			Cuerda Capelli Sport Entrenamiento Comfort Handle Unisex CSEF-1002-LP
SIN SUB	p138771	Deportes y fitness/Otros			Cuerda Capelli Sports Entrenamiento Unisex CSEF-1005
SIN SUB	p138772	Deportes y fitness/Otros			Cuerda Wilson Tennis Revolve Spin Unisex
SIN SUB	p139105	Deportes y fitness/Otros			Tablero Spalding Basquetbol Unisex
SIN SUB	p139106	Deportes y fitness/Otros			Tablero Educar Basquetbol Infantil Unisex NL-02J
SIN SUB	p139108	Deportes y fitness/Otros			Mesa Atomic Tejo 9' Platino M01702AW
SIN SUB	p139473	Deportes y fitness/Otros			Hoverboard Hovershoes Moboss S300 Negro/Azul 10 km/h
SIN SUB	p139476	Deportes y fitness/Otros			Hoverboard Bluetooth Moboss A5 M
SIN SUB	p140114	Videojuegos/Otros accesorios gamer			Cámara para Switch 2, Webcam USB Compatible con Switch 2
SIN SUB	p140175	Videojuegos/Otros accesorios gamer			Freno de Mano para Juegos USB, Freno de Mano Progresivo Universal de 64 Bits, Periféricos para Juego
SIN SUB	p140189	Videojuegos/Otros accesorios gamer			Almohadilla de golf para mango de golf periféricos para accesorios de juego de interruptor
SIN SUB	p140195	Videojuegos/Otros accesorios gamer			Cryfokt Freno de Mano USB Ajustable, Periféricos de Juegos de PC de Aleación de Aluminio de 64 Bits 
SIN SUB	p140196	Videojuegos/Otros accesorios gamer			Cryfokt Freno de Mano USB Universal, Periféricos Duraderos para Juegos de PC de 64 Bits para Juegos 
SIN SUB	p140197	Videojuegos/Otros accesorios gamer			Universal 64 Bit USB Handbrake Periférico de Juegos para PC Aleación Aluminio CNC Carreras SIM G25 G
SIN SUB	p140199	Videojuegos/Otros accesorios gamer			Freno de mano USB universal de 64 bits, freno de mano lineal para juegos para PC con, periféricos de
SIN SUB	p140200	Videojuegos/Otros accesorios gamer			Yinhing PC con Freno de Mano USB de 64 Bits para Accesorios de Juegos Profesionales Compatible con T
SIN SUB	p140633	Otros/Varios			50 Bolsas de Aluminio Reutilizables para Congelar y Almacenar Alimentos
SIN SUB	p141135	Cámaras de seguridad/None			Placa De Seguridad Ring
SIN SUB	p141713	Otros/Varios			Genérico Juego de 2 Soportes de Pared Ajustables para Smartphones y tabletas (4-12 Pulgadas), Ideal 
SIN SUB	p141789	Otros/Varios			Owine - Adaptador universal para trípode para teléfono celular, compatible con iPhone, Samsung Galax
SIN SUB	p141887	Otros/Varios			Teléfono retro con Bluetooth inalámbrico y auriculares USB para teléfonos celulares a prueba de radi
SIN SUB	p142754	Otros/Varios			Ringke Dual Magnetic Smart Holder Compatible con Accesorios MagSafe [Bisagra Ajustable Multiángulo] 
SIN SUB	p142761	Otros/Varios			Teléfono retro con Bluetooth inalámbrico y auriculares USB para teléfonos celulares a prueba de radi
SIN SUB	p142766	Otros/Varios			ULANZI MT-44B Trípode para Celular,configuración de Doble cámara,150cm
SIN SUB	p142809	Otros/Varios			Refrigeradores de teléfonos móviles for Juegos Accesorios Ventilador refrigeración celulares Recarga
SIN SUB	p142856	Otros/Varios			Microscopio Digital con Pantalla IPS HD de 7 Pulgadas, Lupa amplificación Continua Industrial USB 50
SIN SUB	p143349	Otros/Varios			Retroring for Cell Phones, Auricular Retro USB-C para Celular, Old Fashion Handset, Pick Retro Phone
SIN SUB	p143370	Otros/Varios			Cooler para Celular, Enfriador para Celular Silencioso de Enfriamiento Rápido con Clip y Anillo para
SIN SUB	p143382	Otros/Varios			ULANZI SK-03-1 Trípode para Selfie,162CM,para celulares y cámara Deportiva
SIN SUB	p143415	Otros/Varios			iOttie Easy One Touch Advanced Soporte Universal para salpicadero y Parabrisas con Ventosa para iPho
SIN SUB	p143416	Otros/Varios			Detector EMF, detecta los 3 tipos de radiación electromagnética EMF en 1 medidor EMF para torres cel
SIN SUB	p143484	Otros/Varios			Accesorios de microscopio de laboratorio USB para microscopio digital, lupa para reparación de teléf
SIN SUB	p143700	Otros/Varios			PACKOVE 10 Piezas Herramienta De Apertura De Electrónica De Acero Inoxidable Espátulas Reparación Ce
SIN SUB	p143708	Otros/Varios			Elecrelive 40g Arcilla polimérica luminosa Sprinkles Nail Art Slices 4 colores Sprinkles falsos Roda
SIN SUB	p143777	Otros/Varios			Microscopio Observación USB Microscopio digital Lupa de joyería para reparación de teléfonos celular
SIN SUB	p143779	Otros/Varios			Microscopio Observación USB Microscopio digital Lupa de joyería para reparación de teléfonos celular
SIN SUB	p143792	Otros/Varios			Medidor de energía for Redes celulares 4G EM114070 con relé y Base gsm 4G, medidor monofásico, medid
SIN SUB	p143833	Otros/Varios			Mezclador de vórtice, Máquina for romper paredes celulares, 8 tubos de ensayo 2 ml, mezcladores vórt
SIN SUB	p143855	Otros/Varios			Máquina for romper paredes celulares, 8 tubos de ensayo de 2 ml, mezcladores de vórtice MX-C for lev
SIN SUB	p146285	Otros/Varios			Estación de carga inalámbrica 3 en 1 para dispositivo Apple: estación de carga rápida para iPhone y 
SIN SUB	p146571	Otros/Varios			Twelve South HiRise 3 Deluxe, Soporte de Carga inalámbrico Compacto de Lujo Magsafe para iPhone, Air
SIN SUB	p148908	Cargadores y adaptadores/			DONGPUCUN Fuente de alimentación de 12V de repuesto para batería Milwaukee M-12 con enchufe de pared
SIN SUB	p151843	Lavadoras/			Fregadora de pisos comercial portátil, máquina para pisos para una limpieza eficiente, cepillo doble
SIN SUB	p151999	Lavadoras/			Mini fregadora de Suelos Profesional, ultracompacta y portátil, diseño inalámbrico, batería de 120 M
SIN SUB	p152324	Otros/Varios			Matamoscas Eléctrico Matamoscas Eléctrico con Batería Inalámbrica Asesino de Raquetas de Insectos Po
SIN SUB	p152548	Baterías portátiles/None			memzuoix - mouse inalámbrico de 2,4 G, 1400 DPI para computadora con receptor USB, mouse inalámbrico
SIN SUB	p152716	Otros/Varios			Baseus Batería para Magsafe, 5000mAh Bancos de Energía Portátiles para Celular PD 20W con Soporte, p
SIN SUB	p152839	Otros/			Deckit Starlink Mini adaptador de batería, compatible con la batería Milwaukee M18, convertidor de e
SIN SUB	p153219	Otros/Varios			Medidor de Voltaje de Batería, Probador de Valor Resistivo Interno, Probador de Batería Portátil par
SIN SUB	p153342	Otros/Varios			Medidor de voltaje de batería, probador de valor resistivo interno, pantalla LCD portátil para bater
SIN SUB	p154637	Lavadoras/			Fregadora de pisos comercial portátil, máquina para pisos para una limpieza eficiente, cepillo doble
SIN SUB	p154648	Lavadoras/			Fregadora de Pisos Comercial portátil, máquina para Pisos para una Limpieza eficiente, Cepillo Doble
SIN SUB	p154849	Lavadoras/			Mini fregadora de Suelos Profesional, ultracompacta y portátil, diseño inalámbrico, batería de 120 M
SIN SUB	p174781	Videojuegos/Otros accesorios gamer			Kit de Altavoces internos Izquierdo y Derecho para Switch/Switch Lite, repuestos para de Juegos, boc
SIN SUB	p175942	Videojuegos/Otros accesorios gamer			Bushnell Disc Jockey -Bluetooth -Speaker, Lightweight Disk Golf -Speaker with Distance to Basket -GP
SIN SUB	p1763	Deportes y fitness/Otros			Telémetro de golf CIGMAN CT-1200 de 1312 yardas
SIN SUB	p176421	Videojuegos/Otros accesorios gamer			Bocina de sirena antirrobo, 1K0951605A, 1K8951605A, 12V, 3 pines, STD, 6 meses de garantía, 1 unidad
SIN SUB	p178663	Videojuegos/Otros accesorios gamer			Altavoz Incorporado Altavoz Interno de Repuesto para Consola de Juegos Switch/Lite Kit de Accesorios
SIN SUB	p181280	Otros/Varios			Plástico Auriculares Falso Negro Micrófono para Disfraz
SIN SUB	p182555	Videojuegos/Otros accesorios gamer			RIG 900 MAX HS Multi-Platform Dual Wireless Gaming Headset with Bluetooth Officially Licensed for Pl
SIN SUB	p182981	Audífonos/None			Sony Outdoor Monitor Auriculares para Apple con llamadas manos libres | mdr-zx700ip
SIN SUB	p184980	Muebles/Otros			JOY Worker - Soporte de PC para computadora de pie, soporte de computadora con abrazadera para compu
SIN SUB	p185400	Otros/Varios			Auricular de Teléfono Retro USB C, Receptor de Teléfono Celular de Mano de 3,5 Mm con Cable de Exten
SIN SUB	p186452	Videojuegos/Otros accesorios gamer			Orzly - Teclado para juegos color rosa RGB USB con cable arcoíris diseñado para jugadores de PC, PS4
SIN SUB	p186624	Otros/Varios			Universal Travel Keyboard Plus, nuevo teclado portátil Bluetooth dual con retroiluminación de 7 colo
SIN SUB	p1918	Otros/Varios			Tarjeta de seguimiento inteligente ZIKE Z006
SIN SUB	p192249	Otros/Varios			Soporte para Proyector con Ruedas, Soporte para Proyector Tripode con Bandeja para Ratón, Porta Celu
SIN SUB	p193642	Otros/Varios			Bolsas de aluminio para congelar 60 unidades Bolsas de aluminio reutilizables y sellables para almac
SIN SUB	p193801	Refrigeradores/			Midea MDRT580MTM46W Refrigerador Top Mount Smart Sensor Bru Steel 15 Pies Cúbicos
SIN SUB	p194252	Otros/Varios			Trípode de soporte para proyector y portátil, 2 estantes para trípode móvil, altura máxima de 47 pul
SIN SUB	p194359	Otros/Varios			Proyector Portátil Full HD WiFi [Pantalla Incluida], Soporte 1080P LED Cine En Casa para Smartphone 
SIN SUB	p194484	Otros/Varios			Soporte para proyector con ruedas, trípode para portátil de 29 a 69 pulgadas con bandeja para mouse,
SIN SUB	p194648	Proyectores y accesorios/			Missyou Holograma 3D, Ventilador HolográFico 3D De Pantalla De Publicidad De 50cm, Biblioteca De 700
SIN SUB	p194853	Proyectores y accesorios/			Diseño de montaje rápido – no necesita herramientas – Jumbo 120 pulgadas 16: 9 portátil para exterio
SIN SUB	p197413	Otros/Varios			Pantalla de proyección portátil pequeña de 60 Pulgadas y 72 Pulgadas con trípode, Pantalla de proyec
SIN SUB	p197416	Otros/Varios			Pantalla de proyección portátil pequeña de 60 Pulgadas y 72 Pulgadas con trípode, Pantalla de proyec
SIN SUB	p20006	Electrodomésticos/Otros			Oven door hinge commercial disinfection cabinet stainless steel door hinge accessories
SIN SUB	p20010	Impresión 3D/			WZ-1pc Replacement Upright Electric Heater Motor YJ61-16 220VAC 28W Raditor Motor Warm Air Blower He
SIN SUB	p20032	Cargadores y adaptadores/Otros			1pcs New Electric Wrench Adapter, Universal Dual-Purpose Square Shaft Multi-Function Electric Drill 
SIN SUB	p20124	Otros/Varios			Cigar cutter 302 Portable cigar pliers High-end tool cigarette cutter xi3
SIN SUB	p20125	Electrodomésticos/Otros			Special hidden ultra-quiet hydraulic buffer hinge bedroom trap door hinge
SIN SUB	p20181	Deportes y fitness/Otros			Hot-selling new teen adult right-handed baseball softball sliding gloves protective gear
SIN SUB	p20245	Cargadores y adaptadores/Otros			yj22 Cross-border car modification accessories for golf cart steering wheel base adapter connector
SIN SUB	p20398	Cargadores y adaptadores/Otros			Car Tire Pressure Gauge Air Inflator EU Adapter Vehicle Tester LCD Digital Test Inflation Monitoring
SIN SUB	p20604	Cargadores y adaptadores/Otros			2pcs for 936 937 Solder Iron Station Heating Tool Heating Tool Adapter Ceramic Heater Core Heating E
SIN SUB	p20609	Cargadores y adaptadores/Otros			Single Phase, Three Phase 10KW Automatic Voltage Regulator AVR Regulator Board Voltage Regulator Gen
SIN SUB	p20619	Juguetes y bebés/Otros			Light Emitting Diode Wheels Foldable Lightweight Plastic and Steel for 3-10 Years
SIN SUB	p20652	Cargadores y adaptadores/Otros			Brushless generator regulator AVR m40fa640a excitation voltage regulator, universal brushless voltag
SIN SUB	p20658	Cargadores y adaptadores/Otros			9qlTDGC2-3K Customized Single-Phase Voltage Regulator 0-250V Electronics with LCD Display for SVC 50
SIN SUB	p20675	Movilidad eléctrica/			Ice machine external display board, adjustment display, ice machine display main board circuit board
SIN SUB	p20711	Cargadores y adaptadores/Otros			Hot Sale Three-phase Voltage Regulator 10kva 50kw Voltage Regulator 220v Three Phase Ac Voltage Regu
SIN SUB	p20713	Cargadores y adaptadores/Otros			Generator IG2000 DU20 230V/50Hz Automatic Voltage Regulator 220V Control Circuit Stabilizer IG2600 D
SIN SUB	p207197	Otros/Varios			Robot de Limpieza de Ventanas eléctrico, Robot Limpiador de Ventanas, Control por Control Remoto par
SIN SUB	p20729	Cargadores y adaptadores/Otros			2026 4KW high-power single-phase temperature control switch 220V voltage regulator,  electric furnac
SIN SUB	p20744	Cargadores y adaptadores/Otros			Double Boost Adjustable Frequency, Pulse Circuit Board with Mixing Interface Thyristor Voltage Regul
SIN SUB	p21043	Cargadores y adaptadores/Otros			New Adapter Plate for QIDI Q1-Pro 3D Printer Accessories
SIN SUB	p21277	Muebles/Otros			Adult Event Team Building Table Curling Community Puzzle Casual Table Ice Hockey
SIN SUB	p21350	Muebles/Otros			Portable Folding Wooden Chess Table Outdoor Use Adult and Student Travel Set
SIN SUB	p21396	Muebles/Otros			Hold'em Table Chip Table Chess and Card Room Special Folding Desktop Cloth Mat Color Size Customizab
SIN SUB	p2200	Deportes y fitness/Otros			Máquina lanzapelotas de tenis PONGBOT Pace S Pro
SIN SUB	p223592	Juguetes y bebés/Otros			Jurassic World Máscara Raptor Rebirth Velociraptor  Mandíbula JGG13
SIN SUB	p223595	Juguetes y bebés/Otros			Minecraft Arco Flecha Electrónico Sonidos Juguete Gamer JDJ04
SIN SUB	p223612	Juguetes y bebés/Otros			Lámpara Zorro Minecraft  PP9472MCF
SIN SUB	p223613	Juguetes y bebés/Otros			Lámpara Minecraft TNT con Luz y Sonido PP8080MCF
SIN SUB	p223614	Juguetes y bebés/Otros			Lámpara The Mandalorian The Child PP7335MAN
SIN SUB	p223620	Juguetes y bebés/Otros			Lámpara Icon Panda PP13276MCF
SIN SUB	p223625	Juguetes y bebés/Otros			Lámpara Bluey con Sonido PP14334BLU
SIN SUB	p223626	Juguetes y bebés/Otros			Reloj Despertador Bluey PP14331BLU
SIN SUB	p223644	Juguetes y bebés/Otros			Lámpara Acrílica Super Mario PP8023NN
SIN SUB	p223649	Juguetes y bebés/Otros			Casco Electrónico Star Wars Black Series La Venganza de los Sith Comandante Clon Cody G1861
SIN SUB	p223687	Juguetes y bebés/Otros			Spiderman Miles Moráles Máscara para Niños
SIN SUB	p223689	Juguetes y bebés/Otros			Dragon Ball Roleplay Goku 37185
SIN SUB	p233128	Videojuegos/Otros accesorios gamer			TicEaik Wall Mount de para Nintendo Switch 2, Kit de Montaje en Pared Metálico con 1 Porta Controlad
SIN SUB	p233143	Videojuegos/Otros accesorios gamer			HORI Cámara de la Planta Piraña para Nintendo® Switch 2 - Piranha Plant Camera for Nintendo® Switch 
SIN SUB	p233156	Videojuegos/Otros accesorios gamer			Mcbazel Kit de Montaje en Pared de Metal para Nintendo Switch 2
SIN SUB	p233195	Videojuegos/Otros accesorios gamer			Jectse Cámara de Planta de Consola de Juegos Ajuste para Switch 2 Consola Tipo C Interfaz Cámica Web
SIN SUB	p233316	Videojuegos/Otros accesorios gamer			NYI Upgraded 4550mAh HAC-003 Battery Replacement Compatible with Nintendo Switch Console Handhold HA
SIN SUB	p233322	Videojuegos/Otros accesorios gamer			Orzly Accessories Kit bundle Compatible with Nintendo Switch OLED Console (NOT 2017 Edition compatib
SIN SUB	p233329	Videojuegos/Otros accesorios gamer			Replacement LCD Display Screen for Switch Lite, Compatible LCD Display Panel Repair Parts, Screen Re
SIN SUB	p233335	Videojuegos/Otros accesorios gamer			Placa de botón lateral izquierdo HDH-SAKYO-01 placa base de juego PCB para consola de llavero, pieza
SIN SUB	p233400	Videojuegos/Otros accesorios gamer			Cleaning Repair Tool Kit for PS4 PS5, Screwdriver Set with TR9 Torx Security Screwdriver PH00 PH0 PH
SIN SUB	p233415	Videojuegos/Otros accesorios gamer			Blu-Rays - Unidad de DVD de repuesto para PlayStation 4 CUH-1200 Series (CUH-1215A/CUH-1215B)
SIN SUB	p233593	Videojuegos/Otros accesorios gamer			Reemplazo de unidad óptica para Sony para PlayStation 5 para PS5 KEM-497AAA, módulo lector de discos
SIN SUB	p233676	Videojuegos/Otros accesorios gamer			Geekria Transparent Cover Plates Compatible with PS5, PlayStation 5 Console Disc Edition, Hard Shock
SIN SUB	p233690	Videojuegos/Otros accesorios gamer			KES-497 PS5 Lente de repuesto láser – Unidad óptica Blu-ray Lente láser única KES-497AAA Reemplazo p
SIN SUB	p233755	Videojuegos/Otros accesorios gamer			NBA BOUNCE Amazon Exclusive with Sticker Sheet - Nintendo Switch
SIN SUB	p233792	Videojuegos/Otros accesorios gamer			The Grinch 2: Saving Christmas Amazon Exclusive Sticker Sheet - Nintendo Switch
SIN SUB	p233806	Videojuegos/Otros accesorios gamer			¡Dos! Battle Cats -Switch ([Bonus incluido] - 1 Tarjeta de serie de bonificación de paquete (conjunt
SIN SUB	p233887	Videojuegos/Otros accesorios gamer			Gradius Origins with Gradius 2 Cover Art (Limited Run Games #279) - for Nintendo Switch
SIN SUB	p234499	Videojuegos/Otros accesorios gamer			Invincible VS Amazon Exclusive Variant Cover - Playstation 5
SIN SUB	p234512	Videojuegos/Otros accesorios gamer			LONGLIV Kit de Accesorios 25 en 1 para Nintendo Switch 2 (2025), que Incluye un Estuche de Transport
SIN SUB	p234525	Videojuegos/Otros accesorios gamer			Kit 33 en 1 de Accesorios para Nintendo Switch 2, Funda Nintendo Switch 2 y Estuche de Transporte Rí
SIN SUB	p234526	Videojuegos/Otros accesorios gamer			ONG NAMO Kit de Accesorios 23 en 1 para Nintendo Switch 2
SIN SUB	p234527	Videojuegos/Otros accesorios gamer			LEGO Game Boy Kit de Construcción de Modelo, Regalo para Jugadores y Fans Adultos de Nintendo, Set C
SIN SUB	p234546	Videojuegos/Otros accesorios gamer			Kit de Accesorios 26 en 1 para Nintendo Switch 2 con Estuche Rígido
SIN SUB	p234549	Videojuegos/Otros accesorios gamer			Kit de Accesorios 26 en 1 para Nintendo Switch 2 (2025), Incluye Funda de Viaje, 2 Protector de Pant
SIN SUB	p234561	Videojuegos/Otros accesorios gamer			GUTIAL Accessories Bundle for Nintendo Switch 2 2025 - Cute Kawaii NS 2 Accessories kit for Grils Bo
SIN SUB	p234573	Videojuegos/Otros accesorios gamer			GeekShare - Juego de Tapas para Botones de cruceta y Agarre para Pulgar compatibles con Switch 2, Pe
SIN SUB	p234593	Videojuegos/Otros accesorios gamer			Switch OLED Sports Accessories Bundle - 10 en 1 Kit de Accesorios de La Familia para Juegos Deportiv
SIN SUB	p234608	Videojuegos/Otros accesorios gamer			Vmingo Kit 36en1 Accesorios Compatibles Nintendo Switch Oled Compartimento Funda Rigida Joycon Trans
SIN SUB	p234610	Videojuegos/Otros accesorios gamer			eXtremeRate Kit de Tiras Decorativas de Reemplazo para Joycon 2, Cubierta Lateral Personalizada, DIY
SIN SUB	p234611	Videojuegos/Otros accesorios gamer			Accessories Kit for Nintendo Switch Lite - YOOWA Accessories Bundle with Carrying Case, Protective C
SIN SUB	p234612	Videojuegos/Otros accesorios gamer			Floating Wall Mount for Nintendo Switch, Black, 7.12"L x 3"W x 2.5"H
SIN SUB	p234620	Videojuegos/Otros accesorios gamer			YOOWA Accessories Bundle for Nintendo Switch OLED Animal Model Crossing 2021 - Accessory kit NS Oled
SIN SUB	p234622	Videojuegos/Otros accesorios gamer			GUTIAL Paquete de accesorios para Nintendo Switch Lite - Lindo kit de accesorios de Kawaii para niña
SIN SUB	p234658	Videojuegos/Otros accesorios gamer			JDGPOKOO Kit de Accesorios 4 en 1 para PSP 1000/2000/3000, Funda de Transporte para PSP 1000, 2000 y
SIN SUB	p234706	Videojuegos/Otros accesorios gamer			CTA Digital SPS4-MFC game console part/accessory Maleta de transporte - Accesorios y piezas de video
SIN SUB	p234732	Videojuegos/Otros accesorios gamer			KESOTO 2Pcs Encendido Botón De Apagado Botón De Disco De DVD Expulsar Clip De Botón De Encendido par
SIN SUB	p234742	Videojuegos/Otros accesorios gamer			Durable Replacement HDD Hard Drive Plastic Cover for Sony for PlayStation 4 Slim/for PS4 Slim Access
SIN SUB	p234772	Videojuegos/Otros accesorios gamer			(Pack of 100) 1.5mm~10mm，Replacement Repair Rubber Conductive Button Pad Keypads Kit，Buttons Repair 
SIN SUB	p234792	Videojuegos/Otros accesorios gamer			3 juegos de almohadillas de botón de silicona conductivas compatibles con Sony Playstation 4 PS4
SIN SUB	p234793	Videojuegos/Otros accesorios gamer			Rubber Feet Plastic Button Screw Cap Cover Set Replacement for Sony PS3 Slim 2000 3000 CECH-20XX CEC
SIN SUB	p234798	Videojuegos/Otros accesorios gamer			Create idea 6PCS Power Eject Button Switch Parts Compatible with Playstation 4 CUH-12XX Console Powe
SIN SUB	p234812	Videojuegos/Otros accesorios gamer			GinTai - Interruptor de botón de expulsión de potencia para Sony PS4 Playstation 4 CUH-1215A SAC-001
SIN SUB	p234818	Videojuegos/Otros accesorios gamer			WC PadZ Pulse Elite - Almohadillas de Cuero PU para PS5 Pulse Elite
SIN SUB	p234833	Videojuegos/Otros accesorios gamer			Alomia 16 Pack Gomitas para thumbstick de Silicona. Gomitas Texturizadas. Compatibles con PS5, Xbox.
SIN SUB	p234837	Videojuegos/Otros accesorios gamer			AKOZLIN Bolso para PS5 / PS5 Pro / PS4,Protección completa
SIN SUB	p234841	Videojuegos/Otros accesorios gamer			Kit de proteccion anti polvi con malla Tapon Anti Polvo Para Ps5 Playstation 5 Pro
SIN SUB	p234850	Videojuegos/Otros accesorios gamer			Almohadillas para Orejas de Repuesto para Sony PS5 Pulse 3D inalámbrico, Accesorios para PlayStation
SIN SUB	p234854	Videojuegos/Otros accesorios gamer			Unidad óptica de Repuesto para para 5 para ps5-497AAA, módulo Lector de Disco para reparación de Con
SIN SUB	p234863	Videojuegos/Otros accesorios gamer			Trunab Gaming Console Backpack Compatible with PS5/PS4/PS4 Pro/PS4 Slim/Xbox One/Xbox One X/Xbox One
SIN SUB	p234865	Videojuegos/Otros accesorios gamer			Trunab Gaming Console Backpack Compatible with PS5/PS4/PS4 Pro/PS4 Slim/Xbox One/Xbox One X, Travel 
SIN SUB	p234872	Videojuegos/Otros accesorios gamer			Transporte for ps5 con Correa Seguridad Anti-Rayones Transporte
SIN SUB	p234873	Videojuegos/Otros accesorios gamer			de Transporte for ps5 con Correa Fija Anti-Rayones de Transporte
SIN SUB	p234878	Videojuegos/Otros accesorios gamer			Sorandy ADP 400er Repuesto de Fuente de Alimentación para Consola Ps5, Unidad de Alimentación de Con
SIN SUB	p234910	Videojuegos/Otros accesorios gamer			Wall Mount for PS5/PS5 Slim/PS5 Pro Console-, Heavy-Duty Steel Bracket for All PS5 Models(Digital an
SIN SUB	p234988	Videojuegos/Otros accesorios gamer			Deal4GO ON/OFF eyect SYNC - Interruptor de botón de encendido para consola Xbox One Slim Console 168
SIN SUB	p234997	Videojuegos/Otros accesorios gamer			AC Adapter for Xbox 360 Console,203W Power Supply Brick with Cord,Replacement Power Brick for Xbox 3
SIN SUB	p235001	Videojuegos/Otros accesorios gamer			Fuente de alimentación Interna, Fuente de alimentación para Consola de Juegos, Fuente de alimentació
SIN SUB	p235023	Videojuegos/Otros accesorios gamer			Deal4GO M1023476-003 - Placa de repuesto para consola Xbox ONE X 1787 M1041049-001
SIN SUB	p235070	Videojuegos/Otros accesorios gamer			Xbox Series X Wall Mount - Metal Wall Mount with Ventilation Design for Xbox Series X
SIN SUB	p235072	Videojuegos/Otros accesorios gamer			Fuente de alimentación Interna, Professional Internal Power Brick Black para Consola Xbox Series S p
SIN SUB	p235169	Videojuegos/Otros accesorios gamer			Hacking the Xbox: An Introduction to Reverse Engineering
SIN SUB	p235296	Videojuegos/Otros accesorios gamer			Kit de Botón Completo de Repuesto para Xbox Series X/S - RT LT RB LB ABXY Juego de Botones de Contro
SIN SUB	p235372	Videojuegos/Otros accesorios gamer			16 en 1 Metal Thumbsticks para Xbox One Elite Series 2, Kits de Accesorios de Reemplazo con Thumbsti
SIN SUB	p235398	Videojuegos/Otros accesorios gamer			Wall Mount for Xbox Series S (Mount the Console & Accessories on Wall Near or Behind TV Left/Right),
SIN SUB	p235400	Videojuegos/Otros accesorios gamer			eXtremeRate 3 en 1 Kits de D-Pads de Metal magnético demontable reemplazable Piezas de Repuesto Vide
SIN SUB	p235404	Videojuegos/Otros accesorios gamer			Universal Under Desk Metal Storage Mount for Xbox Series S/X, PS4 Slim/Pro, Compatible with CPU, UPS
SIN SUB	p235412	Videojuegos/Otros accesorios gamer			Bylitco All Metal Wall and Under Desk Bracket for Xbox Series S ,Mount for XSS,White
SIN SUB	p235415	Videojuegos/Otros accesorios gamer			CDCHGAM 3 in 1 Protection Cover Kit for ROG Xbox Ally X
SIN SUB	p235424	Videojuegos/Otros accesorios gamer			FUNDIARY Wall Mount for Nintendo Switch 2, Metal Wall Mount Kit Shelf Accessories for Switch 2 Conso
SIN SUB	p235446	Videojuegos/Otros accesorios gamer			16-in-1 Soft Dust Proof Plugs Compatible with Switch 2, NUHFUFA Dust Prevention Cover Accessories Ki
SIN SUB	p235461	Videojuegos/Otros accesorios gamer			The Lord of the Tools 2 Set Game Console Power Switch Button with PCB Compatible with Gameboy Pocket
SIN SUB	p235466	Videojuegos/Otros accesorios gamer			Juego de protección para consola Switch 2, juego para interruptor (negro)
SIN SUB	p235467	Videojuegos/Otros accesorios gamer			Deal4GO - Cartuchos de juego con ranura para lector de tarjetas de juego, repuesto para consola Nint
SIN SUB	p235471	Videojuegos/Otros accesorios gamer			Kit de protección para consola Switch 2 para juegos (azul rojo)
SIN SUB	p235481	Videojuegos/Otros accesorios gamer			Akozon Kit de Prueba de Consola de Juegos para Switch 2
SIN SUB	p235482	Videojuegos/Otros accesorios gamer			Tbest Kit de Prueba de Consola de Juegos para Switch 2
SIN SUB	p235487	Videojuegos/Otros accesorios gamer			Wall Mount for Switch 2 Iron Bracket with Card Slots
SIN SUB	p235489	Videojuegos/Otros accesorios gamer			Consolas de juegos Botones de encendido Botones de volumen de repuesto compatibles con Nintendo Swit
SIN SUB	p237112	Muebles/Otros			Literas Individuales y Matrimoniales Estructura Metálica 3 en 1 con
SIN SUB	p237377	Muebles/Otros			KITUL Set de 2 Buros Mesitas de Noche Modernas Minimalistas con Estantes para Recamara, Negro
SIN SUB	p237595	Muebles/Otros			Burós Mesitas de alojamiento redondas Espacio de almacenamiento escondido Iron Neart Standstand Tria
SIN SUB	p240186	Teclados/None			4Tune Escritorio para Oficina Techni Mobili | Con 3 Puertos USB | Gaveta para Archivo, Panel para Im
SIN SUB	p240637	Equipo comercial/			Zebra ZD220t (versión actualizada de Zebra GC420t) impresora térmica de escritorio para etiquetas de
SIN SUB	p244616	Otros/			Soporte de silicona para sofá, bandeja antiderrames y antideslizante, sin BPA, posavasos resistente 
SIN SUB	p245828	Otros/			Caja de celulares, Caja de Metal for teléfono Celular con Revestimiento, for Montaje en Pared o Escr
SIN SUB	p246025	Deportes y fitness/			AGAGA Baloncesto Alimentado por batería for Interiores, portátil, de Mesa, electrónico, inalámbrico,
SIN SUB	p246027	Deportes y fitness/			AGAGA Baloncesto Alimentado por batería for Interiores, portátil, de Mesa, electrónico, inalámbrico,
SIN SUB	p246702	Muebles/Otros			Almohadillas de Repuesto para Auriculares Anker Life Q20 Q20 BT, Almohadillas de Cuero Proteico para
SIN SUB	p246703	Videojuegos/Otros accesorios gamer			Vorago Diademas Gamer con Micrófono RGB Alámbrica Almohadillas XL Over Ear Control de Volumen Super 
SIN SUB	p248196	Otros/			Brazo de Soporte de Polipasto Eléctrico de Alta Resistencia con Capacidad de Carga de 600 Kg, Poste 
SIN SUB	p248244	Otros/			Vent Systems Panel de acceso de 8" x 10" pulgadas para paneles de yeso y techos, pared, cubierta de 
SIN SUB	p251352	Otros/Varios			Genérico Tapete Antideslizante Multifuncional para Tablero de Auto, Versión Actualizada 2026 con Núm
SIN SUB	p251402	Otros/Varios			2 en 1 Porta Vasos para Auto, Soporte telescópico para teléfono de Coche, Tamaño de Base Ajustable, 
SIN SUB	p251590	Otros/Varios			Juego de 27 accesorios brillantes de auto para mujer, funda para volante de ajuste universal de 38 c
SIN SUB	p253058	Otros/Varios			BONE Soporte Magnético para Teléfono Peloton, Amortiguación y Manejo Fácil con Una Mano, para Bicicl
SIN SUB	p256458	Otros/Varios			Maletero para motocicleta de 65L, maletero universal de aleación de aluminio para motocicleta con re
SIN SUB	p257772	Teclados/None			Sistemas de Alarma para el Hogar Alarma para Puerta de Garaje 24 × 13 × 3 de Alarma para Puerta 3 Co
SIN SUB	p258134	Muebles/Otros			BETAFPV ELRS Cetus X Kit de dron FPV con transmisor de radio LiteRadio 3 VR03 Gafas FPV con grabació
SIN SUB	p258277	Otros/			Panel de carga solar de 5 W 5 V de polisilicio portátil IP65 resistente a la intemperie con salida T
SIN SUB	p261075	Otros/Varios			Botella de agua magnética aislada – Botella de acero inoxidable reutilizable con soporte para teléfo
SIN SUB	p261085	Otros/Varios			Botella de agua magnética de 2L con soporte para teléfono compatible con MagSafe, aislada, para bebi
SIN SUB	p261101	Otros/Varios			DASAN - Botella de agua magnética con compartimento de almacenamiento, con almacenamiento para pasti
SIN SUB	p261103	Otros/Varios			Scosche MFMS32 MagicMount - Botella de agua de acero inoxidable de 32 onzas con soporte de montaje p
SIN SUB	p261877	Otros/Varios			Esquirla Marching Band Music Lyre, soporte para teléfono con montaje seguro, soporte ligero para tel
SIN SUB	p262117	Teclados/None			Streichfett Negro - Teclado MIDI USB
SIN SUB	p262130	Teclados/None			Elektron Analog Heat +FX - Efecto analógico para instrumentos de teclado
SIN SUB	p262177	Teclados/None			Soporte de partitura para teclado y música, piezas de instrumentos musicales, portátil, adecuado par
SIN SUB	p262249	Instrumentos musicales/Baterías			Instrumentos De Percusión Para Adultos,Instrumento de Percusión con Sonido Latino,Herramienta para E
SIN SUB	p262318	Teclados/None			driver midi lotmusic Worlde TUNA PANDA MINI 25 teclas teclado USB portátil Midi con 8 RGB retroilumi
SIN SUB	p262321	Teclados/None			Coolmusic - Teclado AMP 30 W amplificador de monitor personal con amplificador de tambor eléctrico, 
SIN SUB	p262364	Instrumentos musicales/Baterías			Accesorios de percusión para bajos, tambor de fieltro, martillo de fieltro, piezas de repuesto para 
SIN SUB	p262367	Instrumentos musicales/Viento			Metal Drum Tool Tuning Reemplazo Llave Tuner Tools Ajustador Drummers Accesorio Set Herramientas de 
SIN SUB	p262383	Instrumentos musicales/Baterías			Llave cuadrada estándar en forma de T para afinación de tambor, accesorios de percusión para amantes
SIN SUB	p262438	Instrumentos musicales/Viento			ébano Natural,Herramientas Bricolaje Personalizadas para Cuchillas en Blanco - Placa Mango Madera pa
SIN SUB	p262448	Teclados/None			Vbest Life - Teclado de instrumento melódico de 32 teclas, estilo piano con boquilla, juegos de tubo
SIN SUB	p262493	Instrumentos musicales/Viento			Sudadera con Capucha de Instrumentos Musicales para Hombre | Sudadera Gráfica de Banda | para Músico
SIN SUB	p262503	Instrumentos musicales/Baterías			Fenytay 11 Uds. Kit de Instrumentos de percusión de Mano para niños, Juego de Instrumentos Musicales
SIN SUB	p262516	Instrumentos musicales/Baterías			Mingzhe Walter Compact Travel Cajon Box Drum Instrumento de percusión de Tambor de Mano Plano con Cu
SIN SUB	p262526	Instrumentos musicales/Baterías			TUMYES Tambor Infantil de Percusión, Amarillo
SIN SUB	p262527	Instrumentos musicales/Baterías			Yosoo Set de Tubo de Sonido Musical de 8pcs, Instrumento de Percusión de Tubo de Sonido de 8 Tonos, 
SIN SUB	p262533	Instrumentos musicales/Baterías			Generico Juego De Bongos
SIN SUB	p262534	Instrumentos musicales/Baterías			THJOPOKEEL Campana de meditación tibetana Hecho a mano Budista Símbolo afortunado Meditación en reli
SIN SUB	p262546	Instrumentos musicales/Baterías			Tambor de Mar de 8 Pulgadas, Sonido de Ola Oceánica, Instrumento de Percusión Portátil en Arce, Idea
SIN SUB	p262550	Instrumentos musicales/Baterías			Campana Mano Antislizante Percusión , S
SIN SUB	p262551	Instrumentos musicales/Baterías			Instrumento Musical de Percusión Triangular de Aleación 5.8 Pulgadas
SIN SUB	p262552	Instrumentos musicales/Baterías			Conjunto de Instrumentos Musicales,Juego de Instrumentos de percusión de Madera Instrumentos Musical
SIN SUB	p262558	Instrumentos musicales/Baterías			Juego de Instrumentos de Percusión de , Instrumentos Musicales, Educación, Juegos Interactivos Inter
SIN SUB	p262559	Instrumentos musicales/Baterías			Tubo de Sonido Musical de 8 Pcs, Instrumento de Percusión Orff de Colorido Kit de Tubo de Octava de 
SIN SUB	p262562	Instrumentos musicales/Baterías			Tambor Corriente de Agua, Tambor Oceánico Mano de 8 Puadas, Instrumento de Música Onomatopéyica, Ter
SIN SUB	p262565	Instrumentos musicales/Baterías			EASTROCK Instrumento Triangular 4 Paquetes 7 8 9 10 Pulgadas Juego De Instrumentos De Percusión Triá
SIN SUB	p262569	Instrumentos musicales/Baterías			Instrumento Musical Didáctico de Percusión para Niños, Material Sintético, Entrena Sensibilidad Audi
SIN SUB	p262577	Instrumentos musicales/Baterías			fosa Colorido Juego de Tubos de Sonido Musical de 8 Tonos | Kit de Instrumentos de Percusión para el
SIN SUB	p262579	Instrumentos musicales/Baterías			Instrumento Musical de Percusión para Niños, 1 Set, Nylon y Madera
SIN SUB	p262584	Instrumentos musicales/Baterías			Tambor oceánico, tambor de madera con sonidos oceánicos de 10 pulgadas con conchas madera dura para 
SIN SUB	p262592	Instrumentos musicales/Baterías			Tambor de Lluvia para Jardín Exterior, Tambor Lengua de Acero, Instrumento Musical Impermeable con 6
SIN SUB	p262593	Instrumentos musicales/Baterías			Genérico Tambor para Niños Juego Musical De Madera
SIN SUB	p262599	Instrumentos musicales/Baterías			Sonidos oceánicos, tambor del océano, tambor de sonidos de madera 8 pulgadas con conchas madera dura
SIN SUB	p262601	Instrumentos musicales/Baterías			LiebeWH Instrumento Musical de Percusión Manual de Haya de Hierro Triangle Percussion Instrument Set
SIN SUB	p262603	Instrumentos musicales/Baterías			Instrumento Musical de Percusión Infantil 10 Piezas Plástico
SIN SUB	p262604	Instrumentos musicales/Baterías			6 Pack Wooden Shake Eggs Instrumento Musical de percusión Divertido Rellenos para canastas Pascua Ju
SIN SUB	p262605	Instrumentos musicales/Baterías			Instrumentos Musicales de Percusión de Chamanes Africanos
SIN SUB	p262608	Instrumentos musicales/Baterías			Rain Drum for Outside Garden, Tambor Lengua Acero, Instrumentos Musicales Jardín, Timbre Lluvia Tamb
SIN SUB	p262612	Instrumentos musicales/Baterías			Tambor de Marco de Madera Blanco, Tambor de Mano de 15 cm, Sonido Claro y Agarre cómodo, Instrumento
SIN SUB	p262619	Instrumentos musicales/Baterías			Genérico Bloque Musical de Madera Haya pájaro Carpintero Tirador Instrumento percusión Educativo par
SIN SUB	p262624	Instrumentos musicales/Baterías			Cepillo de tambor de jazz Cepillos de tambor Cepillo de palo de tambor Mangos de goma Cepillos de ny
SIN SUB	p262625	Instrumentos musicales/Baterías			Tambor de lluvia, tambor del océano, sonidos oceánicos de madera 8 pulgadas con conchas madera dura 
SIN SUB	p262633	Instrumentos musicales/Baterías			Llavero de Tambor, Exquisito Tributo de Instrumento Musical de Percusión Simulado de Latón para Niño
SIN SUB	p262640	Instrumentos musicales/Baterías			HERCHR Rana de de Tailandia, artesanía Tradicional, Rana de la Suerte de , Instrumento de percusión 
SIN SUB	p262658	Instrumentos musicales/Baterías			Cabilock Tambores Oceánicos Transparentes de 8 y 12 con Cuentas de Acero Set de 2 Piezas para Adulto
SIN SUB	p262659	Instrumentos musicales/Baterías			Tambor de lluvia para jardín exterior, tambor de lengüeta de acero de 8 notas de 6 pulgadas, tambor 
SIN SUB	p262663	Instrumentos musicales/Baterías			GARVALON Caja Pequeña de Percusión para Niños, 1 Juego, Madera y Metal
SIN SUB	p262674	Instrumentos musicales/Baterías			Cashbeat Bloque de mermelada de 5 pulgadas, bloques de percusión musical de plástico púrpura, soport
SIN SUB	p262675	Instrumentos musicales/Baterías			Palitos para niños, palos lummi, clavos clásicos de madera, instrumentos musicales de percusión, pal
SIN SUB	p262677	Instrumentos musicales/Baterías			Juego de 10 Triángulos de Percusión de Acero, 5 Tamaños (4, 5, 6, 7, 8 Pulgadas), con Percutor y Ani
SIN SUB	p262683	Instrumentos musicales/Baterías			20 palos de para niños de 8 pulgadas, palitos lummi de música, clavos clásicos de , instrumentos mus
SIN SUB	p262693	Instrumentos musicales/Baterías			Tambor Oceánico Instrumento de Percusión Étnica Música Onomatopéyica Portátil Mano Sonido Relajante 
SIN SUB	p262698	Instrumentos musicales/Baterías			Pastilla para tambor, instrumento percusión, regalos, pastilla para tambor mano, portátil, oro, prof
SIN SUB	p262700	Instrumentos musicales/Baterías			FRCOLOR 2 Tambores Oceánicos de Cuentas Redondos Instrumento de Percusión con Sonido Relajante de Ef
SIN SUB	p262709	Instrumentos musicales/Baterías			Gearwell Cortina de Campanas, Chimes y Árbol de Percusión Mark Tree de 20 Barras con Soporte y Golpe
SIN SUB	p262714	Instrumentos musicales/Baterías			Tambor Marino, Tambor de Cuentas con Forma de Olas del Océano, Instrumento Musical con un Suave Soni
SIN SUB	p262721	Instrumentos musicales/Baterías			Woodstock Timbres de Viento Zenergy Solo, Plateado (7 Pulgadas) sintonizado musicalmente para medita
SIN SUB	p262726	Instrumentos musicales/Baterías			Instrumentos Musicales Kit Niños Tambor, Campanas Sonido Suave, ABS Ecológico, Hierro Inoxidable, Ac
SIN SUB	p262731	Instrumentos musicales/Baterías			Mingzhe Campanas de Barra de 25 Tonos Instrumento de percusión Musical de una Sola Fila de 25 Barras
SIN SUB	p262737	Instrumentos musicales/Baterías			Tambor profesional de ondas oceánicas de 12 pulgadas, tambor de piel de cabra con abalorio de acero,
SIN SUB	p262738	Instrumentos musicales/Baterías			Yaozher Tambor oceánico de 8 puadas/12 puadas Instrumento de percusión étnica Música onomatopéyica I
SIN SUB	p262740	Instrumentos musicales/Baterías			tambor de 10 pulgadas de océano natural, tambor de cuentas de onda marina, sonido del mar, instrumen
SIN SUB	p262744	Instrumentos musicales/Baterías			Tambor de mar con abalorio de onda de 4 a 12 pulgadas, con carcasa de madera dura, instrumentos de c
SIN SUB	p262759	Instrumentos musicales/Baterías			Pequeño juego de tambor Dholak compacto de 10 x 6 pulgadas, hecho a mano de madera y piel clásico in
SIN SUB	p262768	Instrumentos musicales/Baterías			Juego de 14 instrumentos triangulares de percusión de 4, 5, 6, 7, 8, 9, 10 pulgadas, triángulos, tri
SIN SUB	p262771	Instrumentos musicales/Baterías			Tambor Oceánico Portátil Instrumento de Percusión Étnica Mano Madera Abedul con Sonido Onomatopéyico
SIN SUB	p262775	Instrumentos musicales/Baterías			Tambor Africano de 8 Pulgadas Cuerpo de Tambor de PVC Superficie de Tambor de Piel de Cabra Instrume
SIN SUB	p262787	Instrumentos musicales/Baterías			Tambor de lluvia para exteriores, 11 notas de acero con 11 notas para yoga, meditación, educación mu
SIN SUB	p262797	Instrumentos musicales/Baterías			Instrumento de percusión hecho a mano, madera de arce canadiense, gran regalo para todas las edades 
SIN SUB	p262800	Instrumentos musicales/Baterías			Instrumentos musicales de madera Montessori para niños pequeños de 1 a 3 años, moderno juego de tamb
SIN SUB	p262813	Instrumentos musicales/Baterías			Tambor oceánico de 16 pulgadas, tambor oceánico profesional de gran tamaño, instrumento de percusión
SIN SUB	p262815	Instrumentos musicales/Baterías			Tambores de boda para adultos, de 4 pulgadas, tambores de mano de madera natural, tambores de metal,
SIN SUB	p262821	Instrumentos musicales/Baterías			Tambor de Océano 12 pulgadas con Cabeza de Tambor de Piel de Cabra, Cuenta de Ola, Bolsa, Instrument
SIN SUB	p262828	Instrumentos musicales/Baterías			PARDUS - Tambor portátil de cajón con correas de bordón extraíbles – Cajón de viaje con abedul de do
SIN SUB	p262841	Instrumentos musicales/Viento			Cuerno original Kosher de Shofar de carnero pulido completo de Israel – Instrumento musical judío fá
SIN SUB	p262845	Instrumentos musicales/Baterías			Meinl "La Noche" Chirping Cricket Percusión Efecto de sonido – No fabricado en China – Cuerpo de mad
SIN SUB	p262860	Instrumentos musicales/Baterías			Tempaky SD6 Cajon Hand Drum Cajon Drum Instrumento de percusión con bolsa de transporte portátil par
SIN SUB	p262867	Instrumentos musicales/Viento			Didgeridoo de bambú (Pintado con bolsa)
SIN SUB	p262876	Instrumentos musicales/Viento			Didgeridoo estéreo compacto, Negro, Negro
SIN SUB	p262890	Instrumentos musicales/Baterías			C-68Z Viajes Portátiles Cajon Box Drum Tambor de Mano Madera de Cebra Instrumento de Percusión con l
SIN SUB	p262918	Instrumentos musicales/Baterías			MUSCELL Barras de percusión de 36 campanas Cromadas con soporte ajustable y base plegable
SIN SUB	p262929	Instrumentos musicales/Viento			Kudu Shofar | Cuerno Kosher de Israel | Tamaño 27-31 pulgadas
SIN SUB	p262933	Instrumentos musicales/Viento			Cuerno original Kosher de Shofar de carnero pulido completo de Israel – Instrumento musical judío fá
SIN SUB	p262941	Instrumentos musicales/Viento			Juego de Shofar Israel, Shofar de cuerno de Kudu natural, instrumento musical tradicional kosher yem
SIN SUB	p262961	Instrumentos musicales/Viento			Didgeridoo - Madera de teca pintada (51 pulgadas)
SIN SUB	p262962	Instrumentos musicales/Viento			HalleluYAH Kudu Shofar original Kosher semipulido | De Israel
SIN SUB	p262967	Instrumentos musicales/Baterías			Cincinnati - Tabla de lavado con bolsillo - Instrumento de percusión portátil con caja de resonador
SIN SUB	p262991	Instrumentos musicales/Viento			Shofars Of Shalom Kudu Shofar Horn, original hermoso acabado medio pulido medio natural, fácil de so
SIN SUB	p263004	Instrumentos musicales/Baterías			Meinl Percussion - Bolsa de percusión profesional de uso mixto con divisor, tela resistente, correa 
SIN SUB	p263009	Instrumentos musicales/Baterías			Meinl Percussion BPP-1 - Paquete de bongo y percusión para sesiones de atascos o conjuntos acústicos
SIN SUB	p263014	Instrumentos musicales/Baterías			Menolana Tabla de Lavar, Instrumento Musical de percusión Compacto para Principiantes y Profesionale
SIN SUB	p263024	Instrumentos musicales/Viento			Holy Voice Kosher Kudu Shofar Cuerno de Israel de 28 a 32 pulgadas, tradicional medio pulido Kudu Ye
SIN SUB	p263028	Instrumentos musicales/Baterías			LP LP601NYDW BongoCity Mad Vino
SIN SUB	p263032	Instrumentos musicales/Viento			Holy Voice Kosher Kudu Shofar Cuerno de Israel – Shofar tradicional de Yemenita semipulido incluye b
SIN SUB	p263036	Instrumentos musicales/Baterías			TreeWorks Chimes Classic - Instrumento de percusión de una sola fila grande - Fabricado en Estados U
SIN SUB	p263039	Instrumentos musicales/Baterías			Meinl MCPT Soporte para Percusión
SIN SUB	p263048	Instrumentos musicales/Baterías			Walfront Tambor de Cajón de Cebra, Instrumento de Percusión de Superficie Lisa para Principiantes y 
SIN SUB	p263061	Instrumentos musicales/Viento			YOMTOV-SHALOM | Kudu Shofar | Shofar para la venta | Kosher de Israel | 35-39 pulgadas
SIN SUB	p263064	Instrumentos musicales/Baterías			LP LP601NYAW Bongo City Mad Natural
SIN SUB	p263116	Instrumentos musicales/Baterías			Tambor de mano, 55.9 cm, D menor, 440 Hz, 10 notas, en acero de alta calidad, instrumento para adult
SIN SUB	p263119	Instrumentos musicales/Baterías			AUDIOTEK Set Congas 11 y 12 Pulgadas Tripode Ajustable Piel Natural Acero Madera 5 Piezas Percusion 
SIN SUB	p263125	Instrumentos musicales/Viento			Holy Voice Kosher Kudu Shofar Cuerno de Israel de 39 a 41 pulgadas – Shofar tradicional medio pulido
SIN SUB	p263133	Instrumentos musicales/Baterías			LP LPA601AW Bongos Aspire
SIN SUB	p263168	Instrumentos musicales/Baterías			Meinl Percussion MIT810CH Mini Timbales de acero montables de 8 pulgadas y 10 pulgadas, acabado crom
SIN SUB	p263208	Instrumentos musicales/Baterías			Pearl Travel Conga*
SIN SUB	p263217	Instrumentos musicales/Baterías			Conjunto de conga ultraligero de la serie Discovery con soporte; Espuma marina
SIN SUB	p263248	Instrumentos musicales/Viento			Shofar Kosher Natural de Israel Original I Juego de Cuerno de Shofar Kudu
SIN SUB	p263269	Instrumentos musicales/Baterías			Tycoon Percussion TTI 1314B Timbal (TTI-1314B)
SIN SUB	p263273	Instrumentos musicales/Baterías			TIMBALES MEINL MOD. MTT1415BK
SIN SUB	p263285	Instrumentos musicales/Baterías			Tony Succar Signature Timbalitos
SIN SUB	p263294	Instrumentos musicales/Baterías			LP Karl Perazzo Timbales
SIN SUB	p263298	Instrumentos musicales/Baterías			Toca Timbal (TPT1415BC)
SIN SUB	p263299	Instrumentos musicales/Baterías			Toca Jimmie TOCA Bongo Jimmie Morales 7" & 8 1/2" fibra de vidrio violeta con brillo
SIN SUB	p263319	Instrumentos musicales/Baterías			TIMBALES MEINL MOD. MT-1415BN
SIN SUB	p263333	Instrumentos musicales/Baterías			Pearl 29,8 cm Travel Conga
SIN SUB	p263342	Instrumentos musicales/Baterías			LP M258 Timbales Matador
SIN SUB	p263356	Instrumentos musicales/Baterías			TIMBALES MEINL MOD. MT-1415B
SIN SUB	p263360	Instrumentos musicales/Baterías			LP Prestige Series Timbales de latón (13 pulgadas/14 pulgadas)
SIN SUB	p263367	Instrumentos musicales/Baterías			Ludwig Instrumento de percusión (LS403XX1Q)
SIN SUB	p263390	Instrumentos musicales/Baterías			Lp Tito Puente - Timbales de latón (38,1 cm y 40,6 cm)
SIN SUB	p263413	Instrumentos musicales/Baterías			TIMBALES MEINL MOD. LC1-STS
SIN SUB	p263418	Instrumentos musicales/Baterías			Tambores De Espíritu Vacíos 14 "15 Tonos Principiantes Color Tambor Vacío Disco Mano Instrumentos Mu
SIN SUB	p263421	Instrumentos musicales/Baterías			Tambores De Espíritu Vacíos 14 "15 Tonos Principiantes Color Tambor Vacío Disco Mano Instrumentos Mu
SIN SUB	p263424	Instrumentos musicales/Baterías			Latin Percussion lp258slp Tito Puente Thunder Timbales, acero con soporte
SIN SUB	p26349	Cargadores y adaptadores/Otros			Nail Art Tools 4 Timers Setting UV Light with EU Plug Adapter Gel Nail Lamp
SIN SUB	p263522	Instrumentos musicales/Baterías			Tambores Vacíos Instrumentos Musicales Color De Disco Mano Principiantes Genuinos 15 Tonos Lengua Ac
SIN SUB	p263661	Instrumentos musicales/Baterías			Cuencos Cantores de Cristal de Cuarzo, Instrumento de Sonido Tazón Instrumentos Musicales Instrument
SIN SUB	p263687	Instrumentos musicales/Baterías			Cuencos Cantores de Cristal de Cuarzo, Instrumento de Sonido Tazón Instrumentos Musicales Instrument
SIN SUB	p263700	Instrumentos musicales/Baterías			Tambores Empáticos Instrumentos Musicales Color Vacíos De Disco Mano Principiantes Tambor 15 Tonos A
SIN SUB	p263711	Instrumentos musicales/Baterías			Set decuencos cantores de Cristal, Instrumento de Sonido Tazón Instrumentos Musicales Instrumentos d
SIN SUB	p263747	Instrumentos musicales/Baterías			Cuencos Cantores de Cristal de Cuarzo, Instrumento de Sonido Tazón Instrumentos Musicales Instrument
SIN SUB	p263774	Instrumentos musicales/Baterías			Tambores De Espíritu Vacíos 14 "15 Tonos Principiantes Color Tambor Vacío Disco Mano Instrumentos Mu
SIN SUB	p263779	Instrumentos musicales/Baterías			Tambores De Espíritu Vacíos 14 "15 Tonos Principiantes Color Tambor Vacío Disco Mano Instrumentos Mu
SIN SUB	p263796	Instrumentos musicales/Baterías			Tambores de espíritu vacíos 14 "15 tonos principiantes Color tambor vacío tambores de disco de mano 
SIN SUB	p263798	Instrumentos musicales/Baterías			Tambores de espíritu vacíos 14 "15 tonos principiantes Color tambor vacío tambores de disco de mano 
SIN SUB	p263855	Instrumentos musicales/Baterías			Set decuencos cantores de Cristal, Instrumento de Sonido Tazón Instrumentos Musicales Instrumentos d
SIN SUB	p263869	Instrumentos musicales/Baterías			12 Notas Re Menor 22 Pulgadas Tambor de Mano de Acero Pan de Acero Instrumentos Musicales para Yoga 
SIN SUB	p263953	Instrumentos musicales/Baterías			Instrumento De Tambor Hueco Adulto Principiante Modelo Cobre 14 "14 Tono Color Lengua Acero Disco Ma
SIN SUB	p264002	Instrumentos musicales/Viento			Hulusi - Instrumento musical chino tradicional de seda de sándalo rojo (tamaño : llave F) (llave C)
SIN SUB	p264003	Instrumentos musicales/Viento			Cuerno francés intermedio BB/F High F Three F Tres Cuerno Material De Latón De Seis Válvulas Reloj S
SIN SUB	p264035	Instrumentos musicales/Baterías			Genérico Juego De Tambor Infantil Instrumento Musical Educativo
SIN SUB	p264041	Instrumentos musicales/Baterías			Tambor Arcoíris Multicolor Fácil de Tocar para Niños Clase de Música Instrumento Percusión Orff (8 P
SIN SUB	p264048	Instrumentos musicales/Baterías			Tambor de Mano, Instrumento de Percusión Multicolor de PVC para Educación y Interpretación Musical I
SIN SUB	p264058	Instrumentos musicales/Baterías			Tambor oceánico de Madera de 20 cm con Sonidos oceánicos y Conchas Madera Dura para aliviar el estré
SIN SUB	p264080	Instrumentos musicales/Baterías			templo Zen - templo pescado madera, templo alcanhorwood budista templo Zen Tambor meditación Instrum
SIN SUB	p264089	Instrumentos musicales/Baterías			Tambor oceánico de 8 Pulgadas, Instrumento Musical de Madera con Conchas Madera Dura para Alivio del
SIN SUB	p264099	Instrumentos musicales/Baterías			Tenglan ® Crow Sounder Altissima Musical Instrumentos de Percusión para niños
SIN SUB	p264114	Instrumentos musicales/Baterías			Zen madera, instrumento budista, tambor pescado madera con ojos pequeños, adorno templo, decoración 
SIN SUB	p264150	Instrumentos musicales/Baterías			Tambor de Mano, Instrumento de Percusión Multicolor de PVC para Educación y Interpretación Musical I
SIN SUB	p264152	Instrumentos musicales/Baterías			Rain Drum for Outside Garden, Tambor Lengua Acero, Instrumentos Musicales Jardín, Timbre Lluvia Tamb
SIN SUB	p264153	Instrumentos musicales/Baterías			Tambor oceánico, tambor de madera con sonidos oceánicos de 8 pulgadas con conchas madera dura para a
SIN SUB	p264172	Instrumentos musicales/Baterías			UGPLM Rim Batter Hoop Tambor de 8 Agujeros, Accesorio Musical de Borde, Piezas de Instrumentos de pe
SIN SUB	p264182	Instrumentos musicales/Baterías			Tambor de Mano de Hermoso Instrumento de Percusión de Superficie Pulida para Fiestas Infantiles Colo
SIN SUB	p264194	Instrumentos musicales/Baterías			SUPVOX Bongós para Niños 1 Set de Madera, Percusión Infantil Rojo
SIN SUB	p264202	Instrumentos musicales/Baterías			zolyet Tambor africano de 4 pulgadas, portátil, ro, con patrón de bongó, para principiantes, para cl
SIN SUB	p264209	Instrumentos musicales/Baterías			Bongó para Niños, 1 Set de Instrumento de Percusión de Madera y Plástico
SIN SUB	p264216	Instrumentos musicales/Baterías			TreeWorks Chimes - Juego de 3 batidores triangulares – Fabricado en Estados Unidos – Golpeadores de 
SIN SUB	p264223	Instrumentos musicales/Baterías			zolyet Tambor africano portátil de 4 pulgadas, ro, con patrón de bongó, para principiantes, para cla
SIN SUB	p264228	Otros/Varios			FLYAB Drums Adornos de Navidad, decoración de instrumentos musicales para
SIN SUB	p264237	Instrumentos musicales/Baterías			menolana Pastilla para tambor, instrumento percusión, aleación aluminio, ligero, portátil y práctico
SIN SUB	p264249	Instrumentos musicales/Baterías			Noamus - Campanas de computadora de 8 notas, instrumento de percusión de campanas de metal diatónico
SIN SUB	p264252	Instrumentos musicales/Baterías			Palos de Ritmo de de Haya Premium Instrumentos de Percusión Educativos para Niños Actividades en el 
SIN SUB	p264253	Instrumentos musicales/Baterías			Tomshin Instrumentos de percusión, 11 Uds. Kit de Instrumentos de percusión de Mano para niños, Jueg
SIN SUB	p264254	Instrumentos musicales/Baterías			Juego de Bongós de 4'' y 5'' para Adultos Principiantes, Bongós de Piel Natural Sintonizables, Instr
SIN SUB	p264257	Instrumentos musicales/Baterías			Caja de marcha, caja de Metal 13 pulgadas con palo y correa para el hombro, instrumentos percusión p
SIN SUB	p264260	Instrumentos musicales/Baterías			Caja de marcha, caja de metal 13 pulgadas con palo y correa para el hombro, instrumentos percusión p
SIN SUB	p264270	Instrumentos musicales/Baterías			Tambor de océano de 10 puladas, Instrumento de percusión de Tambor de Ola de mar de Mano de Madera, 
SIN SUB	p264277	Instrumentos musicales/Baterías			HUIOP Percussion Instruments Kit,11 Uds. Kit de Instrumentos de percusión de Mano para Conjunto de I
SIN SUB	p264280	Instrumentos musicales/Baterías			TDOCK Bloque de Percusión Musical Azul, Instrumento de Tambor Latino, Plástico
SIN SUB	p264286	Instrumentos musicales/Baterías			Soporte de Tambor, Práctica de Tambor Almohadilla de de Soporte de Plegable Trípode de Trípode Ajust
SIN SUB	p264294	Instrumentos musicales/Baterías			Campanas de Barra de 25 Tonos Instrumento de percusión Musical de una Fila de 25 Barras
SIN SUB	p264319	Instrumentos musicales/Viento			Didgeridoo - Tatuaje de bambú maorí hecho a mano de 48-54 pulgadas, arte musical con tonos ricos, op
SIN SUB	p264333	Instrumentos musicales/Baterías			Tambor de lluvia para exteriores, 11 notas de acero con 11 notas para yoga, meditación, educación mu
SIN SUB	p264344	Instrumentos musicales/Baterías			Drum Enhancer, Drums Kick Boost con Adhesivo Protector de Apertura, Accesorios para Instrumentos de 
SIN SUB	p264350	Instrumentos musicales/Viento			HalleluYAH - Shofar de terciopelo café con versículo de salmos, talla S, se adapta a Shofars de 14 a
SIN SUB	p264352	Instrumentos musicales/Baterías			Castle Fairy - Juego de sábanas de tambor 3D para niños, adolescentes y adultos, sábana bajera ajust
SIN SUB	p264354	Instrumentos musicales/Viento			Schofar: Auténtico y Kosher Pulido Ramhorn Shofar de Israel (25,4 cm - 30,5 cm)
SIN SUB	p264365	Instrumentos musicales/Baterías			Meinl Percussion MYO-CAJ Kit Hacer Su Propio Cajón (Video), Kit De Cajón De Bongo: Natural
SIN SUB	p264370	Instrumentos musicales/Baterías			Coctelera de concha de semillas natural con bolsa, instrumento de percusión hecho a mano, coctelera 
SIN SUB	p264380	Instrumentos musicales/Baterías			Tomshin SD6 Cajon Hand Drum Cajon Drum Instrumento de percusión con Bolsa de Transporte portátil par
SIN SUB	p264413	Instrumentos musicales/Baterías			Washboard Zydeco frottoir scrubboard Instrumento de percusión última intervensión Scratchers miniatu
SIN SUB	p264415	Instrumentos musicales/Baterías			Brazos y varillas de montaje de percusión latina (LP592S-X)
SIN SUB	p264416	Instrumentos musicales/Baterías			RUOSWTE Bongo De Ron Jembe, Ron De Copa Hecho De Cabeza De Ron De Cuero De Cabra, Tela Pintada A Man
SIN SUB	p264428	Instrumentos musicales/Baterías			Walfront Caja de Tambor de Cajón, Tambor de Mano de de Cebra, Instrumento de Percusión de Superficie
SIN SUB	p264440	Instrumentos musicales/Baterías			8 Piezas Tubo de Percusión de Colores Educativo Tubo Musical Multicolor Seguro Kit de 8 Tubos para P
SIN SUB	p264451	Instrumentos musicales/Viento			Cuerno original Kosher de Shofar de carnero pulido completo de Israel – Instrumento musical judío fá
SIN SUB	p264466	Instrumentos musicales/Viento			Didgeridoo estéreo compacto, Marrón, Marrón
SIN SUB	p264482	Instrumentos musicales/Baterías			EXCEART 1 marco trasero de aluminio ajustable para tambor de percusión, correa de hombro para tambor
SIN SUB	p264508	Instrumentos musicales/Baterías			New Beat NBMS-10 Soporte para Modulo Percusión
SIN SUB	p264528	Instrumentos musicales/Baterías			Meinl Percussion Bongo Mount for Conga Double Stands - NOT MADE IN CHINA - Adjustable Angle, 2-YEAR 
SIN SUB	p264539	Instrumentos musicales/Baterías			LP Aspire Bongo Soporte de montaje
SIN SUB	p264543	Instrumentos musicales/Viento			HalleluYAH Kudu Shofar original Kosher totalmente pulido de ISRAEL
SIN SUB	p264549	Instrumentos musicales/Baterías			LPM199-AW LPMC Mini Bongos de madera natural sintonizables
SIN SUB	p264550	Instrumentos musicales/Baterías			Soporte de percusión, soporte for instrumentos, Bongos plegables, tambor africano, altura ajustable,
SIN SUB	p264561	Instrumentos musicales/Baterías			SOPORTE MEINL P/PERCUSION MOD. MC-PTS
SIN SUB	p264573	Instrumentos musicales/Baterías			Meinl - Caja de percusión Jam Cajon con tono de caja y tono de graves para música acústica, fabricad
SIN SUB	p264584	Instrumentos musicales/Baterías			Meinl Percussion Tambor Bongo (HB50GB)
SIN SUB	p264586	Instrumentos musicales/Viento			YOMTOV-SHALOM | Shofars de Kudu a la venta | Kosher de Israel | Reyes del Shofar | Fábrica original 
SIN SUB	p264598	Instrumentos musicales/Viento			Native American Style Flautas dobles Notas E F (E)
SIN SUB	p264602	Instrumentos musicales/Viento			Gemsbok Oryx Oryex Chofar Shofar Kosher de Israel (64 cm)
SIN SUB	p264621	Instrumentos musicales/Baterías			Pyle Jam PCJD18 - Caja de percusión de madera con cuerdas
SIN SUB	p264623	Instrumentos musicales/Viento			HalleluYAH Kudu Shofar original Kosher medio pulido de ISRAEL
SIN SUB	p264625	Instrumentos musicales/Viento			Juego de Shofar Israel, Shofar de cuerno de Kudu natural, instrumento musical tradicional kosher yem
SIN SUB	p264634	Instrumentos musicales/Baterías			TIMBALES NEW BEAT MOD. LT-456CD
SIN SUB	p264639	Instrumentos musicales/Baterías			Pico Drum2 Sintetizador de tambor Módulo Eurorack
SIN SUB	p264658	Instrumentos musicales/Viento			HalleluYAH Kudu Shofar original Kosher totalmente pulido | De Israel
SIN SUB	p264722	Instrumentos musicales/Viento			Juego de Flautas de ébano con Cuerpo Duradero, chapadas en Plata, 17 Orificios Abiertos, Instrumento
SIN SUB	p264823	Instrumentos musicales/Baterías			Tambores De Espíritu Vacíos 14 "15 Tonos Principiantes Color Tambor Vacío Disco Mano Instrumentos Mu
SIN SUB	p264824	Instrumentos musicales/Baterías			Tambores De Espíritu Vacíos 14 "15 Tonos Principiantes Color Tambor Vacío Disco Mano Instrumentos Mu
SIN SUB	p264836	Instrumentos musicales/None			Brillante Instrumento Musical | Dorado, Duraro, Viento Metal, para Conciertos
SIN SUB	p265024	Instrumentos musicales/Baterías			Set decuencos cantores de Cristal, Instrumento de Sonido Tazón Instrumentos Musicales Instrumentos d
SIN SUB	p265026	Instrumentos musicales/Viento			Cuerno francés intermedio Doble Cuerno Francés F/BB Instrumentos Musicales 4 Válvulas
SIN SUB	p265028	Instrumentos musicales/Viento			Cuerno francés intermedio Las Últimas Hermosas 4 Teclas BB/F Doble Bronce De Latón De Latón Instrume
SIN SUB	p265046	Instrumentos musicales/Baterías			Instrumento De Tambor Hueco Adulto Principiante Modelo Cobre 14 "14 Tono Color Lengua Acero Disco Ma
SIN SUB	p265060	Instrumentos musicales/Baterías			Tambores De Disco Mano Gentoo Profesionales Huecos Colores Carbonizados Instrumentos Tambor For Prin
SIN SUB	p265095	Instrumentos musicales/Viento			Hulusi - Instrumento musical chino tradicional de seda de sándalo rojo (tamaño : llave F) (llave D)
SIN SUB	p265098	Instrumentos musicales/Viento			Hulusi Instrumento musical chino tradicional de seda de calabaza (tamaño : llave B) (llave C)
SIN SUB	p265119	Instrumentos musicales/Baterías			Introducción A La Percusión Manual Etérea De Nivel Profesional Instrucción For Principiantes Mr. Goo
SIN SUB	p265129	Instrumentos musicales/Viento			Hulusi - Instrumento musical chino tradicional de seda de sándalo rojo (tamaño : llave F) (llave G)
SIN SUB	p265135	Instrumentos musicales/Baterías			Introducción A La Percusión Manual Etérea De Nivel Profesional Instrucción For Principiantes Mr. Goo
SIN SUB	p265174	Instrumentos musicales/Baterías			Introducción a la percusión manual Baterías etéreas de nivel profesional Mr. Good Cold Instrument In
SIN SUB	p265182	Instrumentos musicales/Viento			Instrumento Musical De Cuerno Dorado Lacado De Latón Con Cuerno De Cobre Blanco Plano B Con Accesori
SIN SUB	p265183	Instrumentos musicales/Viento			Cuerno Francés para Principiantes Instrumento Musical De Cuerno Dorado Lacado De Latón Con Cuerno De
SIN SUB	p265188	Instrumentos musicales/Viento			Instrumento de viento metal bajo en si bemol adecuado para interpretación profesional
SIN SUB	p265243	Instrumentos musicales/Baterías			Platos de dedo Ritmos danza del vientre Instrumento musical percusión para fiestas bailarines
SIN SUB	p265257	Instrumentos musicales/None			Instrumento musical, Instrumento musical
SIN SUB	p265298	Otros/Varios			s de Instrumento Musical decoraciones 2D de acrílico rosa en forma de
SIN SUB	p265300	Otros/Varios			s de Instrumento Musical decoraciones 2D de acrílico rosa en forma de
SIN SUB	p265325	Otros/Varios			Adornos de Instrumento Musical decoraciones 2D de acrílico rosa en forma de
SIN SUB	p265327	Instrumentos musicales/Baterías			Cinturón Resistente al Desgaste para Tambor, cinturón para Instrumentos Musicales de percusión
SIN SUB	p265329	Otros/Varios			Genérico Adornos de Instrumento Musical Bonito corazón Rosa en acrílico 2D
SIN SUB	p265330	Otros/Varios			Adornos de Instrumento Musical Decoraciones 2D de acrílico Rosa en Forma de
SIN SUB	p265339	Otros/Varios			Adornos de Instrumento Musical Decoración para el Hogar en Forma de Corazón
SIN SUB	p265350	Instrumentos musicales/Baterías			Tambor Para Niños - Con Correa Ajustable Instrumento Musical De Juego Music
SIN SUB	p265364	Instrumentos musicales/Baterías			Tambor Oceánico, Tambor de Maciza de 10 Pulgadas con Cuentas Onduladas, Instrumento Musical de Percu
SIN SUB	p265383	Instrumentos musicales/Baterías			1 Paquete Anillos de Control de Tono de Tambor para Instrumento Musical - , 12 '' 13 '' 14 '' 16 ''
SIN SUB	p265390	Instrumentos musicales/Baterías			Arpa de mandíbula de acero inoxidable, arpa de boca portátil para principiantes, instrumento musical
SIN SUB	p265400	Instrumentos musicales/Baterías			Arpa de mandíbula portátil, arpa judía de acero inoxidable, arpa de boca rusa, percusión étnica de m
SIN SUB	p265408	Instrumentos musicales/Baterías			Set de Instrumentos de Percusión Compacto para Principiantes, Negro
SIN SUB	p265413	Instrumentos musicales/Viento			Chino Hecho a Mano Bambú Negro Hulusi Cucurbitácea Instrumento Musical Étnico Clave de C con la Caja
SIN SUB	p265415	Instrumentos musicales/Baterías			Veemoon Piel Natural de Cabra Redonda 45cm para Instrumento Chamánico Congo, Reemplazo de Percusión,
SIN SUB	p265423	Instrumentos musicales/Baterías			Campana de meditación tibetana, instrumento de percusión artesanal artesanía del templo budista de l
SIN SUB	p265426	Instrumentos musicales/Baterías			Cuchara de Madera de 8.3 Pulgadas, Instrumento Percusión Tradicional, Madera Natural
SIN SUB	p265468	Instrumentos musicales/Viento			Broche de cuerno francés, broche de instrumentos musicales, broche de solapa en forma de cuerno fran
SIN SUB	p265470	Instrumentos musicales/Baterías			Kit de 3 patas de goma para patas de percusión (pequeño - B)
SIN SUB	p265482	Instrumentos musicales/Baterías			Instrumento de Percusión Tubo de Afinación de Goma y Aleación, 1 Set
SIN SUB	p265492	Instrumentos musicales/Baterías			12 palos de música rítmica de madera, palitos de percusión para orffs, instrumentos de percusión, pa
SIN SUB	p265513	Instrumentos musicales/Baterías			Alesis Module Mount Placa de Montaje para Percusión
SIN SUB	p265526	Otros/Varios			12 hojas de plantillas de notas musicales para pintura, instrumentos musicales y personal, plantilla
SIN SUB	p265540	Instrumentos musicales/Baterías			Jiayouy - Juego de 2 piezas para bombonos, aleación de aluminio, cabeza de martillo, accesorio para 
SIN SUB	p265567	Otros/Varios			Guirnalda de fiesta temática para DJ, pancarta de feliz cumpleaños, guirnalda de letrero de fiesta d
SIN SUB	p265576	Instrumentos musicales/Baterías			MIHEY - Cuchara musical - Percusión irlandesa
SIN SUB	p265603	Instrumentos musicales/Baterías			chamán | Tambor chamánico hecho a mano, instrumento musical creativo, adorno artesanal hecho a mano,
SIN SUB	p265604	Instrumentos musicales/Baterías			Tambor Africano de 8 Pulgadas, Superficie de Piel de Cabra Preafinada, Cuerpo de PVC, Instrumento de
SIN SUB	p265607	Instrumentos musicales/Baterías			Keenso Tambor Africano de 8 Pulgadas, Cuerpo de PVC con Cabeza de Piel de Cabra, Tambor de Mano, Lig
SIN SUB	p265636	Otros/Varios			Erosebridal - Juego de 3 piezas para decoración de pared para sala de estar, recámara, flores blanca
SIN SUB	p266983	Videojuegos/Otros accesorios gamer			Cámara Hori Piraña Plant para Nintendo Switch 2 - Cámara Planta Piraña - Accesorio Gamer Oficial
SIN SUB	p266984	Videojuegos/Otros accesorios gamer			Cámara Hori Piraña Plant para Nintendo Switch 2 - Cámara Planta Piraña - Accesorio Gamer Oficial
SIN SUB	p267403	Otros/Varios			Refrigeradores de teléfonos móviles for Juegos Accesorios Ventilador refrigeración celulares Recarga
SIN SUB	p267404	Otros/Varios			Refrigeradores de teléfonos móviles for Juegos Accesorios Ventilador refrigeración celulares Recarga
SIN SUB	p267405	Otros/Varios			Refrigeradores de teléfonos móviles for Juegos Accesorios Ventilador refrigeración celulares Recarga
SIN SUB	p268421	Instrumentos musicales/Baterías			Tambores Vacíos Instrumentos Musicales Color De Disco Mano Principiantes Genuinos 15 Tonos Lengua Ac
SIN SUB	p268422	Instrumentos musicales/Baterías			Tambores Vacíos Instrumentos Musicales Color De Disco Mano Principiantes Genuinos 15 Tonos Lengua Ac
SIN SUB	p268423	Instrumentos musicales/Baterías			Tambores Vacíos Instrumentos Musicales Color De Disco Mano Principiantes Genuinos 15 Tonos Lengua Ac
SIN SUB	p268427	Instrumentos musicales/Baterías			Instrumento De Tambor Hueco Adulto Principiante Modelo Cobre 14 "14 Tono Color Lengua Acero Disco Ma
SIN SUB	p269094	Instrumentos musicales/Baterías			Tama Imperialstar - Juego completo de tambor - 5 piezas - 22 pulgadas - Envoltura de roble negro
SIN SUB	p269366	Instrumentos musicales/Viento			SEWACC 100 Unidades Papel Absorbente para Instrumentos de Viento,
SIN SUB	p269367	Instrumentos musicales/Viento			Yamaha YVS-120 Alto Venova Instrumento de viento casual
SIN SUB	p269405	Instrumentos musicales/Viento			Key of C Flate Bitter Bamboo Dizi Instrumento de viento de tradicional chino hecho a mano con bolsa 
SIN SUB	p269457	Instrumentos musicales/Viento			Cojín de silicona suave para el dedo, 5 piezas, accesorios para instrumentos de viento, color negro,
SIN SUB	p269484	Instrumentos musicales/Viento			Técnicas Básicas para Tocar un Instrumento de Viento Metal
SIN SUB	p269496	Instrumentos musicales/Viento			0 Instrumento de Viento
SIN SUB	p269499	Instrumentos musicales/Viento			Jiayouy Herramientas de extracción de abolladuras de aluminio con cabeza de bola de 0,8 a 1 mm para 
SIN SUB	p269507	Instrumentos musicales/Viento			VANDOREN Instrumento de viento (SM602)
SIN SUB	p269518	Instrumentos musicales/Viento			Clip Ajustable Instrumento Viento Portátil Clip Ajustable Instrumento
SIN SUB	p269532	Videojuegos/Otros accesorios gamer			HyperX QuadCast 2 - Micrófono USB para Juegos, transmisión y podcasting, con Controles Integrados, i
SIN SUB	p269723	Instrumentos musicales/Baterías			MTC-5485 Teclado Musical 54 Teclas con 10 Percusiones, 100 Ritmos, 100 Tonos, 10 Canciones Demo, Gra
SIN SUB	p269729	Instrumentos musicales/Baterías			Kaiser Teclado Musical Versátil con 61 Teclas con Luz, 61 Percusiones, 300 Ritmos, 300 Tonos, 21 Can
SIN SUB	p269794	Instrumentos musicales/Baterías			Donner DMK25 Pro MIDI - driver de teclado MIDI de 25 mini teclas, portátil USB-C MIDI con 8 almohadi
SIN SUB	p272769	Instrumentos musicales/Baterías			Meinl Stick & Brush Kinetic - Llave para tambor, Cromado
SIN SUB	p272783	Instrumentos musicales/Baterías			Caja de cajón portátil Bolsa de Tambor Bolsa de Tambor de Tela 600D enroa Accesorio de reemplazo de 
SIN SUB	p272815	Instrumentos musicales/Baterías			4 Piezas Clip de Micrfono de Tambor Clip de Sujecin de Micrfono Soporte de Montaje Suministros de In
SIN SUB	p272819	Instrumentos musicales/Baterías			Meinl Tamborim Bolsa - 6" Negro
SIN SUB	p272833	Instrumentos musicales/Baterías			Taburete De Tambor-Asiento Acolchado Ajustable En Altura, Taburete Redondo Portátil con Pies Antides
SIN SUB	p272926	Instrumentos musicales/Baterías			Walfront Aro de Tambor de Aleación de 14 Pulgadas y 10 Orificios, Juego de Aros de Tambor de 10 Orif
SIN SUB	p273030	Instrumentos musicales/Baterías			Caja de 14 pulgadas Instrumento de percusión Instrumentos musicales Baterías musicales para niños y 
SIN SUB	p273116	Instrumentos musicales/Baterías			Bolsa para Instrumentos de Percusión con Asas y Correas Ajustables
SIN SUB	p273360	Instrumentos musicales/Baterías			Meinl Bolsa de tambor profesional grande de lujo, tela resistente, correa de hombro ajustable y agar
SIN SUB	p273627	Instrumentos musicales/Baterías			Meinl Pickup Cajon Box Drum con cuerdas internas para efecto de trampa, no fabricado en China, Makah
SIN SUB	p273634	Instrumentos musicales/Baterías			NUX DP-2000 - Almohadilla de percusión no empotrado sensible a 8 velocidades con luces LED, interfaz
SIN SUB	p273866	Instrumentos musicales/Baterías			Instrumento Percusión Infantil Metal, Tambor grande
SIN SUB	p273877	Instrumentos musicales/Baterías			Instrumento Percusión Infantil Musical, Tambor grande
SIN SUB	p273882	Instrumentos musicales/Baterías			Instrumento Percusión, Conjunto Musical, Tambor grande
SIN SUB	p273950	Instrumentos musicales/Baterías			Kit pequeña percusion lote 28 instrumentos (baúl incluido)
SIN SUB	p273952	Instrumentos musicales/Baterías			Mridangam - Tambor café instrumentos musicales del sur de la India/instrumentos musicales tradiciona
SIN SUB	p273953	Instrumentos musicales/Baterías			Tambor de Acero de 15 Tonos 14 Pulgadas, Tambor para Lengua Instrumento de Percusión para Meditación
SIN SUB	p274034	Instrumentos musicales/Baterías			Ludwig - Juego de tambores (LC178X0)
SIN SUB	p274124	Instrumentos musicales/Baterías			Tamborina de acero para lengua de 11 tonos, 6 pulgadas, 11 tonos, mini caja de tamborina, instrument
SIN SUB	p274126	Instrumentos musicales/Baterías			Tamborina de acero para lengua de 11 tonos, 6 pulgadas, 11 tonos, mini caja de tamborina, instrument
SIN SUB	p274139	Instrumentos musicales/Baterías			Kit pequeña Percusion Lote 40 Instrumentos (Baúl incluido)
SIN SUB	p274143	Instrumentos musicales/Baterías			Devyom MUSICALS - Juego de mesa para tambores de mesa, calidad de concierto, 4,5 kilogramos de cobre
SIN SUB	p274210	Instrumentos musicales/Baterías			MAPEX HP6005EBDP - Juego de accesorios para tambor
SIN SUB	p274211	Instrumentos musicales/Baterías			TAMA DSS72S - Bolsa de tambor
SIN SUB	p274215	Instrumentos musicales/Baterías			Ludwig - Tambor de acrolita de 14 x 6.5 pulgadas con lengüetas de tubo (LM405CT)
SIN SUB	p274216	Instrumentos musicales/Baterías			Meinl VivaRhythm VR-SDSET-NH Boom Series - Juego de tambor de 2 piezas, cabezales de napa pre-ajusta
SIN SUB	p274237	Instrumentos musicales/Baterías			Gretsch Drums - Juego de tambores (CM1-E825-BS), color negro
SIN SUB	p274309	Instrumentos musicales/Baterías			Gretsch - Juego de tambores (CM1-E605-SS)
SIN SUB	p274462	Instrumentos musicales/Baterías			Ludwig LB416BT - Tambor de caja (latón, 5 x 14 pulgadas), color negro
SIN SUB	p274464	Instrumentos musicales/Baterías			Ludwig Classic Maple Downbeat - Paquete de 20 cáscaras de tambor - Oyster negro clásico
SIN SUB	p274507	Instrumentos musicales/Baterías			Introducción a la percusión manual Baterías etéreas de nivel profesional Mr. Good Cold Instrument In
SIN SUB	p274520	Instrumentos musicales/Baterías			Instrumento De Tambor Hueco Adulto Principiante Modelo Cobre 14 "14 Tono Color Lengua Acero Disco Ma
SIN SUB	p274551	Instrumentos musicales/Baterías			Tambor de percusión de acero de 10 pulgadas + bolsa de transporte de percusión (color: B) (A)
SIN SUB	p274556	Instrumentos musicales/Baterías			Tambor de acero de 14 pulgadas para lengua, tambor de 15 notas D, instrumento de percusión para yoga
SIN SUB	p274557	Instrumentos musicales/Baterías			Tambor Chino Hecho De Piel De Vaca, Adecuado Para Actuaciones De Festivales Y Accesorios De Danza De
SIN SUB	p274573	Instrumentos musicales/Baterías			Tambor chino con soporte, tambores agudos de madera maciza, accesorio para actuaciones en festivales
SIN SUB	p274580	Instrumentos musicales/Baterías			Gongs Tradicionales Chinos de Bolsa Grande, gongs de Invierno, gongs, gongs de Estrella de Cinco Pun
SIN SUB	p274690	Instrumentos musicales/Baterías			Asalato Africano Cuerda 5cm Instrumento Percusión(White)
SIN SUB	p274712	Instrumentos musicales/Baterías			Asalato Africano Cuerda 5cm Instrumento Percusión(Yellow)
SIN SUB	p277058	Instrumentos musicales/Viento			Juego Amortiguadores para Rotores de Válvula, 3 Uds Accesorios para Instrumentos de Viento de Latón 
SIN SUB	p277061	Instrumentos musicales/Baterías			Instrumentos Musicales Libro de Colorear para Niños edad 4 a 9 años: Instrumentos de cuerda, instrum
SIN SUB	p277075	Instrumentos musicales/Viento			Music Pottery - Instrumentos de viento nacionales de ocho agujeros, cerámica pequeña, instrumentos a
SIN SUB	p277092	Instrumentos musicales/Viento			Vaguelly 2Pcs Abrazadera Instrumento De Viento Metal Simple
SIN SUB	p277106	Instrumentos musicales/Viento			Instrumento De Viento De Cerámica Portátil De 6 Agujeros Para Principiantes Ideal Para Amantes De La
SIN SUB	p277115	Instrumentos musicales/Viento			Tenglan Key of C Flate Bitter Bamboo Dizi Instrumento de Viento de Tradicional Chino Hecho a Mano co
SIN SUB	p277116	Instrumentos musicales/Viento			BESPORTBLE Cuerda De Elástica para Accesorios De Instrumentos De Viento Compatible Tubos De Cambio p
SIN SUB	p277120	Instrumentos musicales/Viento			TOYANDONA 3piezas Huecos g Grabadora Varilla De Limpieza Para Principiantes Instrumentos De Viento
SIN SUB	p277122	Instrumentos musicales/Viento			Abaodam 15piezas Resortes De Botón Para Prácticos Para Instrumentos De Viento Accesorios y
SIN SUB	p277124	Instrumentos musicales/Viento			Vaguelly Pole Accesory De Resistente Reemplazo Práctico Para Instrumentos De Viento Compatible
SIN SUB	p277139	Instrumentos musicales/			TOYANDONA 32piezas Bocinas De Resina Para Hulusi De Accesorios Duraderos y Seguros Compatible Instru
SIN SUB	p277171	Instrumentos musicales/Viento			Lazo Elástico para Instrumentos de Viento Negro, Accesorio de Algodón
SIN SUB	p277175	Instrumentos musicales/Viento			5piezas Resortes De Válvula De Agua Para Accesorios De Instrumentos De De Alta Precisión Para Instru
SIN SUB	p277229	Instrumentos musicales/Viento			Instrumento de viento musical para principiante (rosa)
SIN SUB	p277235	Instrumentos musicales/Viento			Zerodeko Instrumento de Viento de Aleación de Cobre Dorada Ligera, Fácil de Transportar y Resistente
SIN SUB	p277236	Instrumentos musicales/Viento			Conjunto Bawu Instrumento de Viento Tradicional G Caja
SIN SUB	p277237	Instrumentos musicales/Viento			Instrumento de Viento de Aleación de Cobre Dorada para Estudiantes y Principiantes, Ligero y Fácil d
SIN SUB	p277241	Instrumentos musicales/Viento			Healifty Instrumento de Viento Ligero y Fácil de Transportar de Aleación de Cobre Dorada para Princi
SIN SUB	p277246	Instrumentos musicales/Viento			Mobestech Instrumento de Viento Instrumento Musical de Aleación de Cobre Dorada Fácil de Operar y Li
SIN SUB	p277253	Instrumentos musicales/Viento			Kisangel Hulusi C Clave Plateado Instrumento de Viento Étnico de Yunnan para Principiantes y Portáti
SIN SUB	p277254	Instrumentos musicales/Baterías			Yin Qing de Latón Dorado , Instrumento de Percusión Budista de Mano
SIN SUB	p277257	Instrumentos musicales/Viento			Instrumento De Viento De De Cerámica Alto Resina Respetuosa Con El Medio Ambiente Interpretación Mus
SIN SUB	p277258	Instrumentos musicales/Viento			Instrumento de Viento de Cobre Dorado para Principiantes, Ligero
SIN SUB	p277261	Instrumentos musicales/Viento			Kichvoe Instrumento de Viento Ligero Duradero para Principiantes Uso en Bandas Escolares y Orquestas
SIN SUB	p277262	Instrumentos musicales/Baterías			Yin Qing de Latón Dorado, Instrumento de Percusión Ritual del Templo
SIN SUB	p277271	Instrumentos musicales/Viento			Aleación de Cobre Dorado Instrumento de Viento
SIN SUB	p277272	Instrumentos musicales/Viento			Milisten Instrumento Musical Chino Para Principiantes Calabaza Hulusi Para Estudiantes Instrumento D
SIN SUB	p277273	Instrumentos musicales/Viento			Herramienta de Reparación para Instrumentos de Viento, Metal
SIN SUB	p277274	Instrumentos musicales/Viento			Juego de reparación de instrumentos de viento de acero inoxidable incluye 3 esferas de chapa metálic
SIN SUB	p277278	Instrumentos musicales/Viento			caballería, Instrumento de Viento Metal para jóvenes intérpretes, Antiguo
SIN SUB	p277284	Instrumentos musicales/Viento			caballería, Instrumento de Viento Metal para jóvenes intérpretes, Oro
SIN SUB	p277287	Instrumentos musicales/Viento			ibasenice Instrumento de Viento para Principiantes, Instrumento de Viento de Cobre, Agarre Cómodo y 
SIN SUB	p277288	Instrumentos musicales/Viento			Yardwe Herramientas De Reparación De Instrumentos De Viento Accesorios De Reparación Para Instrument
SIN SUB	p277293	Instrumentos musicales/Viento			Instrumento de Viento de Cobre Dorado, Fácil de Manejar, Tono Rico y Potente, Agarre Cómodo, Adecuad
SIN SUB	p277296	Instrumentos musicales/Viento			TOYANDONA 3piezas Core De Para Instrumento De Viento Accesorio De Para Aprendizaje y Práctica Diseño
SIN SUB	p277299	Instrumentos musicales/Viento			TOYANDONA 3piezas De De Reparación Para Instrumentos De Viento Kit De Para Multiusos
SIN SUB	p277300	Instrumentos musicales/Viento			Alasum Instrumento De Viento Con Cubierta De Latón De 4 Piezas
SIN SUB	p277301	Instrumentos musicales/Viento			Instrumento de Viento portátil para Estudiantes avanzados, niños y Profesionales.
SIN SUB	p277303	Instrumentos musicales/Viento			Mini Instrumento de Viento Metal portátil, para Orquesta, Principiantes y niños
SIN SUB	p277304	Instrumentos musicales/Viento			TOYANDONA 4piezas Kit De De Reparación Para Instrumentos De Viento Completo De Para y Horn y Portáti
SIN SUB	p277305	Instrumentos musicales/Viento			Extractor para Instrumentos de Viento Metal Ajustable Profesional
SIN SUB	p277310	Instrumentos musicales/Viento			Extractor para Instrumentos de Viento Metal Negro de Acero Inoxidable
SIN SUB	p277315	Instrumentos musicales/Viento			Extractor para Instrumentos de Viento Metal Pequeño Dorado de Aleación
SIN SUB	p277328	Instrumentos musicales/Viento			Instrumento de Viento Hulusi Verde de Resina Bakelita, si Bemol
SIN SUB	p277330	Instrumentos musicales/Viento			para instrumentos de viento, acero inoxidable
SIN SUB	p277339	Instrumentos musicales/Viento			Instrumento de Viento Chino Hulusi en Clave C, Resina, Diseño Elegante
SIN SUB	p277351	Instrumentos musicales/Baterías			Campana De Latón Instrumento De Percusión Ideal Para Meditación Decoración y Música
SIN SUB	p277358	Instrumentos musicales/Viento			Kisangel Conjunto de Instrumento de Viento Bawu Tradicional de Resina, Caja de Almacenamiento, Liger
SIN SUB	p277359	Instrumentos musicales/Viento			Gamuza instrumentos viento Metal – Selmer (Mod.2952) (para lacados) (Color Rosa)
SIN SUB	p277360	Instrumentos musicales/Viento			Hulusi Cuerno de Calabaza B Clave Instrumento de Viento Tradicional Chino con Triple Tono Cobre Chap
SIN SUB	p277383	Instrumentos musicales/Viento			VANDOREN c06p instrumento de viento accesorio
SIN SUB	p277416	Instrumentos musicales/Viento			Instrumento de Viento ABSM con Transposición
SIN SUB	p277419	Instrumentos musicales/Viento			Instrumento de Viento Instrumento Musical Ligero y Fácil de Tocar de Aleación de Cobre Dorada para P
SIN SUB	p277431	Instrumentos musicales/Viento			Instrumento de Viento de Cobre para Principiantes, Dorada
SIN SUB	p277432	Instrumentos musicales/Viento			BESTYASH Instrumento de Viento de Aleación de Cobre Dorada, Fácil de Tocar, Resistente al Óxido, par
SIN SUB	p277434	Instrumentos musicales/Viento			Instrumento Dorado de Cobre para Banda Escolar, Instrumento de Viento
SIN SUB	p277435	Instrumentos musicales/Viento			Instrumento De Viento De Bambú Amargo Adecuado Para Principiantes
SIN SUB	p277436	Instrumentos musicales/Viento			Instrumento de Viento de Aleación de Cobre para Estudiantes y Profesionales, Instrumento Musical Lig
SIN SUB	p277437	Instrumentos musicales/Viento			Instrumento de Viento para Principiantes y Estudiantes de Aleación de Cobre Dorada Instrumento Music
SIN SUB	p277438	Instrumentos musicales/Viento			Instrumento de Viento Liviano Duradero para Principiantes Uso en Bandas y Orquestas Musicales
SIN SUB	p277439	Instrumentos musicales/Viento			Instrumento De Viento De De Escuela Primaria Bambú Amargo Música Tradicional
SIN SUB	p277441	Instrumentos musicales/Viento			Instrumento de Viento de Latón Principiantes para Orquesta Militar
SIN SUB	p277442	Instrumentos musicales/Viento			18 RUTINAS BASICAS: para instrumentos de Viento Metal (interior en color) (Spanish Edition)
SIN SUB	p277445	Instrumentos musicales/Viento			SECFOU Instrumento de Viento Fácil de Tocar y Transportar de Aleación de Cobre Dorada para Principia
SIN SUB	p277447	Instrumentos musicales/Viento			Instrumento de Viento Clásico Hulusi de Calabaza para Principiantes Diseño Duradero y Cómodo con Nud
SIN SUB	p277448	Instrumentos musicales/Viento			Instrumento de Viento de Latón para Banda Escolar, para Principiantes
SIN SUB	p277449	Instrumentos musicales/Viento			Instrumento de Viento de Aleación Dorada, Ligero y Práctico
SIN SUB	p277450	Instrumentos musicales/Viento			de Latón, Instrumento de Viento para Principiantes
SIN SUB	p277451	Instrumentos musicales/Viento			Instrumento de Viento de Latón para Principiantes, Orquesta Militar
SIN SUB	p277452	Instrumentos musicales/Viento			Instrumento de Viento de Latón Instrumento Militar, para Principiantes
SIN SUB	p277453	Instrumentos musicales/Viento			Instrumento de Viento de Latón para Orquesta Militar, para Principiantes
SIN SUB	p277461	Instrumentos musicales/Viento			iplusmile Instrumento de Viento de Aleación de Cobre Dorado, Fácil de Tocar, Adecuado para Principia
SIN SUB	p277462	Instrumentos musicales/Viento			ibasenice Instrumento de Viento para Principiantes y Profesionales de Aleación de Cobre Instrumento 
SIN SUB	p277464	Instrumentos musicales/Viento			Instrumento de Viento de Aleación de Cobre Dorado Ligero para Principiantes
SIN SUB	p277465	Instrumentos musicales/Viento			Milisten de Cobre para Principiantes Instrumento de Viento para Banda Diseño Profesional y Sonido Na
SIN SUB	p277466	Instrumentos musicales/Viento			Beaupretty Instrumento de Viento Hulusi Clásico de Calabaza Porcelana para Principiantes Duradero de
SIN SUB	p277467	Instrumentos musicales/Viento			Herramienta de Instrumentos de Viento de Reparación para Tubo de Latón
SIN SUB	p277468	Instrumentos musicales/Viento			Herramienta de Reparación de Instrumentos de Viento, Metal, Plata
SIN SUB	p277469	Instrumentos musicales/Viento			Herramienta de Reparación para Instrumentos de Viento Plateada de Metal
SIN SUB	p277475	Instrumentos musicales/Viento			Herramienta y Reparación para Compacta Instrumentos de Viento, Metal
SIN SUB	p277477	Instrumentos musicales/Viento			Abaodam Accesorio Reparación Instrumentos Viento Rodillo Deformaciones De Diseño Práctico
SIN SUB	p277481	Instrumentos musicales/Viento			Instrumento de Viento Mini sin Llaves Compacto Instrumento de Viento Mini Material Musical para Prác
SIN SUB	p277482	Instrumentos musicales/Baterías			Soporte de Trípode Ajustable para Percusión Musical, Soporte Desmontable para Campanas y Timbres, Ba
SIN SUB	p277487	Instrumentos musicales/Viento			Herramienta de Reparación de Instrumentos de Viento, Kit Metálico
SIN SUB	p277488	Instrumentos musicales/Viento			Herramienta de Reparación de Instrumentos de Viento 1 Set Metal Plata
SIN SUB	p277510	Instrumentos musicales/Viento			Rodillo de Reparación de Instrumentos de Viento W60 de Metal Negro
SIN SUB	p277515	Instrumentos musicales/Viento			Herramienta extractora de metal para tuning de metal, instrumento de viento, instrumento musical, se
SIN SUB	p277516	Instrumentos musicales/Viento			Hulusi Para Principiantes Instrumento De Viento De Profesional Para Adultos Imitación De De Ébano Co
SIN SUB	p277541	Instrumentos musicales/Viento			BESPORTBLE de Cobre Profesional para Principiantes Instrumento de Viento Ligero y Duradero para Estu
SIN SUB	p277553	Instrumentos musicales/Viento			Yanagisawa Instrumento de viento (08043764)
SIN SUB	p277557	Instrumentos musicales/Viento			Accesorios para instrumentos de viento (08043765)
SIN SUB	p277578	Instrumentos musicales/Viento			Instrumento de viento musical indio de bambú natural para principiantes y profesionales
SIN SUB	p277579	Instrumentos musicales/Viento			Instrumento de viento musical indio de bambú natural para principiantes y profesionales
SIN SUB	p277581	Instrumentos musicales/Viento			Instrumento de viento musical indio de bambú natural para principiantes y profesionales
SIN SUB	p277582	Instrumentos musicales/Viento			Instrumento de viento musical indio de bambú natural para principiantes y profesionales
SIN SUB	p277584	Instrumentos musicales/Viento			Instrumento de viento musical indio de bambú natural para principiantes y profesionales
SIN SUB	p277586	Instrumentos musicales/Viento			Instrumento de viento musical indio de bambú natural para principiantes y profesionales
SIN SUB	p277587	Instrumentos musicales/Viento			Instrumento de viento musical indio de bambú natural para principiantes y profesionales
SIN SUB	p277588	Instrumentos musicales/Viento			Instrumento de viento musical indio de bambú natural para principiantes y profesionales
SIN SUB	p277589	Instrumentos musicales/Viento			Instrumento de viento musical indio de bambú natural para principiantes y profesionales
SIN SUB	p277590	Instrumentos musicales/Viento			Instrumento de viento musical indio de bambú natural para principiantes y profesionales
SIN SUB	p277600	Instrumentos musicales/Baterías			de Viento Instrumento de Percusión Tubular Barra Melódica con Colgador Integrado y Cuerdas en Madera
SIN SUB	p277602	Instrumentos musicales/Viento			El Instrumento De Viento Chino Hulusi Es Adecuado Para Conciertos Y Aprendizaje Musical. Hulusi(1)
SIN SUB	p277603	Instrumentos musicales/Viento			El Instrumento De Viento Chino Hulusi Es Adecuado Para Conciertos Y Aprendizaje Musical. Hulusi(2)
SIN SUB	p277604	Instrumentos musicales/Baterías			de Viento Instrumento de Percusión Tubular Barra Melódica Claro y Resonante en Madera y Metal para M
SIN SUB	p277605	Instrumentos musicales/Baterías			menolana de Viento Instrumento de Percusión Tubular Barra Melódica con Asa y Suspensión Resistente e
SIN SUB	p277607	Instrumentos musicales/Baterías			Almencla de Viento Instrumento de Percusión Tubular Barra Melódica Claro y Sostenido en Madera y Met
SIN SUB	p277608	Instrumentos musicales/Baterías			Generic de Viento Instrumento de Percusión Tubular Barra Melódica con Construcción Robusta en Madera
SIN SUB	p277611	Instrumentos musicales/Viento			Hulusi Para Principiantes El Hulusi Es Un Instrumento De Viento De Doble Lengüeta Con Un Mecanismo D
SIN SUB	p277613	Instrumentos musicales/Viento			Hulusi Para Principiantes Instrumento De Viento De Con 7 Agujeros Llave Hulusi C De Resina Para Adul
SIN SUB	p277615	Instrumentos musicales/Viento			FLFL Hulusi Hulusi 3 Octaves Gourd Flaute C Clave Patrones Grabados Instrumento De Viento De con Caj
SIN SUB	p277616	Instrumentos musicales/Viento			FLFL Hulusi Instrumento De Viento De Plástico De Seda De Cucurbit.
SIN SUB	p277623	Instrumentos musicales/Viento			Varilla diámetro 2,0-3,2 Ajuste Instrumentos de Viento Plata
SIN SUB	p277629	Instrumentos musicales/Viento			Keenso Instrumentos Musicales, Instrumento de Viento ABS con 10 Tonos, 4 Horas de Reproducción, Idea
SIN SUB	p277638	Instrumentos musicales/Viento			10 Uds Piezas De Hecho A Mano Accesorios Para Instrumentos De Viento Suministros De Accesorios De Tu
SIN SUB	p277650	Instrumentos musicales/Viento			Hulusi para principiantes Instrumento de viento Hulusi con llave en C para principiantes ligero y pr
SIN SUB	p277651	Instrumentos musicales/Viento			Hulusi para principiantes Hulusi plateado con llave en C instrumento de viento duradero para princip
SIN SUB	p277653	Instrumentos musicales/Viento			Instrumento De Viento Con Cuerpo Cobre Chapado En Aluminio Hulusi Tres Tonos Llave C Adecuado Para P
SIN SUB	p277655	Instrumentos musicales/Viento			Instrumento de Viento de Cobre Dorado Ligero, para Principiantes
SIN SUB	p277662	Instrumentos musicales/Viento			Hulusi profesional Instrumento de viento Hulusi con llave en C para principiantes ligero y práctico
SIN SUB	p277663	Instrumentos musicales/Viento			Hulusi para principiantes Instrumento de viento de baquelita Hulusi para principiantes
SIN SUB	p277667	Instrumentos musicales/Viento			Instrumento Musical Waldhorn De Profesional Instrumento De Viento Color Dorado y Negro Para Estudian
SIN SUB	p277671	Instrumentos musicales/Viento			Instrumento De Viento Waldhorn Premium Para Principiantes Manos De Obra Profesional
SIN SUB	p277682	Instrumentos musicales/Viento			Instrumento de viento para principiantes, adultos, amantes de la música, 12 agujeros, 48 tonos, colo
SIN SUB	p277685	Instrumentos musicales/Viento			Bolsa de viaje portátil para instrumentos de viento de lona con acolchado de espuma
SIN SUB	p277689	Instrumentos musicales/Viento			de Cobre para Principiantes Instrumento de Viento Profesional Ligera y Duradera con Timbre Preciso p
SIN SUB	p277694	Instrumentos musicales/Viento			Panpipe De Resina De 18 Tubos Instrumento De Viento Profesional Para Principiantes, Simple (Color : 
SIN SUB	p277696	Instrumentos musicales/Viento			Hulusi Para Principiantes Hulusi En Clave De Fa Y Otros Instrumentos De Viento De Con Accesorios(9)
SIN SUB	p277700	Instrumentos musicales/Viento			Hulusi Para Principiantes Hulusi Un Instrumento De Viento De Tradicional Profesional Es Azul Y
SIN SUB	p277703	Instrumentos musicales/Viento			Hulusi Para Principiantes Baquelita Coloreada Hulusi Con Llave ABS C Un Instrumento De Viento De Ami
SIN SUB	p277704	Instrumentos musicales/Viento			Hulusi Para Principiantes Hulusi Para Adultos Y Principiantes C O B Instrumento De Viento De Natural
SIN SUB	p277705	Instrumentos musicales/Viento			Hulusi Para Principiantes Hulusi Con Llave C Profesional Para Principiantes Que Tocan Instrumentos D
SIN SUB	p277706	Instrumentos musicales/Viento			Hulusi Para Principiantes Baquelita Hulusi De Color Profesional Con Llave C Para Principiantes Un In
SIN SUB	p277708	Instrumentos musicales/Viento			Hulusi Para Principiantes Hulusi En Tecla C O D Adecuado Para Principiantes Instrumento De Viento De
SIN SUB	p277709	Instrumentos musicales/Viento			Hulusi Para Principiantes Instrumento De Viento De Natural Con Llave Plana C O B Para Principiantes 
SIN SUB	p277710	Instrumentos musicales/Viento			Instrumento De Viento Con Cuerpo Cobre Chapado En Aluminio Hulusi Tres Tonos Llave C Adecuado Para P
SIN SUB	p277711	Instrumentos musicales/Viento			Instrumento De Viento Hulusi Porcelana Azul Y Blanca Para Principiantes En Clave C Si Bemol Adultos 
SIN SUB	p277716	Instrumentos musicales/Viento			Hulusi Para Principiantes Instrumento De Viento De Hulusi Hecho A Mano Para Adultos Y Principiantes 
SIN SUB	p277717	Instrumentos musicales/Viento			Hulusi Para Principiantes Instrumento De Viento Hulusi De Tres Notas Desmontable Con Llave Plana Pro
SIN SUB	p277718	Instrumentos musicales/Viento			Instrumento De Viento Con Cuerpo Cobre Chapado En Aluminio Hulusi Tres Tonos Llave C Adecuado Para P
SIN SUB	p277719	Instrumentos musicales/Viento			Instrumento De Viento Tradicional Hulusi Con Llave B/C Adecuado Para Principiantes Para Practicar Y 
SIN SUB	p277720	Instrumentos musicales/Viento			Hulusi Para Principiantes Instrumento De Viento De Profesional De Siete Agujeros Con Llave Plana Hul
SIN SUB	p277721	Instrumentos musicales/Viento			Hulusi Para Principiantes Instrumento De Viento De Hulusi Con Llave Plana C O B Con Acabado Pintado 
SIN SUB	p277722	Instrumentos musicales/Viento			Hulusi Para Principiantes El Hulusi Es Un Instrumento De Viento De Doble Lengüeta Tipo Push Pull En 
SIN SUB	p277727	Instrumentos musicales/Viento			Instrumento musical étnico chino hecho a mano Hulusi de calabaza de bambú para principiantes amantes
SIN SUB	p277747	Instrumentos musicales/Viento			Instrumento de viento musical indio de bambú natural para principiantes y profesionales
SIN SUB	p277748	Instrumentos musicales/Viento			Instrumento de viento musical indio de bambú natural para principiantes y profesionales
SIN SUB	p277750	Instrumentos musicales/Viento			Instrumento de viento musical indio de bambú natural para principiantes y profesionales
SIN SUB	p277751	Instrumentos musicales/Viento			Instrumento de viento musical indio de bambú natural para principiantes y profesionales
SIN SUB	p277753	Instrumentos musicales/Viento			Yamaha Juego de mantenimiento de instrumentos de viento para cuerno YAMAHA KOSHR5 BFKOSHR5
SIN SUB	p277756	Instrumentos musicales/Viento			Instrumento de viento musical indio de bambú natural para principiantes y profesionales
SIN SUB	p277757	Instrumentos musicales/Viento			Instrumento de viento musical indio de bambú natural para principiantes y profesionales
SIN SUB	p277759	Instrumentos musicales/Viento			Instrumento de viento musical indio de bambú natural para principiantes y profesionales
SIN SUB	p277760	Instrumentos musicales/Viento			Instrumento de viento musical indio de bambú natural para principiantes y profesionales
SIN SUB	p277761	Instrumentos musicales/Viento			Instrumento de viento musical indio de bambú natural para principiantes y profesionales
SIN SUB	p277771	Instrumentos musicales/Viento			Instrumento De Viento De 15 Tubos G Key Panpipe Instrumento De Viento De Tradicional Chino Con Bolsa
SIN SUB	p277772	Instrumentos musicales/Viento			Instrumento De Viento De 15 Tubos G Key Panpipe Instrumento De Viento De Tradicional Chino Con Bolsa
SIN SUB	p277809	Instrumentos musicales/Viento			Instrumentos de viento con patrón ciruela/loto rojo dibujados a mano, 4 agujeros, en forma D, adorno
SIN SUB	p277810	Instrumentos musicales/Viento			Instrumentos de viento con patrón ciruela/loto rojo dibujados a mano, 4 agujeros, en forma D, adorno
SIN SUB	p277811	Instrumentos musicales/Viento			IVESON J. - Dream Makers para 10 Instrumentos de Viento Metal (Partitura y Partes)
SIN SUB	p277820	Instrumentos musicales/Viento			French Horn Student: Level 3, Advanced Intermediate;Student Instrumental Course
SIN SUB	p277821	Instrumentos musicales/Viento			Instrumento escolar profesional B de caballería plano dorado para principiantes, caballería, campame
SIN SUB	p277824	Instrumentos musicales/Viento			Hulusi Para Principiantes El Hulusi De Tres Tonos Es Un Instrumento De Viento De Tradicional Profesi
SIN SUB	p277829	Instrumentos musicales/Viento			Instrumento De Viento Étnico Panpipe Para Principiantes Para Aprender A Tocar La Tecla C De 18 Tubos
SIN SUB	p277833	Instrumentos musicales/Viento			Do Mayor Instrumento De Viento Chino Hulusi Hulusi
SIN SUB	p277834	Instrumentos musicales/Viento			Hulusi para principiantes Instrumento de viento profesional Hulusi en Do Mayor
SIN SUB	p277835	Instrumentos musicales/Viento			Hulusi para principiantes Instrumento de viento Hulusi con llave en C color verde
SIN SUB	p277843	Instrumentos musicales/Viento			Instrumento De Viento Profesional Desmontable De Tres Tonos Hulusi G Para Principiantes
SIN SUB	p277845	Instrumentos musicales/Viento			Instrumento De Viento De Desmontable De Tres Tonos Con Llave En G Hulusi
SIN SUB	p277850	Instrumentos musicales/Viento			Tipo De Rendimiento Hulusi Instrumento De Viento De Desmontable De Tres Tonos Con Llave En G Hulusi
SIN SUB	p277852	Instrumentos musicales/Viento			Hulusi profesional Instrumento de viento Hulusi con llave en C color verde
SIN SUB	p277854	Instrumentos musicales/Viento			Hulusi Para Principiantes Instrumento De Viento De Tradicional C Key Hulusi Con Nudo De Cinta
SIN SUB	p277855	Instrumentos musicales/Viento			Hulusi profesional Instrumento de viento Hulusi portátil y duradero para principiantes
SIN SUB	p277857	Instrumentos musicales/Viento			Hulusi para principiantes Instrumento de viento de bambú morado Hulusi en clave de Do
SIN SUB	p277863	Instrumentos musicales/Viento			Instrumento de viento profesional Hulusi en clave de C apto para principiantes
SIN SUB	p277870	Instrumentos musicales/Viento			Mini carpeta de música portátil universal de fácil uso para instrumentos de viento plateados
SIN SUB	p277871	Instrumentos musicales/Viento			Instrumento de Viento en en Tono Bb Instrumento de Viento Material Fenólico Ajustable
SIN SUB	p277880	Instrumentos musicales/Viento			Instrumento De Viento Nacional Para Principiantes, Melodía Plana B De Seda De Calabaza De Bambú Púrp
SIN SUB	p277884	Instrumentos musicales/Viento			Instrumento De Viento Hulusi Con Tecla C Para Adulto Hulusi
SIN SUB	p277890	Instrumentos musicales/Viento			Panpipe 18 Tubos Principiante Profesional Tocando Instrumento De Viento Étnico Nivel De Entrada Espe
SIN SUB	p277892	Instrumentos musicales/Viento			Hulusi para principiantes Instrumento de viento Hulusi portátil y duradero para principiantes
SIN SUB	p277893	Instrumentos musicales/Viento			Hulusi profesional Instrumento de viento de bambú morado Hulusi en clave de Do
SIN SUB	p277894	Instrumentos musicales/Viento			Pan Pipes Instrumento Viento 15 Tubos Panpipes G Clave Principiantes Plástico ABS Panflute Profesion
SIN SUB	p277896	Instrumentos musicales/Viento			Especial De 18 Tubos Mejorados En Color Marrón Y Negro Para Que Los Principiantes Toquen Instrumento
SIN SUB	p277897	Instrumentos musicales/Viento			Hulusi Para Principiantes Hulusi Natural Profesional En C O D Y Otros Instrumentos De Viento De (F k
SIN SUB	p277898	Instrumentos musicales/Viento			Hulusi Para Principiantes Instrumento De Viento Plateado Hulusi Con Llave C Portátil Tradicional Par
SIN SUB	p277899	Instrumentos musicales/Viento			Hulusi Para Principiantes Instrumento De Viento Hulusi Profesional Con Siete Agujeros En Llave C O B
SIN SUB	p277901	Instrumentos musicales/Viento			Tipo De Rendimiento Hulusi Instrumento De Viento Para Adultos Hulusi De Caoba Con Siete Agujeros En 
SIN SUB	p277908	Instrumentos musicales/Viento			Hulusi Para Principiantes Instrumento De Viento De Hulusi Hecho A Mano Para Adultos Y Principiantes 
SIN SUB	p277910	Instrumentos musicales/Viento			Hulusi Para Principiantes Instrumento De Viento De Hulusi Con Llave Plana C O B Con Acabado Pintado 
SIN SUB	p277920	Instrumentos musicales/Viento			Hulusi Para Principiantes Hulusi Un Instrumento De Viento Tradicional Profesional
SIN SUB	p277921	Instrumentos musicales/Viento			Yamaha Trova Instrumento de viento casual
SIN SUB	p277932	Instrumentos musicales/Viento			Instrumento de viento musical indio de bambú natural para principiantes y profesionales
SIN SUB	p277933	Instrumentos musicales/Viento			Instrumento de viento musical indio de bambú natural para principiantes y profesionales
SIN SUB	p277934	Instrumentos musicales/Viento			Instrumento de viento musical indio de bambú natural para principiantes y profesionales
SIN SUB	p277938	Instrumentos musicales/Viento			Pan Pipes Instrumento Viento Instrumento De Viento G De 15 Tonos para Principiantes
SIN SUB	p277946	Instrumentos musicales/Viento			Hulusi Para Principiantes Instrumento De Viento De Natural Con Llave Hulusi C/Bb De Tres Tonos Para 
SIN SUB	p277948	Instrumentos musicales/Viento			Hulusi Para Principiantes Instrumento De Viento Profesional Hulusi Hecho A Mano Con Llave C/Bb Con B
SIN SUB	p277952	Instrumentos musicales/Viento			Hulusi Para Principiantes Instrumento De Viento De Profesional Hulusi Hecho A Mano Con Llave C/Bb Co
SIN SUB	p277957	Instrumentos musicales/Viento			Hulusi Para Principiantes Instrumento De Viento De Profesional Hulusi En Llave C O Bb Adecuado Para 
SIN SUB	p277958	Instrumentos musicales/Viento			Hulusi profesional Instrumento de viento Hulusi para principiantes adultos en tono C(D key)
SIN SUB	p277959	Instrumentos musicales/Viento			Hulusi Para Principiantes Teclas F/G Instrumento De Viento De Profesional De Tres Tonos(F Tone)
SIN SUB	p277961	Instrumentos musicales/Viento			Hulusi para principiantes Instrumento de viento Hulusi para principiantes adultos en tono C(C key)
SIN SUB	p277963	Instrumentos musicales/Viento			Hulusi Para Principiantes Instrumento De Viento De Profesional De Siete Agujeros Hulusi Con Llave C/
SIN SUB	p277965	Instrumentos musicales/Viento			De Bambú De Dos Secciones Instrumento De Viento De Profesional(F)
SIN SUB	p277967	Instrumentos musicales/Viento			Hulusi Para Principiantes Instrumento De Viento Hulusi Profesional De 9 Agujeros En Tecla G O F(Bb k
SIN SUB	p277971	Instrumentos musicales/Viento			Instrumento De Viento Bawu De Soplado Vertical, Que Incluye Caja De Música, 6 Agujeros, Fácil De Toc
SIN SUB	p277972	Instrumentos musicales/Viento			Instrumento De Viento Bawu De Soplado Vertical, Que Incluye Caja De Música, 6 Agujeros, Fácil De Toc
SIN SUB	p277973	Instrumentos musicales/Viento			Instrumento De Viento Bawu De Soplado Vertical, Que Incluye Caja De Música, 6 Agujeros, Fácil De Toc
SIN SUB	p277974	Instrumentos musicales/Viento			Instrumento De Viento Bawu De Soplado Vertical, Que Incluye Caja De Música, 6 Agujeros, Fácil De Toc
SIN SUB	p277976	Instrumentos musicales/Viento			Bawu vertical de sándalo, instrumento de viento para conjunto de escenario para adultos, incluye acc
SIN SUB	p277979	Instrumentos musicales/Viento			Instrumento De Viento Para Adultos Hulusi De Caoba Con Siete Agujeros En Si Bemol Y Llave En C(Type 
SIN SUB	p277990	Instrumentos musicales/Viento			CD LIBRO MOZART 250 ANIVERSARIO 25. M?SICA PARA INSTRUMENTOS DE VIENTO (Mozart) El Pa?s, 2006. OFRT
SIN SUB	p278006	Instrumentos musicales/Viento			Instrumento de viento Hulusi con clave C utilizado para práctica e interpretación
SIN SUB	p278011	Instrumentos musicales/Viento			Instrumento de viento Hulusi en clave de Do y Si bemol para adultos Interpretación profesional
SIN SUB	p278016	Instrumentos musicales/Viento			Mobkid Instrumento De Viento Chino De Seda De Cucurbita Extraíble De Seda De Cucurbitácea De Ébano A
SIN SUB	p278025	Instrumentos musicales/Viento			Instrumento de viento Hulusi con clave en si bemol utilizado para práctica e interpretación
SIN SUB	p278034	Instrumentos musicales/Viento			Hulusi Para Principiantes Principiantes De Hulusi En La Interpretación Profesional De Instrumentos D
SIN SUB	p278035	Instrumentos musicales/Viento			Hulusi Para Principiantes Hulusi Diseñado Profesionalmente Para Tocar Instrumentos De Viento De En S
SIN SUB	p278039	Instrumentos musicales/Viento			Hulusi Para Principiantes Hulusi Un Instrumento De Viento Eléctrico
SIN SUB	p278044	Instrumentos musicales/Viento			Instrumento Hulusi C/Bb Tune Rendimiento Profesional Tipo Redwood B Tune Siete Agujeros Instrumento 
SIN SUB	p278046	Instrumentos musicales/Viento			Hulusi Para Principiantes 2/3 Hulusi Un Instrumento Tradicional De 7 Agujeros Es Un Instrumento De V
SIN SUB	p278047	Instrumentos musicales/Viento			Hulusi Para Principiantes Hulusi Profesional En Instrumento De Viento De Con Llave Bk O Red C O Bb(4
SIN SUB	p278048	Instrumentos musicales/Viento			Hulusi Para Principiantes Instrumentos De Viento De Profesionales Para Adultos Tecla G Y Otros Tonos
SIN SUB	p278052	Instrumentos musicales/Viento			Bawu Vertical De Sándalo, Instrumento De Viento, Adecuado Para Exámenes De Grado/Actuaciones/Acompañ
SIN SUB	p278075	Instrumentos musicales/Viento			Pan Pipes Instrumento Viento 22 Tubos De Plástico ABS Panpipe G Key Panflute Derecha/Izquierda Instr
SIN SUB	p278078	Instrumentos musicales/Viento			Shure WB98H/C Micrófono de Condensador Inalámbrico para Instrumento de Viento
SIN SUB	p278097	Instrumentos musicales/Viento			E Key 20 Tubos PanFlute Instrumento De Viento De Instrumento Musical Tradicional Chino(Color:Left-ha
SIN SUB	p278105	Instrumentos musicales/Baterías			La orquesta sinfónica: Instrumentos de cuerda, viento y percusión y el director de orquesta
SIN SUB	p278108	Instrumentos musicales/Viento			Octeto para instrumentos de viento y madera (Spanish Edition)
SIN SUB	p278120	Instrumentos musicales/Viento			Hulusi Para Principiantes Instrumento De Viento De Profesional The Hulusi En Bb O C Key Para Princip
SIN SUB	p278126	Instrumentos musicales/Viento			Hulusi Para Principiantes Instrumento De Viento Desmontable De Rendimiento Profesional Con Llave Hul
SIN SUB	p278132	Instrumentos musicales/Viento			Hulusi Para Principiantes Instrumento De Viento De Desmontable De Estilo Profesional Con Llave Plana
SIN SUB	p278134	Instrumentos musicales/Viento			Hulusi Para Principiantes Instrumento De Viento De Tradicional Desmontable Hulusi De Con Llave C/bB(
SIN SUB	p278135	Instrumentos musicales/Viento			Hulusi Para Principiantes Instrumento De Viento De Tradicional Desmontable Hulusi De Con Llave C/bB(
SIN SUB	p278149	Instrumentos musicales/Viento			Instrumento Sheng De 14 Lengüetas, Un Instrumento De Viento Tradicional Chino, En Clave De D, Con Un
SIN SUB	p278163	Instrumentos musicales/Viento			Instrumento de viento Hulusi de 7 agujeros con clave C adecuado para interpretación profesional(C ke
SIN SUB	p278170	Instrumentos musicales/Viento			Instrumento de viento Hulusi de 7 agujeros con clave C adecuado para interpretación profesional(B fl
SIN SUB	p278171	Instrumentos musicales/Viento			Instrumento de viento Hulusi de siete agujeros con clave C adecuado para interpretación profesional(
SIN SUB	p278174	Instrumentos musicales/Viento			Instrumento de viento Hulusi de siete agujeros con clave C adecuado para interpretación profesional(
SIN SUB	p278189	Instrumentos musicales/Viento			Instrumento De Viento De 17 Teclas De Baquelita Negra Con Teclas Niqueladas
SIN SUB	p278192	Instrumentos musicales/Viento			Cuerno Telescópico De Tres Secciones De Estilo Tibetano,Un Instrumento De Viento Para Animar A Los F
SIN SUB	p278194	Instrumentos musicales/Viento			Hulusi para principiantes Instrumento de viento de Hulusi hecho a mano con ébano apto para adultos
SIN SUB	p278195	Instrumentos musicales/Viento			Instrumento De Viento Profesional Para Puesta En Escena Hulusi Con Tecla F Hulusi
SIN SUB	p278196	Instrumentos musicales/Viento			Instrumento De Viento Profesional Para Puesta En Escena Hulusi Con Tecla F Hulusi Principiantes
SIN SUB	p278200	Instrumentos musicales/Viento			Instrumento De Viento De Con Llave En C De 17 Agujeros Con Llave En C De Plata Niquelada
SIN SUB	p278203	Instrumentos musicales/Viento			Instrumento De Viento Profesional Para Puesta En Escena Hulusi Con Tecla F Hulusi Profesional
SIN SUB	p278207	Instrumentos musicales/Viento			FLFL Hulusi Los Estudiantes De Instrumentos De Viento De Hulusi Realizan A La De Tres Tonos Hulusi
SIN SUB	p278209	Instrumentos musicales/Viento			Instrumento de viento de bambú Panpipe G Key hecho a mano Folk Musicales Dizi Instrumento (color: ma
SIN SUB	p278211	Instrumentos musicales/Viento			Hulusi profesional Instrumento de viento de Hulusi hecho a mano con ébano apto para adultos
SIN SUB	p278212	Instrumentos musicales/Viento			Grabadoras Grabadora de Rendimiento de Banda Profesional, Grabadora de Estilo Barroco de 8 Orificios
SIN SUB	p278256	Instrumentos musicales/Viento			Hulusi Para Principiantes C/D Key Hulusi Rendimiento Profesional Para Principiantes Y Adultos Instru
SIN SUB	p278257	Instrumentos musicales/Viento			Hulusi Para Principiantes Hulusi De Siete Y Nueve Hoyos Son Instrumentos De Viento En Tonalidad Do O
SIN SUB	p278258	Instrumentos musicales/Viento			Hulusi Para Principiantes Practique Con Un Hulusi De Nueve Agujeros En Tecla F Profesional Y Otros I
SIN SUB	p278317	Instrumentos musicales/Viento			Amarillo 25 Tubos C Key Pan Pipes Instrumento De Viento De Instrumento Musical Tradicional Chino (Co
SIN SUB	p278320	Instrumentos musicales/Viento			25 Tubos C/G Llave PanFlute Pan Pipes Instrumento De Viento De Instrumento Musical Tradicional Chino
SIN SUB	p278328	Instrumentos musicales/Viento			Hulusi Para Principiantes Instrumento De Viento De Profesional Siete Agujeros Cinco Teclas Hulusi Ma
SIN SUB	p278336	Instrumentos musicales/Viento			Hulusi Para Principiantes BB/C Key Rosewood Hulusi Profesional Adulto Principiante Instrumento De Vi
SIN SUB	p278338	Instrumentos musicales/Viento			Instrumento De Viento De De Estilo Vintage De Baquelita En Do Alto
SIN SUB	p278340	Instrumentos musicales/Viento			Hulusi Para Principiantes Instrumento De Viento De Profesional De Tres Notas Hulusi Con Tecla C/D Ba
SIN SUB	p278351	Instrumentos musicales/Viento			Mano Izquierda Derecha C Llave Pan Pipes Hecho A Mano Instrumento De Viento De 22 Tubos (Color : Lef
SIN SUB	p278374	Instrumentos musicales/Viento			Hulusi Para Principiantes Instrumento De Viento De Profesional Portátil Tradicional Hulusi En Tono C
SIN SUB	p278388	Instrumentos musicales/Viento			Instrumento De Viento Ébano Dos Teclas Y Siete Agujeros Hulusi Profesional(C)
SIN SUB	p278390	Instrumentos musicales/Viento			Instrumento De Viento Hulusi Profesional Orientado A Adultos, Tono Puro, Fácil De Tocar, Incluye Caj
SIN SUB	p278392	Instrumentos musicales/Viento			Hulusi Para Principiantes El Instrumento De Viento Profesional El Hulusi De Siete Agujeros Y Cinco T
SIN SUB	p278418	Instrumentos musicales/Viento			Instrumento De Viento Ébano Dos Teclas Y Siete Agujeros Hulusi Principiantes(C)
SIN SUB	p278419	Instrumentos musicales/Viento			Instrumento De Viento Ébano Dos Teclas Y Siete Agujeros Hulusi(C)
SIN SUB	p278423	Instrumentos musicales/Viento			Instrumento de viento metal plateado en si bemol para principiantes
SIN SUB	p278429	Instrumentos musicales/Viento			B/D/F/G Tono Hulusi Instrumento De Viento De Chino Profesional De 7 Hoyos Chino Hulusi(G)
SIN SUB	p278431	Instrumentos musicales/Viento			Instrumento De Viento Metal Bb B Profesional Con Guantes Para Que Los Principiantes Puedan Tocar Fác
SIN SUB	p278437	Instrumentos musicales/Viento			Hulusi De 9 Hoyos, Un Instrumento De Viento Utilizado Para Enseñar Y Tocar, Con Un Hermoso Tono,G#
SIN SUB	p278450	Instrumentos musicales/Viento			Instrumento Sheng De 14 Lengüetas, Un Instrumento De Viento Tradicional Chino, En Clave De D, Con Un
SIN SUB	p278471	Instrumentos musicales/Viento			Hulusi, un instrumento de viento tradicional chino, utilería para escenario,Plum blossom bamboo,B fl
SIN SUB	p278581	Otros/Varios			AKASO Palo Selfie Invisible 120CM para Cámara Deportiva
SIN SUB	p278747	Otros/Varios			AKASO Palo de Selfie Trípode con empuñadura Flotante para Cámara Deportiva
SIN SUB	p278766	Otros/Varios			AKASO Palo de Selfie con Trípode 60CM Selfie Stick para cámara Deportiva
SIN SUB	p279135	Otros/Varios			Lente de la cámara del teléfono Celular, Lente de telefoto con Zoom de Enfoque Largo 20X con Soporte
SIN SUB	p279187	Otros/Varios			Green FUSION - 3 piezas de repuesto para lente de cámara trasera ultra trasera para Galaxy S25 con h
SIN SUB	p279437	Otros/Varios			GVM Teleprompter portátil para iPad, tablet, smartphone y cámaras réflex digitales, kit de telepromp
SIN SUB	p279438	Otros/Varios			Teleprompter portátil A10 para teléfonos inteligentes y cámaras réflex digitales con soporte para te
SIN SUB	p279455	Muebles/Otros			Bolsa para cámara con cordón, bolsa de piel café con interior protector, cómodas bolsas de almacenam
SIN SUB	p279522	Otros/Varios			Palo Selfie Tripode con Luces, 170CM Tripode para Movil con Control Remoto Bluetooth, 360° Rotación 
SIN SUB	p279649	Otros/Varios			170cm Trípode para Cámara/Celular Aluminio con Bolsa de Viaje y Mando
SIN SUB	p281096	Otros/Varios			Varilla Extensible de 36.22 Pulgadas, Palo Selfie Invisible Compatible con cámaras de acción, Ideal 
SIN SUB	p281099	Otros/Varios			Soporte de Succión de Leva, Cámara de Copa Potente para Automóvil con Soporte para Teléfono de 9 Cm 
SIN SUB	p281140	Otros/Varios			ULANZI MT88 ClipMate Trípode para cámara,Palo Selfie con Correa Adhesiva
SIN SUB	p281278	Otros/Varios			Fotopro Tripie Flexible, Trípie para Celular, Trípode Camara, Tripode Movil con Adaptador Universal,
SIN SUB	p281409	Otros/Varios			NEEWER TP38 Trípode Móvil y Cámara, Palo Selfie Extensible de Metal 15"
SIN SUB	p282373	Cámaras y fotografía/None			Cámara compatible para 3 zoom cámara 3 cine Hasselblad Camera para 3 series(Complete Camera)
SIN SUB	p282392	Cámaras y fotografía/None			Cámara con zoom para 3 (cámara completa)
SIN SUB	p283941	Componentes y accesorios de PC/			Disco Duro Interno WD Gold 20TB 3.5 Escritorio SATA3 6GB/S 512MB 7200RPM 24X7 HOTPLUG NAS DVR NVR Se
SIN SUB	p284953	Videojuegos/Otros accesorios gamer			Western Digital WD 6 TB My Passport HDD portátil USB 3.0 con Software para gestión de Dispositivos, 
SIN SUB	p285657	Teclados/None			Magic Trackpad Apple Multi-touch Blanco (USB-C)
SIN SUB	p285755	Lavadoras/None			Mabe Lavado lmdx8124hbab Corriente doméstica Blanco
SIN SUB	p285978	Electrodomésticos/None			Cinta de correr portátil a vapor Completeam de 1500 W de Conair
SIN SUB	p287386	Iluminación/None			Partphoner W-5437 - Unidad - 1 Negro
SIN SUB	p289325	Audífonos/None			Jbl Tune 235nc Color Negro
SIN SUB	p290673	Viajes/None			U.s. Traveler Travelers Choice U.s. Río, Negro
SIN SUB	p290687	Viajes/None			Samsonite Octolite Adultos Blanco
SIN SUB	p290726	Relojes inteligentes/None			Extensible Para Xiaomi Rmwtbd01 Rosa
SIN SUB	p291892	Cámaras y fotografía/None			Mini Dvd Sony Premium 80 Min Dvm80pr Color No Aplica
SIN SUB	p294063	Juegos de mesa/None			Juegos Sobre La Marcha De Juegos Continuos: Juegos Familiare
SIN SUB	p294067	Juegos de mesa/None			Kit De Juegos Coghlans
SIN SUB	p294068	Juegos de mesa/Otros juegos			Bananagrams Juegos de mesa
SIN SUB	p294694	Domótica y hogar inteligente/None			Talking Flower - Super Mario Naranja Claro
SIN SUB	p295590	Otros/Varios			Juego de 60 Platos con Motivos de Vehículos de Construcción
SIN SUB	p295619	Otros/Varios			Juegos para exteriores, patio y playa, para adultos y para la familia, perfectos para el patio trase
SIN SUB	p296268	Otros/Varios			Herramientas de dibujo, maniquí posible, figures de dibujo modelo 2pcs 5.91 pulgadas de acción femen
SIN SUB	p296716	Otros/Varios			Modelo de anatomía de Torso Humano de 78 cm (1 Pieza), Herramienta educativa Unisex de tamaño 1/2 Na
SIN SUB	p296751	Otros/Varios			Vaguelly Portavasos Negro para Carriola con Soporte para Teléfono, de PP Instalación Rápida y Agarre
SIN SUB	p296815	Otros/Varios			Bandeja universal para cochecito de bebé con soporte profundo para tazas y soporte para teléfono, de
SIN SUB	p296831	Otros/Varios			Soporte universal para vasos giratorio de 360°, paquete de 2 unidades, apto para barco, pontón, carr
SIN SUB	p296861	Otros/Varios			Soporte para tazas y teléfono compatible solo con el sistema de viaje todo en uno original de Doona 
SIN SUB	p296864	Otros/Varios			Bandeja de aperitivos compatible con Nuna, universal para carriola con soporte para tazas y soporte 
SIN SUB	p296875	Otros/Varios			Bandeja de aperitivos compatible con Nuna Mockingbird, bandeja ajustable para aperitivos, con soport
SIN SUB	p299922	Cámaras y fotografía/None			Semme Nido Nebulizador para Mascotas, Cámara de Oxígeno Plegable y Espaciosa para Perros y Gatos, Ho
SIN SUB	p300339	Mascotas/None			Plegable para Perros Gatos 70x55x50cm Interior Exterior Plegable
SIN SUB	p300831	Mascotas/None			Mascotas, perros y gatos están solos en casa alerta de emergencia de plástico cartera y etiqueta par
SIN SUB	p30101	Instrumentos musicales/Baterías			Cajón Flamenco Pbc-507
SIN SUB	p30102	Instrumentos musicales/Baterías			Cajón Flamenco Cuerpo Fibra De Madera Headliner Mcaj100bk-ma
SIN SUB	p301020	Mascotas/None			para Perros Exterior para Perros Impermeable
SIN SUB	p30104	Instrumentos musicales/Baterías			Cajon Flamenco Pwc100b Meinl Ajustable Con 3 Pastillas
SIN SUB	p305050	Mascotas/None			Hill's Science Diet Indoor Croquetas para Gato Adulto Sabor Pollo 7Kg | Croquetas Hill's para gato, 
SIN SUB	p305051	Mascotas/None			Hill's Science Diet Perfect Weight Croquetas para Gato Adulto Pollo 6.8Kg | Croquetas Hill's para ga
SIN SUB	p305052	Mascotas/None			Hill's Science Diet Croquetas para Gato con Multiples Beneficios Adulto 7Kg | Croquetas Hill's para 
SIN SUB	p30668	Muebles/Otros			Soporte Para Laptop Portátil Qzgyoool
SIN SUB	p30669	Muebles/Otros			Soporte Para Laptop de Aluminio Plegable Antideslizante
SIN SUB	p306998	Mascotas/None			Bolígrafo acrílico transparente para perros, alivia eficazmente la ansiedad de las mascotas, adecuad
SIN SUB	p30726	Electrodomésticos/Otros			Tabla Para Cortar Alimentos Ibili Plástico HDPE 38cm
SIN SUB	p30727	Electrodomésticos/Otros			Tabla Para Cortar Weber
SIN SUB	p30728	Electrodomésticos/Otros			Set de 4 Tablas Para Picar Vanance con Base
SIN SUB	p307477	Blancos y ropa de cama/			Cama Transpirable Lavable
SIN SUB	p307478	Blancos y ropa de cama/			Cama para Transpirable Lavable
SIN SUB	p30752	Joyería y bisutería/Otros			Billetera para Hombre con Tarjetero RFID Marrón
SIN SUB	p30753	Joyería y bisutería/Otros			Billetera para Hombre Timberland
SIN SUB	p30754	Joyería y bisutería/Otros			Billetera para Hombre Bifold Lacoste Azul
SIN SUB	p30755	Joyería y bisutería/Otros			Cinturón para Hombre Steve Madden Casual
SIN SUB	p30756	Joyería y bisutería/Otros			Paraguas Sombrilla Automática Estampado Floral Verde
SIN SUB	p30856	Electrodomésticos/Otros			Juego de Vajilla Gibson Home Zuma Redonda 16 Piezas Gris
SIN SUB	p30857	Electrodomésticos/Otros			Juego de Vajilla Melamina Webbylee 10 Piezas Gris
SIN SUB	p30863	Electrodomésticos/Otros			Juego de Jarra de Agua Libbey Alaska 5 Piezas
SIN SUB	p30864	Electrodomésticos/Otros			Jarra de Agua Plástico Transparente 1.5L Good & Cool
SIN SUB	p30865	Electrodomésticos/Otros			Jarra de Agua de Vidrio Ámbar 77oz con Manija AEFPOYMXU
SIN SUB	p309514	Suplementos/None			Tofuvit - Sano Mundo 60 capsulas de 0.630g c/u | Suplemento de Tofu Deshidratado y Concentrado | Ref
SIN SUB	p309524	Suplementos/None			La gran guía de la suplementación: El manual definitivo para optimizar tu cuerpo y potenciar tu salu
SIN SUB	p309582	Suplementos/None			MultiFlex Reforzado - 1 frasco 30 tabletas 750 Mg C/u
SIN SUB	p309784	Instrumentos musicales/Baterías			Pistola de Masaje Muscular con Mango Extensible, Masajeador de Espalda de Percusión para Alivio del 
SIN SUB	p309785	Instrumentos musicales/Baterías			Pistola de Masaje Masajeador de Tejido Profundo Para Músculos, Espalda, Pie, Cuello, Hombro, Pierna,
SIN SUB	p309787	Instrumentos musicales/Baterías			Yakiter Pistola de Masaje Muscular,Súper Potencia Masajeador de Muscular Profesional,99 Velocidades 
SIN SUB	p309793	Instrumentos musicales/Baterías			cotsoco Pistola de Masaje Muscular con Mango Largo Mejorado, Masajeador de Espalda de Percusión Prof
SIN SUB	p309795	Instrumentos musicales/Baterías			MEGAWISE Masajeador de percusión con 7 cabezales para espalda y piernas
SIN SUB	p309800	Instrumentos musicales/Baterías			Pistola de Masaje de 4 Cabezales Masajeador de Percusión de Tejido Profundo 20 y 6 Modos de Masaje M
SIN SUB	p309801	Instrumentos musicales/Baterías			Pistola de masaje de tejido profundo, potente masajeador de percusión con 6 velocidades ajustables, 
SIN SUB	p309805	Instrumentos musicales/Baterías			Pistola de Masaje de 12 Cabezas, Masajeador de Percusión de Tejido Profundo Ajustable, 9 Modos y 9 I
SIN SUB	p309810	Instrumentos musicales/Baterías			Masajeador de Espalda en Forma de U con Mango Largo, Pistola de Masaje Percusión para Aliviar Dolore
SIN SUB	p309811	Instrumentos musicales/Baterías			Pistola Masajeadora de Percusión Recargable, Rehabilitación
SIN SUB	p309887	Otros/			Medidor de Potencia Trifásico Amperímetro Digital Multifunción AC Pantalla LCD Monitoreo Corriente V
SIN SUB	p309969	Cafeteras/None			Diyife [4 Modos] Bascula Cafe con Temporizador, Tamano Mini para Cafetera
SIN SUB	p310006	Deportes y fitness/Otros			Báscula de pesca, controlador de pesaje de peces, digital portátil para pesca, herramienta ideal par
SIN SUB	p310062	Suplementos/None			Suplementos Dao Bloqueador de Histamina
SIN SUB	p310126	Muebles/Otros			Bodily Autonomy in 19th Century American Women’s Writing: A Cornucopia of Pharmacopoeia (Routledge R
SIN SUB	p310127	Muebles/Otros			Creative Writing and Wellbeing: Research, Theory, and Practice Beyond Words (Routledge Interdiscipli
SIN SUB	p310128	Suplementos/None			Nature Target Probi?ticos para Hombres con Suplemento Men Care
SIN SUB	p310207	Muebles/Otros			My Period My Power: A Simple Guide to Body Literacy, Cycle Syncing & Daily Health Tracking
SIN SUB	p310281	Suplementos/None			Livorka (Paquete de 3) C?psulas de Suplementos de Salud
SIN SUB	p310410	Suplementos/None			Fatty15 Suplemento de ?cido Pentadecanoico C15:0. El Nutriente de
SIN SUB	p310411	Otros/Varios			Immunocal Paquete de Abundancia | 2 Immunocal + 4 Platinum | Precursor de Glutatión | Soporte Avanza
SIN SUB	p310957	Salud/			Vetality Gel oral sin cepillo para perros | Cuidado dental formulado por veterinarios con tecnología
SIN SUB	p311307	Instrumentos musicales/Baterías			Yakiter Pistola de Masaje Muscular,Súper Potencia Masajeador de Muscular Profesional,99 Velocidades 
SIN SUB	p311324	Instrumentos musicales/Baterías			Pistola de masaje de tejido profundo, potente masajeador de percusión con 6 velocidades ajustables, 
SIN SUB	p311379	Instrumentos musicales/Baterías			Martillo De Masaje De Ajenjo, 2 Uds., Herramienta De Masaje para Golpear Espalda, Martillo De Rellen
SIN SUB	p311413	Instrumentos musicales/Baterías			Accesorios for pistola de masaje, cabezales de pistola de masaje de silicona, cabezal de repuesto de
SIN SUB	p311415	Instrumentos musicales/Baterías			Pistola de masaje con 6 modos, pistola de masaje muscular con 9 cabezales repuesto, masajeador percu
SIN SUB	p311423	Instrumentos musicales/Baterías			RENPHO - Pistola de masaje con calor y frío, cabeza de pistola de masaje muscular de percusión para 
SIN SUB	p311436	Instrumentos musicales/Baterías			Pistola de masaje de percusión con mango extendido y cabezales masaje múltiples, masajeador espalda 
SIN SUB	p311442	Instrumentos musicales/Baterías			Pistola de masaje Pistola de masaje muscular 6 modos con 9 cabezales repuesto Masajeador percusión p
SIN SUB	p311447	Instrumentos musicales/Baterías			Pistola de masaje de percusión con mango extendido y cabezales masaje múltiples, masajeador espalda 
SIN SUB	p311450	Instrumentos musicales/Baterías			Masajeador Muscular Herramienta de Percusión de 4 Velocidades para
SIN SUB	p311467	Instrumentos musicales/Baterías			Pistola de masaje desmontable 3 en 1, masajeador de percusión de tejido profundo con mango de extens
SIN SUB	p311479	Instrumentos musicales/Baterías			Mini Pistola De Masaje, Potente Masajeador Muscular De Mano Para Alivio Del Dolor De Espalda, Pistol
SIN SUB	p311480	Instrumentos musicales/Baterías			Pistola de masaje A1 súper pequeña, masajeador muscular de percusión, portátil para viajes, oficina 
SIN SUB	p311481	Instrumentos musicales/Baterías			Mini pistola de masaje: pequeño masajeador muscular de mano con percusión de tejido profundo, 5 frec
SIN SUB	p311483	Instrumentos musicales/Baterías			Mini pistola de masaje NEPQ, potente pistola de masaje fascial portátil con percusión para tejidos p
SIN SUB	p311495	Instrumentos musicales/Baterías			TOLOCO Pistola de masaje, pistola de masaje muscular de percusión mejorada para atletas, pistola de 
SIN SUB	p311496	Instrumentos musicales/Baterías			Cotsoco - Pistola de masaje de tejido profundo, pistola de masaje de percusión con 10 cabezales de m
SIN SUB	p311498	Instrumentos musicales/Baterías			AERLANG Pistola de masaje, masajeador de tejido profundo para músculos de la espalda para deportista
SIN SUB	p311503	Instrumentos musicales/Baterías			Pistola de masaje Super Mini, masajeador muscular de percusión de tejido profundo, pistola de masaje
SIN SUB	p311504	Instrumentos musicales/Baterías			Pistola de Masaje Mini de Tejido Profundo, Masajeador Portátil de Percusión con Luz LED
SIN SUB	p311507	Instrumentos musicales/Baterías			Snailax Masajeador de espalda inalámbrico de mano con calor, masajeador de percusión de tejido profu
SIN SUB	p311509	Instrumentos musicales/Baterías			Mini pistola de masaje de bolsillo, masajeador de percusión para viajes | Pequeño masajeador muscula
SIN SUB	p311510	Instrumentos musicales/Baterías			Pistola de masaje de tejido profundo con mango de curva, percusión de 12 mm, 4 cabezales reemplazabl
SIN SUB	p311513	Instrumentos musicales/Baterías			Pistola de masaje de tejido profundo de 42 cabezas, masajeador muscular de percusión con 9 modos e i
SIN SUB	p311514	Instrumentos musicales/Baterías			LifePro - Pistola de masaje - Masajeador muscular de percusión para atletas con 8 cabezales de masaj
SIN SUB	p311516	Instrumentos musicales/Baterías			Pistola de masaje AERLANG con calor, pistola de masaje de tejido profundo, masajeador de espalda y c
SIN SUB	p311519	Instrumentos musicales/Baterías			Mini pistola de masaje con calor y frío, pistola de masaje de tejido profundo, masajeador muscular d
SIN SUB	p311524	Instrumentos musicales/Baterías			2026 - Pistola de masaje de fascia, portátil y de mano, alivio del dolor muscular en cuello, espalda
SIN SUB	p311526	Instrumentos musicales/Baterías			Pistola De Masaje Muscular Masajeador Percusión Tejido Profundo
SIN SUB	p311530	Instrumentos musicales/Baterías			LifePro - Pistola de masaje y soporte para pistola de masaje (se vende por separado). Masajeador mus
SIN SUB	p311532	Instrumentos musicales/Baterías			Pistola de masaje de percusión desmontable 2 en 1 con mango extensible, masajeador para la espalda p
SIN SUB	p311535	Instrumentos musicales/Baterías			Masajeador Muscular De Tejido Profundo Con Pistola Masaje Percusión 8 En 1
SIN SUB	p311536	Instrumentos musicales/Baterías			LEVILO - Juego de pistola de masaje de 16 unidades, masajeador de percusión, con 16 cabezales de mas
SIN SUB	p311537	Instrumentos musicales/Baterías			FVZ Pistola de masaje de tejido profundo: masajeador de espalda para aliviar el dolor de tejido prof
SIN SUB	p311539	Instrumentos musicales/Baterías			Pistola de masaje de tejido profundo con 16 cabezales, masajeador muscular de percusión con 16 cabez
SIN SUB	p311541	Instrumentos musicales/Baterías			Pistola de masaje de tejido profundo, pistola de masaje muscular con mango extendido y 3 ángulos aju
SIN SUB	p311542	Instrumentos musicales/Baterías			Super Mini Pistola De Masaje De Tejido Profundo Para Atletas, Pistola De Masaje De Viaje Pequeña, He
SIN SUB	p311553	Instrumentos musicales/Baterías			Hypervolt Go 2 - Equipado con tecnología Quiet Glide - Pistola de masaje de percusión portátil (Hype
SIN SUB	p311559	Instrumentos musicales/Baterías			Masajeador de acción de percusión HoMedics con calor, intensidad ajustable, cabezas giratorias doble
SIN SUB	p311567	Instrumentos musicales/Baterías			Pistola de masaje AERLANG con calor y frío, pistola de masaje de tejido profundo, masajeador de espa
SIN SUB	p311568	Instrumentos musicales/Baterías			BOB AND BRAD Pistola de masaje Q2 Mini, pistola de masaje de tejido profundo de bolsillo, pistola de
SIN SUB	p311575	Instrumentos musicales/Baterías			TheraGun Accesorio de terapia de frío para la pistola de masaje de percusión de tejido profundo PRO 
SIN SUB	p311588	Instrumentos musicales/Baterías			Breo Lucky7 Pistola masajeadora con calor y percusión de tejidos profundos
SIN SUB	p311591	Instrumentos musicales/Baterías			Pistola masajeador de percusión Therapist Select Prime
SIN SUB	p311594	Instrumentos musicales/Baterías			LifePro Sonic LX - Pistola de masaje personal profesional con pistola de masaje de percusión con cal
SIN SUB	p311595	Instrumentos musicales/Baterías			Pistola de masaje con calor y terapia de luz roja, pistola de masaje, tejido profundo con mango exte
SIN SUB	p311596	Instrumentos musicales/Baterías			Mini pistola de masaje 3 en 1 con calor y frío, masaje de espalda de tejido profundo con mango desmo
SIN SUB	p311597	Instrumentos musicales/Baterías			pistola de masaje, Pistola De Masaje Percusión Tejido Profundo
SIN SUB	p311601	Instrumentos musicales/Baterías			BOB AND BRAD Q2 - Pistola de masaje ultra pequeña con calor infrarrojo, pistola masajeador de percus
SIN SUB	p311603	Instrumentos musicales/Baterías			BOB AND BRAD Pistola de masaje Q2 Mini, pistola de masaje de tejido profundo de bolsillo, pistola de
SIN SUB	p311604	Instrumentos musicales/Baterías			Masajeador Muscular De Pistola Masaje Percusión Tejido Profundo
SIN SUB	p311617	Instrumentos musicales/Baterías			Hyperice Hypervolt Go 3 - Pistola de masaje de percusión de mano compacta con tecnología QuietGlide 
SIN SUB	p311621	Instrumentos musicales/Baterías			Masajeador Muscular para Masaje de Percusión Thumper E501 NA Sport con Bolso de Transporte
SIN SUB	p311628	Instrumentos musicales/Baterías			Pistola de masaje, pistola de masaje desmontable 3 en 1, mini pistola de masaje con mango de extensi
SIN SUB	p311632	Instrumentos musicales/Baterías			BOB AND BRAD Q2 Pro - Mini pistola de masaje con calor y frío, tamaño de bolsillo, para masaje de te
SIN SUB	p311641	Instrumentos musicales/Baterías			Muscle Blaster Mini pistola de masaje de percusión inalámbrica, estimulación manual recargable, vibr
SIN SUB	p311644	Instrumentos musicales/Baterías			Surge Pro - Pistola de masaje de tejido profundo con calor, masajeador muscular de percusión para re
SIN SUB	p311670	Instrumentos musicales/Baterías			BOB AND BRAD Pistola de masaje D6 Pro Max+ con calor y frío, potente masajeador de percusión de teji
SIN SUB	p311677	Instrumentos musicales/Baterías			Hyperice Hypervolt 2 – Con tecnología Quiet Glide – Pistola de masaje de percusión de mano 3 velocid
SIN SUB	p311679	Instrumentos musicales/Baterías			BOB AND BRAD C2 - Pistola de masaje ultra con calor y cabeza de terapia LED rojo, pistola masajeador
SIN SUB	p311687	Instrumentos musicales/Baterías			Therabody TheraGun - Minipistola de masaje para alivio del dolor, terapia de percusión negra de 3ª g
SIN SUB	p311689	Instrumentos musicales/Baterías			Bob and Brad D5 Pistola de masaje de tejido profundo, pistola de masaje de percusión manual, masajea
SIN SUB	p311697	Instrumentos musicales/Baterías			Pistola Muscular para aliviar la tensión Muscular, Pistola de Fascia de vibración silenciosa, Masaje
SIN SUB	p311718	Instrumentos musicales/Baterías			Hypervolt 2 Pro - Con tecnología de deslizamiento silencioso - Pistola de masaje de percusión de man
SIN SUB	p311721	Instrumentos musicales/Baterías			Hyperice Hypervolt 2 - Pistola de masaje de percusión de mano, 3 velocidades, 5 cabezales intercambi
SIN SUB	p311722	Instrumentos musicales/Baterías			Theragun PRO - Pistola de masaje para terapia de percusión de 5ª generación, color negro
SIN SUB	p311726	Instrumentos musicales/Baterías			Masajeador portátil de Ondas de Choque electromagnéticas V100 con Pantalla táctil HD, Sistema de Mas
SIN SUB	p311727	Instrumentos musicales/Baterías			Masajeador de Ondas de Choque V100, de sobremesa y portátil, Unidad de Masaje por percusión electrom
SIN SUB	p311728	Instrumentos musicales/Baterías			Masajeador de percusión electromagnética V100, Dispositivo de Masaje por Ondas de Choque de Impacto 
SIN SUB	p311730	Instrumentos musicales/Baterías			Masajeador electromagnético de Ondas de Choque V80-A con Pantalla táctil de Alta definición, Sistema
SIN SUB	p311731	Instrumentos musicales/Baterías			Masajeador Profesional de Ondas de Choque para la relajación Corporal Q60, Dispositivo de Masaje por
SIN SUB	p311732	Instrumentos musicales/Baterías			Masajeador de Ondas de Choque de sobremesa V80‑A, Unidad de Masaje por percusión electromagnética co
SIN SUB	p311734	Instrumentos musicales/Baterías			Masajeador de Ondas de Choque accionado por Aire Q60, máquina de Masaje por percusión de sobremesa c
SIN SUB	p311829	Otros/Varios			Sillón Masajeador de Cuerpo Completo, Gravedad Cero, Gris y Blanco, Cuero Sintético, con Panel Tácti
SIN SUB	p311845	Otros/Varios			HPC POLO Sillón de Masaje Reclinable con Gravedad Cero, Pantalla Táctil, LED Ambiental, Soporte para
SIN SUB	p311856	Instrumentos musicales/Baterías			Aparato de terapia de ondas de choque neumáticas, dispositivo de terapia de ondas de choque extracor
SIN SUB	p311868	Instrumentos musicales/Baterías			Masajeador de percusión neumático Profesional Q60, Dispositivo de Masaje por Ondas de Choque acciona
SIN SUB	p311888	Otros/Varios			Genérico Silla de Masaje 4D para Todo el Cuerpo, Multifunción para Hogar, Relajación de Cuello, Homb
SIN SUB	p312332	Otros/Varios			Aire Acondicionado PortáTil Aces,Ventilador De Torre Silencioso De Escritorio,Carga USB,3 Velocidade
SIN SUB	p312526	Otros/Varios			Aecooly Ventilador para Celular USB C Potente 17000RPM 4 Velocidades
SIN SUB	p313012	Cafeteras/None			Placa eléctrica pequeña, Placa calefactora eléctrica para cafetera, Base ca Práctico y Profesional
SIN SUB	p313030	Cafeteras/None			Placa eléctrica pequeña, placa calefactora eléctrica para cafetera, base ca
SIN SUB	p313068	Cafeteras/None			Placa eléctrica pequeña, placa calefactora eléctrica para cafetera, base ca
SIN SUB	p313895	Cámaras y fotografía/None			Cámara de agua estándar para humidificadores calentados H-4i
SIN SUB	p314366	Otros/Varios			Aire Acondicionado,Ventilador de Escritorio,Aire Acondicionado de Escritorio Mini 3 Engranajes Vient
SIN SUB	p316184	Otros/Varios			Enfriador Magnético Teléfono, Ventilador USB Bajo Ruido, Enfriador de Teléfono Celular RGB, Incluye 
SIN SUB	p316599	Otros/Varios			Namolit Ventilador portátil de Mesa con Cuello de Mano con ángulo Ajustable de 90° Batería de 3600 m
SIN SUB	p316606	Otros/Varios			Namolit Ventilador portátil de Mesa con Cuello de Mano con ángulo Ajustable de 90° Batería de 3600 m
SIN SUB	p319038	Baterías portátiles/None			Calentador de batería portátil silencioso para espacios pequeños, 2 temperaturas para dormitorios AB
SIN SUB	p321689	Otros/Varios			Bobinadora circular LY 890, controlador TNC-910H, extractor de alambre calefactor, pesca, anillo mag
SIN SUB	p321690	Otros/Varios			Máquina bobinadora, Bobinadora circular LY 890, controlador TNC-910H, extractor de alambre calefacto
SIN SUB	p322287	Deportes y fitness/Otros			Beavorty Juego de Marcador de Bolas de Golf con Rotulador y Plantilla para Alineación, Herramienta L
SIN SUB	p322700	Otros/Varios			PACKOVE Llaveros De Voleibol Portátiles 3 Piezas Llaveros Decorativos para Mochilas Bolsos Llaves de
SIN SUB	p323396	Deportes y fitness/Otros			Brrnoo Entrenador de Pelotas de Tenis, Herramienta de Entrenamiento única con Rebote de Zócalo, Prác
SIN SUB	p32412	Otros/Varios			Equipo de Supervivencia Portátil para Aventureros Negro
SIN SUB	p32480	Otros/Varios			Navaja Multiusos de Aluminio Aksi Plateada
SIN SUB	p32481	Otros/Varios			Navaja Multiusos 21 Funciones Tipo Suiza Mikels Plateada
SIN SUB	p32482	Otros/Varios			Navaja Multiusos Plegable Milwaukee 48-22-1530 Roja
SIN SUB	p32483	Otros/Varios			Navaja Multiusos Victorinox Huntsman Camo (15 Herramientas)
SIN SUB	p32484	Otros/Varios			Navaja Multiusos Deslizable Klein Tools 44301 Naranja
SIN SUB	p32485	Otros/Varios			Navaja Multiusos Victorinox Signature Negra (7 Herramientas)
SIN SUB	p32486	Otros/Varios			Navaja Multiusos Plegable Klein Tools 44131 Naranja/Negro
SIN SUB	p32487	Otros/Varios			Navaja Multiusos Swiza Allmatt 12 Funciones Negra
SIN SUB	p32488	Otros/Varios			Navaja Multiusos Swiza Negra 7 Funciones para Camping
SIN SUB	p325353	Muebles/Otros			Patines de doble hilera de graffitis blancos, zapatillas de patinaje duraderas y cómodas para niños 
SIN SUB	p32562	Otros/Varios			Brújula Cartográfica Coghlan's 8162 para Camping y Senderismo
SIN SUB	p325784	Deportes y fitness/Otros			Alomejor Brújula Geológica de Alta Precisión, Herramienta de Navegación Compacta y Portátil para Sen
SIN SUB	p32596	Electrodomésticos/Otros			Secadora de Ropa Portátil Mini con Control
SIN SUB	p326127	Otros/Varios			Orejeras Antiruido Para Niños,Orejeras De Protección Auditiva Para El Aprendizaje Del Sueño Para Niñ
SIN SUB	p326251	Otros/Varios			Exquisite Gaming: Cable Guy COD Zombie Ghost - Phone/Controller Holder, Compatible con PS5, Xbox Ser
SIN SUB	p326265	Otros/Varios			191cm Monopie/Tripie para Camara Fotografica con Soporte para Celular&Mando
SIN SUB	p326484	Deportes y fitness/Otros			Equipo de ejercicio sentado con ventosa tipo abdomen, máquina de pérdida de peso, ayuda para el hoga
SIN SUB	p32675	Otros/Varios			Estación Meteorológica Inalámbrica WiFi
SIN SUB	p32676	Otros/Varios			Estación Meteorológica Analógica
SIN SUB	p326836	Deportes y fitness/Otros			Estirador de Piernas, Mejora Flexibilidad y Rango de Movimiento, Herramienta de Entrenamiento para L
SIN SUB	p32711	Otros/Varios			Caja Fuerte de Seguridad para el Hogar 2.05 Pies
SIN SUB	p327858	Otros/Varios			Entrenador De Torsión Y Estiramiento para La Columna, Equipo De Gimnasio En Casa De Bajo Impacto, Ca
SIN SUB	p32903	Otros/Varios			Cámara Térmica de Imágenes para Android
SIN SUB	p32921	Otros/Varios			Estación de Carga Múltiple Dock5 5 Puertos + Pad Inalámbrico
SIN SUB	p329661	Otros/Varios			Espejo de Maquillaje con Luz LED, Triptico Trifold de 3 Paneles con Aumento 5X, 3 Tonos de Luz Regul
SIN SUB	p329937	Muebles/Otros			600 Piezas Tips para Uñas Soft Gel - 12 Tamaños - Soft Gel Tips Para Uñas Diferentes Modelos, Press 
SIN SUB	p330225	Muebles/Otros			Mobiliario para equipamiento de salón con asiento redondo de PU acolchado y soporte firme para terra
SIN SUB	p33036	Otros/Varios			Detector de Metales Manual Portátil de Seguridad
SIN SUB	p331332	Otros/Varios			LICAEVEY Reposabrazos para Uñas para Tecnología de Uñas con Soporte Giratorio para Teléfono, Reposam
SIN SUB	p331345	Otros/Varios			Reposabrazos para Uñas con Soporte de Celular Forma de U
SIN SUB	p331354	Otros/Varios			HURRISE Reposabrazos para Uñas, Reposabrazos para Manicura para Tecnología de Uñas, Reposabrazos par
SIN SUB	p331405	Otros/Varios			JODSONE Reposabrazos de manicura en forma de U rosa para técnicos de uñas con soporte para teléfono 
SIN SUB	p33177	Otros/Varios			Candado Biométrico con Huella Digital Lockit (Set de 3 Piezas)
SIN SUB	p335910	Otros/Varios			Conair Reflections - Espejo de Maquillaje con iluminación LED, Aumento de 1 x 10 x con Soporte para 
SIN SUB	p33611	Joyería y bisutería/Otros			Mancuernillas Thot Ra Figura De Boton Gemelos E-623 Plateado
SIN SUB	p33612	Joyería y bisutería/Otros			Solviora Mancuernillas Gemelos Para Star Wars Stormtrooper Hombre, Gemelos De Camisa, Adecuados Para
SIN SUB	p33614	Joyería y bisutería/Otros			Gemelos Colleras Star Wars Stormtrooper Blanco Traje Camisa
SIN SUB	p33616	Joyería y bisutería/Otros			Mancuernillas Thot Ra Canguro Gemelos Para Camisa D-044 Plateado
SIN SUB	p336653	Electrodomésticos/None			Taurus Doméstica Ariel ARIEL - Agua
SIN SUB	p337217	Viajes/None			Funda Samsonite Proxis Medium Black, color negro
SIN SUB	p337250	Viajes/None			Kenneth Cole Reacción Fuera De Límites 20 4 Ruedas De Carbón
SIN SUB	p338024	Otros/Varios			Lookourway Animal And Pet Themed Feather Flag 12-feet
SIN SUB	p338731	Blancos y ropa de cama/None			Sognare Trucomfort triangular blanca 81x68x19cm
SIN SUB	p339130	Domótica y hogar inteligente/None			Caja de Control Automática SensoMax VentDepot para Grifo Inductivo Blanca
SIN SUB	p339311	Domótica y hogar inteligente/None			Control Remoto Inalámbrico Ezviz K2 para Alarmas
SIN SUB	p34011	Juguetes y bebés/Otros			Cyc Cocina Juguete Princesas Luz Y Sonido Accesorios Niña
SIN SUB	p34012	Juguetes y bebés/Otros			Mi Cocina / Juguete / Ch Color Rosa/lila
SIN SUB	p34119	Muebles/Otros			Mueble Gabinete de Almacenamiento Organizador para Inodoro Lombardia
SIN SUB	p34203	Muebles/Otros			Espejo Cuerpo Completo Rectangular Negro 125x45cm De Pie y Pared Decoramex
SIN SUB	p344129	Blancos y ropa de cama/			Cama de tamaño de Hoja Ajustada, Colas de Seda de algodón de algodón de algodón de protección de col
SIN SUB	p344268	Otros/Varios			Alfombrillas de calefacción USB de 5 V, calentador eléctrico, cobija eléctrica, textura de fieltro p
SIN SUB	p344344	Blancos y ropa de cama/			Levemolo Eléctrica Portátil De Calefacción Usb Para Invierno Para Sofá y Uso Casa Calienta Rápidamen
SIN SUB	p348554	Domótica y hogar inteligente/			Tomacorriente conectable Decora Smart con atenuador 120V 15A LED/CFL atenuable de 100 W, incandescen
SIN SUB	p350724	Otros/Varios			Weewooday 20 Enchufes de Sublimación Soportes de Agarre de Teléfono en Blanco Agarre de Teléfono Ple
SIN SUB	p350896	Cargadores y adaptadores/Otros			MHCOZY aplicación Tuya Adaptador USB micro WIFI, Interruptor de Toma Inteligente de 5-12 V CC, Contr
SIN SUB	p350903	Domótica y hogar inteligente/None			fischer DuoPower 8 x 65, potente enchufe universal con tecnología inteligente de 2 componentes para 
SIN SUB	p351067	Domótica y hogar inteligente/			Leviton 20 amp Tomacorriente delgado, autorevisiones, bloqueo inteligente, combinación e interruptor
SIN SUB	p351355	Decoración de hogar y jardín/			Zunate Calendario Digital de 21,5 Pulgadas, Pantalla Táctil IPS de 1920x1080P, Planificador Familiar
SIN SUB	p35337	Equipo comercial/			Bascula Comercial Digital Electrónico Alta Precisiónm, Bascula Digital 30kg Comercial Pantalla Lcd F
SIN SUB	p35341	Equipo comercial/			Báscula Comercial Dibatec Venta40kg Panel Resistente Humedad Beige
SIN SUB	p353571	Joyería y bisutería/None			piezas de latón sólido con cierre de hebilla de candado con tornillos, cerradura de pecho vintage pa
SIN SUB	p353777	Equipo comercial/			Acero Inoxidable y Cobre Cerradura Diseño Elegante y Resistente, Indicador de Ocupación, para Puerta
SIN SUB	p356267	Joyería y bisutería/None			Yosoo Health Gear Mini con Pantalla LED de 4 Piezas, Mini para Interiores con Atenuador 1W 5V LED Re
SIN SUB	p357564	Muebles/Otros			Aparador con Almacenamiento de Cocinao con Cajón,moderno Blanco
SIN SUB	p358155	Cafeteras/None			Tefola - Tapete para Cafetera, Alfombrilla Base y Bandeja Extraíbles 2 en 1, Fácil Escurrido y Limpi
SIN SUB	p358163	Equipo comercial/			Porta Tickets para Restaurantes, Comandas para Restaurante, 50cm Aluminio Antimanchas sin Taladro co
SIN SUB	p358164	Domótica y hogar inteligente/			Tarjeta de Reseñas NFC 1 Pack – Tap Inteligente sin Contacto y Código QR – Compatible con Sistema de
SIN SUB	p358171	Equipo comercial/			Caja de Efectivo Con Cerradura de Combinación - Metal Para Registradora, Grande de Cierre Para Diner
SIN SUB	p358207	Muebles/Otros			Mesitas Auxiliares Juego de Madera Maciza de Pino y Rattan, Blanco
SIN SUB	p359386	Muebles/Otros			EDITORES MEXICANOS UNIDOS |Una habitación propia |Virginia Woolf |Grandes de la literatura |Pasta Bl
SIN SUB	p359387	Muebles/Otros			Mirlo | El Extranjero -Albert Camus- | Col. Grandes de la Literatura | Pasta blanda
SIN SUB	p359389	Muebles/Otros			1984 -George Orwell- | Col. Grandes de la Literatura | Pasta Blanda | EMU | Editores Mexicanos Unido
SIN SUB	p359392	Muebles/Otros			Editores Mexicanos Unidos |el Proceso |franz Kafka |grandes de la Literatura |pasta Blanda
SIN SUB	p359393	Muebles/Otros			EMU |Siddhartha |Hermann Hesse |Grandes de la literatura | Pasta blanda
SIN SUB	p359403	Muebles/Otros			EDITORES MEXICANOS UNIDOS |Kokoro |La amistad y la traición |Natsume Soseki |Grandes de la literatur
SIN SUB	p361419	Muebles/Otros			Isla Organizador Aparador de Isla Cocina Madera con 3 cajones y 2 Puertas Almacenamiento Independien
SIN SUB	p361542	Muebles/Otros			Organizar Aparador de Madera con encimera for té/café, Almacenamiento bajo Puertas y cajones Acceder
SIN SUB	p363720	Equipo comercial/			Balanza digital comercial de 40 kg alta precisión recargable con pantalla LCD electrónica precios y 
SIN SUB	p363935	Equipo comercial/			TSC TE210 Impresora térmica de etiquetas de computadora para franqueo, etiquetas de envío, recibos, 
SIN SUB	p363939	Equipo comercial/			TSC TE200 Impresora térmica de Etiquetas de computadora para franqueo, Etiquetas de envío, Recibos, 
SIN SUB	p364808	Cafeteras/None			Tapete Secado Platos Encimera Cocina, Alfombrilla de Secado para Cafetera
SIN SUB	p364867	Cafeteras/			Espumador de leche, cafetera para capuchino, cafetera para café con leche, minibatidora de bebidas, 
SIN SUB	p36515	Otros/None			moto pen ultra Negro
SIN SUB	p36527	Otros/None			moto tag 2 Naranja
SIN SUB	p36528	Otros/None			moto tag 2 Beige
SIN SUB	p366539	Joyería y bisutería/None			Veemoon Tela Autoadhesiva para Manualidades Gris Forro para Joyería Cajas Regalo Mobiliario y Proyec
SIN SUB	p367390	Cargadores y adaptadores/None			Batería Portátil Inalámbrica Mobo Magpad para Carga con USB-C Negra
SIN SUB	p367433	Cargadores y adaptadores/None			Ecoflow Cargador Magnetico Rapid Power Bank 10,000 Ahm Negro Negro
SIN SUB	p367462	Cargadores y adaptadores/None			Power Bank Inalámbrico Qi Shine Z-HotShot 30000mA USB LED Blanco
SIN SUB	p367466	Cargadores y adaptadores/None			Cargador Adata C10022 Usb/usb-c Powerbank Con Cable Negro
SIN SUB	p367551	Cargadores y adaptadores/None			Cargador Nebro Wb-014 Usb Portátil Rápido 10ah Power Bank Color Blanco
SIN SUB	p367693	Audífonos/None			Fuente Lenovo Le302 R-43 Beige
SIN SUB	p367910	Electrodomésticos/None			Plancha/parrilla Griddlertm Gr-4nnas De Cuisinart® Plateado
SIN SUB	p368135	Muebles/None			Dp Home modular roma color marrón
SIN SUB	p368879	Relojes inteligentes/None			Pulsera Elástica De Nailon Compatible Con Whoop 5.0/whoop ~ Ancho De La Correa 0.2 Cm Color Negro-wh
SIN SUB	p368880	Relojes inteligentes/None			Correa Deportiva para Whoop 4.0 de Goma con Velcro
SIN SUB	p369091	Instrumentos musicales/Viento			Micrófono Inalámbrico TUOMO 2.4G para Instrumentos de Viento y Cuerda
SIN SUB	p369093	Instrumentos musicales/Viento			Shure Blx14/b98 Sistema Inalámbrico P/instrumento De Viento. Color Negro
SIN SUB	p369094	Instrumentos musicales/Viento			Samson Micrófono De Instrumento De Viento Hm40 Con Conecto. Color Verde Oscuro
SIN SUB	p369338	Cámaras y fotografía/None			Marcadora Tippmann Sierra One Electronica Apex2 Xtreme P
SIN SUB	p369365	Videojuegos/Otros accesorios gamer			Tarjeta Expansion Almacenamiento Seagate Para Xbox Series
SIN SUB	p369629	Iluminación/None			Aksi AKS-118022 Blanco
SIN SUB	p369630	Iluminación/None			Aksi AKS-117951 Blanco
SIN SUB	p369631	Iluminación/None			Aksi ANKARA - ROCK - Unidad - 1 Plateado
SIN SUB	p369635	Iluminación/None			Aksi 118002 1 110/220 V Color blanco
SIN SUB	p370260	Iluminación/None			Laitled 1091-Lu012wib02x2
SIN SUB	p370296	Iluminación/None			Geopower LF-6CN - 1 - Negro
SIN SUB	p370297	Iluminación/None			Geopower LE-010X6 Pack 6 Negro
SIN SUB	p371341	Juguetes y bebés/None			Baño Real 71850 16
SIN SUB	p371696	Juguetes y bebés/None			Terrario Para Tortugas 71748 20
SIN SUB	p371789	Mascotas/None			Soul Pets 22 Pulgadas Negro
SIN SUB	p372142	Climatización/None			Calentador de Alimentos VentDepot HeatFood para Descongelar y Deshidratar
SIN SUB	p372446	Climatización/None			Difusor Aromático Eléctrico Inteloco Portátil de 120 mL con Luz de Vela y Apagado Automático
SIN SUB	p372483	Deportes y fitness/None			SITG 74623 color morado x unidad
SIN SUB	p372493	Deportes y fitness/None			GIM ND color azul x unidad
SIN SUB	p372596	Joyería y bisutería/None			Coach Greyson 14504186 14504186 Mujer Adultos Acetato Negro
SIN SUB	p372849	Joyería y bisutería/None			Bulova Diamond Open Heart Automático 97p121 Rosa Claro Blanco
SIN SUB	p374584	Cargadores y adaptadores/None			Banco De Energía Ultrafino G-tide Slim01,cable De Datos Color Rosa
SIN SUB	p374585	Cargadores y adaptadores/None			Banco De Energía Ultrafino G-tide Slim01,cable De Datos Color Negro
SIN SUB	p374589	Cargadores y adaptadores/None			Banco De Energía Ultrafino G-tide Slim01,cable De Datos,lila Violeta
SIN SUB	p374595	Cargadores y adaptadores/None			Power Bank G-tide P1 De 10 Ah Con Carga Rápida Y 4 Cables Universales
SIN SUB	p374639	Cargadores y adaptadores/None			Power Bank Magnético Wohingo con Carga Súper Rápida y Magsafe para iPhone y Android
SIN SUB	p376908	Teclados/None			Kit De Torres De Iluminacion Rgb Corsair Icue Lt100 Negro
SIN SUB	p377037	Electrodomésticos/None			Heaimo Electrica HX-6198-W 6198 - Blanco
SIN SUB	p379818	Herramientas/None			Energy CSA40/1/16 1.5 - Cian 60 Hz
SIN SUB	p382923	Herramientas/None			Truper Modelo D4990 3 16
SIN SUB	p384626	Refacciones/None			Llanta 4.00-8 8pr Tt Roda Con Camara
SIN SUB	p384628	Refacciones/None			Camara Truper 45906 Para Rueda Neumatica 10puLG 15007090
SIN SUB	p384629	Refacciones/None			Camara Truper 45905 Para Rueda Neumatica 8puLG 15007080
SIN SUB	p384699	Cargadores y adaptadores/None			Bateria De Respaldo Adata Power Bank Inalambrica Pr050-11pk Color Rosa
SIN SUB	p385179	Teclados/None			Combo Gamer Marvo Mousepad + Mouse + Teclado Español Bye
SIN SUB	p385180	Teclados/None			Kit Teclado Mouse Mousepad Gamer Marvo Cm310 Sp Blanco Luz
SIN SUB	p385190	Proyectores y accesorios/None			Magcubic HY320PRO Hy320 Corriente doméstica - Blanco
SIN SUB	p385399	Muebles/None			Asiento Seccional Ratán Negro vidaXL Cojines Intermedio Resistente Exterior
SIN SUB	p385408	Muebles/None			Asiento Intermedio de Ratán Gris para Jardín con Cojines vidaXL
SIN SUB	p385454	Muebles/None			Muebles Cuadrados de Aluminio Flash Furniture para Interior y Exterior
SIN SUB	p385555	Muebles/None			Furrific®muebles De Tv Modernos 120cm Con 4 Puertos De Carga
SIN SUB	p385559	Muebles/None			Tv Stand For Living Room Up To 65 Inch Tvs Entertainment Walnut
SIN SUB	p385607	Muebles/None			Walker Edison Tv-27 Unfinished
SIN SUB	p385608	Muebles/None			Gabinete Marrón Moderno Con Puertas Walker Edison Para Sala
SIN SUB	p385609	Muebles/None			Walker Edison Farmhouse -moderno Soporte Universal De Vidrio
SIN SUB	p385611	Muebles/None			Walker Edison Georgetown Mueble Moderno Y Rústico/Campestre Para
SIN SUB	p385613	Muebles/None			Walker Edison Harper Moderno Soporte De Espiga De 4 Puertas
SIN SUB	p385633	Muebles/None			Juego De Bandejas De Madera Para TV Winsome Color Walnut 60.33x65.41cm
SIN SUB	p386056	Herramientas/None			Bosch Heavy Duty
SIN SUB	p386065	Herramientas/None			Makita 5 Pad De Goma 4-inch
SIN SUB	p386089	Herramientas/None			Truper Profesional LIBA-4X24N3 e Gris oscuro - 60 Hz
SIN SUB	p386091	Herramientas/None			Capuchón Protector Para Interruptor De Liro-5n, Truper Color Transparente
SIN SUB	p386097	Herramientas/None			Capuchón Protector Para Interruptor De Lior-1/4a2, Truper Color Transparente
SIN SUB	p386105	Herramientas/None			Aksi Pro Por definir Corriente doméstica Rojo
SIN SUB	p386108	Herramientas/None			Aksi Industrial Roto-orbital 430W 5 pulgadas Eléctrico Negro - 1
SIN SUB	p386148	Herramientas/None			Mesa Ruter De Banco Bauer
SIN SUB	p386152	Herramientas/None			Carroll CAR-V235173-BIAR - Negro 60htz - Bifásica
SIN SUB	p386153	Herramientas/None			Carroll CAR-SC5 - Negro 60 MHz - Bifásica
SIN SUB	p386154	Herramientas/None			Carroll SC-10VSPM-S - Gris - 60 Hz - Trifásica
SIN SUB	p386163	Herramientas/None			Motor Carroll 3 HP 3360 RPM Monofásico Altas Revoluciones Negro
SIN SUB	p386286	Herramientas/None			Rodillo de Carga Dogotuls de Nylon para Rodacarga DB
SIN SUB	p386288	Herramientas/None			Rodillo Delantero de Nylon Dogotuls para Rodacarga Modelo MCARGA09 RAODYRU0910 RI1017
SIN SUB	p386331	Herramientas/None			Herramientas Motorizadas Portátiles, Mxasa-001, 300w, 120v/1 Color Negro
SIN SUB	p386332	Herramientas/None			Herramientas Para Alisar, Mxqts-001, 240w, 120v/1f/60hz, 130 Color Negro
SIN SUB	p386334	Herramientas/None			VentDepot Herramientas Para Pulir, Mxqts-001, 240w, 120v/1f/60hz, 13000 rpm Color Negro
SIN SUB	p386357	Herramientas/None			Fixtec FHPW1701 - Azul
SIN SUB	p386370	Herramientas/None			Adaptador Conector Lanza Espuma Karcher, Koblenz, Pretul
SIN SUB	p386371	Herramientas/None			Lanza Espuma Para Nieve Para Koblenz Hidrolavador Boquilla
SIN SUB	p386373	Herramientas/None			Lanza de Espuma para Nieve for Koblenz Color Blanco
SIN SUB	p386376	Herramientas/None			Guer Pr Hidrolvdors Koblenz Hl-145/175/285 Color Negro
SIN SUB	p386383	Herramientas/None			Cañón de Espuma Bear Force For Koblenz Transparente para Lavado de Coches
SIN SUB	p386385	Herramientas/None			Lanza de Espuma Automóvil OmniAura For Koblenz 2600 PSI 600ml Ajuste Inteligente
SIN SUB	p386400	Herramientas/None			Lanza Dosificadora Tr 1050 Mm Kärcher
SIN SUB	p386402	Herramientas/None			Eco!booster Tr030 Kärcher Color Negro
SIN SUB	p386407	Herramientas/None			Botella Pulverizadora 1l Kärcher® Color Amarillo
SIN SUB	p386414	Herramientas/None			Accesorio Karcher® Bajo Solicitud Color Específico
SIN SUB	p386437	Herramientas/None			Boquilla Multiuso Para Lava-2000t, Truper Expert Color Negro
SIN SUB	p386448	Herramientas/None			Lanza Ajustable Para Lava-2000t Truper 10992 Color Negro Frecuencia 0
SIN SUB	p386464	Herramientas/None			Greenworks Lavadora A Presión Eléctrica De Psi Para Limp
SIN SUB	p386466	Herramientas/None			Boquilla Universal Greenworks 5201402 Para Lavadora A Presión 2000 PSI
SIN SUB	p386467	Herramientas/None			Greenworks Lavadora A Presión Eléctrica Pro Sin Escobilla. Color Verde
SIN SUB	p386468	Herramientas/None			Greenworks Lavadora A Presión De 1800 Psi 1.2 Gpm Marco
SIN SUB	p386469	Herramientas/None			Greenworks Psi (certificado Sgs) 1.2 Gpm 13amp Lavadora El. Color Verde
SIN SUB	p386470	Herramientas/None			Lavadora A Presión Greenworks Pro 3000 Psi, 2.0 Gpm, Accesor
SIN SUB	p386471	Herramientas/None			Greenworks Lavadora A Presión De Psi (2.3 Gpm Máximo) Co. Color Negro-verde
SIN SUB	p386485	Herramientas/None			Espumador Tanque Autolavado Espumadora Apollo Foamer Espuma
SIN SUB	p386491	Herramientas/None			Brazo Giratorio Apollo Boom Arm Para Autolavado Giro 360° De Acero Inoxidable
SIN SUB	p386547	Herramientas/None			Lavadora inalámbrica alta presión con accesorios amarillo frecuencia 60 HZ Ingco CPWLI2008
SIN SUB	p386555	Herramientas/None			Lavadora A Presión Inalámbrica Slenjadfin Para Makita 18v 70
SIN SUB	p386559	Herramientas/None			Lavadora de alta presión Biv 2 Biv de Makita DHW180z01, 18 V, 5 Ah, color azul turquesa
SIN SUB	p386561	Herramientas/None			Lanza Turbo Para Lava-1500p Pretul
SIN SUB	p386562	Herramientas/None			Lanza Ajustable Para Lava-1500p Pretul Color Negro
SIN SUB	p386564	Herramientas/None			Lanza Presion Agua Vario Power Corta Para Pretul 1300-1800
SIN SUB	p386653	Herramientas/None			Vevor Lavadora A Presión Eléctrica, -psi 1.85-gpm, Cañó. Color Negro
SIN SUB	p386655	Herramientas/None			Vevor Bomba Lavadora A Presión 1puLG Horizontal 4400 Psi Negro 0
SIN SUB	p386667	Herramientas/None			Boquillas Intercambiables Hl1051 Urrea Color Colores
SIN SUB	p386669	Herramientas/None			Filtro Para Hidrolavdora - Urrea Filh /vc
SIN SUB	p386672	Herramientas/None			Pistola Para Hidro Lavadora Eléctrica Hl1055a Urrea
SIN SUB	p386677	Herramientas/None			Lanza Y Pistola Para Hidro Hg865 Urrea Lan865 /vc Color Negro
SIN SUB	p386682	Herramientas/None			Juego de Ladder Ball Jst Gamez Portátil para Exterior con Marcador y Bandera
SIN SUB	p386751	Herramientas/None			Brocha Para Cuñero Fraccional A. V. 3/8- C Mca Weston P
SIN SUB	p386754	Herramientas/None			Cortador Vertical de Acero de Alta Velocidad Weston Tools de 18 mm
SIN SUB	p386755	Herramientas/None			Brocha Para Cuñero Fraccional A. V. 1/4- C Mca Weston Tools
SIN SUB	p386768	Herramientas/None			Juego Maestro Roscas Abocinadas Weston 5/8'' 11P Acero Ajustable
SIN SUB	p386784	Herramientas/None			Juego de Insertos Para Rosca 3/8-16 Cabezal Ajustable Weston Acero
SIN SUB	p386787	Herramientas/None			Juego de Insertos para Rosca de 1/2"-13 Weston de Acero
SIN SUB	p386837	Herramientas/None			3m Garlopa Hookit Lijado Limpio 70mm X 198mm Np 5208
SIN SUB	p386845	Herramientas/None			Carda de Copa Trenzada VentDepot de Acero para Desbaste Pesado con 4" Ø
SIN SUB	p386878	Herramientas/None			Lanza Turbo Hl519a Surtek
SIN SUB	p386884	Herramientas/None			Pistola Surtek Pist720 Para Hidro Lavadora Hl720 /vc Color Negro
SIN SUB	p386912	Herramientas/None			Wera - - Kraftform Kompakt Vde 17 Universal 1 Buscador De . Color Negro
SIN SUB	p386914	Herramientas/None			Stalwart 75-6037 Household Hand Tools 130 Piece Tool Set
SIN SUB	p386916	Herramientas/None			Stalwart 75-ht2015 Household Hand Tools, Pink Tool Set, 15 Color Rosado
SIN SUB	p386918	Herramientas/None			Stalwart 75-ht015 Household Hand Tools, Tool Set, 15 Piece Color Rojo
SIN SUB	p386920	Herramientas/None			Kit Steren Para Limpiar Inyectores De Impresoras 3d
SIN SUB	p386983	Herramientas/None			Sacabocados Hércules para Madera, Metal y Plástico
SIN SUB	p387006	Herramientas/None			Bosch 2608900598 5 unidades mecha EXPERT HEX-9 HARDCERAMIC
SIN SUB	p387137	Herramientas/None			Lavadora de alta presión Stihl Re 90
SIN SUB	p387139	Herramientas/None			Lavadora Stihl Re 80x, 1,5 kW, 1045 libras, color blanco
SIN SUB	p387142	Herramientas/None			Lavadora profesional de alta presión Stihl Re 110
SIN SUB	p387143	Herramientas/None			Lavadora de alta presión Stihl Re 90 blanca con naranja
SIN SUB	p387172	Herramientas/None			Lijado De Disco Con Gancho Y Bucle
SIN SUB	p387182	Herramientas/None			Black+decker Lavadora Eléctrica A Presión De Agua Fría
SIN SUB	p387484	Herramientas/None			Brida Bessey STC-IHA15 Ajuste Rápido Acero Apertura 25mm
SIN SUB	p387522	Herramientas/None			Cortador De Azulejos 775h 29 (75 Cm) Irwin (iw5617) Azul
SIN SUB	p387608	Herramientas/None			Craftsman - Lavadora Eléctrica A Presión, Agua Fría
SIN SUB	p387612	Herramientas/None			Lavadora de alta presión inalámbrica Xiaomi Xiaomi bhr7532gl blanca Lavadora eléctrica de alta presi
SIN SUB	p43	Joyería y bisutería/Otros			Mancuernillas Pegasus Acero Inoxidable 316L
SIN SUB	p44	Joyería y bisutería/Otros			Mancuernillas KFLK Diseño Dinosaurio
SIN SUB	p44937	Videojuegos/Otros accesorios gamer			Caja de Botones SIM-PANEL Gen 2 (Diseño Horizontal)
SIN SUB	p45043	Otros/Varios			Dispositivo de Seguimiento UltrA CatcheR Rocket Balloon con Pilas AA
SIN SUB	p45215	Otros/Varios			Localizador Xiaomi Tag - 1PZ
SIN SUB	p45304	Domótica y hogar inteligente/None			Panel Solar Pequeño USB-C Ring .
SIN SUB	p45372	Domótica y hogar inteligente/None			Esterilizador UV-C Dipak LED portátil recargable color blanco
SIN SUB	p45409	Domótica y hogar inteligente/None			Traductor Inteligente con Reconocimiento de Voz.Dispositivo de Traducción Preciso sin Conexión a Int
SIN SUB	p45429	Domótica y hogar inteligente/None			16 Pares Video Balun Rj45 Bnc Transceptor Pasivo 4k 8mpx
SIN SUB	p45474	Instrumentos musicales/Baterías			Máquina de percusión Behringer LM DRUM Classic Hybrid – Paquete
SIN SUB	p45566	Instrumentos musicales/None			Solo de Julian Vaughn Music
SIN SUB	p45585	Instrumentos musicales/None			Tubo de vacío Electro-Harmonix 12AY7/6072A
SIN SUB	p45591	Instrumentos musicales/Baterías			Cucharas de percusión AAR de palo de rosa estilo celta irlandés 23 cm
SIN SUB	p45645	Instrumentos musicales/Amplificadores			Amplificador SounDigital EVOPS 800.4 800W RMS 4 canales
SIN SUB	p45655	Instrumentos musicales/Amplificadores			Amplificador IEM Kadence PEM-01 con entrada XLR/TRS cableada – Blanco
SIN SUB	p45678	Instrumentos musicales/Amplificadores			Pedal de efectos Electro-Harmonix LPB-3 Amplificador de potencia lineal
SIN SUB	p45695	Instrumentos musicales/None			Cámara de Reverberación Accutronics 8AB2D1A 3 Resortes Decaimiento Medio
SIN SUB	p45700	Instrumentos musicales/Baterías			Kit Bongo Cajón Meinl Percussion MYO-BCAJ de Abedul Báltico
SIN SUB	p45752	Instrumentos musicales/Baterías			Meinl Percussion PL-SET Juego de Tambores de Marco (Plenera) 20 25 30 cm Rojo
SIN SUB	p45819	Instrumentos musicales/Amplificadores			Sistema de PA Gigaphone G100S Amplificador de Voz Portátil de 30W
SIN SUB	p45847	Instrumentos musicales/Amplificadores			Sistema de PA Norwii Mini Amplificador de Voz Bluetooth 4000mAh
SIN SUB	p45875	Instrumentos musicales/Baterías			Tambor de Lengüeta de Acero PANDA DRUM Pro 15" 432Hz Kit
SIN SUB	p45906	Instrumentos musicales/Amplificadores			Amplificador de Audífonos Mackie HM-400 con 12 Salidas para Rack
SIN SUB	p45918	Instrumentos musicales/Amplificadores			Amplificador de Audífonos SAMSON QH4 Estéreo de 4 Canales
SIN SUB	p45974	Instrumentos musicales/Amplificadores			Amplificador de audífonos ART HeadAmp4 de 4 salidas estéreo
SIN SUB	p45976	Instrumentos musicales/Amplificadores			DAC USB HiBy FC4 MQA DSD512 PCM 768 kHz con amplificador y pantalla OLED
SIN SUB	p45993	Instrumentos musicales/Amplificadores			Amplificador de audio Pyle PTA66BT.5 Bluetooth de 6 canales y 600 W
SIN SUB	p46008	Instrumentos musicales/Amplificadores			Amplificador de voz inalámbrico Norwii 15 W Bluetooth 5200 mAh
SIN SUB	p46009	Instrumentos musicales/Amplificadores			Amplificador de voz inalámbrico Norwii 15W Bluetooth 5200mAh
SIN SUB	p46017	Instrumentos musicales/Amplificadores			Amplificador de voz inalámbrico Avantree VoxAmp Duo 30W 14 h
SIN SUB	p46018	Instrumentos musicales/Baterías			Controlador de tambor Taiko TDC10 Smart Pro de alta sensibilidad
SIN SUB	p46100	Instrumentos musicales/Amplificadores			Amplificador gabinete dual stagepro elite 206 6.5 350w rms
SIN SUB	p46108	Instrumentos musicales/Amplificadores			Amplificador profesional cuoperh 600w rms sl-6000
SIN SUB	p46132	Instrumentos musicales/Baterías			Sartén con lengüeta de acero Panda Drum Plus 11 pulgadas 432 Hz
SIN SUB	p46135	Instrumentos musicales/Baterías			Sartén con lengüeta de acero Panda Drum Plus con libro de música y bolsa
SIN SUB	p46138	Instrumentos musicales/Baterías			Sartén con lengüeta de acero Panda Drum Pro con libro de música y bolsa
SIN SUB	p46139	Instrumentos musicales/Amplificadores			Amplificador profesional cuoperh 2800w rms k-30
SIN SUB	p46140	Instrumentos musicales/Amplificadores			Amplificador profesional cuoperh 2 canales x 130w rms e-2000
SIN SUB	p46141	Instrumentos musicales/Amplificadores			Amplificador profesional cuoperh 3000w rms k-40
SIN SUB	p46142	Instrumentos musicales/Amplificadores			Amplificador profesional cuoperh 2200w rms sl-22000
SIN SUB	p46143	Instrumentos musicales/Baterías			Sartén con lengüeta de acero Panda Drum Pro de 15 pulgadas y 432 Hz con accesorios
SIN SUB	p46147	Instrumentos musicales/Amplificadores			Amplificador DAC portátil CriNear Protocol Max con PEQ de 10 bandas
SIN SUB	p46150	Instrumentos musicales/Amplificadores			Amplificador de potencia Pyle PT12050CH 600 W Bluetooth 12 canales montaje en rack
SIN SUB	p46152	Instrumentos musicales/Amplificadores			Amplificador de potencia comercial Sound Town STCA360-6Z 360W
SIN SUB	p46155	Instrumentos musicales/Amplificadores			Amplificador profesional cuoperh 2 canales x 250w rms e-4000
SIN SUB	p46156	Instrumentos musicales/Amplificadores			Amplificador profesional cuoperh 1800w rms sl-18000
SIN SUB	p46157	Instrumentos musicales/Amplificadores			Amplificador profesional cuoperh 800w rms sl-8000
SIN SUB	p46158	Instrumentos musicales/Amplificadores			Amplificador profesional cuoperh 1200w rms sl-12000
SIN SUB	p46159	Instrumentos musicales/Amplificadores			Amplificador profesional cuoperh 2600w rms sl-26000
SIN SUB	p46160	Instrumentos musicales/Amplificadores			Amplificador profesional cuoperh 1600w rms sl-16000
SIN SUB	p46165	Instrumentos musicales/Baterías			Soporte para Conga Latin Percussion Súper Ajustable de Acero
SIN SUB	p46185	Instrumentos musicales/Amplificadores			Amplificador profesional cuoperh 4 canales x 300w rms 4cm6000
SIN SUB	p46186	Instrumentos musicales/Amplificadores			Amplificador profesional cuoperh 4 canales x 150w rms 4cm2000
SIN SUB	p46197	Deportes y fitness/Otros			Whistle Fox 40 Pearl negro
SIN SUB	p46201	Instrumentos musicales/Baterías			Mesa de percusión OnStage On-Stage DPT5500B con capacidad de 11 kg
SIN SUB	p46203	Teclados/None			Pedal de teclado Sustain On-Stage KSP100 universal negro
SIN SUB	p46206	Instrumentos musicales/Baterías			Cajón OnStage OnStage RDF2000 de espuma para cajón tipo rack de 2U
SIN SUB	p46207	Instrumentos musicales/Baterías			Cajón tipo rack OnStage OnStage Locking 2U (RDL2000) negro
SIN SUB	p46211	Instrumentos musicales/Baterías			Cajón OnStage RDF4000 de espuma para cajón tipo rack de 4U
SIN SUB	p46218	Instrumentos musicales/Baterías			Cajón tipo rack OnStage con cierre en el escenario 4U (RDL4000) color negro
SIN SUB	p46221	Instrumentos musicales/Baterías			Bongos LP (percusión latina) Aspire Havana Café 17 cm y 20 cm
SIN SUB	p46243	Instrumentos musicales/Baterías			Forro de cabeza Bongos Meinl Percussion HTB100WB-M color marrón nogal
SIN SUB	p46245	Instrumentos musicales/Baterías			Bastón de madera de caucho de la serie Headliner de Bongos Meinl Percussion
SIN SUB	p46268	Instrumentos musicales/Baterías			Bolsa de conga acolchada Gator GP-CONGA-W con correa ajustable
SIN SUB	p46284	Instrumentos musicales/Baterías			Tambores Timbale Pacific de DW Mini de acero cromado de 4 x 10 cm
SIN SUB	p46312	Instrumentos musicales/Baterías			Maletas para timbales Vic Firth American Custom T1 General
SIN SUB	p46349	Instrumentos musicales/Baterías			Tambor Cajon VEVOR ligero de madera con caja interior
SIN SUB	p46370	Instrumentos musicales/Amplificadores			Amplificador HOTONE Pulze Mini BT Modelado 5W con App
SIN SUB	p46372	Instrumentos musicales/Amplificadores			Amplificador para Instrumento Musical Yamaha THR5A Mini Acústico
SIN SUB	p46569	Instrumentos musicales/Amplificadores			Amplificador Backstage Pro 1960 Watts Rms Cs-20000 de 2 Canales
SIN SUB	p46612	Instrumentos musicales/Amplificadores			Amplificador XTI4002
SIN SUB	p46729	Instrumentos musicales/Amplificadores			Backstage Amplificador De Potencia Mx4
SIN SUB	p46732	Instrumentos musicales/Baterías			New Beat para percusiones NBMP9USB color negro
SIN SUB	p46741	Instrumentos musicales/Amplificadores			Backstage Amplificador 1600 Watts Rms Cs-16000 2 Canales
SIN SUB	p46745	Instrumentos musicales/Amplificadores			Backstage Amplificador Hasta 550w Cs-6000 2 Canales
SIN SUB	p46752	Instrumentos musicales/Amplificadores			Amplificador de potencia Backstage Hcf-pro-40
SIN SUB	p46758	Instrumentos musicales/Amplificadores			Backstage CS-8000 Amplificador
SIN SUB	p46760	Instrumentos musicales/Amplificadores			BACKSTAGE amplificador CS-12000 color negro
SIN SUB	p46808	Instrumentos musicales/Amplificadores			Amplificador drivecore XLS1002 CROWN
SIN SUB	p46810	Instrumentos musicales/Baterías			Bongos LPA601-SW LP
SIN SUB	p46814	Instrumentos musicales/Baterías			Bongó CP221-AW
SIN SUB	p46840	Instrumentos musicales/Amplificadores			Amplificador crown De 2 Canales XLS2002
SIN SUB	p46895	Instrumentos musicales/Amplificadores			Amplificador XTI2002
SIN SUB	p47028	Instrumentos musicales/Amplificadores			Micro Pedal Two Stones PRE-AMP MOOER
SIN SUB	p47052	Instrumentos musicales/Baterías			Placa lateral conga lp281r
SIN SUB	p47120	Instrumentos musicales/Baterías			Bongos LP LPA601-DW
SIN SUB	p47124	Instrumentos musicales/Baterías			Banco redondo DW-CP-5100
SIN SUB	p48251	Computadoras de escritorio/None			Supercomputadora IA MSI NVIDIA Blackwell 128GB LPDDR5X 4TB
SIN SUB	p48253	Computadoras de escritorio/None			Supercomputadora IA ASUS NVIDIA Blackwell 128GB LPDDR5X 1TB
SIN SUB	p48781	Computadoras de escritorio/None			Lenovo m720s I5-8  8GB en RAM 240GB SSD REACONDICIONADO
SIN SUB	p48866	Computadoras de escritorio/None			Lenovo m910s i5-7  8GB en RAM  240GB SSD REACONDICIONADO
SIN SUB	p49285	Almacenamiento/None			Disquetes y cintas de 3.5 pulgadas, 1.44 MB, Sfr1m44-u100k, versión ac
SIN SUB	p49457	Almacenamiento/None			Discos para ordenador Verbatim DataLife Colors 3.5 144 MB paquete de 50
SIN SUB	p49459	Almacenamiento/None			Disquetes Maxell 556531 144 MB paquete de 30
SIN SUB	p54397	Videojuegos/Otros accesorios gamer			Teclado inalámbrico Chatpad Megadream para Xbox One con conector de 35 mm
SIN SUB	p54398	Videojuegos/Otros accesorios gamer			Placa de circuito de botones y alimentación USB-C para Xbox Elite 2 1797
SIN SUB	p54399	Videojuegos/Otros accesorios gamer			Reemplazo de palancas analógicas magnéticas cóncavas cortas para Xbox
SIN SUB	p54677	Videojuegos/Otros accesorios gamer			Mount & Blade 2: Bannerlord - Xbox Series X
SIN SUB	p55241	Videojuegos/Otros accesorios gamer			Cobertura para palanca analógica Setex negro 20 mm (bajo) / 11 mm (alto)
SIN SUB	p55295	Videojuegos/Otros accesorios gamer			Warrior of My Own – Libro autoeditado
SIN SUB	p55492	Videojuegos/Otros accesorios gamer			Amplificador de audífonos Hyperkin Siren para PS4 con cable
SIN SUB	p55806	Videojuegos/Otros accesorios gamer			Juego de Almohadillas de Botón de Goma OSTENT para Sony PSP 1000
SIN SUB	p56257	Videojuegos/Otros accesorios gamer			Kit de accesorios RTop 23 en 1 para Nintendo Switch
SIN SUB	p56274	Videojuegos/Otros accesorios gamer			Setex - Pack de 2 agarres para palanca analógica Joy‑Con negro
SIN SUB	p56280	Videojuegos/Otros accesorios gamer			Kit de Accesorios WEILE Switch 2 16‑en‑1
SIN SUB	p56316	Videojuegos/Otros accesorios gamer			Pantalla táctil A-MIND para Nintendo Switch + Kit de herramientas
SIN SUB	p56334	Videojuegos/Otros accesorios gamer			Kit de Modificación Intec Gaming N64 para Switch – Batería de larga duración
SIN SUB	p56340	Videojuegos/Otros accesorios gamer			Control Remoto Armor3 Nu+ Wii/WiiU Blanco
SIN SUB	p56352	Videojuegos/Otros accesorios gamer			Amiibo Capcom Magai Magado Monster Hunter Rise
SIN SUB	p56534	Videojuegos/Otros accesorios gamer			Kit de Modificación Intec Gaming Fighting Stick para Arcade1Up Switch
SIN SUB	p56549	Videojuegos/Otros accesorios gamer			Tarjeta generadora de emulador Amiibo Bilimily para Switch 3DS y Wii
SIN SUB	p56575	Videojuegos/Otros accesorios gamer			Motor de vibración Rumble de reemplazo para Nintendo Switch
SIN SUB	p56649	Videojuegos/Otros accesorios gamer			Kit de reemplazo de tornillos completo de 40 piezas para Nintendo Switch
SIN SUB	p56748	Videojuegos/Otros accesorios gamer			Paquete de accesorios Satisfye ZenGrip Ronin Slim blanco
SIN SUB	p56922	Videojuegos/Otros accesorios gamer			PDP Rock Candy Wired
SIN SUB	p56926	Videojuegos/Otros accesorios gamer			PowerA Enhanced Wired Pikachu Electric
SIN SUB	p56935	Videojuegos/Otros accesorios gamer			Kit PowerA Nintendo Switch Lite Hyrule
SIN SUB	p56960	Videojuegos/Otros accesorios gamer			Joy Con Neon Rojo Azul
SIN SUB	p57156	Videojuegos/Otros accesorios gamer			Cámara Hori Piraña Plant para Nintendo Switch 2 - Cámara Planta Piraña - Accesorio Gamer Oficial
SIN SUB	p57405	Videojuegos/Otros accesorios gamer			Umurangi Generation Deluxe Kit
SIN SUB	p57442	Videojuegos/Otros accesorios gamer			Swi Button Button Up!
SIN SUB	p57671	Videojuegos/Otros accesorios gamer			Kit de accesorios 2 en 1 para nintendo switch 2 atom games
SIN SUB	p57673	Videojuegos/Otros accesorios gamer			Kit de accesorios para nintendo switch 2 atom games
SIN SUB	p57700	Videojuegos/Otros accesorios gamer			Hori - Cámara USB - Nintendo Switch 2
SIN SUB	p57703	Videojuegos/Otros accesorios gamer			Cámara - Nintendo Switch 2
SIN SUB	p57711	Videojuegos/Otros accesorios gamer			Cámara Hori para Nintendo Switch 2
SIN SUB	p57982	Videojuegos/Otros accesorios gamer			Cámara Nintendo Switch 2 Negra
SIN SUB	p58739	Videojuegos/Otros accesorios gamer			Kit de reparación de discos Level Play 50 ml para CD/DVD/Blu‑ray
SIN SUB	p58741	Videojuegos/Otros accesorios gamer			Teclado TiMOVO RGB Inalámbrico para Xbox 147 × 53 × 4 cm
SIN SUB	p58923	Videojuegos/Otros accesorios gamer			Palanca Logitech G Gaming para G29/G920 Reacondicionada
SIN SUB	p58988	Videojuegos/Otros accesorios gamer			eXtremeRate RISE4 Plus MAX Remap Kit con Clicky Kit para ps5 Modelo BDM-030/040/050 Tope Gatillos & 
SIN SUB	p58994	Videojuegos/Otros accesorios gamer			playvital Kit de Agarre para Steam Deck，Set de Almohadilla Mejora del Botón Trasero para Steam Deck,
SIN SUB	p59042	Videojuegos/Otros accesorios gamer			NintendoJoy Con Neon Rojo AzulACC SWITCH JOY CON L R NEON MX ROJO AZUL
SIN SUB	p59065	Videojuegos/Otros accesorios gamer			NintendoJoy Con Morado/NaranjaACC JOY CON L R NEON MORADO NEON NARANJA
SIN SUB	p59497	Videojuegos/Otros accesorios gamer			Auricular gamer Megadream de un solo oído con cable 50 mm micrófono
SIN SUB	p59510	Videojuegos/Otros accesorios gamer			Kit de accesorios Bionik BNK-9083 Pro para PS5
SIN SUB	p59691	Videojuegos/Otros accesorios gamer			Reemplazo de puerto USB Tipo-C para consola PS5
SIN SUB	p59736	Videojuegos/Otros accesorios gamer			Kit de accesorios Orzly para PlayStation Portal blanco
SIN SUB	p62744	Muebles/Otros			Maxeco Ind Azul
SIN SUB	p63236	Muebles/Otros			Cochón En Caja Dormimundo Toronto King Size
SIN SUB	p63237	Muebles/Otros			Cochón Dormimundo En Caja Toronto Queen Size
SIN SUB	p66613	Muebles/Otros			Napnest Matimonial
SIN SUB	p67095	Muebles/Otros			Sala Alton 5 plazas Gris Claro
SIN SUB	p67138	Muebles/Otros			Sala Modular  Modelo Catania 2 2 E - Chocolate
SIN SUB	p67156	Muebles/Otros			Sala San Antonio 5 plazas Gris
SIN SUB	p67160	Muebles/Otros			Sala  Modelo Catania 3 2 1 - Chocolate
SIN SUB	p67896	Muebles/Otros			Sala Gris Oxford Easy Living 2,2 Kumo
SIN SUB	p67985	Muebles/Otros			Sala Esquina Easy Living Tulum Beige
SIN SUB	p68321	Muebles/Otros			Sala Modular para Exterior Teras Natural Kessa Muebles
SIN SUB	p68322	Muebles/Otros			Sala Chaise Lounge Selene Rosa Kessa Muebles
SIN SUB	p68323	Muebles/Otros			Sala Chaise Lounge Selene Azul Kessa Muebles
SIN SUB	p68324	Muebles/Otros			Sala Chaise Lounge Juvela Cafe Kessa Muebles
SIN SUB	p68325	Muebles/Otros			Sala Chaise Lounge Izquierdo Roselia Beige Kessa Muebles
SIN SUB	p68326	Muebles/Otros			Sala Chaise Lounge Izquierdo Roselia Azul Kessa Muebles
SIN SUB	p68327	Muebles/Otros			Sala Chaise Lounge Derecha Runa Azul Kessa Muebles
SIN SUB	p68328	Muebles/Otros			Sala Chaise Lounge Derecha Runa Beige Kessa Muebles
SIN SUB	p68437	Muebles/Otros			Carrito Auxiliar Estética Multiuso 4 Estantes Con Pasamanoz, Color Rosa
SIN SUB	p69193	Muebles/Otros			Ilios Innova | Mueble Organizador Multiusos Blanco Moderno con Puertas Push to Open, Diseño Futurist
SIN SUB	p70781	Muebles/Otros			Furnirturer Estantes y Buffeteras Freesia
SIN SUB	p70782	Muebles/Otros			Furnirturer Estantes y Buffeteras Ranger
SIN SUB	p70784	Muebles/Otros			Furnirturer Estantes y Buffeteras Keyon
SIN SUB	p80643	Joyería y bisutería/Otros			Caja de Joyería Musical Mini Treasures Harry Potter
SIN SUB	p80761	Joyería y bisutería/Otros			Moneda de Recuperación Simply Minimal 26 Años con Purpurina
SIN SUB	p80808	Joyería y bisutería/Otros			Cordón de cuentas The Beadsmith 70 m TEX210 05 mm Tropical
SIN SUB	p80849	Joyería y bisutería/Otros			Etiqueta SilenTags Transparente con Brillo Dorado
SIN SUB	p80855	Joyería y bisutería/Otros			Kit de joyería Imaginovelty 1920 piezas con cuentas de amazonita
SIN SUB	p80858	Joyería y bisutería/Otros			Caja de joyería portátil Homde de terciopelo 16 × 13 × 8 cm
SIN SUB	p80859	Joyería y bisutería/Otros			Kit de Perforación de Orejas Fanmayhe 43 Piezas Desechables Plateado
SIN SUB	p80872	Joyería y bisutería/Otros			Moneda de Cristal Plateada con Brillo Simply Minimal 34 mm
SIN SUB	p80882	Joyería y bisutería/Otros			Cuentas rosquilla Justinstones 30 mm mixtas (paquete de 12/24)
SIN SUB	p80887	Joyería y bisutería/Otros			Rosario HanlinCC 52 cm con Cuentas de Hematita y Caja de Regalo
SIN SUB	p80899	Joyería y bisutería/Otros			Moneda de Recuperación Simply Minimal 2 Años con Purpurina
SIN SUB	p80927	Joyería y bisutería/Otros			Set de regalo Rieltec de manta de sirena para niñas de 5‑12 años con brillo nocturno
SIN SUB	p80941	Joyería y bisutería/Otros			Conjunto de Zapatos de Princesa Mastom para Niñas
SIN SUB	p80945	Joyería y bisutería/Otros			Accesorios para Sandalias Jibbitz Crocs Unisex 100 Piezas, Multicolor
SIN SUB	p81053	Joyería y bisutería/Otros			Arrancadas Mujer Elegante Plata 925 Rosa
SIN SUB	p81125	Joyería y bisutería/Otros			Etiqueta PATYZON 10 cm × 13 cm Regalo de Vino para Jubilación – Pack de 2
SIN SUB	p81134	Joyería y bisutería/Otros			Cepillo de Joyas Shinery de Cerdas Suaves y Precisión
SIN SUB	p81137	Joyería y bisutería/Otros			Alhajeros Organizadores Para Joyería Color Rosa
SIN SUB	p81142	Joyería y bisutería/Otros			Aro Gacimy chapado en oro de 14K – 20 mm
SIN SUB	p81146	Joyería y bisutería/Otros			Extensor de joyería VANBARIS 5 10 y 15 cm – Set de 3 piezas
SIN SUB	p81153	Joyería y bisutería/Otros			Caja abatible de madera para joyería Muchly 96 × 32 × 37 cm
SIN SUB	p81159	Joyería y bisutería/Otros			Porta-púas de Cuero Rústico CestAntiQ
SIN SUB	p81160	Joyería y bisutería/Otros			Libro Dutton Decadence (Serie Nia Simone Bijou)
SIN SUB	p81164	Joyería y bisutería/Otros			Cordón para Cuello POCKT Otoño
SIN SUB	p81165	Joyería y bisutería/Otros			Correa para el cuello a cuadros POCKT 445 cm x 2 cm
SIN SUB	p81168	Joyería y bisutería/Otros			Aro Ana Luisa Doble 14K Baño de Oro
SIN SUB	p81169	Joyería y bisutería/Otros			Kit de Anillas Abiertas para Manualidades Handyman Crafts 1000 piezas Dorado
SIN SUB	p81199	Joyería y bisutería/Otros			Kit de Estiramiento para Piercing de Oreja VCMART 14G-00G
SIN SUB	p81203	Joyería y bisutería/Otros			Set de Gemelos HAWSON 6 Piezas Negro y Plata con Caja de Regalo
SIN SUB	p81233	Joyería y bisutería/Otros			Cordón POCKT Rojo Menta Azul Floral 44.5 cm
SIN SUB	p81234	Joyería y bisutería/Otros			Rosario de Intercesión San Benito en Madera Maciza Azul
SIN SUB	p81313	Joyería y bisutería/Otros			Juego Set Nudo de Bruja Chapa de Oro 18k EH124
SIN SUB	p81339	Joyería y bisutería/Otros			Violadores Oro Amarillo 14K
SIN SUB	p81348	Joyería y bisutería/Otros			Conjunto de joyería Butterfly Love Pearl
SIN SUB	p81443	Joyería y bisutería/Otros			Protector Jewelry Shield EUROTOOL botella de 15 ml
SIN SUB	p81498	Joyería y bisutería/Otros			Misterio Vírgen de Guadalupe 21cm cobertura Plateada Chapa de Oro 18K Horoz EH618
SIN SUB	p81501	Joyería y bisutería/Otros			Misterio San Judas Tadeo 18cm Chapa de Oro florentino de 18K Horoz EH616
SIN SUB	p81502	Joyería y bisutería/Otros			Misterio Vírgen de Juquila 18cm Chapa de Oro florentino de 18K Horoz EH617
SIN SUB	p81518	Joyería y bisutería/Otros			Correa ajustable para anteojos deportivos Boelley cordón de 75 cm 6 piezas
SIN SUB	p81532	Joyería y bisutería/Otros			Juego Joyería de 3 piezas para Mujer Color Plata
SIN SUB	p81649	Joyería y bisutería/Otros			Pastillero Semanal Nicole Lee Con Cierre Emotion SS26
SIN SUB	p81654	Joyería y bisutería/Otros			5pzs Joyería Cristal para Mujer Color Plateado
SIN SUB	p81871	Joyería y bisutería/Otros			Kit de gemas para dientes Loeland DIY Crystals Jewelry Set
SIN SUB	p81893	Joyería y bisutería/Otros			Correa de muñeca Anne Klein para Apple iPhone de mujer tono dorado
SIN SUB	p81912	Joyería y bisutería/Otros			Alfileres para solapa con luz corporal parpadeante Dice Blinkee
SIN SUB	p81914	Joyería y bisutería/Otros			Trébol sin iluminación Beads Blinkee paquete de 12
SIN SUB	p81920	Joyería y bisutería/Otros			Caja rectangular de vidrio con bisagras Creative Gifts International
SIN SUB	p81964	Joyería y bisutería/Otros			Paquete de soluciones limpiadoras para joyas Connoisseurs Premium Ed.
SIN SUB	p81966	Joyería y bisutería/Otros			Paño de pulir CONNOISSEURS Premium Edition extra grande
SIN SUB	p81968	Joyería y bisutería/Otros			Cubiertas para pezones CAKES Body Grippy Circle Silicone Honey
SIN SUB	p82029	Joyería y bisutería/Otros			Correctores reutilizables que no se muestran: secretos de la moda de Hollywood
SIN SUB	p82078	Joyería y bisutería/Otros			Tinte para cuero Angelus Flexible para zapatos botas y bolsos 90 ml naranja
SIN SUB	p82081	Joyería y bisutería/Otros			Tinte Flexible para Cuero Angelus Amarillo 90 ml con Aplicador
SIN SUB	p82278	Joyería y bisutería/Otros			Bandeja Organizadora de Piel Sintética con Diseño de Gato - Decoración para Mesa de Centro o Entrada
SIN SUB	p82300	Joyería y bisutería/Otros			Joya de plata corazón termocrómico MXXVY-005 Heart15 Corazón en plata fina
SIN SUB	p82306	Joyería y bisutería/Otros			Joya plata fotoluminiscente MXXKR-002 Clear02 Joya plata s925 elegante
SIN SUB	p82385	Joyería y bisutería/Otros			Rosa Joya Termocrómica S925 MXXTQ-004 Rose01 Rosa Termocrómica Plata S925
SIN SUB	p82391	Joyería y bisutería/Otros			Joya rosa Termocrómico S925 MXXTQ-002 Rose01 Rosa Termocrómica Plata S925
SIN SUB	p85815	Otros/Varios			Tubo de Espectro EISCO Xenón (Xe) 26 cm
SIN SUB	p85820	Otros/Varios			Tubo de Espectro EISCO Hidrógeno (H) 26 cm
SIN SUB	p85822	Otros/Varios			Tubo de Espectro EISCO Argón (Ar) 26 cm
SIN SUB	p85824	Deportes y fitness/Otros			Flotadores iluminados Thill 13 cm color amarillo
SIN SUB	p86804	Otros/Varios			Pack 2 Lamparas Uv Trampa Mata Msquitos
SIN SUB	p86841	Otros/Varios			Exterminador de Insectos USB MXEPZ-001 ZapPurple Atrapa Mosquitos
SIN SUB	p86847	Otros/Varios			Exterminadora Antimosquitos USB MXEPZ-002 ZapPurple Atrapa Mosquitos
SIN SUB	p86848	Otros/Varios			Lamparas MXEPZ-003 ZapPurple Atrapa Mosquitos
SIN SUB	p93413	Blancos y ropa de cama/None			Smart Bamboo Bubble Hug Bosque
SIN SUB	p93414	Blancos y ropa de cama/None			Smart Bamboo Bubble Hug Sienna
SIN SUB	p94505	Otros/Varios			Lana Berroco Lanas Light 78136 Carbón
SIN SUB	p94965	Otros/Varios			Juego de 60 platos Sportime My Plate de BeanBags colores surtidos
SIN SUB	p96280	Otros/Varios			Batería Vital 18 Piezas Negro
SIN SUB	p96293	Otros/Varios			Kit-cilindro 30kg – con regulador y manguera 2mts
SIN SUB	p96315	Otros/Varios			T- Fal Batería Talent 9 Piezas
SIN SUB	p96323	Otros/Varios			Cilindro 9kg válvula tradicional – kit con regulador y manguera reforzada
SIN SUB	p96325	Otros/Varios			Cilindro 4kg – kit compacto multiusos + manguera 2mts
SIN SUB	p96334	Otros/Varios			Trompo Bluelander Para Tacos Al Pastor 64 x 40 x 50 cm
SIN SUB	p96335	Otros/Varios			Bascula Industrial Bluelander Digital y Plegable 110 V de 300 Kilogramos
SIN SUB	p96343	Otros/Varios			Báscula Comercial Stay Elit Recargable Hasta 40kg Negocio
SIN SUB	p96345	Otros/Varios			Báscula Digital Comercial, 40 kg / 2g Precisión, Puerto USB, BAR-8RS
SIN SUB	p96348	Otros/Varios			Tuff stuff espuma limpiador multiusos hogar
SIN SUB	p96351	Otros/Varios			Calentador de mantequilla CLEABANKE 2 piezas 142 ml cerámica
SIN SUB	p96362	Otros/Varios			Soplete Sterno Culinary de Doble Llama Recargable
SIN SUB	p96377	Otros/Varios			Funda para parrilla Coleman 135 cm negra para plancha de 4 quemadores
SIN SUB	p96383	Otros/Varios			Cubo para Palomitas Hutzler Rojo Grande
SIN SUB	p96390	Otros/Varios			Cesto para vapor de verduras SAYFINE Plegable 23 cm‑25 cm
SIN SUB	p96391	Otros/Varios			Envase de alimentos Spare Essentials 110 unidades 22 x 15 x 4 cm
SIN SUB	p96398	Otros/Varios			Funda para parrilla Coleman 142 cm × 157 cm negra
SIN SUB	p96414	Otros/Varios			Toalla HONEST WEAVE 69 cm Pack de 12 Algodón Orgánico
SIN SUB	p96418	Otros/Varios			Cazuelas Souper Cubes 13 cm Arándano – Pack de 2
SIN SUB	p96420	Otros/Varios			Toalla Infinitee Xclusives 38x64 cm Algodón Verde
SIN SUB	p96425	Otros/Varios			EcoStrong Removedor de manchas y olores para mascotas 946 ml – Santal Woods
SIN SUB	p96426	Otros/Varios			Tijeras Gidli de Acero Inoxidable con Garantía de Por Vida
SIN SUB	p96445	Otros/Varios			Juego de 4 toallas Homaxy de algodón 33 × 71 cm blanco
SIN SUB	p96460	Otros/Varios			Molino Eléctrico para Café SK-3026 200W 75 g Blanco
SIN SUB	p96462	Otros/Varios			Balanza inteligente Smart Weigh 199 kg x 56 g USB‑C
SIN SUB	p96466	Otros/Varios			Popotes Dakoufish reutilizables de 33 cm – Pack de 12 7 colores
SIN SUB	p96468	Otros/Varios			Pesas de Fermentación Country Trading Co. 69 cm (4 unidades)
SIN SUB	p96470	Otros/Varios			Exprimidor a Vapor Cooks Standard 28 L Acero Inoxidable
SIN SUB	p96474	Otros/Varios			Delantal Serrenf Pack de 2 babero ajustable y 2 bolsillos
SIN SUB	p96481	Otros/Varios			Kit de Limpieza Roobi Breville Espresso Completo
SIN SUB	p96488	Otros/Varios			Arrocera COOK WITH COLOR 06 L 300 W azul pizarra
SIN SUB	p96495	Otros/Varios			Bolsas para Alimentos Palksky 20 cm x 86 cm 200 piezas con Pegatinas
SIN SUB	p96496	Otros/Varios			Bolsas de Almacenamiento de Alimentos NKLEI 10 × 15 cm Holográficas Pack de 100
SIN SUB	p96497	Otros/Varios			Bolsas de basura simplehuman 200 unidades 16‑18 L blancas con cordón
SIN SUB	p96500	Otros/Varios			Limpiador de Frutas Fabenix Rotatorio con Purificador de Iones OH
SIN SUB	p96508	Otros/Varios			Caja de recetas ZICOTO 16x13x12 cm capacidad para 250 tarjetas
SIN SUB	p96523	Otros/Varios			Plancha de camping Coghlan's 42 × 25 cm antiadherente de cerámica
SIN SUB	p96526	Otros/Varios			Limpiadora a Vapor Alta Presión 2 L con Accesorios para Hogar
SIN SUB	p96527	Otros/Varios			Kit de decoración de pasteles Kootek 253 piezas de aleación de aluminio
SIN SUB	p96530	Otros/Varios			Toallitas para mascotas POOPH eliminadoras de olores - 100 unidades
SIN SUB	p96536	Otros/Varios			Limpiador de pajillas YOUCOX 30 cm 10 unidades reutilizables
SIN SUB	p96540	Otros/Varios			Juego de 8 piezas medidoras plegables de silicona GRANDFORT
SIN SUB	p96547	Otros/Varios			Utensilios Cocktail Bar Kit 23 Piezas 750ml Plateado
SIN SUB	p96564	Otros/Varios			Molinos De Sal Molinos De Sal Y Pimienta 2 Pzs Negro
SIN SUB	p96566	Otros/Varios			Molino Manual con Manivela para Nixtamal y Granos, de Acero Ajustable Gris
SIN SUB	p96573	Otros/Varios			Prensa Manual Para Tortillas Gris
SIN SUB	p96587	Otros/Varios			Bolsas para pan Cupplation 46 cm x 10 cm x 46 cm paquete de 40
SIN SUB	p96591	Otros/Varios			Prensa de Ajo Global Digitronix de Aleación de Zinc Plateada
SIN SUB	p96594	Otros/Varios			Envoltura de alimentos EcoDispose 36 cm x 41 cm 500 unidades
SIN SUB	p96596	Otros/Varios			Inserto para Vapor Anolon Classic de Acero Inoxidable
SIN SUB	p96600	Otros/Varios			Bolsas de basura simplehuman 200 uds 10-12 L blancas con cordón
SIN SUB	p96602	Otros/Varios			Rollos de sellado al vacío FoodSaver 28 cm × 48 m – Pack de 3
SIN SUB	p96610	Otros/Varios			Juego de Tijeras OTOTO Boo-tiful Crew - Decoración de Halloween
SIN SUB	p96612	Otros/Varios			Carpeta de Recetas ZICOTO 9.5x8.5" Tarjetas Impermeables
SIN SUB	p96613	Otros/Varios			Alfombrilla de barra XieNie 30x15 cm Antideslizante de PVC negra
SIN SUB	p96614	Otros/Varios			Cepillo limpiador de pajillas KINGSEM 12 piezas 2‑25 mm 16‑25 cm
SIN SUB	p96616	Otros/Varios			Ambientador Febreze Tropical Blend 235 ml - Pack de 2
SIN SUB	p96620	Otros/Varios			Guantes para Barbacoa PepperMate 100 unidades 10 mil descartables
SIN SUB	p96631	Otros/Varios			Encendedor tipo chimenea Char-Griller 30 cm con liberación rápida
SIN SUB	p96632	Otros/Varios			Spa Purge de Natural Chemistry 1 L Paquete Individual
SIN SUB	p96634	Otros/Varios			Cobertura para Parrilla Royal Gourmet 136 cm Resistente al Agua Negra
SIN SUB	p96637	Otros/Varios			Rejas de Parrilla QuliMetal 47 cm para Weber Genesis II E-410/E-415
SIN SUB	p96639	Otros/Varios			Set de 4 delantales impermeables loteaf 78 × 67 cm con 2 bolsillos
SIN SUB	p96642	Otros/Varios			Desodorante adhesivo Earth Ninja con aroma a océano
SIN SUB	p96644	Otros/Varios			Centrifugador de Ensaladas NPJGKY 45 L Manual
SIN SUB	p96646	Otros/Varios			Herramienta de huevo newyolk (2 unidades) - Removedor de chalaza y cáscara
SIN SUB	p96648	Otros/Varios			Brochetas metálicas EMMZ de 42 cm (paquete de 8) planas para barbacoa
SIN SUB	p96649	Otros/Varios			FUNNEL Trybuy Sistema de Drenaje de Grasa Trasero para Blackstone 36"/28"/22"/17"
SIN SUB	p96652	Otros/Varios			Centrifugadora de ensaladas Shatomo 53 qt verde con base antideslizante
SIN SUB	p96653	Otros/Varios			Plancha Grimate 43 × 33 cm Antiadherente con Manijas
SIN SUB	p96654	Otros/Varios			Kit Ahumador de Whiskey Smoky Crafts – Virutas de Madera y Pistola
SIN SUB	p96655	Otros/Varios			Centrifugador de Ensaladas Brieftons 63 cuartos Manual
SIN SUB	p96657	Otros/Varios			Exprimidor Chef'n FreshForce Blanco para Limones
SIN SUB	p96658	Otros/Varios			Desgranador de Maíz LLIEIFQ de Acero Inoxidable con Mango Largo
SIN SUB	p96666	Otros/Varios			Balanza Digital de Laboratorio Bonvoisin 500 g con resolución de 0001 g
SIN SUB	p96672	Otros/Varios			Abre Latas Dext Color Turquesa con Anilla y Agarre Fácil
SIN SUB	p96674	Otros/Varios			Set de 2 dispensadores de cereales Snapware 57 L para almacenamiento de alimentos
SIN SUB	p96677	Otros/Varios			Bolsas de Almacenamiento de Alimentos Ziploc 30 Unidades 38 × 15 cm
SIN SUB	p96678	Otros/Varios			JGO Ekco mod. Ivystone 29180 3.0 mm 20 26 30 cm Aluminio Duraflon Stone de 6 Capas Mango de Baquelit
SIN SUB	p96681	Otros/Varios			Set de pala para pizza YUNNO 20 cm + cepillo de 26 pulgadas
SIN SUB	p96695	Otros/Varios			Paellera ZENDEU 34 cm de acero al carbono esmaltado – 6 raciones
SIN SUB	p96712	Otros/Varios			Báscula Taylor 31 cm Esmerilada Marroquí Transparente/Gris
SIN SUB	p96716	Otros/Varios			Encendedores de fuego Wufoty 80 piezas 08 kg cera natural
SIN SUB	p96718	Otros/Varios			Virutas de Madera Shop Square 27 kg Paquete de 4 de Mesquite 100 % Natural
SIN SUB	p96719	Otros/Varios			Virutas de Madera Shop Square 14 kg Pack de 4 para Ahumador de Pacana
SIN SUB	p96722	Otros/Varios			Barras Flavorizer Terefour para Weber Genesis II Serie 300
SIN SUB	p96723	Otros/Varios			Limpiador y Pulidor CRC HydroForce para Acero Inoxidable 591 ml (aerosol)
SIN SUB	p96727	Otros/Varios			Báscula de Plataforma Rhino, 150 kg / 50g kg, Superficie Antiderrapante, Función TARA y Pesaje de An
SIN SUB	p96728	Otros/Varios			Cucharilla medidora de café CoaGu 15 ml juego de 2 acero inoxidable
SIN SUB	p96730	Otros/Varios			Cobertor para Parrilla Coleman 127‑137 cm Negro de Alta Resistencia
SIN SUB	p96734	Otros/Varios			Delantal TOSHE de 3 Bolsillos Resistente al Agua y Algodón para Chef
SIN SUB	p96735	Otros/Varios			Delantal TOSHE de cintura con 3 bolsillos resistente a gotas de agua algodón
SIN SUB	p96737	Otros/Varios			Delantal TOSHE de algodón con 3 bolsillos y resistencia a salpicaduras
SIN SUB	p96738	Otros/Varios			Cobertura para Parrilla Cloakman Pit Boss Laredo 1000 130x65x110 cm
SIN SUB	p96740	Otros/Varios			Delantal TOSHE de 3 Bolsillos Resistente a Salpicaduras de Algodón
SIN SUB	p96741	Otros/Varios			Delantal TOSHE de 3 Bolsillos Resistente al Agua – Algodón
SIN SUB	p96745	Otros/Varios			Paellera ZENDEU de 30 cm de acero al carbono esmaltado – 4 raciones
SIN SUB	p96746	Otros/Varios			Trapeador Microfibra, Cubeta con Pedal, Color Rojo/Blanco
SIN SUB	p96749	Otros/Varios			Kit de Encendedor Weber con Botón Pulsador
SIN SUB	p96750	Otros/Varios			Delantal TOSHE de algodón resistente a salpicaduras con 3 bolsillos
SIN SUB	p96753	Otros/Varios			Rejillas para Parrilla COGRICHBF Nexgrill 720-0896B (Pack de 3)
SIN SUB	p96759	Otros/Varios			Cubierta para Tanque de Propano Weber 9 kg con Logo – Accesorio de Parrilla
SIN SUB	p96769	Otros/Varios			Toallitas húmedas GOJO 130 unidades por cubo - Toallas de limpieza rápida
SIN SUB	p96771	Otros/Varios			Delantal INMTIE de Lona Encerada Gris tallas M a XXL
SIN SUB	p96772	Otros/Varios			Bolsas de compra aisladas WhoseBags 18 L negras pack de 2
SIN SUB	p96788	Otros/Varios			Pala de pizza Outset 46 × 36 cm bambú color caqui extra grande
SIN SUB	p96789	Otros/Varios			Bolsas de basura CUSHIO 15 unidades con borde reforzado – súper resistentes
SIN SUB	p96791	Otros/Varios			Exprimidor de Vapor Cook N Home 11 Qt Acero Inoxidable
SIN SUB	p96797	Otros/Varios			Caja Bento YANLIFY 21x15x5 cm 4 Compartimentos Rosa
SIN SUB	p96799	Otros/Varios			Brochetas extensibles CORQUE 81 cm paquete de 8 multicolores
SIN SUB	p96801	Otros/Varios			Soporte para toalla de papel CHIKESI autoadhesivo dorado - 1 unidad
SIN SUB	p96803	Otros/Varios			Almacenamiento de alimentos Rubbermaid 350/820 ml Pack de 4 con compartimentos divididos
SIN SUB	p96806	Otros/Varios			Toallas Amazon Basics 38 × 64 cm – Pack de 6 en algodón orgánico
SIN SUB	p96812	Otros/Varios			Kit de Germinación Masontops – 2 Paquetes de Semillas Incluidos
SIN SUB	p96819	Otros/Varios			Libro de recetas Rileys & Co 215 × 28 cm Verde (en blanco)
SIN SUB	p96825	Otros/Varios			Caja de Recetas Rileys & Co 175 × 125 × 78 cm Cítricos – 50 Tarjetas
SIN SUB	p96827	Otros/Varios			Dealusy 100 unidades de cajas transparentes de plástico resistente para pasteles
SIN SUB	p96832	Otros/Varios			Placa de control digital FlameEngine P-1205 compatible
SIN SUB	p96836	Otros/Varios			Cobertura para Parrilla Mont Alpi MABi805 Impermeable y Resistente a los Rayos UV
SIN SUB	p96840	Otros/Varios			Pajillas BIO AGAVE 825" de fibras de agave biodegradable 2400 uds
SIN SUB	p96844	Otros/Varios			Matraz EISCO de 1000 ml de vidrio borosilicato con base plana
SIN SUB	p96845	Otros/Varios			Báscula de Pesaje TIMEMORE Basic 3 Temporizador para Café USB-C
SIN SUB	p96853	Otros/Varios			Encendedor de Carbón Total Control EFS‑Z para Big Green Egg
SIN SUB	p96854	Otros/Varios			Bolsa de transporte para plancha BLACKSTONE 43 cm negra
SIN SUB	p96858	Otros/Varios			Matraz volumétrico EISCO 10 ml Clase A ±0020 ml con tapón de vidrio
SIN SUB	p96859	Otros/Varios			Delantal EISCO Pequeño 69 cm x 76 cm Negro de Caucho
SIN SUB	p96866	Otros/Varios			Matraz Erlenmeyer EISCO de 1000 mL con cuello estrecho de vidrio borosilicato 3.3
SIN SUB	p96869	Otros/Varios			Virutas de Madera WITANHURST Pack de 4 Piezas - Variedad de Pera y Manzana
SIN SUB	p96870	Otros/Varios			Matraz volumétrico EISCO 5 ml Clase A ±0020 ml con tapón de vidrio
SIN SUB	p96871	Otros/Varios			Piedra de aplanado Suehiro 2B006 #280 206x53x27 mm
SIN SUB	p96883	Otros/Varios			Tijeras KYOCERA de 7 cm con hojas de cerámica de zirconia
SIN SUB	p96886	Otros/Varios			Tijeras KUNIFU Desmontables Multiuso - Azul
SIN SUB	p96887	Otros/Varios			Tijeras KUNIFU Desmontables Todo Uso Morado
SIN SUB	p96892	Otros/Varios			Tijeras Multiusos de Cerámica KYOCERA 7 cm
SIN SUB	p96898	Otros/Varios			Fregadora giratoria Fanttik sin cable IPX7 con pantalla LED blanca
SIN SUB	p96899	Otros/Varios			Tijeras KUNIFU Desmontables de Uso General - Negro
SIN SUB	p96901	Otros/Varios			Bolsas de maceración Bellamei 2 pzas 41x28 cm / 46x41 cm malla fina
SIN SUB	p96906	Otros/Varios			Bolsas de elaboración Eselect 28 cm paquete de 100 unidades de malla de algodón
SIN SUB	p96907	Otros/Varios			Arrocera BLACK+DECKER 4 L con Canasta para Vapor – Acabado Piedra
SIN SUB	p96910	Otros/Varios			Paellera Magefesa de 30 cm 4 raciones acero al carbono
SIN SUB	p96927	Otros/Varios			Deshuesador de cerezas Fanlory 7 en 1 multi‑funcional
SIN SUB	p96929	Otros/Varios			Pinchos Kadden 20 unidades 9 cm resistentes al calor
SIN SUB	p96936	Otros/Varios			Gancho de Almacenamiento Command (2 unidades 11 kg)
SIN SUB	p96939	Otros/Varios			Glad Mini Redondos de 118 ml – Pack de 8 para Almacenamiento de Alimentos
SIN SUB	p96943	Otros/Varios			Alfombrilla de silicona para hornear Mimekitchen 66 × 41 cm antiadherente y resistente al calor
SIN SUB	p96947	Otros/Varios			Enfriador de latas BrüMate Trio 12/16 oz Agave azul a prueba de fugas
SIN SUB	p96956	Otros/Varios			Prensa de Galletas Hosetim con 8 puntas y 13 discos de acero inoxidable
SIN SUB	p96958	Otros/Varios			Desodorizante y descomponedor de residuos enzimático Walex Bio-Pak 50 unidades
SIN SUB	p96959	Otros/Varios			Toallitas Kimberly-Clark 37 × 42 cm 140 por caja – 15 cajas
SIN SUB	p96963	Otros/Varios			Cortapizzas Joseph Joseph Duo con protector de cuchilla
SIN SUB	p96964	Otros/Varios			Aguja Premium Timeless CORAVIN para sistemas Coravin Timeless
SIN SUB	p96967	Otros/Varios			Máquina de Pasta Fante's 23x11x15 cm para Cavatelli
SIN SUB	p96968	Otros/Varios			Almacenamiento de alimentos Anyday 2 unidades 473 ml de vidrio (Kale)
SIN SUB	p96969	Otros/Varios			Balanza de alimentos Escali 22x15x4 cm 5 kg blanca digital
SIN SUB	p96971	Otros/Varios			Cepillo Removedor de Hilos de Maíz THE FRYOILSAVER COMPANY 25x8x5 cm
SIN SUB	p96977	Otros/Varios			Paellera Magefesa de 20 cm de acero al carbono ligera
SIN SUB	p96989	Otros/Varios			Cobertura para Parrilla Nexgrill 140 cm x 57 cm x 112 cm Negra
SIN SUB	p96993	Otros/Varios			Bolsas resellables sailorsunny 75 × 11 cm rosa con perro – paquete de 50
SIN SUB	p96994	Otros/Varios			Paellera Magefesa de 38 cm de acero esmaltado – 8 raciones
SIN SUB	p97001	Otros/Varios			Funda para parrilla Traeger FLATROCK BAC749 de vinilo
SIN SUB	p97007	Otros/Varios			Cubierta del capó de la parrilla: parrilla eléctrica Weber Lumin
SIN SUB	p97009	Otros/Varios			Cera Protectora para Superficies FLITZ FB-TS010-100 Paquete de 2g
SIN SUB	p97011	Otros/Varios			Limpiador Urnex para Cápsulas K-Cup 5 unidades para máquinas Keurig 2.0
SIN SUB	p97017	Otros/Varios			Matraz EISCO 2000 ml Clase A ±05 ml con tapón de vidrio
SIN SUB	p97018	Otros/Varios			Réplica de Baguette de Sésamo de 48 cm – Pan Falso GiftYou
SIN SUB	p97020	Otros/Varios			Cepillo para parrilla Nexgrill 48 cm de nailon paquete de 2
SIN SUB	p97021	Otros/Varios			Virutas de Madera de Cereza Shop Square 27 kg (Pack de 4) 100 % Natural
SIN SUB	p97022	Otros/Varios			Parrilla/Cazoleta de Cenizas MECO para parrilla Aussie/Americana
SIN SUB	p97023	Otros/Varios			Tijeras SofGrip 19 cm Mango de Goma
SIN SUB	p97026	Otros/Varios			Tostonera Casita 9 cm × 2 cm × 19 cm Naranja
SIN SUB	p97035	Otros/Varios			Balanza Digital de Envío Selegere 10 kg/1 g Recargable Plateado Negro
SIN SUB	p97036	Otros/Varios			Exprimidor de Silicona con Forma de Pasta Monkey Business
SIN SUB	p97038	Otros/Varios			Bolsas de filtro de té Chielor 30 piezas 25x20 cm algodón reutilizable
SIN SUB	p97045	Otros/Varios			Adaptador T POWER 12V 10A GMG P-1001 100-240V
SIN SUB	p97058	Otros/Varios			Balanza de Grúa Digital Kongsen 300 kg Azul
SIN SUB	p97064	Otros/Varios			Protector Estufa Quemador Parrilla Reutilizable 10psc Plateado/Negro
SIN SUB	p97065	Otros/Varios			Alfombra De Silicona Para Hornear No Adhesiva 5 Piezas Marrón
SIN SUB	p97067	Otros/Varios			Bolsas para almuerzo CulinWare 4 lb de capacidad paquete de 500 unidades blancas
SIN SUB	p97070	Otros/Varios			Limpiador de Alfombras Resolve 946 ml Especialista para Mascotas con Gatillo
SIN SUB	p97072	Otros/Varios			Juego de Vapor Imusa 28 Qt y 10 Qt Aluminio Plateado
SIN SUB	p97073	Otros/Varios			Recambio de pulidor de cuero SHARPAL 25 × 150 mm (1 pieza)
SIN SUB	p97074	Otros/Varios			Cesta de vapor LAIHIFA 16-26 cm Acero inoxidable expandible
SIN SUB	p97077	Otros/Varios			Bolsas para almuerzo CulinWare 12 × 8 × 25 cm 500 unidades 4 lb
SIN SUB	p97079	Otros/Varios			Cesta Giratoria Universal de Acero Inoxidable TURBRO para Parrilla
SIN SUB	p97081	Otros/Varios			Plancha COZEER 43 cm × 33 cm de Acero Inoxidable Antiadherente
SIN SUB	p97082	Otros/Varios			Limpiador de Líneas de Cerveza Bar‑King 6 pzas 05 oz cada una
SIN SUB	p97085	Otros/Varios			Prensa para Plancha BLACKSTONE Plegable OTG
SIN SUB	p97087	Otros/Varios			Galleta Goldilocks Polvorón UBE 30 uds. 2 bolsas
SIN SUB	p97098	Otros/Varios			Bolsas de Almacenamiento de Alimentos Stasher 4 Unidades Reutilizables de Silicona
SIN SUB	p97109	Otros/Varios			Juego de 10 bolsas de papas LOVYNO 74 × 99 cm coloridas reutilizables
SIN SUB	p97110	Otros/Varios			Saco de Patata LOVYNO 74x99 cm Pack de 20 Multicolor
SIN SUB	p97120	Otros/Varios			Tabletas de limpieza Caffenu DeLonghi 10 unidades de 14 g cada una
SIN SUB	p97122	Otros/Varios			Polvo de Limpieza Caffenu 900 g para Máquinas de Espresso
SIN SUB	p97132	Otros/Varios			Pantallas de limpieza para plancha AmerCareRoyal 10 cm × 14 cm (paquete de 400)
SIN SUB	p97151	Otros/Varios			Removedor de membrana de costilla Concons de acero inoxidable naranja
SIN SUB	p97162	Otros/Varios			Kit de vapor de bambú Dasoguy 30 cm con forros y utensilios
SIN SUB	p97163	Otros/Varios			Bolsa de snack congelable PackIt 23 cm x 10 cm Ice Cream Critters
SIN SUB	p97175	Otros/Varios			Pellets de carbón Royal Oak 136 kg con mesquite para parrilla
SIN SUB	p97182	Otros/Varios			AG-OLLEL202EP
SIN SUB	p97183	Otros/Varios			Decantador Signature Edition VANLIG | Ripon Revolver & Grenade Glasses
SIN SUB	p97187	Otros/Varios			Decantador Signature Edition: VANLIG Brent Revolver & Grenade Glasses
SIN SUB	p97190	Otros/Varios			Kit de Piedras para Whisky Cork VANLIG | Enfriadores Naturales Reutilizables en Estuche de Lujo
SIN SUB	p97196	Otros/Varios			Alfombrilla de silicona para recoger el goteo del grifo - Diseño mejor
SIN SUB	p97262	Otros/Varios			IMUSA BAM-10007 Jumbo Tostonera, Natural - Pataconera de Bambú, Prensa
SIN SUB	p97380	Otros/Varios			Set de minigafas Silver Buffalo Disney Vintage Minnie Mouse
SIN SUB	p97436	Otros/Varios			Set de Sushi Silver Buffalo Disney Buscando a Nemo Azul
SIN SUB	p97518	Otros/Varios			Set de Sushi Silver Buffalo Hello Kitty con Moño Rojo
SIN SUB	p97537	Otros/Varios			Set de Sushi Retro de 3 piezas Silver Buffalo Scooby Doo
SIN SUB	p97556	Otros/Varios			Barril de Envejecimiento THOUSAND OAKS 3L con Soporte y Grifo
SIN SUB	p97566	Otros/Varios			Pajillas de plástico TREEHAC 23 cm Jumbo anchas y coloridas 700 piezas
SIN SUB	p97667	Otros/Varios			Tenedores Hefty ECOSAVE Compostables 24 unidades
SIN SUB	p97685	Otros/Varios			Protectores de calor Cazzon 18 cm Mezcla Marrón 5 uds. con cesta incluida
SIN SUB	p97717	Otros/Varios			Cubertería CAMBRIDGE 45 piezas acabado satinado dorado servicio para 8
SIN SUB	p97733	Otros/Varios			Juego de 6 platillos de 10 cm The Mask El Turko
SIN SUB	p97755	Otros/Varios			Bolsas de elaboración Eselect 28 cm (paquete de 25) malla de algodón
SIN SUB	p97831	Otros/Varios			Cucharilla para mantequilla Le Creuset Heritage Riviera
SIN SUB	p97857	Otros/Varios			Matraz EISCO 1000 ml de vidrio borosilicato cónico con brazo lateral
SIN SUB	p97858	Otros/Varios			Palillos agitadores de café OULIGET 185 cm color marrón - paquete de 100
SIN SUB	p97861	Otros/Varios			Pajillas de Papel OULIGET 40 Unidades con Forma de Limón
SIN SUB	p97869	Otros/Varios			Juego de 16 bolsas para vino aromeili – Funda protectora reutilizable
SIN SUB	p97897	Otros/Varios			Matraz EISCO de 2000 ml de vidrio borosilicato con vertedor
SIN SUB	p97909	Otros/Varios			Posavasos Algodón Antideslizante Duradero+soporte 12 Pzs Negro
SIN SUB	p97977	Otros/Varios			Tapones para Bebidas STIXTOGO 19 cm Negro Pack de 2000 unidades
SIN SUB	p97992	Otros/Varios			Glass Riedel Grape Martini y Cocktail Diamond 200 ml (paquete de 2)
SIN SUB	p98034	Otros/Varios			Bolsa de Vino TBITON 40.º Cumpleaños Lino de Algodón Beige
SIN SUB	p98040	Otros/Varios			Tapa Thermos Bubba 950 ml Opal Shimmer de Doble Sorbo
SIN SUB	p98115	Otros/Varios			Base giratoria Ateco de plástico blanco de 30 cm
SIN SUB	p98160	Otros/Varios			Palitos agitadores de madera AmerCareRoyal 18 cm biodegradables 10 000 uds
SIN SUB	p98180	Otros/Varios			Salvamantel Magnético de Madera Dura STAUB Resistente al Calor
SIN SUB	p98183	Otros/Varios			Pinchos de Bambú Handy Housewares 10 cm Paquete de 600
SIN SUB	p98187	Otros/Varios			Líquido para Cigarrillo Electrónico Flavour Blaster Neutral 10 ml
SIN SUB	p98192	Otros/Varios			Set Ultimate Bar Caddy de 120 piezas con Popotes Flexibles y Palitos Mezcladores
SIN SUB	p98197	Otros/Varios			Palitos de Bambú Handy Housewares 10 cm Paquete de 1200
SIN SUB	p98218	Otros/Varios			Juego de 8 Tablas de Pizarra Negra Yousonew 30x18 cm
SIN SUB	p98225	Otros/Varios			Soporte para Goteo de Café Makidar de Acero Inoxidable Negro
SIN SUB	p98233	Otros/Varios			Kit de Inicio Easy Fermenter con 3 Tapas y 3 Pesas para Fermentación de 3 L
SIN SUB	p98312	Otros/Varios			Juego de Té Lenox Butterfly Meadow de 8 Piezas para 2 Personas
SIN SUB	p98321	Otros/Varios			Palillos FOFAYU de Metal 5 Pares Multicolor Acero Inoxidable 235 cm
SIN SUB	p98329	Otros/Varios			Cesta Ovalada Cuisinox de Acero Inoxidable 22x15 cm
SIN SUB	p98366	Otros/Varios			Popotes Flexibles ALINK Paquete de 500 19.7 cm x 0.6 cm
SIN SUB	p98444	Otros/Varios			Juego de 3 Bowls Corelle Livingware 828 ml Clásico con Borde Negro
SIN SUB	p98447	Otros/Varios			Fundas de silicona Brieftons 6 unidades aislantes antideslizantes
SIN SUB	p98451	Otros/Varios			Set de 3 Bowls Corelle Livingware Country Cottage 828 ml
SIN SUB	p98455	Otros/Varios			Juego de 2 Bowls para Servir Corelle Bella Faenza de 1 cuarto
SIN SUB	p98796	Otros/Varios			Fuente para Servir STAUB de Cerámica 29 cm Cereza
SIN SUB	p98908	Otros/Varios			Juego de té de 3 piezas Royal Albert 1920 Spring Meadow 20 cm
SIN SUB	p98915	Otros/Varios			Tea for One Royal Albert Old Country Roses de porcelana ósea
SIN SUB	p98958	Otros/Varios			Hervidor de cuello de cisne Barista Warrior 12 L negro mate
SIN SUB	p98966	Otros/Varios			Tamiz de malla fina BlendWell Gold de acero inoxidable
SIN SUB	p98981	Otros/Varios			Bol de vidrio para matcha Britegleam con textura y pico vertedor
SIN SUB	p98999	Otros/Varios			Dispensador de café Royal Genuss de 22 L de acero inoxidable con bomba
SIN SUB	p99032	Otros/Varios			Infusor de té Teabloom de acero inoxidable pequeño diseño geométrico
SIN SUB	p99391	Otros/Varios			Biberón Thermos Baby de acero inoxidable de 300 ml con aislamiento al vacío
SUBCATEGORÍA	p140939	Electrodomésticos/None	Electrodomésticos/Planchas		Oster Planchas GCSTCS2002P - Morado/Blanco
SUBCATEGORÍA	p140940	Electrodomésticos/None	Electrodomésticos/Planchas		Taurus Planchas Etna M91810020 - Azul
SUBCATEGORÍA	p140946	Electrodomésticos/None	Electrodomésticos/Campanas de cocina		Extractor Purificador Sanaire Milano Isla Negro Mate con Control Remoto
SUBCATEGORÍA	p140959	Electrodomésticos/None	Electrodomésticos/Estufas		Cocina Supra 4Q-H-TA color acero con puerta ciega
SUBCATEGORÍA	p141110	Cámaras de seguridad/None	Cámaras de seguridad/Timbres inteligentes		TP-Link Tapo H100 Hub & Chime, Blanco
SUBCATEGORÍA	p141129	Cámaras de seguridad/None	Cámaras de seguridad/Cámaras exteriores		Dahua X-SPANS color blanco
SUBCATEGORÍA	p141149	Cámaras de seguridad/None	Cámaras de seguridad/Kits de vigilancia		Ojo® Kits De Seguridad Visión Nocturna Audio Bidireccional
SUBCATEGORÍA	p141183	Impresoras/None	Impresoras/Láser		Epson C11CK57301 - Negro
SUBCATEGORÍA	p147492	Cargadores y adaptadores/	Cargadores y adaptadores/Base de carga		Repuesto para soporte de cargador 75105 para luz de flujo compatible con linterna recargable Streaml
SUBCATEGORÍA	p147557	Cargadores y adaptadores/	Cargadores y adaptadores/Adaptador de corriente		Belkin Extensor de alimentación de 4 Puertos, Compatible con Dispositivos USB-C y USB-A, Apple iPhon
SUBCATEGORÍA	p157717	Otros/Varios	Otros/Soportes para dispositivos		Asixxsix Protector Universal de Silicona a Prueba de Golpes para Tableta //, Soporte Ajustable, Fund
SUBCATEGORÍA	p157794	Otros/Varios	Otros/Soportes para dispositivos		Asixxsix Protector Universal de Silicona a Prueba de Golpes para Tableta //, Soporte Ajustable, Fund
SUBCATEGORÍA	p160929	Otros/Varios	Otros/Soportes para dispositivos		Asixxsix Protector Universal de Silicona a Prueba de Golpes para Tableta //, Soporte Ajustable, Fund
SUBCATEGORÍA	p170655	Televisores/None	Televisores/Accesorios y soportes		ASHATA 1 par de Altavoces de TV de Repuesto para Television UN40F5500 UN40F6200 UN46F5500 UN46F6400
SUBCATEGORÍA	p172717	Televisores/None	Televisores/Accesorios y soportes		Altavoz de televisión LCD, 2 Piezas Altavoz de TV 8 Ohm 10W multifunción para televisión
SUBCATEGORÍA	p175184	Televisores/None	Televisores/Accesorios y soportes		Altavoces de Repuesto 6Ω 10W para TV UN40F5500 UN40F6200 UN46F5500 UN46F6400, Altavoz de Completa co
SUBCATEGORÍA	p185334	Televisores/None	Televisores/Accesorios y soportes		MR25GA Magic Remote compatible con televisores LG, incluye AI, puntero y voz, 2025 (MR25GA)
SUBCATEGORÍA	p191915	Redes/None	Redes/Routers		Kit Wifi Mercusys Halo H70x(2-pack)
SUBCATEGORÍA	p201403	Otros/	Otros/Accesorios y limpieza de paneles solares		Poste de extensión con Cepillo para Polvo para Lavadora a presión de 18 pies
SUBCATEGORÍA	p202401	Otros/	Otros/Accesorios y limpieza de paneles solares		Lavadora de paneles fotovoltaicos de longitud ajustable, para centrales fotovoltaicas en azoteas, he
SUBCATEGORÍA	p202419	Otros/	Otros/Accesorios y limpieza de paneles solares		Lavadora De Paneles Fotovoltaicos De Doble Cabezal, Cepillo Giratorio De Limpieza con Varilla De Ext
SUBCATEGORÍA	p202604	Otros/	Otros/Accesorios y limpieza de paneles solares		HONGHCL Plumero Extensible para Limpieza - 5 en 1 Plumeros Telarañas con 250cm/98.5in Palo de Ajuste
SUBCATEGORÍA	p206617	Electrodomésticos/	Electrodomésticos/Robots limpiacristales		Robot De Limpieza De Vidrio Inteligente, con Doble Rociador De Agua+Tanque De Agua Grande De 70 Ml, 
SUBCATEGORÍA	p207311	Electrodomésticos/	Electrodomésticos/Robots limpiacristales		Hutt Robot de Limpieza automática de Ventanas A1, 4 pulverizadores de Agua mejorados y 6000 PA de Al
SUBCATEGORÍA	p239689	Otros/	Otros/Soportes para dispositivos		KU XIU Soporte de brazo de micrófono de aleación de aluminio para escritorio, brazo de micrófono aju
SUBCATEGORÍA	p239764	Otros/	Otros/Soportes para dispositivos		Vivo MOUNT-PC01 Soporte Ajustable de PC para Montaje Debajo del Escritorio o Pared, Giro de 360 Grad
SUBCATEGORÍA	p249083	Otros/	Otros/Accesorios y limpieza de paneles solares		Cepillo para Taladro de Limpieza,16pcs Cepillos con 6''Varilla de Extensión
SUBCATEGORÍA	p251136	Bocinas/None	Bocinas/Amplificadores y receptores		JVC Ks-Dr2104Dbt Amplificador De Coche Compacto De 4 Canales Y 600 Vatios Con Transmisión Por Blueto
SUBCATEGORÍA	p255635	Autos, bicicletas y motos/None	Autos, bicicletas y motos/Accesorios para moto		Interruptor de apagado universal, parada de emergencia con cordón de amarre, interruptor de motor pa
SUBCATEGORÍA	p256933	Otros/	Otros/Cargadores solares portátiles		Stealth Cam - Paquete de baterías solares duraderas Sol-Pak, panel de energía solar de 12 V, batería
SUBCATEGORÍA	p257415	Cargadores y adaptadores/Otros	Cargadores y adaptadores/Inalámbrico		Cámara espía con cargador USB WiFi, mini cámara oculta inalámbrica, seguridad para el hogar
SUBCATEGORÍA	p257663	Autos, bicicletas y motos/None	Autos, bicicletas y motos/Accesorios y refacciones		Dioche A02yyuw A0Sensor de Distancia Ultrasónico Detector de Estacionamiento de Garaje a Prueba de A
SUBCATEGORÍA	p257681	Autos, bicicletas y motos/None	Autos, bicicletas y motos/Accesorios y refacciones		Sensor de Distancia Ultrasónico DC3.3V-5V IP67 Protección Impermeable Detector de Vehículos Sensor d
SUBCATEGORÍA	p258041	Redes/	Redes/Repetidores		TP-Link TL-WPA7817 Kit Powerline, AV1000Mbps y AX1500Mbps sobre WiFi 6 Dual Band, sin enchufe, Homep
SUBCATEGORÍA	p258084	Cargadores y adaptadores/Otros	Cargadores y adaptadores/Inalámbrico		TP-Link TL-WA850RE Repetidor de WiFi Extensor de Cobertura Inalámbrico Universal, 300Mbps + TL-WN725
SUBCATEGORÍA	p258169	Impresoras/None	Impresoras/Fotográficas		Paquete con impresora para smartphone Fuji Mini Link 3 color blanco arcilla + paquete de película Fu
SUBCATEGORÍA	p258173	Impresoras/None	Impresoras/Fotográficas		Fujifilm Instax Mini Link 3 - Impresora para Smartphone - Rosa
SUBCATEGORÍA	p258176	Impresoras/None	Impresoras/Fotográficas		Fujifilm Instax Mini Link 3 Google Pixel Special Edition - Impresora para Smartphone - Rosa
SUBCATEGORÍA	p258178	Impresoras/None	Impresoras/Fotográficas		Fujifilm Instax Mini Link 2 - Impresora para Smartphone - Azul Espacial
SUBCATEGORÍA	p258186	Impresoras/None	Impresoras/Fotográficas		Fujifilm Instax Mini Link 3 - Impresora para Smartphone - Blanco arcilloso
SUBCATEGORÍA	p258351	Otros/	Otros/Kits solares y controladores de carga		Cable de extensión solar de 10 paneles de calibre 6 pies, 10 AWG (6 mm²) alambre PV SJZ SUN RUN alam
SUBCATEGORÍA	p258502	Otros/	Otros/Kits solares y controladores de carga		Rack-A-Tiers Solar Serpent 5-en-1 Herramienta Multiusos de Conector Solar, Llave para Conectores Sol
SUBCATEGORÍA	p259199	Otros/	Otros/Accesorios y limpieza de paneles solares		Medidor solar UT673PV, probador de seguidores solares de paneles fotovoltaicos, probador de potencia
SUBCATEGORÍA	p277083	Instrumentos musicales/None	Instrumentos musicales/Ocarinas, silbatos y flautas dulces		Instrumento musical de viento folclórico , barra de palisandro de calidad, instrumento hecho a mano,
SUBCATEGORÍA	p277117	Instrumentos musicales/None	Instrumentos musicales/Ocarinas, silbatos y flautas dulces		Instrumento musical de viento popular, barra de palisandro de calidad, instrumento profesional clave
SUBCATEGORÍA	p277119	Instrumentos musicales/None	Instrumentos musicales/Ocarinas, silbatos y flautas dulces		Instrumento musical de viento popular, barra de palisandro de calidad, instrumento profesional clave
SUBCATEGORÍA	p277333	Instrumentos musicales/None	Instrumentos musicales/Ocarinas, silbatos y flautas dulces		Instrumento musical de viento electrónico bolsa de transporte instrumento digital viento fuerza moch
SUBCATEGORÍA	p279887	Otros/	Otros/Accesorios y limpieza de paneles solares		Arieta Brocha para Limpiar Records, Discos de Vinyl, LPs, Viniles, Acetato. Cepillo Anti Estática Li
SUBCATEGORÍA	p282499	Televisores/None	Televisores/Accesorios y soportes		Genérico CT8566 Controles remotos de Voz ergonómicos para televisores CT8571 43LF3F63DAZ 40LF3F63DAZ
SUBCATEGORÍA	p285915	Electrodomésticos/None	Electrodomésticos/Planchas		Manguera Planchas Wei Jie Silicón Vapor Alta Presión 5m Negro
SUBCATEGORÍA	p286652	Cámaras de seguridad/None	Cámaras de seguridad/Cámaras exteriores		Dahua Cooper B1A21N-U-28
SUBCATEGORÍA	p286881	Redes/None	Redes/Access points		Estacion Base Inalambrico Ruijie Radioenlaces Rg-airmetro
SUBCATEGORÍA	p286885	Redes/None	Redes/Access points		Ruijie RG-RAP52-OD acceso omnidireccional blanco de IP65
SUBCATEGORÍA	p286955	Impresoras/None	Impresoras/Inyección de tinta		HP DesignJet T650 5HB10D
SUBCATEGORÍA	p286974	Impresoras/None	Impresoras/Inyección de tinta		Impresora Plotter Canon Tc-21m Blanco
SUBCATEGORÍA	p287865	Climatización/None	Climatización/Ventiladores de mesa y clip		VentDepot Breezix De mesa - 30 cm - Blanco Gris - Plástico - 3
SUBCATEGORÍA	p289506	Televisores/None	Televisores/4K		Tv Sony Bravia 5 Mini Led, Dolby Vision & Atmos K-75xr50
SUBCATEGORÍA	p289768	Electrodomésticos/None	Electrodomésticos/Planchas		Rowenta Perfomance 1725w Dw2350, color azul
SUBCATEGORÍA	p291317	Redes/None	Redes/Switches		Interruptor exterior Mikrotik CRS310-1G-5S-4s+Out Netfiber 9 L5
SUBCATEGORÍA	p291394	Redes/None	Redes/Access points		Aprobación del adaptador inalámbrico TP-Link: 25481602799
SUBCATEGORÍA	p291401	Redes/None	Redes/Routers		Sistema Wi-fi Malla Ac1900 H50g Mercusys Dual Banda (3-pack)
SUBCATEGORÍA	p291461	Redes/None	Redes/Access points		Bullet M2 Hp 2.4 Ghz Antena Ubiquiti Internet Bulletm2 Wifi
SUBCATEGORÍA	p291464	Redes/None	Redes/Access points		Radio Estación Airmax Ubiquiti R5ac-lite 500 Mbps, 5 Ghz
SUBCATEGORÍA	p291466	Redes/None	Redes/Routers		Gl. Inet Blanco
SUBCATEGORÍA	p291486	Redes/None	Redes/Routers		Wifi ZTE 4G gris
SUBCATEGORÍA	p291562	Impresoras/None	Impresoras/Térmica		Impresora Brother Cz-1004 25mm x 5m.
SUBCATEGORÍA	p291604	Impresoras/None	Impresoras/Láser		Paq Impresora Pantum M6509nw + 1000 Hojas + 2 Usb Lucky Owl Blanco
SUBCATEGORÍA	p291605	Impresoras/None	Impresoras/Láser		Impresora Pantum 2509w Wifi a Blanco Y Negro en Color Blanca
SUBCATEGORÍA	p291630	Impresoras/None	Impresoras/Láser		Fujifilm Impresora Apeos C325 Dw Blanco
SUBCATEGORÍA	p291634	Impresoras/None	Impresoras/Térmica		Impresora IDP Smart-21 Series YMCKO.
SUBCATEGORÍA	p291643	Impresoras/None	Impresoras/Térmica		Impresora Evolis Primacy2
SUBCATEGORÍA	p291644	Impresoras/None	Impresoras/Térmica		Impresora de Tarjetas Evolis Badgy200 a Color para Credenciales y Carnets con Software
SUBCATEGORÍA	p291646	Impresoras/None	Impresoras/Fotográficas		Impresora Kodak 6950 Photo Printer Negro
SUBCATEGORÍA	p291657	Impresoras/None	Impresoras/Térmica		Impresora Portátil Aiyin A4 Bluetooth para Hogar y Negocios
SUBCATEGORÍA	p299510	Mascotas/None	Mascotas/Adiestramiento		Button de perro Tratando dispensador, trate el dispensador con el botón
SUBCATEGORÍA	p303997	Mascotas/None	Mascotas/Comederos elevados		Genérico Doble para Gatos Juego De s Elevados Dobles para Gatos
SUBCATEGORÍA	p305862	Mascotas/None	Mascotas/Juguetes para gato		Shakven de Juego para Gatos de Juego Grande para Gatos en Interior
SUBCATEGORÍA	p30670	Otros/	Otros/Soportes para dispositivos		Soporte Para Laptop Viglt F120 Ajustable de Aluminio
SUBCATEGORÍA	p30671	Otros/	Otros/Soportes para dispositivos		Soporte Para Laptop de Aluminio Base Ajustable Morado
SUBCATEGORÍA	p30725	Electrodomésticos/Otros	Electrodomésticos/Estufas		Juego de Cuchillos de Cocina 10 Piezas
SUBCATEGORÍA	p309463	Suplementos/None	Suplementos/Salud hormonal y sexual		Salud&Vida Aguaje con Fenogreco e Hinojo en Cápsulas | Apoyo nutricional para el bienestar diario | 
SUBCATEGORÍA	p309597	Suplementos/None	Suplementos/Probióticos y prebióticos		B-FIT Suplemento Probio 11 Cepas, 60 Billones, Sin Gluten, Sin Sabor
SUBCATEGORÍA	p310045	Suplementos/None	Suplementos/Salud hormonal y sexual		SUPER BETA PROSTATE Masticables avanzados: suplemento para la salud prostática masculina (120 compri
SUBCATEGORÍA	p310087	Suplementos/None	Suplementos/Antioxidantes		Cacao (cacao) 200 cápsulas en polvo, salud cardíaca y bienestar, pie* (300 mg/porción)
SUBCATEGORÍA	p310106	Suplementos/None	Suplementos/Probióticos y prebióticos		Dr. Mercola Complete Afterbiotics Suplemento dietético (18 mil millones de CFU), 30 cápsulas (30 por
SUBCATEGORÍA	p310129	Suplementos/None	Suplementos/Probióticos y prebióticos		Bio-K Plus Bio-k+, Suplemento Probi?tico, Salud de la Mujer, 60 C?psulas
SUBCATEGORÍA	p310180	Suplementos/None	Suplementos/Probióticos y prebióticos		Force Factor Probioslim, Suplemento Probi?tico para Mujeres
SUBCATEGORÍA	p310240	Suplementos/None	Suplementos/Antioxidantes		Neurogan- “Cápsulas de Urolithin A Pro de Fuerza Mejorada 1000mg, 120 Count Salud Celular Avanzada &
SUBCATEGORÍA	p310242	Suplementos/None	Suplementos/Antioxidantes		Humann- ?Superbeets Polvo de Ra?z de Remolacha Suplemento de ?xido
SUBCATEGORÍA	p310277	Suplementos/None	Suplementos/Probióticos y prebióticos		Truflora Suplementos Master - 32 C?psulas, Paquete de 2
SUBCATEGORÍA	p310299	Suplementos/None	Suplementos/Antioxidantes		Swanson D-limoneno - Suplemento de Extracto de C?scara de Naranja
SUBCATEGORÍA	p310325	Suplementos/None	Suplementos/Antioxidantes		Codeage Suplemento de Urolitina a Liposomal 500 Mg por Porci?n +
SUBCATEGORÍA	p312772	Climatización/None	Climatización/Calefactores cerámicos y de aire		Honeywell Calentador de Torre de Cerámica ComfortTemp ™ 4 DX
SUBCATEGORÍA	p313440	Electrodomésticos/	Electrodomésticos/Campanas de cocina		Purificadores de aire de cocina Máquina purificadora Limpiador pequeño de 5 W Ambientador de cocina 
SUBCATEGORÍA	p317813	Climatización/	Climatización/Extractores y ventilación		AC Infinity AIRLIFT T16, obturador de escape de 16 pulgadas con driver de temperatura y humedad – Mo
SUBCATEGORÍA	p335988	Impresoras/None	Impresoras/Láser		Impresora Kyocera Pa2101cwx Profesional Para Oficina Blanco
SUBCATEGORÍA	p336648	Electrodomésticos/None	Electrodomésticos/Planchas		Zapata Teflón Silver Star EOS Industrial Base Aluminio 4L Antiadhere
SUBCATEGORÍA	p337486	Impresoras/None	Impresoras/Fotográficas		Polaroid Hi-print Impresora Bluetooth 4x6 Con 80 Hojas
SUBCATEGORÍA	p337577	Iluminación/None	Iluminación/Focos		Wanergy 62091 Unidad 1 Blanco 3 Tonos
SUBCATEGORÍA	p337711	Iluminación/None	Iluminación/Focos		Philips Led Espiral Transparente Clásico Sin Parpadeo St19
SUBCATEGORÍA	p338034	Mascotas/None	Mascotas/Juguetes para gato		Caña Interactiva Para Gatos Karlie Con Insecto Feliz Y Cascabel
SUBCATEGORÍA	p338123	Climatización/None	Climatización/Ventiladores de techo		Westinghouse 7217100 Stella Mira 52inch Bronce Aceitado Vent
SUBCATEGORÍA	p338366	Climatización/None	Climatización/Calefactores cerámicos y de aire		Calentador De Cerámica Honeywell Uberheat 5 Para Habitacione
SUBCATEGORÍA	p338401	Climatización/None	Climatización/Humidificadores		Vicks Warm Steam blanco
SUBCATEGORÍA	p338405	Climatización/None	Climatización/Humidificadores		Inhalador De Vapor Vicks Vih200 Para Senos Nasales
SUBCATEGORÍA	p338438	Climatización/None	Climatización/Humidificadores		Cristales para Baño de Vapor Equate con Aceites Esenciales y Eucalipto
SUBCATEGORÍA	p343321	Blancos y ropa de cama/	Blancos y ropa de cama/Protectores de colchón impermeables		Almohadillas Absorbentes Cama Reutilizables y Lavables de Algodón y Eva, Protectores Impermeables pa
SUBCATEGORÍA	p348390	Cargadores y adaptadores/	Cargadores y adaptadores/Adaptador de corriente		Lukito Extension Electrica 14 En 1, Multicontacto Escritorio Con Cable 1,8m Con Protección Contra So
SUBCATEGORÍA	p349548	Televisores/None	Televisores/Accesorios y soportes		Altavoz de TV inalámbrico SEREONIC para Personas con Problemas de audición: escuche su televisor con
SUBCATEGORÍA	p350703	Cargadores y adaptadores/	Cargadores y adaptadores/Adaptador de corriente		Placa de Pared USB 3.0, Panel USB 3.0 de 2 Puertos con Enchufe Dual de Carga Rápida para Dispositivo
SUBCATEGORÍA	p350976	Cargadores y adaptadores/	Cargadores y adaptadores/Base de carga		Regleta de Alimentación con Abrazadera de Escritorio 8 en 1, 4 Salidas, 4 Puertos USB con 2 USB C 2 
SUBCATEGORÍA	p351048	Cargadores y adaptadores/Otros	Cargadores y adaptadores/De pilas		PL-NC31 Cargador de batería Inteligente Universal Dos 3 Pulgadas de Pantalla LCargador Inteligente S
SUBCATEGORÍA	p351109	Cargadores y adaptadores/	Cargadores y adaptadores/Adaptador de corriente		Conector de enchufe USB de carga rápida de salida de 2.4 A con múltiples dispositivos y construcción
SUBCATEGORÍA	p351146	Cargadores y adaptadores/	Cargadores y adaptadores/Adaptador de corriente		GFCI - Tira de alimentación, MATCHEASY 3 clavijas, cable de extensión resistente de 9.84 pies, con 6
SUBCATEGORÍA	p351272	Cargadores y adaptadores/Otros	Cargadores y adaptadores/De pilas		Jeffergarden Cargador de Batería Inteligente Cargador Multifuncional Inteligente Totalmente Automáti
SUBCATEGORÍA	p361514	Herramientas/None	Herramientas/Organización		Almacenamiento de Herramientas de Alta Resistencia - Nizer Industrial para talleres y Reparaciones. 
SUBCATEGORÍA	p362093	Herramientas/None	Herramientas/Herramientas de corte manual		Herramienta flexible de puerta de vacío de 5/16 pulgadas aplicable para equipos de refrigeración dom
SUBCATEGORÍA	p367141	Electrodomésticos/None	Electrodomésticos/Parrillas y planchas eléctricas		Plancha Y Parrilla Para Interiores Ninja Xl Gx101 Plateado
SUBCATEGORÍA	p367931	Electrodomésticos/None	Electrodomésticos/Licuadoras		Batidor Mano Inmersion 300w Barilla Desmon Decakila Kujb025w
SUBCATEGORÍA	p368740	Autos, bicicletas y motos/None	Autos, bicicletas y motos/Bicicletas de montaña		Specialized Riprock Coaster 20 Monster Green/nordic Red/black 20
SUBCATEGORÍA	p368931	Redes/None	Redes/Switches		2081992 - Interruptor De Netgear Prosafe Fs116 Ethernet
SUBCATEGORÍA	p368994	Redes/None	Redes/Routers		Sistema Wi-Fi de Malla Eero Pro 6E Triple Banda para Hogar de hasta 6000 Pies Cuadrados – Pack de 3
SUBCATEGORÍA	p368995	Redes/None	Redes/Access points		Enlace Inalambrico Hikvision 2.4ghz 500m Ds-3wf0ec-2nt
SUBCATEGORÍA	p369025	Redes/None	Redes/Routers		Cisco Meraki MX68
SUBCATEGORÍA	p369031	Redes/None	Redes/Access points		Conectividad Inalámbrica Cisco Catalyst V07 Blanco
SUBCATEGORÍA	p369032	Redes/None	Redes/Routers		Cisco Meraki MX67-hw, color plateado
SUBCATEGORÍA	p369046	Impresoras/None	Impresoras/Térmica		Impresora TSC TTP-244CE USB Ethernet Monocromática Negra
SUBCATEGORÍA	p369515	Iluminación/None	Iluminación/Lámparas colgantes		Osram Ledvance Pendulum Unidad 1 Bronce
SUBCATEGORÍA	p370229	Iluminación/None	Iluminación/Lámparas de techo		Westinghouse Lighting 6661000 2lite Ab Vidrio Facetado Trans
SUBCATEGORÍA	p370423	Iluminación/None	Iluminación/Focos		VentDepot MXLHN-001-7 - Unidad - 1 Blanco
SUBCATEGORÍA	p370424	Iluminación/None	Iluminación/Focos		VentDepot MXLHN-006-3 Unidad 1 127V Blanco
SUBCATEGORÍA	p372371	Climatización/None	Climatización/Calefactores de exterior y patio		Bromic Heating Tungsten Smart-heat 56-inch 6000w Dual Elemen
SUBCATEGORÍA	p372387	Climatización/None	Climatización/Calefactores cerámicos y de aire		Lasko Calentador De Ceramica Digital Ct 16670 Control Remoto Color Negro
SUBCATEGORÍA	p372426	Climatización/None	Climatización/Calefactores cerámicos y de aire		Calentador Personal De Cerámica Basics De 1500 W Con Negro
SUBCATEGORÍA	p372429	Climatización/None	Climatización/Humidificadores		Vaporizador Honeywell Hogar HWM845wwm con voltaje de negro
SUBCATEGORÍA	p374704	Cargadores y adaptadores/None	Cargadores y adaptadores/De auto		Turbo Cargador De Auto Inteligente Rápida Qc Para iPhone Samsung Slim Company Negro
SUBCATEGORÍA	p377014	Electrodomésticos/None	Electrodomésticos/Planchas		Estación de planchado Reach RE-85AF Industrial color negro con suela antiadherente
SUBCATEGORÍA	p377036	Electrodomésticos/None	Electrodomésticos/Pequeños electrodomésticos de cocina		Mezclador Para Pan Cake Dosificador Pancake Machine Color Rojo
SUBCATEGORÍA	p379295	Herramientas/None	Herramientas/Sierras		Circula Eléctrica Compacta Worx Wx439l De 4.5 Amperios Worxs
SUBCATEGORÍA	p379943	Herramientas/None	Herramientas/Juegos de herramientas		eléctrico Surtek AR436
SUBCATEGORÍA	p379961	Herramientas/None	Herramientas/Medición		Milwaukee Tizador Linea Gruesa + Tiza Roja Alta Permanencia
SUBCATEGORÍA	p380098	Herramientas/None	Herramientas/Juegos de herramientas		Kit Montaje Poleas De Alternador Adaptador Vw Audi Seat Bgs Color Como Se Muestra
SUBCATEGORÍA	p380109	Herramientas/None	Herramientas/Juegos de herramientas		Apollo Tools Dt9774 Herramienta (black)
SUBCATEGORÍA	p380113	Herramientas/None	Herramientas/Herramientas de corte manual		General Tools & Instruments 482 Swivel Head Deburring Tool
SUBCATEGORÍA	p380417	Herramientas/None	Herramientas/Brocas		Irwin 10235 1 HSS
SUBCATEGORÍA	p380428	Herramientas/None	Herramientas/Juegos de herramientas		Craftsman 31639 100
SUBCATEGORÍA	p380469	Herramientas/None	Herramientas/Juegos de herramientas		Black+Decker BDA91109 109
SUBCATEGORÍA	p380483	Herramientas/None	Herramientas/Herramientas de corte manual		Cortadora Rápida Ajustable Para Perforaciones Klein Tools
SUBCATEGORÍA	p381969	Herramientas/None	Herramientas/Herramientas manuales		Púa 4 En 1 Milwaukee 48-22-2145
SUBCATEGORÍA	p382098	Herramientas/None	Herramientas/Juegos de herramientas		Herramienta Para Rondana Del Resorte De Freno Surtek 107216
SUBCATEGORÍA	p382458	Herramientas/None	Herramientas/Pinzas y alicates		Klein Tools D243   8 8-inch High-leverage Diagonal-cuttin
SUBCATEGORÍA	p384371	Herramientas/None	Herramientas/Taladros y rotomartillos		Milwaukee P321-2697 Roto+impacto+set Safety, 1/2
SUBCATEGORÍA	p384405	Herramientas/None	Herramientas/Llaves y dados		Milwaukee Elec Tool 49-66-4532 1/4 X 2-9/16 Pulgadas
SUBCATEGORÍA	p384536	Autos, bicicletas y motos/None	Autos, bicicletas y motos/Bicicletas de montaña		Mountain bike Monk Starbike R20 1v frenos caliper color negro
SUBCATEGORÍA	p384538	Autos, bicicletas y motos/None	Autos, bicicletas y motos/Bicicletas de montaña		Mountain bike Monk Starbike R20 1v frenos caliper color blanco
SUBCATEGORÍA	p384540	Autos, bicicletas y motos/None	Autos, bicicletas y motos/Bicicletas de montaña		Mountain bike Monk Starbike R20 1v frenos caliper color rojo
SUBCATEGORÍA	p384682	Celulares/None	Celulares/Android		Fossibot móvil C17 Dual Sim 128 Gb Rom 16 GB Ram Azul
SUBCATEGORÍA	p384683	Celulares/None	Celulares/Android		Fossibot móvil C17 Dual Sim 128 Gb Rom 16 GB Ram Blanco
SUBCATEGORÍA	p384684	Celulares/None	Celulares/Android		Celular Fossibot S7 Dual Sim 256 GB ROM 32 (8+24) gb Ram Phone with back screen 5000 mah Android 16 
SUBCATEGORÍA	p384687	Cargadores y adaptadores/None	Cargadores y adaptadores/Cargadores de pared de 25 a 45 W		Cargador LWMaster de Carga Rápida 40W para iPhone 17, 16 y 15 con Cable USB-C de 1m Blanco
SUBCATEGORÍA	p384688	Cargadores y adaptadores/None	Cargadores y adaptadores/Cargadores de pared de 25 a 45 W		Cargador Súper Rápido de 45W LWMaster para Samsung, con Cable USB-C a USB-C de 1m y 2m
SUBCATEGORÍA	p384689	Cargadores y adaptadores/None	Cargadores y adaptadores/Base de carga		Cargador Inalámbrico Magnético 3 en 1 Techsa 15W Blanco USB-C Retráctil
SUBCATEGORÍA	p384690	Cargadores y adaptadores/None	Cargadores y adaptadores/Base de carga		Cargador Inalámbrico 3 en 1 TECHSA M2 Negro para iPhone AirPods Apple Watch
SUBCATEGORÍA	p384691	Cargadores y adaptadores/None	Cargadores y adaptadores/Cargadores de pared de 65 W o más		Cargador Carga Rápida 65w Retráctil Usb C Techsa 3 En 1 Gan
SUBCATEGORÍA	p384692	Cargadores y adaptadores/None	Cargadores y adaptadores/De auto		Cargador Inalámbrico Rápido TECHSA para Auto con Base Antideslizante y Cable USB de 1 Metro
SUBCATEGORÍA	p384693	Cargadores y adaptadores/None	Cargadores y adaptadores/Cargadores de pared de 65 W o más		Cargador Turbo TECHSA 67W con Cable USB-A a USB-C de 6A para Xiaomi, Redmi y POCO Hypercharge
SUBCATEGORÍA	p384694	Cargadores y adaptadores/None	Cargadores y adaptadores/De pared		Cargador Estación Multi-puerto Techsa de 660W con 6 USB-C y 2 USB-A para MacBook, iPhone, iPad y Sam
SUBCATEGORÍA	p384695	Cargadores y adaptadores/None	Cargadores y adaptadores/Base de carga		Cargador inalámbrico 3 en 1 para Huawei Watch, móviles y auriculares | Compatible con Huawei Watch G
SUBCATEGORÍA	p384702	Cargadores y adaptadores/None	Cargadores y adaptadores/Cargadores de pared hasta 20 W		Cargador Rápido All Mobile para Samsung USB-C 15W Negro
SUBCATEGORÍA	p384703	Cargadores y adaptadores/None	Cargadores y adaptadores/Adaptador de corriente		Cargador De Pared Fuente De Alimentación Ca Para Inogen G4 Color Negro
SUBCATEGORÍA	p384704	Cargadores y adaptadores/None	Cargadores y adaptadores/Para laptop		Cargador Portátil Green Leaf IP-5525WH Blanco Para Celular
SUBCATEGORÍA	p384705	Cargadores y adaptadores/None	Cargadores y adaptadores/De pared		Cargador De Pared Green Leaf IP-6013BK Rápido USB Negro
SUBCATEGORÍA	p384706	Cargadores y adaptadores/None	Cargadores y adaptadores/De pared		Cargador Pared Green Leaf IP-6013WH USB Carga Rápida Blanco
SUBCATEGORÍA	p384707	Cargadores y adaptadores/None	Cargadores y adaptadores/De auto		Cargador Automóvil Green Leaf IP-5010WH 2 Puertos USB 2.1A Blanco
SUBCATEGORÍA	p384708	Cargadores y adaptadores/None	Cargadores y adaptadores/Inalámbrico		Cargador Inalámbrico Green Leaf Con Soporte Celular Negro Modelo 09-7072
SUBCATEGORÍA	p384709	Cargadores y adaptadores/None	Cargadores y adaptadores/Base de carga		Cargador Inalámbrico Green Leaf Modelo KIT-7080 Base 5W Qi Negro
SUBCATEGORÍA	p384710	Cargadores y adaptadores/None	Cargadores y adaptadores/De auto		Cargador de Auto Green Leaf IP-5012 USB 12V 5V Violeta
SUBCATEGORÍA	p384711	Cargadores y adaptadores/None	Cargadores y adaptadores/De pared		Cargador USB Green Leaf con 2 Puertos y Carga Rápida
SUBCATEGORÍA	p384712	Cargadores y adaptadores/None	Cargadores y adaptadores/De pared		Cargador Pared Green Leaf IP-6008BK 2 Puertos USB Carga Rápida Negro
SUBCATEGORÍA	p384713	Cargadores y adaptadores/None	Cargadores y adaptadores/Cargadores de pared con cable		Cargador De Pared Green Leaf Micro USB IP-6011 Negro Con Cable 1m
SUBCATEGORÍA	p384714	Cargadores y adaptadores/None	Cargadores y adaptadores/Cargadores de pared hasta 20 W		Cargador De Pared Green Leaf 20W Carga Rápida Tipo C Negro IP-6009BK
SUBCATEGORÍA	p384715	Cargadores y adaptadores/None	Cargadores y adaptadores/De pared		Cargador Green Leaf 1 Puerto Usb Y Tipo C Ip-6230bl Color Azul
SUBCATEGORÍA	p384716	Cargadores y adaptadores/None	Cargadores y adaptadores/Cargadores de pared hasta 20 W		Cargador De Pared Green Leaf Carga Rápida USB Tipo C 20W 3A
SUBCATEGORÍA	p384717	Cargadores y adaptadores/None	Cargadores y adaptadores/De auto		Cargador De Auto Green Leaf Micro USB IP-6010 Blanco Con Cable 1m
SUBCATEGORÍA	p384718	Cargadores y adaptadores/None	Cargadores y adaptadores/De pared		Cargador Green Leaf 1 Puerto Usb Y 2 Tipo C Ip-6267gr Color Verde
SUBCATEGORÍA	p384719	Cargadores y adaptadores/None	Cargadores y adaptadores/Cargadores de pared de 65 W o más		Turbo 67W Cargador Rápido Compatible con Xiaomi Redmi Poco Carga Rápida para Redmi Note 14 Pro/ Poco
SUBCATEGORÍA	p384720	Cargadores y adaptadores/None	Cargadores y adaptadores/Cargadores de pared de 65 W o más		Cargador Vivo Flash Charge 80W USB-C Carga Rápida Para Celular
SUBCATEGORÍA	p384721	Cargadores y adaptadores/None	Cargadores y adaptadores/Cargadores de pared de 65 W o más		Cargador Rápido IGAD 65W Blanco 2 USB-C 1 USB-A Carga Simultánea Celular Laptop
SUBCATEGORÍA	p384722	Cargadores y adaptadores/None	Cargadores y adaptadores/De auto		Cargador de Auto Rápido IGAD 83W PD 65W USB QC 3.0 Tipo C y A
SUBCATEGORÍA	p384723	Cargadores y adaptadores/None	Cargadores y adaptadores/De auto		Cargador Auto IGAD 78W 4 Puertos Rápidos PD USB-C QC 3.0 Compatible Con iPhone Samsung
SUBCATEGORÍA	p384724	Cargadores y adaptadores/None	Cargadores y adaptadores/De auto		Cargador De Auto IGAD De 20W Con Doble Puerto USB Tipo C PD Para Carga Rápida De Smartphones, Tablet
SUBCATEGORÍA	p384725	Cargadores y adaptadores/None	Cargadores y adaptadores/De auto		Cargador De Auto IGAD USB Tipo C PD 20W Con Cable Tipo C De 60W Y 1 Metro De Longitud Ideal Para Car
SUBCATEGORÍA	p384726	Cargadores y adaptadores/None	Cargadores y adaptadores/De auto		Cargador Auto IGAD 78W 3 Puertos Rápido PD QC 3.0 Tipo C USB A Negro
SUBCATEGORÍA	p384727	Tabletas/None	Tabletas/Tabletas Android de 8 pulgadas o menos		Tablet Multiláser 9 Pulgadas 32gb Color Negro
SUBCATEGORÍA	p384728	Tabletas/None	Tabletas/Tabletas Android de 10 a 11 pulgadas		Tablet Goodtel G10 Android 15 128GB 10" Octa-Core 8000mAh con Mouse y Teclado
SUBCATEGORÍA	p384729	Tabletas/None	Tabletas/Tabletas Android de 10 a 11 pulgadas		Tablet Goodtel G11 Android 15 con Pantalla 2K de 11" y 256 GB de Almacenamiento
SUBCATEGORÍA	p384730	Tabletas/None	Tabletas/Tabletas Android de 10 a 11 pulgadas		Tablet Goodtel G9 de 11" con 256GB de Almacenamiento y 16GB de RAM, Android 13 y Funda - Gris Oscuro
SUBCATEGORÍA	p384731	Tabletas/None	Tabletas/Tabletas Android de 10 a 11 pulgadas		Tablet Goodtel G9 de 11" con 2K IPS, 16 GB RAM y 256 GB ROM, Android 13 y Funda - Gris Oscuro
SUBCATEGORÍA	p384732	Tabletas/None	Tabletas/Tabletas Windows y rugged		Tableta Zebra Collector Et40 de 10 pulgadas, 64 GB, 4 GB, Wi-Fi Android, color negro
SUBCATEGORÍA	p384733	Tabletas/None	Tabletas/Tabletas Android		Tablet Pura80 Full Band Handon 16gb Ram+1024gb Rom 8800mah 24mp+48mp 2560×1600 Píxeles 2sim Keyboard
SUBCATEGORÍA	p384734	Tabletas/None	Tabletas/Tabletas Android		Redmagic Astra 2 Tablet Gaming 12gb Ram 256gb Rom Tableta
SUBCATEGORÍA	p384735	Tabletas/None	Tabletas/Tabletas de dibujo y escritura		Tablet XP-Pen Magic Note Pad para Dibujo y Notas con Android 14, 10.95" y Lápiz X3 Pro
SUBCATEGORÍA	p384736	Tabletas/None	Tabletas/Tabletas Android		Samsung Galaxy Tab S10+ Gris 12gb Ram 256gb + Pen
SUBCATEGORÍA	p384737	Tabletas/None	Tabletas/Tabletas Android		Lenovo Ideatab Pro 12.7 256gb Con Tab Pen Plus
SUBCATEGORÍA	p384738	Monitores/None	Monitores/Hasta 22 pulgadas		Monitor Quaroni con pantalla de 19" y resolución HD
SUBCATEGORÍA	p384739	Monitores/None	Monitores/Hasta 22 pulgadas		Monitor Quaroni 19.5 Pulgadas 60hz Panel Tn Hd Vga Hdmi Negro
SUBCATEGORÍA	p384740	Monitores/None	Monitores/27 pulgadas		Monitor Quaroni 27 Pulgadas 100hz Full Hd Vga Hdmi Bocinas Negro
SUBCATEGORÍA	p384741	Monitores/None	Monitores/Hasta 22 pulgadas		Monitor Led Hd 19.5in Resolucion Hd Quaroni Mq19-02 Color Negro
SUBCATEGORÍA	p384742	Monitores/None	Monitores/Hasta 22 pulgadas		Monitor Quaroni Mq22-02 Led 21.5 Full Hd 75hz Hdmi Negro
SUBCATEGORÍA	p384743	Monitores/None	Monitores/23 a 25 pulgadas		Monitor LED Quaroni 23.8" Full HD 1920x1080 VGA HDMI Bocinas Integradas
SUBCATEGORÍA	p384744	Monitores/None	Monitores/23 a 25 pulgadas		Monitor LED Quaroni 23.8 Pulgadas Full HD 75Hz Frameless VGA HDMI
SUBCATEGORÍA	p384745	Monitores/None	Monitores/23 a 25 pulgadas		Monitor Qian Officemate Lcd 19 , 1440x900 Wxga+, 75hz, Hdmi Negro
SUBCATEGORÍA	p384746	Monitores/None	Monitores/Portátiles		Monitor Portátil Qian 15.6 Ips Fhd 1080p Usb-c Hdmi Mini Color Negro
SUBCATEGORÍA	p384747	Monitores/None	Monitores/Gaming		Qian Monitor Gaming 30 Curvo, Fhd 2560x1080 , 200hz, Panel Va, 10ms,freesync, Antireflejo, Vesa 75 *
SUBCATEGORÍA	p384748	Monitores/None	Monitores/23 a 25 pulgadas		Monitor Qian 21.5 Prolite22, Plano, Full Hd 1920×1080, Panel Va, 100hz, 4ms, Vesa, Hdmi 1.3, Vga Neg
SUBCATEGORÍA	p384749	Monitores/None	Monitores/Táctiles e industriales		Monitor Qian Tiago Pos 17 Pulgadas Touch Multitáctil, 1280x1024 4:3, Sxga, Vga, Hdmi, Usb, 60 Hz, Ve
SUBCATEGORÍA	p384750	Monitores/None	Monitores/23 a 25 pulgadas		Monitor Qian 23.5 Flexiview , Plano, Full Hd 1920×1080, Panel Va, 100hz, 4ms, Vesa, Hdmi 1.3, Vga Ne
SUBCATEGORÍA	p384751	Monitores/None	Monitores/Táctiles e industriales		Monitor Led Qian 19 Hd 1440x900 70hz 5ms Vga Hdmi Para Pc/laptop/ Xbox Series S/ps4/cctv/pos Qmf-ref
SUBCATEGORÍA	p384752	Monitores/None	Monitores/Gaming		Monitor Hyundai Technology HY View Curvo de 34" QHD IPS 180Hz para Gaming
SUBCATEGORÍA	p384753	Monitores/None	Monitores/Hasta 22 pulgadas		Monitor Hyundai Technology HY View 22" Full HD para Oficina con Panel VA
SUBCATEGORÍA	p384754	Monitores/None	Monitores/23 a 25 pulgadas		Monitor Hyundai, Hy View 24 pulg, Full Hd 1920x1080p, Pantalla Va, 60hz, GTG, 5ms
SUBCATEGORÍA	p384755	Monitores/None	Monitores/Gaming		Monitor gamer curvo Xundefined VA Negro G270CRa FHD 180HZ
SUBCATEGORÍA	p384756	Monitores/None	Monitores/Gaming		Monitor Gamer Xundefined X250gf18 25 Fhd 180hz Bocina Ips Color Negro
SUBCATEGORÍA	p384757	Monitores/None	Monitores/Gaming		Monitor Xundefined Gamer 238 Fhd 180hz 1ms Ips Hdmi+dp Color Negro
SUBCATEGORÍA	p384758	Monitores/None	Monitores/Gaming		Monitor gamer Xundefined 22‘’ 100HZ FHD Bocina LED negro HDMI+DP VESA
SUBCATEGORÍA	p384759	Monitores/None	Monitores/Gaming		Monitor gamer Xundefined 27' FHD 100HZ y 144Hz Bocina HDMI LED negro G270FP01
SUBCATEGORÍA	p384760	Monitores/None	Monitores/Portátiles		Monitor Portátil Dual 15.6 Para Laptop Doble Pantalla Segunda Pantalla Home Office Multitarea XUNDEF
SUBCATEGORÍA	p384761	Monitores/None	Monitores/Gaming		Monitor Gamer XUNDEFINED 34" Curvo UWQHD 180Hz VA G-Sync FreeSync HDMI DP Altavoces
SUBCATEGORÍA	p384762	Monitores/None	Monitores/Gaming		Monitor Gamer Xundefined Ux240P 23.8" LED Full HD Bocina FreeSync 144Hz Estabilización de Negro
SUBCATEGORÍA	p384763	Monitores/None	Monitores/Gaming		Monitor Gamer y Oficina Xundefined 27" con Doble Modo 4K 144Hz y FHD 288Hz
SUBCATEGORÍA	p384764	Monitores/None	Monitores/Portátiles		Monitor Portátil Táctil Xundefined 15.6" Full HD IPS para Laptop, PC, PS5 y Switch
SUBCATEGORÍA	p384765	Monitores/None	Monitores/Gaming		Monitor Gamer Xundefined 32" 2K QHD 180Hz 1ms IPS con HDR y G-Sync Compatible
SUBCATEGORÍA	p384766	Monitores/None	Monitores/Gaming		Xundefined Monitor Gamer 32 4k Uhd Curvo Design Edition Ideal para Creativos, Trabajo Remoto y Entre
SUBCATEGORÍA	p384767	Monitores/None	Monitores/Gaming		Monitor Gamer Xundefined de 27" QHD IPS con 240Hz, 1ms, FreeSync y Bocinas para Xbox y PS
SUBCATEGORÍA	p384768	Monitores/None	Monitores/Gaming		Monitor Xundefined 32'' 4K UHD IPS para Gaming, Creadores y Home Office, FreeSync, Compatible con PS
SUBCATEGORÍA	p384769	Monitores/None	Monitores/Portátiles		Monitor Portátil XUNDEFINED 15.6'' Pulgadas FHD 1080P 60Hz IPS Pantalla Laptop PC Celular USB C HDMI
SUBCATEGORÍA	p384770	Monitores/None	Monitores/Gaming		Monitor Gamer Xundefined 25'' Pulgadas FHD 1080P 180Hz 1ms FreeSync HDR Con Bocinas Para PC Laptop X
SUBCATEGORÍA	p384771	Monitores/None	Monitores/Gaming		Monitor Gamer Xundefined X27QH 27 Qhd 2k 180hz 1ms Bocina Compatible con Xbox/PS5/Switch FreeSync & 
SUBCATEGORÍA	p384772	Monitores/None	Monitores/Gaming		Jvc Pantalla 32 Led Fhd Monitor 165hz 2 Hdmi 1 Dp Si32g
SUBCATEGORÍA	p384773	Bocinas/None	Bocinas/Barras de sonido		Barra De Sonido Select Sound Bluetooth, 500w Pmpo, Radio Fm Negro
SUBCATEGORÍA	p384774	Bocinas/None	Bocinas/Radios y reproductores		Bocina Bluetooth Portátil Select Sound Modelo Bullet-X2 Tws Radio Fm Manos Libres Bt223 Color Negro
SUBCATEGORÍA	p384775	Bocinas/None	Bocinas/Bocinas con luces LED		Bocina Bluetooth Portátil Select Sound Modelo Aura Luz Led Rgb Tws Radio Fm 5w BT235
SUBCATEGORÍA	p384776	Bocinas/None	Bocinas/De fiesta y karaoke		Bocina Bafle Bluetooth Select Sound Modelo Block Bt1400 Radio Fm Subwoofer Tws Color Negro Incluye M
SUBCATEGORÍA	p384777	Bocinas/None	Bocinas/Bocinas Bluetooth con radio, USB y micrófono		Bocina Bluetooth Recargable Usb Select Sound 8 Pulgadas Modelo Cosmic Tws Radio Fm Con Micrófono Sub
SUBCATEGORÍA	p384778	Bocinas/None	Bocinas/Bocinas Bluetooth con radio, USB y micrófono		Bocina Inalámbrica Bluetooth Recargable Select Sound Modelo Stone Wave Radio Fm Tws Bt234 Color Negr
SUBCATEGORÍA	p384779	Bocinas/None	Bocinas/De fiesta y karaoke		Bocina Bafle Bluetooth 15" Select Sound Modelo Mythica Subwoofer Usb Radio Fm Luces Led Rgb Con Micr
SUBCATEGORÍA	p384780	Bocinas/None	Bocinas/Bocinas Bluetooth compactas (hasta 20 W)		2 Bocinas Inalámbricas Bluetooth Magnética Apilable Pack 2pzs Select Sound Modelo Ss-cube 5w Rms Bt3
SUBCATEGORÍA	p384781	Bocinas/None	Bocinas/Bocinas Bluetooth compactas (hasta 20 W)		2 Bocinas Inalámbricas Bluetooth Magnética Apilable Pack 2pzs Select Sound Modelo Ss-cube 5w Rms Bt3
SUBCATEGORÍA	p384782	Bocinas/None	Bocinas/Bocinas con luces LED		Bocina Bluetooth Portátil Recargable Select Sound Modelo Nova Luz Led Rgb Radio Fm Potencia 7w Rms T
SUBCATEGORÍA	p384783	Bocinas/None	Bocinas/Bocinas Bluetooth con radio, USB y micrófono		Bocina Bluetooth Recargable Usb Select Sound Modelo Boom Tws Radio Fm Ecualizador Potencia 10w Rms L
SUBCATEGORÍA	p384784	Bocinas/None	Bocinas/De fiesta y karaoke		Bocina Bafle Bluetooth Select Sound Modelo Thunder 6.5" Pulgadas Subwoofer Tws Potencia 10w Rms Usb 
SUBCATEGORÍA	p384785	Bocinas/None	Bocinas/Bocinas Bluetooth		Link Bits Bluetooth Bocina 8 Pulgadas X1 - Negro
SUBCATEGORÍA	p384786	Bocinas/None	Bocinas/Bocinas Bluetooth medianas (20 a 60 W)		Bocina Guitarra Celestion A-type, 12pul, 50w, 8 Ohms Color Negro
SUBCATEGORÍA	p384787	Bocinas/None	Bocinas/Bocinas Bluetooth impermeables		Bocina Bluetooth Zealot S75 Portátil IPX6 10W Negra 12h Reproducción
SUBCATEGORÍA	p384788	Bocinas/None	Bocinas/Mini bocinas y de llavero		Bocina MOREKA-435 Bocina Portátil,bocina Bluetooth Portátile Mini Con 10h De Batería,bluetooth 5.3, 
SUBCATEGORÍA	p384789	Bocinas/None	Bocinas/Mini bocinas y de llavero		Bocina Sanag X6s Bocina Portátil,bocina Bluetooth Portátile Mini Con 10h De Batería,bluetooth 5.4, 2
SUBCATEGORÍA	p384790	Bocinas/None	Bocinas/Mini bocinas y de llavero		Bocina Sanag X6s Bocina Portátil,bocina Bluetooth Portátile Mini Con 10h De Batería,bluetooth 5.4, 2
SUBCATEGORÍA	p384791	Bocinas/None	Bocinas/Mini bocinas y de llavero		Bocina Sanag X6s Bocina Portátil,bocina Bluetooth Portátile Mini Con 10h De Batería,bluetooth 5.4, 2
SUBCATEGORÍA	p384792	Bocinas/None	Bocinas/Mini bocinas y de llavero		Bocina Sanag X6s Bocina Portátil,bocina Bluetooth Portátile Mini Con 10h De Batería,bluetooth 5.4, 2
SUBCATEGORÍA	p384793	Bocinas/None	Bocinas/Amplificadores y receptores		Boss Audio R1100d Amplificador Clase A/b Monoblock Riot 1100 W
SUBCATEGORÍA	p384794	Bocinas/None	Bocinas/Amplificadores y receptores		Amplificador Bluetooth Boss Audio 4 Canales Impermeable ATV UTV UNI4RGB
SUBCATEGORÍA	p384795	Bocinas/None	Bocinas/Amplificadores y receptores		Boss Audio Ask904b.64 Marine 500 W 4 Canales Amplificador / 6,5 Altavoz Bluetooth Sistema, Bluetooth
SUBCATEGORÍA	p384796	Bocinas/None	Bocinas/Amplificadores y receptores		Amplificador Para Audífonos Monitor Personal Xtuga Lsy-20 Plata 110 W
SUBCATEGORÍA	p384797	Bocinas/None	Bocinas/Amplificadores y receptores		Amplificador Montarbo P/audifonos Hp-24
SUBCATEGORÍA	p384798	Bocinas/None	Bocinas/Bocinas con luces LED		Aros Led Bocinas 6.5 RECOIL RING65-RGB, Anillo RGB Impermeable IPX6 Con Controlador, Sincronización 
SUBCATEGORÍA	p384799	Bocinas/None	Bocinas/Bocinas Bluetooth		Alza De Plástico Radox 040-017 Con Oreja Para Bocinas 6 1/2 Color Negro
SUBCATEGORÍA	p384800	Bocinas/None	Bocinas/Bocinas para auto		Aros De Espuma Para Bocinas De 6.5 Pulgadas, Juego De 4 Piezas, Compatibles Con Bocinas De Puerta Pa
SUBCATEGORÍA	p384801	Bocinas/None	Bocinas/Accesorios para bocinas		Par Rejillas Para Bocinas Morel 6.5 Pulgadas Negro
SUBCATEGORÍA	p384802	Bocinas/None	Bocinas/Accesorios para bocinas		Tapa Trasera Alfombra Porta Bocinas Matiz G1
SUBCATEGORÍA	p384803	Bocinas/None	Bocinas/Accesorios para bocinas		Rejillas Dg165 Para Bocinas Hertz 6.5 Color Negro
SUBCATEGORÍA	p384804	Bocinas/None	Bocinas/Accesorios para bocinas		Tapa Bocinas Trasera Vw Gol Alfombra Negro Bocinera Negro
SUBCATEGORÍA	p384805	Bocinas/None	Bocinas/Bocinas Bluetooth		Par De Anillos Insonorizantes Bocinas 6.5 PuLG Carbomat Negro
SUBCATEGORÍA	p384806	Bocinas/None	Bocinas/Bocinas para auto		Rejillas Protectoras Eros Para Bocinas 6x9 Plástico ABS Negro
SUBCATEGORÍA	p384807	Bocinas/None	Bocinas/Accesorios para bocinas		Rejilla Nb 2012 - 2016 Facia Derecho Con Faro Bruck
SUBCATEGORÍA	p384808	Bocinas/None	Bocinas/Bocinas Bluetooth		Par De Anillos Insonorizante Para Bocinas 6.5 Pulgadas Color Negro
SUBCATEGORÍA	p384809	Bocinas/None	Bocinas/Accesorios para bocinas		Tapa Bocinas Trasera Vw Jetta A4 Alfombra Negro Bocinera Negro
SUBCATEGORÍA	p384810	Bocinas/None	Bocinas/Accesorios para bocinas		Rejilla Nb 2012 - 2016 Facia Izquierda Con Faro Bruck
SUBCATEGORÍA	p384811	Bocinas/None	Bocinas/Accesorios para bocinas		Tapa Trasera Porta Bocinas Chevy C1 C2 Y C3 (2puertas)
SUBCATEGORÍA	p384812	Bocinas/None	Bocinas/Bocinas Bluetooth		Alza Para Bocinas De 8 Pulgadas 21.5cm Plástico ABS Negro DBA
SUBCATEGORÍA	p384813	Bocinas/None	Bocinas/Bocinas Bluetooth		Aumento Volcan Negro Para Bocinas 6.5 Y Tweeter Bala Total Audio
SUBCATEGORÍA	p384814	Bocinas/None	Bocinas/Bocinas Bluetooth		Anillos Insonorizantes Para Bocinas 5 1/4 Carbon Audio Mat Negro
SUBCATEGORÍA	p384815	Bocinas/None	Bocinas/Bocinas con luces LED		Aro Anillo Para Bocina Ds18 Lring10 10 Pulgadas Led Rgb Construcción Grado Marino Resistente Al Agua
SUBCATEGORÍA	p384816	Bocinas/None	Bocinas/Bocinas Bluetooth		Aumento Alza Plástica Radox Para Bocinas 6.5 Pulgadas Modelo 040-058 Negro
SUBCATEGORÍA	p384817	Bocinas/None	Bocinas/Bocinas Bluetooth		Par Alza Tipo Volcán Radox para Bocinas 6.5'' Modelo 040-058 Negro
SUBCATEGORÍA	p384818	Bocinas/None	Bocinas/Bocinas Bluetooth		Aumento Estrella Negro Plástico Bocinas 6.5 Pulgadas Total Audio Aumento Estrella 6.5
SUBCATEGORÍA	p384819	Bocinas/None	Bocinas/Bafles y audio profesional		Bafle Plegable de Silicona Recoil para Bocinas de 6.5" – Pack de 2
SUBCATEGORÍA	p384820	Bocinas/None	Bocinas/Accesorios para bocinas		Rejilla Nissan Sentra Para Bocina28177et001 Negro
SUBCATEGORÍA	p384821	Bocinas/None	Bocinas/Accesorios para bocinas		Rejilla Nissan D21/Pathfinder para bocina9155
SUBCATEGORÍA	p384822	Bocinas/None	Bocinas/Accesorios para bocinas		Rejilla Nissan Np300 Para Bocina281764kh5a Negro
SUBCATEGORÍA	p384823	Bocinas/None	Bocinas/Accesorios para bocinas		Rejilla Pointer 2000 - 2005 Facia Izquierda Bruck
SUBCATEGORÍA	p384825	Bocinas/None	Bocinas/Accesorios para bocinas		Rejilla Sgr-10tw3 Jl Audio Color Negro
SUBCATEGORÍA	p384826	Bocinas/None	Bocinas/Bocinas Bluetooth		Parrilla Lámina Desplegada Acero Carbón Cal20, 1.22x6metros
SUBCATEGORÍA	p384827	Bocinas/None	Bocinas/Accesorios para bocinas		Rejilla Pointer 2000 - 2005 Facia Derecho Bruck
SUBCATEGORÍA	p384828	Bocinas/None	Bocinas/Accesorios para bocinas		Tapa Bocina De Tsuru Alfombra Negra Negro
SUBCATEGORÍA	p384829	Bocinas/None	Bocinas/Bocinas Bluetooth impermeables		Bocina Bluetooth PIEDRATEC 8W Portátil Impermeable IPX6, Altavoz Inalámbrico con Subwoofer, Sonido E
SUBCATEGORÍA	p384830	Bocinas/None	Bocinas/Amplificadores y receptores		Amplificador de audio estéreo Bluetooth 5.0 para casa, radio FM, USB y micrófono, color negro, 600 W
SUBCATEGORÍA	p384831	Bocinas/None	Bocinas/Amplificadores y receptores		Amplificador Techwolf TWA-HT21 2.1 Canales con Bluetooth, USB y AUX
SUBCATEGORÍA	p384832	Bocinas/None	Bocinas/Amplificadores y receptores		Amplificador de Audio HZ298A Bluetooth Estéreo 2 Canales para Casa 80W USB Radio FM Hzero
SUBCATEGORÍA	p384833	Bocinas/None	Bocinas/Amplificadores y receptores		Amplificador DXR Para Perifoneo Con Bluetooth y Control Remoto USB
SUBCATEGORÍA	p384834	Bocinas/None	Bocinas/Amplificadores y receptores		Amplificador de Potencia Profesional AU9900BT 2400W, 2 Canales, Bluetooth, USB, FM, Óptico, Coaxial,
SUBCATEGORÍA	p384835	Bocinas/None	Bocinas/Amplificadores y receptores		Amplificador Hysmart BT-298 Pro Doméstico con Bluetooth 5.0 y USB para Karaoke
SUBCATEGORÍA	p384836	Bocinas/None	Bocinas/Amplificadores y receptores		Giecy Amplificador De Voz Portátil Recargable Con Micrófono Inalámbrico De Solapa Bluetooth Para Mae
SUBCATEGORÍA	p384837	Bocinas/None	Bocinas/Amplificadores y receptores		Amplificador De Audio Bluetooth 600 W 2 canales Clase AB Mini Home Potencia Máxima 800W USB y Micróf
SUBCATEGORÍA	p384838	Bocinas/None	Bocinas/Amplificadores y receptores		Placa Amplificadora Bluetooth de Audio 30W RMS con USB y Mando a Distancia
SUBCATEGORÍA	p384839	Bocinas/None	Bocinas/Amplificadores y receptores		Amplificador De Audio Mitzu Publidifusor Con Pantalla Lcd Color Negro
SUBCATEGORÍA	p384840	Bocinas/None	Bocinas/Mini bocinas y de llavero		Mini Aplificador De 2 Canales Mitzu Bluetooth Usb Mit-78bt Color 52053
SUBCATEGORÍA	p384842	Bocinas/None	Bocinas/Amplificadores y receptores		Amplificador Audio Bluetooth 5.0 40W RMS USB RCA Tarjeta SD
SUBCATEGORÍA	p384843	Bocinas/None	Bocinas/Bocinas Bluetooth		Epicentro Audiobahn Abd40j Con Control De Bajos Frontal
SUBCATEGORÍA	p384844	Bocinas/None	Bocinas/Amplificadores y receptores		Amplificador Clase D Audiobahn Ultra1d 5000w 1canal Color Azul
SUBCATEGORÍA	p384845	Bocinas/None	Bocinas/Amplificadores y receptores		Amplificador Clase D 1 Canal 5000w Audiobahn Ultra1d.rd Color Rojo
SUBCATEGORÍA	p384846	Bocinas/None	Bocinas/Amplificadores y receptores		Amplificador 1 Canal Audiobahn Ah11200p Color Negro Potencia de salida RMS 1200 W
SUBCATEGORÍA	p384847	Bocinas/None	Bocinas/Subwoofers		Rejilla Bocina Db Link Lheg6 Subwoofer 6.5in Doble Barra Negro
SUBCATEGORÍA	p384848	Bocinas/None	Bocinas/Subwoofers		Rejilla Subwoofer 10in Jl Hertz Pioner Kicker Jbl Rockseries Color Negro
SUBCATEGORÍA	p384849	Bocinas/None	Bocinas/Bocinas Bluetooth		Cubierta Para Altavoz Der Oem F-150 21 A 25 Ford Plata
SUBCATEGORÍA	p384850	Bocinas/None	Bocinas/Amplificadores y receptores		Sonos Port Receptor Audio Wi-fi Negro
SUBCATEGORÍA	p384851	Bocinas/None	Bocinas/Amplificadores y receptores		Sonos Amp - Amplificador Inalámbrico De Alta Fidelidad Color Negro Potencia de salida RMS 125 W
SUBCATEGORÍA	p384852	Bocinas/None	Bocinas/Amplificadores y receptores		Amplificador De Zona Integrado Bose Freespace Iza2120-lz Color Gris
SUBCATEGORÍA	p384853	Bocinas/None	Bocinas/Bocinas Bluetooth compactas (hasta 20 W)		Bose Audiopack Pro S4w Sistema De Audio Fs2se E Iza190-hz
SUBCATEGORÍA	p384854	Bocinas/None	Bocinas/Bocinas Bluetooth compactas (hasta 20 W)		Bose Audiopackpro S4B Sistema De Audio Fs2se E Iza190-hz Color Negro Potencia De Salida Rms 4 W
SUBCATEGORÍA	p384855	Bocinas/None	Bocinas/Amplificadores y receptores		Steren Amplificador Portátil Bluetooth Con Reproductor Mp3 A Negro
SUBCATEGORÍA	p384856	Bocinas/None	Bocinas/Amplificadores y receptores		Yamaha PX8 Amplificador De Audio 2 Canales color negro
SUBCATEGORÍA	p384857	Bocinas/None	Bocinas/Amplificadores y receptores		Amplificador de Potencia Yamaha PX-10 en Negro de 1200 W
SUBCATEGORÍA	p384858	Bocinas/None	Bocinas/Amplificadores y receptores		Amplificador de Potencia Yamaha PX-3 para Sonido Profesional
SUBCATEGORÍA	p384859	Bocinas/None	Bocinas/Amplificadores y receptores		Yamaha Ma2120 Amplificador Instalacion De Audio Color 283165 Potencia De Salida Rms 120 W
SUBCATEGORÍA	p384860	Bocinas/None	Bocinas/Amplificadores y receptores		Amplificador Audio Hogar Yamaha Potencia Px5 2 Canales W800 Color Negro Potencia De Salida Rms 800 W
SUBCATEGORÍA	p384861	Bocinas/None	Bocinas/Amplificadores y receptores		Yamaha Rxa6a Amplificador 9.2 Canales 8k Wifi Bluetooth Dtx Color Negro Potencia de salida RMS 100 W
SUBCATEGORÍA	p384862	Bocinas/None	Bocinas/Amplificadores y receptores		Amplificador Poder Digital/800wx2 A 8 Ohms/ Px8 Yamaha Color Negro Potencia de salida RMS 400 W
SUBCATEGORÍA	p384863	Bocinas/None	Bocinas/Amplificadores y receptores		Amplificador Poder Digital/500wx2 A 8 Ohms Px5 Yamaha Color Negro Potencia De Salida Rms 500 W
SUBCATEGORÍA	p384864	Bocinas/None	Bocinas/Amplificadores y receptores		Amplificador De Potencia Yamaha Ma2120 2 Zonas/6 Ent/fu... Color Negro Potencia De Salida Rms 100 W
SUBCATEGORÍA	p384865	Bocinas/None	Bocinas/Amplificadores y receptores		Amplificador Yamaha Pa2030a 35 Wats X 2, 70v, 100v, 8 Ohms Color Blanco Potencia De Salida Rms 30 W
SUBCATEGORÍA	p384866	Bocinas/None	Bocinas/Amplificadores y receptores		Yamaha Pa2120 Alámbrico Negro, Gris - Amplificador De Audio (d, 0.2%, 120 W, 100 W, Euroblock, 100, 
SUBCATEGORÍA	p384867	Bocinas/None	Bocinas/Amplificadores y receptores		Amplificador Precision Series Electro Voice Cp-1800 Color Negro Potencia De Salida Rms 900 W
SUBCATEGORÍA	p384868	Bocinas/None	Bocinas/Amplificadores y receptores		Amplificador D/poder Precision Series Electro Voice P-2000 Color Gris Potencia De Salida Rms 1200 W
SUBCATEGORÍA	p384869	Bocinas/None	Bocinas/Amplificadores y receptores		Amplificador de audio Behringer HA8000 V2
SUBCATEGORÍA	p384870	Bocinas/None	Bocinas/Amplificadores y receptores		Amplificador De Potencia Behringer Ep2000 Color Negro
SUBCATEGORÍA	p384871	Bocinas/None	Bocinas/Amplificadores y receptores		Behringer Ha400 Microamp Amplificador Para Audifonos Negro
SUBCATEGORÍA	p384872	Bocinas/None	Bocinas/Amplificadores y receptores		Behringer P2 Amplificador Para Audífonos Monitor Personal Color Negro
SUBCATEGORÍA	p384873	Bocinas/None	Bocinas/Amplificadores y receptores		Behringer Km1700 Amplificador Poder Profesional 1700 Watts Color Negro
SUBCATEGORÍA	p384874	Bocinas/None	Bocinas/Amplificadores y receptores		Behringer P1 Amplificador Para Audífonos Monitor Personal Color Negro
SUBCATEGORÍA	p384875	Bocinas/None	Bocinas/Amplificadores y receptores		Fzone P4 Amplificador De Audífonos Activo (behringer P2) Negro
SUBCATEGORÍA	p384876	Bocinas/None	Bocinas/Amplificadores y receptores		Behringer Ha6000 Amplificador Audífonos Auricular 6 Canales Color Negro/Plateado
SUBCATEGORÍA	p384877	Bocinas/None	Bocinas/Amplificadores y receptores		Behringer Nx3000 Amplificador Poder 3000 W Crossover Interno Color Negro
SUBCATEGORÍA	p384878	Bocinas/None	Bocinas/Bocinas Bluetooth		Behringer Nx1000 Potencia Digital Liviana 1000 Watts de salida
SUBCATEGORÍA	p384879	Bocinas/None	Bocinas/Amplificadores y receptores		Behringer Amplificador Nx4-6000 4 Canales 6000 Watts Negro 440 W
SUBCATEGORÍA	p384880	Bocinas/None	Bocinas/Amplificadores y receptores		Amplificador Behringer NX3000D de 3000W para Potencia con DSP
SUBCATEGORÍA	p384881	Bocinas/None	Bocinas/Amplificadores y receptores		Amplificador Behringer Europower EP 2000 de 500 W con 2 Canales
SUBCATEGORÍA	p384882	Bocinas/None	Bocinas/Amplificadores y receptores		Amplificador Behringer Poder Nx4-6000 De 4 Canales 6000w Jacks XLR
SUBCATEGORÍA	p384883	Bocinas/None	Bocinas/Amplificadores y receptores		Amplificador Poder 4000w Behringer Ep4000 Color Negro Potencia De Salida Rms 4000 W
SUBCATEGORÍA	p384884	Bocinas/None	Bocinas/Amplificadores y receptores		Behringer Ma400 Amplificador De Audifonos Monitoreo Color Negro Potencia de salida RMS 0 W
SUBCATEGORÍA	p384885	Bocinas/None	Bocinas/Amplificadores y receptores		Behringer Nx1000d Amplificador 1000 Watts Potencia Poder Color Negro Potencia de salida RMS 1000 W
SUBCATEGORÍA	p384886	Bocinas/None	Bocinas/Amplificadores y receptores		Amplificador De Audio Behringer Nx6000 6000 Watts Clase D Color Negro Potencia de salida RMS 6000 W
SUBCATEGORÍA	p384887	Bocinas/None	Bocinas/Amplificadores y receptores		Amplificador Mackie Hm-4 color negro
SUBCATEGORÍA	p384888	Bocinas/None	Bocinas/Amplificadores y receptores		Amplificador De Audífonos 4-channel Hm-400 Mackie Color Negro Potencia De Salida Rms 24 W
SUBCATEGORÍA	p384889	Bocinas/None	Bocinas/Amplificadores y receptores		Poder Amplificador Melo Fp10000q Color Gris
SUBCATEGORÍA	p384890	Bocinas/None	Bocinas/Amplificadores y receptores		Melo Fp14000 Amplificador Profesional 4400w 2 Canales
SUBCATEGORÍA	p384891	Bocinas/None	Bocinas/Amplificadores y receptores		SVS Prime Wireless Pro Amplificador de Audio
SUBCATEGORÍA	p384892	Bocinas/None	Bocinas/Amplificadores y receptores		Kit Amplificador Bt 600w 4 Bafles Ambiental 8 PuLG Steelpro Blanco
SUBCATEGORÍA	p384893	Bocinas/None	Bocinas/Amplificadores y receptores		Kit Amplificador Bt 900w 12 Bafles Ambiental 5.25 Steelpro Blanco 900 W
SUBCATEGORÍA	p384894	Bocinas/None	Bocinas/Amplificadores y receptores		Kit Amplificador Bt 900w 12 Bafles Ambiental 6.5 By Steelpro Blanco 900 W
SUBCATEGORÍA	p384895	Bocinas/None	Bocinas/Amplificadores y receptores		Kit Amplificador Bt 900w 12 Bafles Ambiental 6.5 By Steelpro Negro 900 W
SUBCATEGORÍA	p384896	Bocinas/None	Bocinas/Amplificadores y receptores		Amplificador Profesional Clase D 4 Canales 4x600W 8ohms Steelpro A4.600D DJ Sistemas PA Sonido En Vi
SUBCATEGORÍA	p384897	Bocinas/None	Bocinas/Amplificadores y receptores		Amplificador Nano3500 Clase D Steelpro para Subwoofer Monoblock Bass 3500W MAX Alto Rendimiento Open
SUBCATEGORÍA	p384898	Bocinas/None	Bocinas/Bocinas Bluetooth		Par Alzas 3.5 Y 4puLG Radox 040-002 Para Tweeter Tipo Bala
SUBCATEGORÍA	p384899	Bocinas/None	Bocinas/Bocinas Bluetooth		Par Alzas 6.5 Plug Y Bala Radox 040-060 Bases Open Show Color Negro
SUBCATEGORÍA	p384900	Bocinas/None	Bocinas/Amplificadores y receptores		Amplificador JL Audio MX500/1 Can-Am Maverick R Subwoofer 250W
SUBCATEGORÍA	p384901	Bocinas/None	Bocinas/Amplificadores y receptores		Amplificador de audio Backstage 4LZ2 negro -
SUBCATEGORÍA	p384902	Bocinas/None	Bocinas/Subwoofers		Rejilla Jl Audio Para Subwoofer 12 Pulgadas Sgru-12w6 Negro
SUBCATEGORÍA	p384904	Bocinas/None	Bocinas/Subwoofers		Rejilla Jl Audio Para Subwoofer 10 Pulgadas Sgru-10 Color Negro
SUBCATEGORÍA	p384907	Bocinas/None	Bocinas/Bocinas con luces LED		Aro Anillo Led Bocina Ds18 Dlring Rgb Digital Acrilico 10 Pulgadas
SUBCATEGORÍA	p384908	Bocinas/None	Bocinas/Bocinas con luces LED		Aro Anillo Led Bocina Ds18 Dlring Rgb Digital Acrilico 15 Pulgadas
SUBCATEGORÍA	p384909	Bocinas/None	Bocinas/Bocinas para auto		Aro Anillo Led Bocina Ds18 Dlring Rgb Digital Acrilico 6x9 Pulgadas
SUBCATEGORÍA	p384910	Bocinas/None	Bocinas/Bocinas con luces LED		Aro Anillo Led Bocina Ds18 Dlring Rgb Digital Acrilico 8 Pulgadas
SUBCATEGORÍA	p384911	Bocinas/None	Bocinas/Bocinas con luces LED		Aro Anillo Led Bocina Ds18 Dlring Rgb Digital Acrilico 6.5 Pulgadas
SUBCATEGORÍA	p384912	Bocinas/None	Bocinas/Bocinas con luces LED		Aro Anillo Led Bocina Ds18 Dlring Rgb Digital Acrilico 12 Pulgadas
SUBCATEGORÍA	p384914	Bocinas/None	Bocinas/Subwoofers		Aro Anillo Para Bocina O Subwoofer Ds18 Lring12 12 Pulgadas Led Rgb Construcción Grado Marino Resist
SUBCATEGORÍA	p384915	Bocinas/None	Bocinas/Bocinas con luces LED		Aro Anillo Para Bocina Ds18 Dlring6 6.5 Pulgadas Led Digital Acrílico Sellado Resistente Al Agua Ios
SUBCATEGORÍA	p384916	Bocinas/None	Bocinas/Bafles y audio profesional		Bocina Pioneer Audio XPRS122 de 12 pulgadas
SUBCATEGORÍA	p384917	Bocinas/None	Bocinas/Bocinas Bluetooth		Bocina Pioneer Audio XPRS82 de 8 pulgadas
SUBCATEGORÍA	p384918	Bocinas/None	Bocinas/Subwoofers		Subwoofer Pioneer Audio XPRS1182ST de 18 pulgadas.
SUBCATEGORÍA	p384919	Bocinas/None	Bocinas/Bafles y audio profesional		Bocina Pioneer Audio XPRS152 de 15 pulgadas
SUBCATEGORÍA	p384920	Bocinas/None	Bocinas/De estantería y Hi-Fi		Canal Central Sp-c22 Pioneer Andrew Jones
SUBCATEGORÍA	p384921	Bocinas/None	Bocinas/Bocinas Bluetooth		Bocina Pioneer Serie A TS-A30S4 negra
SUBCATEGORÍA	p384922	Bocinas/None	Bocinas/Subwoofers		Subwoofer Pioneer Audio XPRS1152S de 15 pulgadas, color negro.
SUBCATEGORÍA	p384923	Bocinas/None	Bocinas/De fiesta y karaoke		Bocina Audishako Portátil Bluetooth con 240W, Luces LED y Protección IP67
SUBCATEGORÍA	p384924	Bocinas/None	Bocinas/De fiesta y karaoke		Bafle Amplificado Audishako Y1 MAX Bluetooth Profesional Para Karaoke Eventos y Perifoneo Portátil
SUBCATEGORÍA	p384925	Bocinas/None	Bocinas/Bocinas Bluetooth potentes (60 W o más)		Bocina Portátil Audishako ADS-1000 100W RMS Bluetooth con Luces RGB y Resistencia IPX5
SUBCATEGORÍA	p384926	Bocinas/None	Bocinas/Bafles y audio profesional		Bafle Amplificado Audishako T-65 De Profesional Recargable Para Roadshow 120W Peak Con Bluetooth Col
SUBCATEGORÍA	p384927	Bocinas/None	Bocinas/Bocinas Bluetooth potentes (60 W o más)		Bocina Bluetooth Portátil Audishako ADS1200 Inalámbrica Boombox 1200W Recargable Con Bajos Potentes 
SUBCATEGORÍA	p384928	Bocinas/None	Bocinas/Bafles y audio profesional		Bafle Amplificado Audishako T-100 De Profesional Recargable Para Roadshow 200W Peak Con Bluetooth Co
SUBCATEGORÍA	p384929	Bocinas/None	Bocinas/Bafles y audio profesional		Bafle Amplificado Audishako Y2PRO 360W Bocina Profesional Portátil Recargable con Bluetooth Sistema 
SUBCATEGORÍA	p384930	Bocinas/None	Bocinas/Bocinas Bluetooth potentes (60 W o más)		Bocina Bluetooth Portátil 240W RMS Grande Potente Audishako ADS2400, Bajo Activo, Bocina para Fiesta
SUBCATEGORÍA	p384931	Bocinas/None	Bocinas/De fiesta y karaoke		Bafle Bocina Torre Audishako Party Bluetooth Altavoz Para Karaoke Y Fiestas Con Subwoofer Recargable
SUBCATEGORÍA	p384932	Bocinas/None	Bocinas/Bafles y audio profesional		Bafle Amplificado Audishako M1MAX 300W Bocina Autoamplificada Bluetooth Portátil Recargable de 8 Pul
SUBCATEGORÍA	p384933	Bocinas/None	Bocinas/Bocinas Bluetooth potentes (60 W o más)		Bocina Boombox Bluetooth Audishako ADS1000 100W RMS Portátil Recargable Con Luces RGB Bajos Potentes
SUBCATEGORÍA	p384934	Bocinas/None	Bocinas/De fiesta y karaoke		Bocina Bluetooth for Fiesta AUDISHAKO Party Box Tower of Sound, 650 W Luces RGB TWS USB TF AUX FM Co
SUBCATEGORÍA	p384935	Bocinas/None	Bocinas/Amplificadores y receptores		Amplificador de audio Denon DJ Dra-800h
SUBCATEGORÍA	p384936	Bocinas/None	Bocinas/Amplificadores y receptores		Ifi Audio Zen Air Dac Black Edition Dac Usb Alto Desempeño Negro
SUBCATEGORÍA	p384937	Bocinas/None	Bocinas/Amplificadores y receptores		Amplificador de Audio Profesional Audishako GAP-R40 4 Canales 9600W
SUBCATEGORÍA	p384938	Bocinas/None	Bocinas/Amplificadores y receptores		Amplificador Audishako AU385BT 3800W PMPO 5.1 Bluetooth Óptico DSP
SUBCATEGORÍA	p384939	Bocinas/None	Bocinas/Amplificadores y receptores		Amplificador Audishako 604 Profesional de 4 Canales y 3200 W RMS
SUBCATEGORÍA	p384940	Bocinas/None	Bocinas/Amplificadores y receptores		Amplificador Profesional Audishako de 4 Canales y 2400W para Escenario
SUBCATEGORÍA	p384941	Bocinas/None	Bocinas/Amplificadores y receptores		Amplificador Audishako AU800 de Potencia Profesional 1600W RMS con 2 Canales para Eventos
SUBCATEGORÍA	p384942	Bocinas/None	Bocinas/Amplificadores y receptores		Amplificador de Potencia Audishako X100 de 200W y 2 Canales para Audio Digital
SUBCATEGORÍA	p384943	Bocinas/None	Bocinas/Bocinas Bluetooth		Par De Aumento Para Medios Alto De 8 Audio Auto Reforzado Negro
SUBCATEGORÍA	p384944	Bocinas/None	Bocinas/Bocinas Bluetooth		Par Bocinas Ambientales Para Plafon 6.5 Audio Labs Adl-m306 Blanco
SUBCATEGORÍA	p384945	Bocinas/None	Bocinas/De estantería y Hi-Fi		Equipo de Sonido Completo OTTO-LABS Blanco Bluetooth 14 Bocinas Amplificador
SUBCATEGORÍA	p384946	Bocinas/None	Bocinas/De estantería y Hi-Fi		Equipo de Sonido LABS-OTTO 6 Bocinas Plafón Blanco con Amplificador Bluetooth
SUBCATEGORÍA	p384947	Bocinas/None	Bocinas/Bocinas Bluetooth		Bocina Bluetooth Getttech GAT-31507 Portátil Azul Little TV
SUBCATEGORÍA	p384948	Bocinas/None	Bocinas/Bocinas Bluetooth compactas (hasta 20 W)		Bocina Portátil Getttech Melodic Bluetooth 5.0 Negro 3W Manos Libres
SUBCATEGORÍA	p384949	Bocinas/None	Bocinas/Bocinas Bluetooth compactas (hasta 20 W)		Bocina Bluetooth Getttech Roja Portátil 360° 3W Modelo GAM-31501R
SUBCATEGORÍA	p384950	Bocinas/None	Bocinas/Para PC y escritorio		Bocinas Portátiles RGB Getttech Para PC Conexión USB y Jack 3.5mm
SUBCATEGORÍA	p384951	Bocinas/None	Bocinas/Bocinas con luces LED		Bocina Getttech Inalámbrica Bluetooth 5.0 Luces RGB Modelo GUS-ETRBT-01
SUBCATEGORÍA	p384952	Bocinas/None	Bocinas/Bocinas Bluetooth impermeables		Bocina Portátil Getttech Soundcup Beat Bluetooth Inalámbrico 2.0 Canales 24w Rms Resistente al Agua 
SUBCATEGORÍA	p384953	Bocinas/None	Bocinas/Amplificadores y receptores		Amplificador de audio Soundtrack STP-360 negro -
SUBCATEGORÍA	p384954	Bocinas/None	Bocinas/Amplificadores y receptores		Amplificador Soundtrack SA450MP3 45W USB SD para Publidifusión Negro
SUBCATEGORÍA	p384955	Bocinas/None	Bocinas/Amplificadores y receptores		Amplificador Publidifusion Soundtrack Stp-180 Bt 70 Y 100 V Color Negro Potencia de salida RMS 180 W
SUBCATEGORÍA	p384956	Bocinas/None	Bocinas/Bafles y audio profesional		Bafle Audiocenter Ma15+ 1600w Negro
SUBCATEGORÍA	p384957	Bocinas/None	Bocinas/Para PC y escritorio		Bocinas TONE JOY N167 con RGB desmontables para PC USB y AUX color negro
SUBCATEGORÍA	p384958	Bocinas/None	Bocinas/Para PC y escritorio		Bocina Gamer TONE JOY N-162 Desmontable 2 en 1 con LED RGB para PC y Laptop
SUBCATEGORÍA	p384959	Bocinas/None	Bocinas/Bocinas Bluetooth		Parlante Portatil Bluetooth Deportivo Hoco Hc17 Easy Joy Color Negro
SUBCATEGORÍA	p384960	Bocinas/None	Bocinas/Bocinas Bluetooth		Parlante Portatil Bluetooth Deportivo Hoco Hc17 Easy Joy Color Rojo Vino
SUBCATEGORÍA	p384961	Bocinas/None	Bocinas/Bocinas Bluetooth		Sistema De Audio Nova By Vamavtx 15s Color Negro
SUBCATEGORÍA	p384962	Bocinas/None	Bocinas/Bafles y audio profesional		Bafle Amplificado Nova Ax15 15 Pulgadas 900w Rms Color Negro
SUBCATEGORÍA	p384963	Bocinas/None	Bocinas/Subwoofers		Subwoofer Amplificado Nova Terra Tx10 10 Pulgadas 400w Rms Color Negro
SUBCATEGORÍA	p384964	Bocinas/None	Bocinas/Bocinas Bluetooth		Parlante JZG JZG-XDS-918SB Portátil Negro
SUBCATEGORÍA	p384966	Bocinas/None	Bocinas/Amplificadores y receptores		Amplificador de 2200 Wrms por canal Skrander K-2200, doble toroide, 4 canales, para subwoofers de en
SUBCATEGORÍA	p384967	Bocinas/None	Bocinas/Amplificadores y receptores		Amplificador de 1800 Wrms por canal Skrander K-1800, doble toroide, 4 canales robustos, para subwoof
SUBCATEGORÍA	p384968	Bocinas/None	Bocinas/Amplificadores y receptores		Amplificador Skrander Z4-1200, 1200W rms por canal, compatible con subwoofers de 18" de 600 a 800w, 
SUBCATEGORÍA	p384969	Bocinas/None	Bocinas/Amplificadores y receptores		Amplificador de 1200 Wrms por canal Skrander K-1200, doble toroide, 4 canales, para subwoofers de en
SUBCATEGORÍA	p384970	Bocinas/None	Bocinas/Bocinas Bluetooth potentes (60 W o más)		Schalter Modnemesis Modulo Amplificado 1200w Rms Color Negro Potencia de salida RMS 1200 W
SUBCATEGORÍA	p384971	Bocinas/None	Bocinas/Bafles y audio profesional		Schalter Activo 8¨ 400wrms Clase D Dsp Severus Profesional Color Negro Potencia de salida RMS 400 W
SUBCATEGORÍA	p384972	Bocinas/None	Bocinas/Amplificadores y receptores		Schalter Amplificador Audio Potencia Clase H 2000w Msi Color Gris oscuro Potencia de salida RMS 2 kW
SUBCATEGORÍA	p384973	Bocinas/None	Bocinas/Amplificadores y receptores		Amplificador de auriculares Aguilar Amplug3 Tone Hammer Bass, color negro
SUBCATEGORÍA	p384974	Bocinas/None	Bocinas/Amplificadores y receptores		Amplificador Ds18 Clase 1d De 2000 Watts Zr2000.1d Color Negro
SUBCATEGORÍA	p384975	Bocinas/None	Bocinas/Bafles y audio profesional		Bafle Activo Action-512 A Das.
SUBCATEGORÍA	p384976	Bocinas/None	Bocinas/Bafles y audio profesional		Bocina DAS ALTEA-715A 750W Negra Profesional Audio
SUBCATEGORÍA	p384977	Bocinas/None	Bocinas/Subwoofers		Subwoofer Activo 1x 18 Das Audio Altea-718a Color Negro
SUBCATEGORÍA	p384978	Bocinas/None	Bocinas/Bafles y audio profesional		Caja Parlante Potenciado Line Array Das Vantec-20a Color Negro
SUBCATEGORÍA	p384979	Bocinas/None	Bocinas/Bafles y audio profesional		Altavoz DAS Altea 712A Caja Sonido Profesional Exterior e Interior
SUBCATEGORÍA	p384980	Bocinas/None	Bocinas/Subwoofers		Subwoofer Activo Nova TERRA TX18S de 1000W RMS para Sonido Profesional
SUBCATEGORÍA	p384981	Bocinas/None	Bocinas/Bafles y audio profesional		Bafle Activo Profesional Nova FTX de 630 W con Woofer de 15"
SUBCATEGORÍA	p384982	Bocinas/None	Bocinas/Bocinas Bluetooth		Bocina Wahrgenomen LA1801 negra
SUBCATEGORÍA	p384983	Bocinas/None	Bocinas/Subwoofers		Subwoofer 18 Pulgadas Wahrgenomen LA18600 1000W RMS Impedancia 8 Ohms
SUBCATEGORÍA	p384984	Bocinas/None	Bocinas/Amplificadores y receptores		Amplificador de Audio Hzero HZ3800 5.1 Canales de 1200 W con Bluetooth y Karaoke
SUBCATEGORÍA	p384985	Bocinas/None	Bocinas/Amplificadores y receptores		Amplificador de Audio Hzero HZ5800 5.1 Canales 5800W con Bluetooth y Karaoke
SUBCATEGORÍA	p384986	Bocinas/None	Bocinas/Amplificadores y receptores		Amplificador de Audio Hzero HZ-5800HZ 5.1 Canales 5800W con Bluetooth y Karaoke
SUBCATEGORÍA	p384987	Bocinas/None	Bocinas/Amplificadores y receptores		Placa Amplificadora De Audio Bluetooth Hzero MT21 2.1 canales 50wx2+100w Voltaje: 12-24V
SUBCATEGORÍA	p384988	Bocinas/None	Bocinas/Amplificadores y receptores		Amplificador Karaoke HZ888BT Bluetooth de Audio 5.1 para Casa USB Sistema de Sonido Hzero
SUBCATEGORÍA	p384989	Bocinas/None	Bocinas/Amplificadores y receptores		Amplificador Audio 5.1 Canales Bluetooth Hzero HZ608BT 3500W Equipo para Karaoke y Sonido de Casa
SUBCATEGORÍA	p384990	Bocinas/None	Bocinas/Amplificadores y receptores		Amplificador Bluetooth de Audio HZ628BT 5.1 Canales para Casa Karaoke USB Sistema de Sonido Hzero
SUBCATEGORÍA	p384991	Bocinas/None	Bocinas/Amplificadores y receptores		Amplificador de Audio Bluetooth Hzero HZ326BT 2.1 2000W Pico para Casa Karaoke con 2 Micrófonos
SUBCATEGORÍA	p384992	Bocinas/None	Bocinas/Amplificadores y receptores		Amplificador de Audio 5.1 Canales con Bluetooth Receptor Hzero HZ298BT 2000W Pico Karaoke Fibra Ópti
SUBCATEGORÍA	p384993	Bocinas/None	Bocinas/Amplificadores y receptores		Amplificador de Audio Hzero HZ4800BT 5400W 5.1 Canales Estéreo para Casa con Bluetooth USB Karaoke R
SUBCATEGORÍA	p384994	Bocinas/None	Bocinas/Amplificadores y receptores		Amplificador de Audio Hzero HZ299 800W Pico 4.1 Canales Bluetooth USB SD para Casa y Auto
SUBCATEGORÍA	p384995	Bocinas/None	Bocinas/Barras de sonido		Amplificador De Audio 5.1 Home Theater Bluetooth 5800W Hzero HZ113BT - Receptor Para Cine En Casa Y 
SUBCATEGORÍA	p384996	Bocinas/None	Bocinas/Amplificadores y receptores		Amplificador de Audio Hzero HZ298-bt 2000W Pico 5.1 Canales Bluetooth 5.0 Karaoke USB SD FM Hi-Fi 2 
SUBCATEGORÍA	p384997	Bocinas/None	Bocinas/Amplificadores y receptores		Amplificador de Audio Hzero HZ-299 160W RMS de 4.1 Canales con Bluetooth y USB para Casa o Auto
SUBCATEGORÍA	p384998	Bocinas/None	Bocinas/Amplificadores y receptores		Amplificador NINOLAND 2.1 Canales de 800W para Carro y Casa
SUBCATEGORÍA	p384999	Bocinas/None	Bocinas/Barras de sonido		Placa Amplificadora Digital Bluetooth 5.0 50w X 2 2.0 Canales Techwolf, Audio Estéreo De Alta Potenc
SUBCATEGORÍA	p385000	Bocinas/None	Bocinas/Amplificadores y receptores		Adaptador de Audio Techwolf AP-BA23B Tipo C a Jack 3.5 mm con DAC y Amplificador Hi-Res
SUBCATEGORÍA	p385001	Bocinas/None	Bocinas/Amplificadores y receptores		Amplificador De Auriculares Hifi Con Chip CS43198+CT7601 32bit/384khz Dsd256, Adaptador De Audio Dac
SUBCATEGORÍA	p385002	Bocinas/None	Bocinas/Amplificadores y receptores		Fonestar Ma-18cdu Amplificador Para Megafonia Cd, Usb, Mp3
SUBCATEGORÍA	p385003	Bocinas/None	Bocinas/Amplificadores y receptores		Amplificador Megafonía Fonestar PROX-30 30W Micrófono USB FM Negro
SUBCATEGORÍA	p385004	Bocinas/None	Bocinas/Amplificadores y receptores		Amplificador De Megáfono 60w P/ Instalación Fonestar Prox-60 Color Negro Potencia De Salida Rms 60 W
SUBCATEGORÍA	p385005	Bocinas/None	Bocinas/Amplificadores y receptores		Amplificador De Megafonía Fonestar Prox-60 60w Entrada 100v Color Negro Potencia De Salida Rms 60 W
SUBCATEGORÍA	p385006	Bocinas/None	Bocinas/Amplificadores y receptores		Amplificador de audio Gochanmi Amplificador Poder gf-ma2600-mx negro 800W -
SUBCATEGORÍA	p385007	Bocinas/None	Bocinas/Amplificadores y receptores		Amplificador Dxr Mini 2 Canales 900w Color Rojo
SUBCATEGORÍA	p385008	Bocinas/None	Bocinas/Amplificadores y receptores		Amplificador Dxr Mini 2 Canales 900w Color Plata
SUBCATEGORÍA	p385009	Bocinas/None	Bocinas/Amplificadores y receptores		Amplificador Dxr Mini 2 Canales 900w Color Negro
SUBCATEGORÍA	p385010	Bocinas/None	Bocinas/Amplificadores y receptores		Amplificador Gris 900w Dxr Mini 2 Canales 010-072
SUBCATEGORÍA	p385011	Bocinas/None	Bocinas/Amplificadores y receptores		Amplificador 900w Dxr 2 Canales 010-072 Color Rojo
SUBCATEGORÍA	p385012	Bocinas/None	Bocinas/Amplificadores y receptores		Amplificador 2 Canales Mini 800w Pmpo Usb Y Sd Dxr 010-102 Color Rojo
SUBCATEGORÍA	p385013	Bocinas/None	Bocinas/Amplificadores y receptores		Amplificador Negro 900w Dxr Mini 2 Canales 010-071 Potencia De Salida Rms 40 W
SUBCATEGORÍA	p385014	Bocinas/None	Bocinas/Bocinas Bluetooth potentes (60 W o más)		Backstage MX MX4 Negro 400 W
SUBCATEGORÍA	p385015	Bocinas/None	Bocinas/Amplificadores y receptores		Amplificador Backstage Hcf-pro-30 Color Metalico
SUBCATEGORÍA	p385016	Bocinas/None	Bocinas/Amplificadores y receptores		Amplificador Backstage Hcfpro 40 Plateado
SUBCATEGORÍA	p385017	Bocinas/None	Bocinas/Amplificadores y receptores		Backstage Mx4.4 800 Watts Amplificador 4 Canales 2 Zonas Color Negro
SUBCATEGORÍA	p385018	Bocinas/None	Bocinas/Amplificadores y receptores		Amplificador Backstage Cs 8000 Color 52049 Potencia de salida RMS 720 W
SUBCATEGORÍA	p385019	Bocinas/None	Bocinas/Amplificadores y receptores		Amplificador Backstage Hcfpro 60 Color Gris Potencia De Salida Rms 6000 W
SUBCATEGORÍA	p385020	Bocinas/None	Bocinas/Amplificadores y receptores		Amplificador Backstage Hcfpro 20 Color Plateado Potencia De Salida Rms 2070 W
SUBCATEGORÍA	p385021	Bocinas/None	Bocinas/Amplificadores y receptores		Amplificador Backstage Hcfpro 52 Color Plateado Potencia De Salida Rms 5850 W
SUBCATEGORÍA	p385022	Bocinas/None	Bocinas/Amplificadores y receptores		Amplificador 400 Watts 2 Ohms Con Mezcladora 4lx4 Backstage
SUBCATEGORÍA	p385023	Bocinas/None	Bocinas/Amplificadores y receptores		Amplificador Backstage Hcf-pro-10 Color Gris Potencia De Salida Rms 230 W
SUBCATEGORÍA	p385024	Bocinas/None	Bocinas/Amplificadores y receptores		Amplificador Backstage Hcfpro 4.20 Msi Sy Color Plateado Potencia De Salida Rms 800 W
SUBCATEGORÍA	p385025	Bocinas/None	Bocinas/Amplificadores y receptores		Amplificador De Audio Backstage Hcf Pro Hcf Pro 60 Lite Gris 6000w
SUBCATEGORÍA	p385026	Bocinas/None	Bocinas/Amplificadores y receptores		Amplificador Poder Backstage Cs12000 Y Msi Color Negro Potencia De Salida Rms 1000 W
SUBCATEGORÍA	p385027	Bocinas/None	Bocinas/Amplificadores y receptores		Backstage Hcf-pro-10 Amplificador 1000 Watts Rms 2 Canales Plateado 1 Kw
SUBCATEGORÍA	p385028	Bocinas/None	Bocinas/Amplificadores y receptores		Amplificador Profesional Backstage Mx-4 De 400 Watts Rms !! Color Gris Potencia De Salida Rms 400 W
SUBCATEGORÍA	p385029	Bocinas/None	Bocinas/Amplificadores y receptores		Backstage Amplificador Hcfpro-20 2070 Watts Rms 2 Canales Color 283165 Potencia de salida RMS 2070 W
SUBCATEGORÍA	p385030	Bocinas/None	Bocinas/Amplificadores y receptores		Amplificador Backstage Cs-6000 2 Canales 600 Watts Rms Color Negro Potencia de salida RMS 550 W
SUBCATEGORÍA	p385031	Bocinas/None	Bocinas/Amplificadores y receptores		Backstage Amplificador 4 Canales Salida Hcfpro-4.20 800w Rms Color Gris Potencia De Salida Rms 800 W
SUBCATEGORÍA	p385032	Bocinas/None	Bocinas/Amplificadores y receptores		Poder Amplificador Backstage Cs-16000 2 Canales 1620w 2 Ohms Color Negro Potencia de salida RMS 290 
SUBCATEGORÍA	p385033	Bocinas/None	Bocinas/Amplificadores y receptores		Backstage Cs-20000 Poder Amplificador 2 Canales 2 Ohms Color Negro Potencia De Salida Rms 2000W
SUBCATEGORÍA	p385034	Bocinas/None	Bocinas/Accesorios para bocinas		Rejilla Chica Universal Ventana Auto Camioneta 12 64 Cm Negro
SUBCATEGORÍA	p385035	Bocinas/None	Bocinas/Bocinas Bluetooth		4 Cubres De Altavoz De Auto Rejillas Para Bocina De 98mm Diá
SUBCATEGORÍA	p385037	Bocinas/None	Bocinas/Bocinas Bluetooth		nebro WG-147 - Negro
SUBCATEGORÍA	p385038	Bocinas/None	Bocinas/Bocinas Bluetooth		nebro Bocina WG-131 - Negro
SUBCATEGORÍA	p385039	Bocinas/None	Bocinas/Bocinas Bluetooth		Bocina Bluetooth Inalámbrico Nebro Speaker Altavoz Portátil Negro
SUBCATEGORÍA	p385040	Bocinas/None	Bocinas/Bocinas Bluetooth compactas (hasta 20 W)		Bocina Bluetooth Portátil Nebro WG-131 de 5W y Sonido Estéreo
SUBCATEGORÍA	p385041	Bocinas/None	Bocinas/Bocinas Bluetooth compactas (hasta 20 W)		Nebro Bocina Portátil Bluetooth Inalámbrico 10w TWS Altavoz Estéreo Subwoofer Para Fiesta Exterior R
SUBCATEGORÍA	p385042	Bocinas/None	Bocinas/De fiesta y karaoke		Bocina Bluetooth Portátil 8W Nebro TWS Luces RGB Ideal para Fiesta Exterior Playa Camping Azul
SUBCATEGORÍA	p385043	Bocinas/None	Bocinas/Bocinas con luces LED		Bocina Bluetooth Portátil Inalámbrica 8w Nebro Tws Luces Rgb Negro deal para Fiesta Playa Camping Ex
SUBCATEGORÍA	p385044	Bocinas/None	Bocinas/Bocinas Bluetooth impermeables		Bocina Bluetooth Portátil Nebro 8W Impermeable TWS Estéreo RGB FM Ideal Para Exterior Viaje Hogar Re
SUBCATEGORÍA	p385045	Bocinas/None	Bocinas/Bocinas Bluetooth medianas (20 a 60 W)		Pack 2 Bocinas Nebro WG-195 Portátiles Bluetooth Inalámbricas con Sonido Estéreo TWS y Cargador 40W
SUBCATEGORÍA	p385046	Bocinas/None	Bocinas/Bocinas Bluetooth impermeables		Bocina Bluetooth Portátil Nebro Potente Impermeable Con Luces Rgb Tws Estéreo Ideal Para Exterior Vi
SUBCATEGORÍA	p385047	Bocinas/None	Bocinas/Subwoofers		Bocina Bluetooth Portátil Subwoofer Potente 30W Nebro con Doble Altavoz 12H batería IPX6 Impermeable
SUBCATEGORÍA	p385048	Bocinas/None	Bocinas/Bocinas Bluetooth impermeables		Kit 2 Bocina Bluetooth TWS Nebro Inalámbrica Parlante Portátil Potente Impermeable Para Fiesta Exter
SUBCATEGORÍA	p385049	Bocinas/None	Bocinas/Subwoofers		Bocina Bluetooth Portátil Subwoofer Potente 30W Nebro con Doble Altavoz 12H batería IPX6 Impermeable
SUBCATEGORÍA	p385050	Bocinas/None	Bocinas/Subwoofers		Bocina Bluetooth Portátil Subwoofer 80W Nebro con Doble Altavoz 15H batería IPX6 Waterproof Sonido E
SUBCATEGORÍA	p385051	Bocinas/None	Bocinas/Bocinas Bluetooth impermeables		Bocina Bluetooth Nebro 10W Portátil Impermeable IPX5, Altavoz Inalámbrico con Subwoofer, Sonido Esté
SUBCATEGORÍA	p385052	Bocinas/None	Bocinas/Bocinas Bluetooth impermeables		Bocina Bluetooth Portátil Nebro 8W Impermeable IPX6 Altavoz Inalámbrico TWS Estéreo RGB FM Ideal Par
SUBCATEGORÍA	p385053	Bocinas/None	Bocinas/Bocinas Bluetooth impermeables		Bocina Bluetooth Inalámbrica Altavoz Portátil Nebro 8w Con Sonido Estéreo Tws Parlante Impermeable I
SUBCATEGORÍA	p385054	Bocinas/None	Bocinas/Bocinas Bluetooth impermeables		Bocina Bluetooth Portátil Nebro 8W Impermeable Sonido Envolvente TWS Estéreo Graves Potente Luces RG
SUBCATEGORÍA	p385055	Bocinas/None	Bocinas/Bocinas Bluetooth impermeables		Bocina Bluetooth Nebro Portátil 10W Impermeable IPX4 Altavoz Inalámbrico con Subwoofer TWS Estéreo R
SUBCATEGORÍA	p385056	Bocinas/None	Bocinas/Bocinas Bluetooth impermeables		Kit 2 Bocina Bluetooth Inalámbrica Parlante Portátil Nebro 8w Con Sonido Estéreo Tws Altavoz Imperme
SUBCATEGORÍA	p385057	Bocinas/None	Bocinas/Mini bocinas y de llavero		Pack 2 Bocina Bluetooth Portátil Potente 5W Nebro, Mejorada con Hasta 10 Horas de Batería Altavoz Mi
SUBCATEGORÍA	p385058	Bocinas/None	Bocinas/Subwoofers		Bocina Bluetooth Portátil Subwoofer Potente 60W Nebro con Doble Altavoz 15H batería Resistente IPX6 
SUBCATEGORÍA	p385059	Bocinas/None	Bocinas/Mini bocinas y de llavero		Bocina Bluetooth Portátil Potente 5W Nebro, Mejorada con Hasta 10 Horas de Batería Altavoz Mini Inal
SUBCATEGORÍA	p385060	Bocinas/None	Bocinas/Mini bocinas y de llavero		Bocina Bluetooth Portátil Potente 5W Nebro, Mejorada con Hasta 10 Horas de Batería Altavoz Mini Inal
SUBCATEGORÍA	p385061	Bocinas/None	Bocinas/Bocinas Bluetooth potentes (60 W o más)		Bocina Bluetooth Portátil 80W Nebro con Doble Altavoz, Resistente IPX5 Sonido Envolvente TWS Graves 
SUBCATEGORÍA	p385062	Bocinas/None	Bocinas/Bocinas Bluetooth potentes (60 W o más)		Bocina Bluetooth Inalámbrica Portátil Nebro 60W TWS Resistente al Agua Alta Potencia Graves Potentes
SUBCATEGORÍA	p385063	Bocinas/None	Bocinas/Mini bocinas y de llavero		Pack 2 Bocina Bluetooth Portátil Potente 5W Nebro, Mejorada con Hasta 10 Horas de Batería Altavoz Mi
SUBCATEGORÍA	p385064	Bocinas/None	Bocinas/Mini bocinas y de llavero		Pack 2 Bocina Bluetooth Portátil Potente 5W Nebro, Mejorada con Hasta 10 Horas de Batería Altavoz Mi
SUBCATEGORÍA	p385065	Bocinas/None	Bocinas/Bocinas Bluetooth con radio, USB y micrófono		nebro Bocina Bluetooth Inalámbrico TWS/TF/USB/FM, Speaker Altavoz Portátil Negro, Wg-188 10w Potenci
SUBCATEGORÍA	p385066	Bocinas/None	Bocinas/Bocinas Bluetooth compactas (hasta 20 W)		Kit 2 Bocinas Bluetooth Portátil Inalámbricas Nebro 5W Con Sonido Estéreo Tws deal Para Fiestas Y Ex
SUBCATEGORÍA	p385067	Bocinas/None	Bocinas/Mini bocinas y de llavero		Bocina Bluetooth Portátil Mini Potente 5W Nebro Con Sonido Estéreo Tws, Altavoz Speaker TF USB Type-
SUBCATEGORÍA	p385068	Bocinas/None	Bocinas/Bocinas Bluetooth compactas (hasta 20 W)		Kit 2 Bocinas Bluetooth Portátil Inalámbricas Nebro 5W Con Sonido Estéreo Tws deal Para Fiestas Y Ex
SUBCATEGORÍA	p385069	Bocinas/None	Bocinas/Mini bocinas y de llavero		Nebro Bocina Bluetooth Portátil Mini Potente 5W Con Sonido Estéreo Tws, Altavoz Waterproof Speaker B
SUBCATEGORÍA	p385070	Audífonos/None	Audífonos/Earbuds inalámbricos		Audífonos Inalámbricos Tws Stf Essential Blanco
SUBCATEGORÍA	p385071	Audífonos/None	Audífonos/Earbuds inalámbricos		Auriculares In-ear Linsoul 7hz G1 Con Diafragma Dlc Dinámico Color Blanco
SUBCATEGORÍA	p385072	Audífonos/None	Audífonos/Earbuds con cable		Audífono Alambrico Manos Libres In Ear 1hora Aut123 Color Blanco
SUBCATEGORÍA	p385073	Audífonos/None	Audífonos/Earbuds inalámbricos		Samsung Galaxy Buds4 Blanco
SUBCATEGORÍA	p385074	Audífonos/None	Audífonos/Diadema inalámbrica		Microsoft Diadema Moderna Usb Negro
SUBCATEGORÍA	p385075	Audífonos/None	Audífonos/Gamer		Auriculares gamer Microsoft Xbox One Stereo black
SUBCATEGORÍA	p385076	Audífonos/None	Audífonos/Earbuds inalámbricos		Audifonos Bluetooth Con Pantalla Táctil Y Auriculares App Blanco
SUBCATEGORÍA	p385077	Audífonos/None	Audífonos/Earbuds con cancelación de ruido		Audífonos Inalámbricos Anker Soundcore P41i by Anker con Cancelación de Ruido Adaptativa, Estuche Po
SUBCATEGORÍA	p385078	Audífonos/None	Audífonos/Diadema con cancelación de ruido		Audífonos Bluetooth Anker Soundcore by Anker Q20i Cancelación de Ruido over Ear, Sonido Hi-Res Certi
SUBCATEGORÍA	p385079	Audífonos/None	Audífonos/Earbuds deportivos		Audífonos Inalámbricos Soundcore Anker A25i 28hrs Ipx5 Color Negro
SUBCATEGORÍA	p385080	Audífonos/None	Audífonos/Earbuds inalámbricos		Audífonos Inalámbricos HUAWEI FreeBuds Pro 4 Blanco
SUBCATEGORÍA	p385081	Audífonos/None	Audífonos/Earbuds inalámbricos		Audífonos Inalámbricos Honor Choice Earbuds X8i White Blanco
SUBCATEGORÍA	p385082	Audífonos/None	Audífonos/Diadema inalámbrica		Audífonos Diadema Honor Choice HeadPhone Hasta 80 horas Batería
SUBCATEGORÍA	p385083	Audífonos/None	Audífonos/Earbuds inalámbricos		Audífonos Inalambricos Honor Choice Earbuds X7 Lite White Color Blanco
SUBCATEGORÍA	p385084	Audífonos/None	Audífonos/Diadema inalámbrica		Honor Audífonos Inalámbricos Choice Vz Sport Mate Headphones Color Blanco
SUBCATEGORÍA	p385085	Audífonos/None	Audífonos/Diadema inalámbrica		Audífonos Honor Choice Vz Sport Mate Headphones Lite Green Verde
SUBCATEGORÍA	p385086	Audífonos/None	Audífonos/Earbuds inalámbricos		Audífonos Inalámbricos Honor Choice Earbuds Clip 2 Pro Cyan Azul
SUBCATEGORÍA	p385087	Audífonos/None	Audífonos/Earbuds con cancelación de ruido		Honor X10 Lite Auriculares Tws Bluetooth 5.3 Cancelación De Ruido Ip54
SUBCATEGORÍA	p385088	Audífonos/None	Audífonos/Earbuds inalámbricos		Audifonos Bluetooth Huawei Honor Flypods Pro Cm-h2 20 Horas Color Rojo
SUBCATEGORÍA	p385089	Audífonos/None	Audífonos/Diadema inalámbrica		Audífonos Diadema Honor Choice Vz Sport Mate Headphones Lite Batería Hasta 82hrs
SUBCATEGORÍA	p385090	Audífonos/None	Audífonos/Earbuds inalámbricos		Audífonos Inalámbricos Honor Choice Earbuds S8 Batería Hasta 38Hrs 50dB IP54 Grey
SUBCATEGORÍA	p385091	Audífonos/None	Audífonos/Diadema inalámbrica		Audífonos Diadema Honor Choice Vz Sport Mate Headphones Lite Batería Hasta 82hrs Gris
SUBCATEGORÍA	p385092	Audífonos/None	Audífonos/Diadema inalámbrica		Audífonos Diadema Honor Choice Vz Sport Mate Headphones Lite Batería Hasta 82hrs White
SUBCATEGORÍA	p385093	Audífonos/None	Audífonos/Diadema inalámbrica		Audífonos inalambricos Diadema Honor Choice Pro Bluetooth 5.4 Bateria Hasta 80 horas Ros-Me00 Negro
SUBCATEGORÍA	p385094	Audífonos/None	Audífonos/Earbuds inalámbricos		Auriculares Inalambricos Bluetooth Mibro Earbuds 3 Pro
SUBCATEGORÍA	p385095	Audífonos/None	Audífonos/Earbuds inalámbricos		Audífonos Bluetooth Mibro Earbuds 3-xpej006/ Bt. V5.3 Color Blanco Luz Azul
SUBCATEGORÍA	p385096	Audífonos/None	Audífonos/Earbuds inalámbricos		Audífonos Bluetooth Mibro Earbuds 3-xpej006/ Bt. V5.3 Color Negro Luz Azul
SUBCATEGORÍA	p385097	Audífonos/None	Audífonos/De oído abierto		Audífonos Open-Ear Mibro con Bluetooth 5.4, ENC y hasta 30 Horas de Batería
SUBCATEGORÍA	p385098	Audífonos/None	Audífonos/Earbuds inalámbricos		Google Pixel Buds Pro Gen 2 Audifonos In-ear Inalambricos Color Moonstone
SUBCATEGORÍA	p385099	Audífonos/None	Audífonos/Earbuds inalámbricos		Google Pixel Buds Pro Gen 2 Audifonos In-ear Inalambricos Color Wintergreen
SUBCATEGORÍA	p385100	Audífonos/None	Audífonos/Earbuds con cable		Google Earbuds Usb-c Auricular Digital Con Cable Tipo C Para
SUBCATEGORÍA	p385101	Audífonos/None	Audífonos/Earbuds inalámbricos		Auriculares In-ear Inalámbricos Google Pixel Buds Pro 2 Gen 2 Gris Con Luz Led
SUBCATEGORÍA	p385103	Audífonos/None	Audífonos/Earbuds inalámbricos		Audífonos Technics EAH-AZ40M2EK Inalámbricos In-Ear Plata Cancelación Ruido Multipunto
SUBCATEGORÍA	p385104	Audífonos/None	Audífonos/De oído abierto		Audífonos Bluetooth Shokz Openfit 2+ Color Negro
SUBCATEGORÍA	p385105	Audífonos/None	Audífonos/De oído abierto		Audífonos Bluetooth Shokz Openfit Air Color Blanco Luz Azul
SUBCATEGORÍA	p385106	Audífonos/None	Audífonos/De oído abierto		Auriculares Bluetooth Shokz Openfit 2 Con Micrófono Ip55
SUBCATEGORÍA	p385107	Audífonos/None	Audífonos/De oído abierto		Mini auriculares de conducción ósea Shokz Openrun, color azul
SUBCATEGORÍA	p385108	Audífonos/None	Audífonos/De oído abierto		Auriculares Inalambricos Shokz Openrun Pro 2 Mini Bluetooth Color Naranja
SUBCATEGORÍA	p385109	Audífonos/None	Audífonos/Earbuds inalámbricos		Yamaha Tw-e3c Auriculares Inalámbricos Verdaderos Con Color Negro
SUBCATEGORÍA	p385110	Audífonos/None	Audífonos/Earbuds inalámbricos		Yamaha Tw-e3c Auriculares Inalámbricos Con Sonido Color Gris
SUBCATEGORÍA	p385111	Audífonos/None	Audífonos/Earbuds inalámbricos		Auriculares inalámbricos Perfect Choice Easyline EL-9952
SUBCATEGORÍA	p385112	Audífonos/None	Audífonos/Diadema inalámbrica		Diadema Bluetooth Manos Libres Extra Bass 5 Necnon Rojo
SUBCATEGORÍA	p385113	Audífonos/None	Audífonos/Gamer		Audífonos inalámbricos Foco My Lord L850b Bluetooth gamer con micrófono negro
SUBCATEGORÍA	p385114	Audífonos/None	Audífonos/Earbuds con cancelación de ruido		Auriculares Inalámbricos Foco My Lord L50 ANC Bluetooth Cancelación Activa 80h
SUBCATEGORÍA	p385115	Audífonos/None	Audífonos/Earbuds con cancelación de ruido		Auriculares inalámbricos Foco My Lord L50 ANC L50ANC morado l60 anc con luz LED
SUBCATEGORÍA	p385116	Audífonos/None	Audífonos/Diadema inalámbrica		Audífonos Foco My Lord L500B On-ear Inalámbricos con Bluetooth 5.1 y Micrófono Negro
SUBCATEGORÍA	p385117	Audífonos/None	Audífonos/Earbuds con cancelación de ruido		Audífonos Foco My Lord L60 ANC Inalámbricos con Cancelación de Ruido y 100h de Batería
SUBCATEGORÍA	p385118	Audífonos/None	Audífonos/Diadema inalámbrica		Audífonos Inalámbricos Foco My Lord L500B con Diadema Plegable, Bluetooth 5.0 y 40 Horas de Batería
SUBCATEGORÍA	p385119	Audífonos/None	Audífonos/Diadema con cancelación de ruido		Audífonos Inalámbricos On-ear Foco My Lord A51 TWS con Micrófono, Cancelación de Ruido y Batería de 
SUBCATEGORÍA	p385120	Audífonos/None	Audífonos/De oído abierto		Audífonos Foco My Lord A51 TWS Inalámbricos de Oído Abierto con Bluetooth, Micrófono y Cancelación d
SUBCATEGORÍA	p385121	Audífonos/None	Audífonos/Gamer		Audífonos Inalámbricos Diadema Foco My Lord con Cancelación de Ruido Activa Híbrida y Micrófono Game
SUBCATEGORÍA	p385122	Audífonos/None	Audífonos/Diadema inalámbrica		Auriculares Inalámbricos DM-P9 P9 Pro Max Over-Ear con Micrófono y Bluetooth
SUBCATEGORÍA	p385123	Audífonos/None	Audífonos/Earbuds inalámbricos		VANIR Audífonos Inalámbricos Bluetooth HiFi Sonido Claro Graves Profundos Baja Latencia Larga Duraci
SUBCATEGORÍA	p385124	Audífonos/None	Audífonos/Gamer		Vanir Audífonos Inalámbricos Bluetooth, Audífonos Gamer, Auriculares Inalámbricos Deportivos Con Mic
SUBCATEGORÍA	p385125	Audífonos/None	Audífonos/De oído abierto		VANIR Audífonos Inalámbricos de Clip Bluetooth Deportivos para Correr Oído Abierto Batería Larga Dur
SUBCATEGORÍA	p385126	Audífonos/None	Audífonos/Earbuds con cancelación de ruido		VANIR Audífonos Bluetooth Inalámbricos Inteligentes con Cancelación Activa de Ruido 35dB, Traducción
SUBCATEGORÍA	p385127	Audífonos/None	Audífonos/Earbuds inalámbricos		VANIR Audífonos Inalámbricos Bluetooth Pantalla Táctil LED Inteligente Cancelación Activa de Ruido A
SUBCATEGORÍA	p385128	Audífonos/None	Audífonos/Earbuds inalámbricos		VANIR Audifonos Bluetooth Inalambricos Abiertos de Oreja Tipo Clip para Deporte, Auriculares Inalamb
SUBCATEGORÍA	p385129	Audífonos/None	Audífonos/Gamer		Vanir Audífonos Inalámbricos Bluetooth Con Cancelación De Ruido Ia, Calidad De Sonido Sin Pérdidas, 
SUBCATEGORÍA	p385130	Audífonos/None	Audífonos/Earbuds inalámbricos		VANIR Audífonos Bluetooth Inalámbricos AI Inteligentes con Traducción AI 145 Idiomas, Asistente AI, 
SUBCATEGORÍA	p385131	Audífonos/None	Audífonos/Earbuds deportivos		VANIR Audífonos Bluetooth Inalámbricos Deportivos de Oreja Abierta, Auriculares de Gancho con Blueto
SUBCATEGORÍA	p385132	Audífonos/None	Audífonos/De oído abierto		VANIR Audífonos Bluetooth Inalámbricos AI Inteligentes de Clip Abierto con Traducción AI 145 Idiomas
SUBCATEGORÍA	p385133	Audífonos/None	Audífonos/Diadema inalámbrica		VANIR Audífonos Bluetooth Inalámbricos AI para Dormir con Traducción en 145 Idiomas, Asistente AI, A
SUBCATEGORÍA	p385134	Audífonos/None	Audífonos/De oído abierto		VANIR Audífonos Bluetooth Inalámbricos 2 en 1 con Estuche de Carga Power Bank, Auriculares Abiertos 
SUBCATEGORÍA	p385135	Audífonos/None	Audífonos/Gamer		Audífonos in-ear Emuael BX17 Gamer Bluetooth 5.1 Negro LED 75h Batería
SUBCATEGORÍA	p385136	Audífonos/None	Audífonos/Earbuds inalámbricos		Audífonos Inalámbricos Sanag C16 Bluetooth 5.4 Para Deportes Gris Oscuro
SUBCATEGORÍA	p385137	Audífonos/None	Audífonos/Earbuds deportivos		Audífonos Sanag S6s Ear Clips Lila Bluetooth 5.4 Ipx67 Lila
SUBCATEGORÍA	p385138	Audífonos/None	Audífonos/De oído abierto		Audífonos Inalámbricos Sanag S6S Ultra Open-ear de Clip con Bluetooth 6.0
SUBCATEGORÍA	p385139	Audífonos/None	Audífonos/Earbuds inalámbricos		Auriculares Sanag S6S Ultra Clip-ear Inalámbricos, Para Deporte y Uso Diario
SUBCATEGORÍA	p385140	Audífonos/None	Audífonos/Earbuds inalámbricos		Audífonos Inalámbricos Sanag S7S Ultra Clip-Ear con DynaHiFi y AI-ENC, Violeta
SUBCATEGORÍA	p385141	Audífonos/None	Audífonos/De oído abierto		Audífonos Inalámbricos Sanag B33S Open-Ear IPX8 para Natación con MP3 32GB y Micrófono Azul
SUBCATEGORÍA	p385142	Audífonos/None	Audífonos/Earbuds inalámbricos		Audífonos Sanag S7S Ultra Inalámbricos Clip-Ear, DynaHiFi y AI-ENC, para Deporte, Color Dorado
SUBCATEGORÍA	p385143	Audífonos/None	Audífonos/Earbuds inalámbricos		Audífonos Sanag S6S Ultra Inalámbricos Clip-Ear Morados con Bluetooth 6.0 y AI-ENC
SUBCATEGORÍA	p385144	Audífonos/None	Audífonos/De oído abierto		Audífonos Sanag S6S Ultra Open-ear Inalámbricos, Bluetooth y Cancelación de Ruido AI-ENC
SUBCATEGORÍA	p385145	Audífonos/None	Audífonos/De oído abierto		Audífonos Inalámbricos Sanag S6S Nova Open-ear Bluetooth con AI-ENC y Resistencia IPX6
SUBCATEGORÍA	p385146	Audífonos/None	Audífonos/Earbuds inalámbricos		Audífonos Sanag S6S Clip Bluetooth 5.4 con Sonido Hi-Fi y 42h de Batería
SUBCATEGORÍA	p385147	Audífonos/None	Audífonos/Earbuds inalámbricos		Audífonos Inalámbricos Sanag S7S Ultra Clip-Ear Blanco con Bluetooth 6.0, Cancelación de Ruido y Res
SUBCATEGORÍA	p385148	Audífonos/None	Audífonos/De oído abierto		Audífonos Sanag C16S Open-Ear Inalámbricos Bluetooth 5.4 con Sonido Dolby y hasta 56h de Batería
SUBCATEGORÍA	p385149	Audífonos/None	Audífonos/De oído abierto		Audífonos de Conducción Ósea Sanag B60S Pro Max, Inalámbricos con MP3 de 64GB y Sumergibles IP68
SUBCATEGORÍA	p385150	Audífonos/None	Audífonos/Earbuds inalámbricos		Audífonos Inalámbricos Sanag S6S Ultra Clip-ear con Bluetooth 5.4 y Sonido Hi-Fi para Deporte
SUBCATEGORÍA	p385151	Audífonos/None	Audífonos/De oído abierto		Audífonos Sanag S6s Nova Open-ear, Inalámbricos con Bluetooth 6.0, IPX6 y Cancelación de Ruido AI-EN
SUBCATEGORÍA	p385152	Audífonos/None	Audífonos/Earbuds inalámbricos		Audífonos Inalámbricos Sanag S7S Ultra Clip-Ear con Bluetooth 6.0 y Cancelación de Ruido AI-ENC en N
SUBCATEGORÍA	p385153	Audífonos/None	Audífonos/Earbuds inalámbricos		Audífonos Inalámbricos Bluetooth 5.4 Clip-Ear,SANAG Z60S Auriculares Inalámbricos 4.8g Ultraligeros,
SUBCATEGORÍA	p385154	Audífonos/None	Audífonos/De oído abierto		Audífonos Sanag B60S Pro Max de Conducción Ósea Open-Ear, con MP3 de 64 GB y Bluetooth
SUBCATEGORÍA	p385155	Audífonos/None	Audífonos/Earbuds inalámbricos		Audífonos Inalámbricos Bluetooth 5.4 Clip-Ear,SANAG Z60S Auriculares Inalámbricos 4.8g Ultraligeros,
SUBCATEGORÍA	p385156	Audífonos/None	Audífonos/Earbuds deportivos		Audífonos Sanag S6s Nova Clip-Ear con Bluetooth 6.0, IPX6 y Cancelación de Ruido AI-ENC
SUBCATEGORÍA	p385157	Audífonos/None	Audífonos/Earbuds inalámbricos		Audífonos Inalámbricos Bluetooth 5.4 Clip-Ear,SANAG Z60S Auriculares Inalámbricos 4.8g Ultraligeros,
SUBCATEGORÍA	p385158	Audífonos/None	Audífonos/Earbuds inalámbricos		Audífonos Abiertos Tipo Clip Sanag S6s Ultra Por Buenalink Bluetooth 5.4, Sonido Hifi Con Bajos, 42h
SUBCATEGORÍA	p385159	Audífonos/None	Audífonos/Earbuds inalámbricos		Audífonos Abiertos Tipo Clip Sanag S6s Ultra Por Buenalink Bluetooth 5.4, Sonido Hifi Con Bajos, 42h
SUBCATEGORÍA	p385160	Audífonos/None	Audífonos/Earbuds con cancelación de ruido		Audífonos In-ear MYCASED Pro2 Bluetooth 5.3 Con Cancelación De Ruido y Carga Inalámbrica
SUBCATEGORÍA	p385161	Audífonos/None	Audífonos/Earbuds inalámbricos		MYCASED Audífonos In-ear Bluetooth Inalámbricos K520 Corazón Dos Formas Talla Pequeña Mini Rosa Para
SUBCATEGORÍA	p385162	Teclados/None	Teclados/Inalámbricos		Teclado Inalámbrico Free Wolf B11 Qwerty Español Ñ, Negro Negro Español España
SUBCATEGORÍA	p385163	Teclados/None	Teclados/Mecánicos		Teclado Mecánico Gamer Magegee 2020, Retroiluminación Blanca
SUBCATEGORÍA	p385164	Teclados/None	Teclados/Mecánicos 60% y compactos		Teclado Mecánico Gamer Magegee Mk-box, Español 60% Gris/negro Español Latinoamérica
SUBCATEGORÍA	p385165	Teclados/None	Teclados/Membrana		Trust Gxt 830-rw Avonn Teclado Para Juegos
SUBCATEGORÍA	p385166	Teclados/None	Teclados/Mecánicos 60% y compactos		Teclado Gaming Trust GXT 871 Zora Mecánico Compacto Con Iluminación
SUBCATEGORÍA	p385167	Teclados/None	Teclados/Membrana		Teclado Trust QWERTY español España color negro con luz rainbow
SUBCATEGORÍA	p385168	Teclados/None	Teclados/Membrana		Teclado Trust Primo Teclas Silenciosas Y Resistente Líquidos Color Del Teclado Negro
SUBCATEGORÍA	p385169	Teclados/None	Teclados/Inalámbricos		Teclado Inalámbrico Trust Lyra Bluetooth Ultra Fino para Windows y Mac
SUBCATEGORÍA	p385170	Teclados/None	Teclados/Switches, keycaps y accesorios		Teclado Mecánico Gamer TKL Trust GXT 834 Callaz con Iluminación RGB y Switches Rojos
SUBCATEGORÍA	p385171	Teclados/None	Teclados/Membrana		Teclado Trust GXT 836 Gaming Retroiluminado RGB con Teclas Suaves para PS5 y Xbox
SUBCATEGORÍA	p385172	Teclados/None	Teclados/Mecánicos 60% y compactos		Teclado Mecánico De Gaming Con Luz Rgb | Trust Acira Gxt 867 | 60 % Más Compacto | Puerto Usb | Tecl
SUBCATEGORÍA	p385173	Teclados/None	Teclados/Combos con mouse		Combo Gamer Redragon S143 Mouse Y Teclado Negro
SUBCATEGORÍA	p385174	Teclados/None	Teclados/Combos con mouse		Combo Gamer Redragon S143 Mouse Y Teclado Blanco
SUBCATEGORÍA	p385175	Teclados/None	Teclados/Combos con mouse		Combo Redragon Bs-8343a, Negro Español, Inalámbrico Baterías Negro Negro
SUBCATEGORÍA	p385176	Teclados/None	Teclados/Combos con mouse		Combo Gamer Redragon S147 4 En 1, Español, Alámbrico Negro Negro
SUBCATEGORÍA	p385177	Teclados/None	Teclados/Combos con mouse		Combo Teclado y Raton Redragon Office Bs-7092, Negro Español Latam, Alámbrico
SUBCATEGORÍA	p385178	Teclados/None	Teclados/Combos con mouse		Combo Gamer Marvo 4in1 Cm409
SUBCATEGORÍA	p385181	Teclados/None	Teclados/Membrana		Kit Gamer 4en1 Marvo Cm409 (teclado/mouse/diadema/tapete)
SUBCATEGORÍA	p385182	Teclados/None	Teclados/Combos con mouse		Combo Gaming Inalámbrico Marvo Kc411w Español Mouse Negro Teclado Negro
SUBCATEGORÍA	p385183	Teclados/None	Teclados/Combos con mouse		Kit Teclado y Mouse Marvo CM009 Cableado USB para Oficina
SUBCATEGORÍA	p385184	Teclados/None	Teclados/Combos con mouse		Kit gamer Marvo CM418 rosa con teclado y mouse USB retroiluminados
SUBCATEGORÍA	p385185	Teclados/None	Teclados/Combos con mouse		Kit Teclado y Mouse Gamer Marvo KM409 Negro USB Antighost Sensor Óptico
SUBCATEGORÍA	p385186	Teclados/None	Teclados/Combos con mouse		Combo Teclado + Mouse Gamer Marvo Kw-511 Inalámbrico 2.6 Ghz Color del teclado Gris
SUBCATEGORÍA	p385187	Televisores/None	Televisores/HD		TELEVISOR HYUNDAI HYLED3257RIM 32" Hd Smart Tv, Dolby Audio Sistema Operativo Roku. Compatible, Appl
SUBCATEGORÍA	p385188	Televisores/None	Televisores/HD		Smart Tv Pantalla Acer 43 Pulgadas Dled Fhd Android Tv Con Ok Google, Dolby Audio, Televisión, Bluet
SUBCATEGORÍA	p385189	Proyectores y accesorios/None	Proyectores y accesorios/Proyectores		Proyector Mini Bwdmh Sin Android Wifi Projector Hy300 6000lm Blanco
SUBCATEGORÍA	p385191	Aspiradoras/None	Aspiradoras/Portátiles		Truper TRP-102962 11.356 L - Negro con Naranja
SUBCATEGORÍA	p385193	Electrodomésticos/None	Electrodomésticos/Planchas		Plancha Remington S8A900A Porcelain Ceramic color gold - bp2091
SUBCATEGORÍA	p385194	Electrodomésticos/None	Electrodomésticos/Licuadoras		Licuadora De Mano 700W Turbolicuador Acero Inox Comercial
SUBCATEGORÍA	p385195	Videojuegos/None	Videojuegos/Cables y adaptadores		Cable RCA Riva Importaciones Sega Genesis 2 3 Megadrive 2 3 180cm Negro
SUBCATEGORÍA	p385196	Videojuegos/None	Videojuegos/Cables y adaptadores		Adaptador Blueretro 1 Mando Bluetooth Nintendo64 Servitae Color Negro
SUBCATEGORÍA	p385197	Muebles/None	Muebles/Sillas de oficina		2 Sillas Oficina Escritorio Ergonomica Minimalista Moderna Color Negro
SUBCATEGORÍA	p385198	Muebles/None	Muebles/Sillas de oficina		Silla De Oficina Escritorio Ejecutiva Giratoria Eke Negro Mesh
SUBCATEGORÍA	p385199	Muebles/None	Muebles/Sillas de espera y visitas		Silla Visita Nextep Negra 200 Kg Modelo NE-652N con Reposabrazos
SUBCATEGORÍA	p385200	Muebles/None	Muebles/Sillas de oficina		Flash Furniture Ivan - Silla De Oficina Giratoria Ejecutiva. Goma
SUBCATEGORÍA	p385201	Muebles/None	Muebles/Sillas de oficina		Flash Furniture - Paquete De 5 Sillas Ergonomicas Modelo Her
SUBCATEGORÍA	p385202	Muebles/None	Muebles/Sillas de oficina		Silla de escritorio Form Design Ergohuman ergonómica negra con tapizado de malla
SUBCATEGORÍA	p385203	Muebles/None	Muebles/Cabeceras		Silla de escritorio Form Design Cuba alta brazo reg y cabecero ergonómica negra con tapizado de mall
SUBCATEGORÍA	p385204	Muebles/None	Muebles/Sillas de oficina		Silla de escritorio Form Design Job base nylon ergonómica gris con tapizado de mesh y tela
SUBCATEGORÍA	p385205	Muebles/None	Muebles/Sillas de oficina		Silla de escritorio Form Design Taylor ergonómica gris claro con tapizado de mesh y tela, 5 años de 
SUBCATEGORÍA	p385206	Muebles/None	Muebles/Sillas de oficina		Silla de escritorio Form Design Taylor ergonómica negra con tapizado de mesh y tela, 5 años de garan
SUBCATEGORÍA	p385207	Muebles/None	Muebles/Sillas gamer		Sillas Gamer VIIZO Ergonomicas Reclinables Negro Rojo Cuero Sintético Pack 4
SUBCATEGORÍA	p385208	Muebles/None	Muebles/Sillas gamer		Silla Gamer INSTIGO IG725 Ergonómica de Tela Transpirable, Estructura Reforzada de Acero, Reclinable
SUBCATEGORÍA	p385209	Muebles/None	Muebles/Sillas gamer		Silla Gamer Vertagear Sl1800 Black Color Negro
SUBCATEGORÍA	p385210	Muebles/None	Muebles/Sillas gamer		Silla Gamer Vertagear Vg-pl4800se_cb Black/carbon Color Negro
SUBCATEGORÍA	p385211	Muebles/None	Muebles/Sillas gamer		Silla Gamer Vertagear SL2000 Ergonomica Reclinable Negro Verde
SUBCATEGORÍA	p385212	Muebles/None	Muebles/Sillas gamer		Vertagear Silla Gamer Vg-sl1800_bl, Hasta 150kg, Azul Blanco Algodón
SUBCATEGORÍA	p385213	Muebles/None	Muebles/Sillas gamer		Silla Gamer Ergonomica Vertagear SL4000 Roja Cuero Sintetico Giratoria
SUBCATEGORÍA	p385214	Muebles/None	Muebles/Sillas gamer		Silla Gamer Vertagear Sl1000 Negro Morado Material del tapizado Cuero sintético
SUBCATEGORÍA	p385215	Muebles/None	Muebles/Sillas gamer		Silla Gamer Vertagear P-line Pl4800 Se Burgundy Red/Negro
SUBCATEGORÍA	p385216	Muebles/None	Muebles/Sillas gamer		Silla Gamer Vertagear Sl1000 Black/red Vg-sl1000-rd Negro/rojo Cuero Sintético
SUBCATEGORÍA	p385217	Muebles/None	Muebles/Sillas gamer		Silla Gamer Vertagear Sl1800 Ergonomica Black/white Color Negro
SUBCATEGORÍA	p385218	Muebles/None	Muebles/Sillas de oficina		Silla de escritorio Vertagear SL2000 VG-SL2000 gamer ergonómica blanca y verde con tapizado de cuero
SUBCATEGORÍA	p385219	Muebles/None	Muebles/Sillas de oficina		Silla de escritorio Vertagear SL2000 VG-SL2000 gamer ergonómica negra y roja con tapizado de cuero s
SUBCATEGORÍA	p385220	Muebles/None	Muebles/Sillas gamer		Silla Gamer Play Fever Orbit Ergonómica con Respaldo Reclinable y Cuero Sintético
SUBCATEGORÍA	p385221	Muebles/None	Muebles/Sillas gamer		Silla Gamer Play Fever Orbit Ergonómica Reclinable y Giratoria para PC, Negro
SUBCATEGORÍA	p385222	Muebles/None	Muebles/Sillas gamer		Silla Gamer Play Fever Omega Ergonómica Reclinable con Reposapiés para Gaming y Oficina – Rojo
SUBCATEGORÍA	p385223	Muebles/None	Muebles/Sillas gamer		Silla Gamer Play Fever Omega Ergonómica Reclinable Con Reposapiés Cojín Lumbar Memory Foam Reposacab
SUBCATEGORÍA	p385224	Muebles/None	Muebles/Sillas gamer		Silla Gamer Play Fever Omega Ergonómica Reclinable con Reposapiés para Gaming y Oficina Menta Gris
SUBCATEGORÍA	p385225	Muebles/None	Muebles/Sillas gamer		Silla Gamer Play Fever Omega Ergonómica Reclinable con Reposapiés Cojín Lumbar Memory Foam Reposacab
SUBCATEGORÍA	p385226	Muebles/None	Muebles/Sillas gamer		Silla Gamer Play Fever Omega Ergonómica Reclinable con Reposapiés para Oficina y Home Office Color C
SUBCATEGORÍA	p385227	Muebles/None	Muebles/Sillas gamer		Silla Gamer Play Fever Omega Ergonómica Reclinable con Reposapiés para Gaming y Oficina Color Dorado
SUBCATEGORÍA	p385228	Muebles/None	Muebles/Sillas gamer		Silla Gamer X Rocker Negro Con Altavoces y Subwoofer
SUBCATEGORÍA	p385229	Muebles/None	Muebles/Sillas gamer		Silla Classic Video Rocker The Crew Furniture 51206 gamer red
SUBCATEGORÍA	p385230	Muebles/None	Muebles/Sillas gamer		Silla Gamer Q-Tech TSG006-01 Reclinable Giratoria Ergonómica Blanca
SUBCATEGORÍA	p385231	Muebles/None	Muebles/Sillas gamer		Silla Gamer Q-Tech Blanco Reclinable 180º RGB LED Apoya Brazos 2D
SUBCATEGORÍA	p385232	Muebles/None	Muebles/Sillas gamer		Silla Gamer Viizo Azul RGB Ergonómica Reclinable Cuero Sintético
SUBCATEGORÍA	p385233	Muebles/None	Muebles/Sillas gamer		Silla Gamer Ergonomica Viizo Reclinable 180° Cuero Sintético Negro Roja
SUBCATEGORÍA	p385234	Muebles/None	Muebles/Sillas gamer		Silla Gamer Viizo Azul RGB Ergonómica Pack 2 Ajustable Cuero Sintético
SUBCATEGORÍA	p385235	Muebles/None	Muebles/Sillas gamer		Silla Gamer Ejecutiva Viizo Negra Roja Ergonómica Cuero Sintético Pack 2un
SUBCATEGORÍA	p385236	Muebles/None	Muebles/Sillas de comedor		Set 2 Sillas Comedor Minimalistas Arizone Menta Plástico Apilables
SUBCATEGORÍA	p385237	Muebles/None	Muebles/Sillas de comedor		Sillas Comedor Eames Moderna Minimalista Interior 5p Liso Blanco
SUBCATEGORÍA	p385238	Muebles/None	Muebles/Sillas de comedor		Sillas Comedor Eames Moderna Minimalista Interior 5p Liso Negro
SUBCATEGORÍA	p385239	Muebles/None	Muebles/Sillas de comedor		Sillas Comedor Eames Moderna Minimalista Interior 5p Liso Rojo
SUBCATEGORÍA	p385240	Muebles/None	Muebles/Sillas de comedor		Sillas Comedor Modernas Negras Marrón Set 2 Alunaune Ergonómicas
SUBCATEGORÍA	p385241	Muebles/None	Muebles/Sillas de comedor		Paquete De 6 Sillas Comedor Modelo Malaga Liso Marrón Beige
SUBCATEGORÍA	p385242	Muebles/None	Muebles/Sillas de comedor		Colamy Juego De 4 Sillas De Comedor Tapizadas, Modernas Sill
SUBCATEGORÍA	p385243	Muebles/None	Muebles/Sillas de comedor		Silla de comedor Lagoon 7203A con estructura color gray
SUBCATEGORÍA	p385244	Muebles/None	Muebles/Sillas de comedor		Silla de comedor Lagoon 7203A con estructura color white
SUBCATEGORÍA	p385245	Muebles/None	Muebles/Sillas de comedor		Silla de comedor Lagoon 7203A con estructura color blue
SUBCATEGORÍA	p385246	Muebles/None	Muebles/Sillas de comedor		Silla de comedor Lagoon 7203A con estructura color yellow
SUBCATEGORÍA	p385247	Muebles/None	Muebles/Sillas de comedor		Silla de comedor Lagoon 7203A con estructura color charcoal
SUBCATEGORÍA	p385248	Muebles/None	Muebles/Sillas de comedor		Silla de comedor Lagoon 7068D con estructura color light green
SUBCATEGORÍA	p385249	Muebles/None	Muebles/Sillas de comedor		Silla de comedor Lagoon 7068D con estructura color pure black
SUBCATEGORÍA	p385250	Muebles/None	Muebles/Sillas de comedor		Silla de comedor Lagoon 7068D con estructura color white seat
SUBCATEGORÍA	p385251	Muebles/None	Muebles/Sillas de comedor		Silla de comedor Lagoon 7068D con estructura color bright red
SUBCATEGORÍA	p385252	Muebles/None	Muebles/Sillas de comedor		Silla de Comedor Lagoon Penguin Leisure Pistache, Set de 2
SUBCATEGORÍA	p385253	Muebles/None	Muebles/Sillas de espera y visitas		Silla Lagoon Sensilla, Set de 4 Fucsia Apilable para Exterior
SUBCATEGORÍA	p385254	Muebles/None	Muebles/Sillas de exterior		Lagoon Silla Cómoda Para Comedor/terraza De Polipropileno Durable Color Camello
SUBCATEGORÍA	p385255	Muebles/None	Muebles/Sillas de comedor		Silla Comedor Lagoon Penguin Leisure de Polipropileno, Set de 2 Púrpura
SUBCATEGORÍA	p385256	Muebles/None	Muebles/Sillas de comedor		Pack de 2 Sillas Lagoon Penguin Leisure de Polipropileno Negras
SUBCATEGORÍA	p385257	Muebles/None	Muebles/Sillas de comedor		Lagoon Set De 4 Sillas Para Comedor Modelo Whale Modern Polipropileno Negro
SUBCATEGORÍA	p385258	Muebles/None	Muebles/Sillas de espera y visitas		Set de 4 Sillas Apilables Lagoon La Vie de Polipropileno, Pistache
SUBCATEGORÍA	p385259	Muebles/None	Muebles/Sillas de comedor		Lagoon Set De 4 Sillas Para Comedor Modelo Whale Modern Polipropileno Blanco
SUBCATEGORÍA	p385260	Muebles/None	Muebles/Sillas de comedor		Silla de comedor Lagoon 7065F series color gris x 4 unidades
SUBCATEGORÍA	p385261	Muebles/None	Muebles/Sillas de comedor		Silla de Comedor Lagoon Rue de Polipropileno Negro, Apilable y Para Exterior
SUBCATEGORÍA	p385262	Muebles/None	Muebles/Sillas de espera y visitas		Silla Comedor La Vie Lagoon Naranja Apilable para Exterior – Pack de 2
SUBCATEGORÍA	p385263	Muebles/None	Muebles/Sillas de espera y visitas		Set de Sillas Lagoon La Vie Apilables para Exterior de Polipropileno Naranja
SUBCATEGORÍA	p385264	Muebles/None	Muebles/Sillas de espera y visitas		Set de 2 Sillas Comedor Apilables La Vie Lagoon de Polipropileno Verde
SUBCATEGORÍA	p385265	Muebles/None	Muebles/Sillas de comedor		Set de 2 Sillas Comedor Lagoon La Vie en Polipropileno Blanco Apilables
SUBCATEGORÍA	p385266	Muebles/None	Muebles/Sillas de espera y visitas		Silla Sensilla Lagoon de Polipropileno Apilable, Set de 2 en Gris Oscuro
SUBCATEGORÍA	p385267	Muebles/None	Muebles/Sillas de espera y visitas		Pack de 4 Sillas Apilables Lagoon La Vie para Comedor y Exterior Blanco
SUBCATEGORÍA	p385268	Muebles/None	Muebles/Sillas de espera y visitas		Set de 2 Sillas Lagoon La Vie Apilables para Exterior en Polipropileno Pistache
SUBCATEGORÍA	p385269	Muebles/None	Muebles/Sillas de espera y visitas		Silla Lagoon Sensilla de Polipropileno, Apilable y en Set de 2, Azul Turquesa
SUBCATEGORÍA	p385270	Muebles/None	Muebles/Sillas de espera y visitas		Set de 4 Sillas Apilables Lagoon Sensilla de Polipropileno Gris Acero para Exterior
SUBCATEGORÍA	p385271	Muebles/None	Muebles/Sillas de comedor		Silla de Comedor Lagoon Penguin Leisure, Set de 2, de Polipropileno Blanco Minimalista
SUBCATEGORÍA	p385272	Muebles/None	Muebles/Sillas de espera y visitas		Silla Lagoon Sensilla: Pack de 4 Sillas Apilables de Polipropileno en Gris Oscuro
SUBCATEGORÍA	p385273	Muebles/None	Muebles/Sillas de exterior		Lagoon Silla Tipo Rattan De Comedor Terraza, Polipropileno Durable Color De La Estructura Blanco
SUBCATEGORÍA	p385274	Muebles/None	Muebles/Sillas de espera y visitas		Set de 2 Sillas Lagoon Milos Apilables, para Exterior con Brazo y Asiento Ámbar
SUBCATEGORÍA	p385275	Muebles/None	Muebles/Sillas de espera y visitas		Pack de 4 Sillas Apilables Lagoon La Vie, para Exterior e Interior, Color Negro
SUBCATEGORÍA	p385276	Muebles/None	Muebles/Sillas de espera y visitas		Silla Lagoon Sensilla, Set de 4, de Polipropileno Apilable y para Exterior, Azul Turquesa
SUBCATEGORÍA	p385277	Muebles/None	Muebles/Mesas de exterior		Silla Lagoon La Vie, Set de 2 Apilables, para Exterior e Interior, en Polipropileno Blanco
SUBCATEGORÍA	p385278	Muebles/None	Muebles/Sillas de comedor		Silla Lagoon Penguin Leisure, Set de 2 Sillas Azules de Polipropileno para Comedor
SUBCATEGORÍA	p385279	Muebles/None	Muebles/Sillas de comedor		Set de 4 Sillas Lagoon Milos para Comedor o Exterior, Apilables y en Color Negro
SUBCATEGORÍA	p385280	Muebles/None	Muebles/Sillas de espera y visitas		Silla Lagoon La Vie Apilable y Resistente para Exterior, Pack de 2 en Polipropileno Negro
SUBCATEGORÍA	p385281	Muebles/None	Muebles/Sillas de espera y visitas		Silla Lagoon Alissa 7050 Polipropileno Apilable, Set De 4 sillas, Con Protector uv, Moderna, Minimal
SUBCATEGORÍA	p385282	Muebles/None	Muebles/Sillas de espera y visitas		Silla Lagoon Alissa 7050 Polipropileno Apilable, Set De 4 sillas, Con Protector uv, Moderna, Minimal
SUBCATEGORÍA	p385283	Muebles/None	Muebles/Sillas de comedor		Set de 2 Sillas Minimalistas para Comedor y Terraza Lagoon La Vie Negras de Polipropileno
SUBCATEGORÍA	p385284	Muebles/None	Muebles/Sillas de espera y visitas		Silla Lagoon Alissa 7050 Polipropileno Apilable, Set De 4 sillas, Con Protector uv, Moderna, Minimal
SUBCATEGORÍA	p385285	Muebles/None	Muebles/Sillas de espera y visitas		Silla Lagoon Alissa 7050 Polipropileno Apilable, Set De 4 sillas, Con Protector uv, Moderna, Minimal
SUBCATEGORÍA	p385286	Muebles/None	Muebles/Sillas de espera y visitas		Silla Lagoon Alissa 7050 Polipropileno Apilable, Set De 4 sillas, Con Protector uv, Moderna, Minimal
SUBCATEGORÍA	p385287	Muebles/None	Muebles/Sillas de exterior		Silla Lagoon X Chair 7061, Terraza Banquetes Eventos Jardín, Set De 4 Estructura De La Silla Verde M
SUBCATEGORÍA	p385288	Muebles/None	Muebles/Sillas de comedor		Silla Lagoon Brazo 7202 Con Uv - Set De 2 Piezas Estructura de la silla Blanco Diseño de la tela Lis
SUBCATEGORÍA	p385289	Muebles/None	Muebles/Sillas de comedor		Silla Lagoon Brazo 7202 Con Uv - Set De 2 Piezas Estructura de la silla Negro Diseño de la tela Liso
SUBCATEGORÍA	p385290	Muebles/None	Muebles/Sillas de espera y visitas		Silla Lagoon Alissa 7050 Polipropileno Apilable, Set De 2 Estructura De La Silla Azul Asiento Azul D
SUBCATEGORÍA	p385291	Muebles/None	Muebles/Sillas de espera y visitas		Silla Lagoon Alissa 7050 Polipropileno Apilable, Set De 2 Estructura De La Silla Azul Turquesa Asien
SUBCATEGORÍA	p385292	Muebles/None	Muebles/Sillas de espera y visitas		Silla Lagoon Alissa 7050 Polipropileno Apilable, Set De 2 Estructura De La Silla Gris Asiento Gris D
SUBCATEGORÍA	p385293	Muebles/None	Muebles/Sillas de espera y visitas		Silla Lagoon Alissa 7050 Polipropileno Apilable, Set De 2 Estructura De La Silla Verde Asiento Verde
SUBCATEGORÍA	p385294	Muebles/None	Muebles/Sillas de espera y visitas		Silla Lagoon Alissa 7050 Polipropileno Apilable, Set De 4 Estructura De La Silla Naranja Asiento Nar
SUBCATEGORÍA	p385295	Muebles/None	Muebles/Sillas de espera y visitas		Silla Lagoon Sensilla 7052 Polipropileno, Apilable, Set De 2 Estructura De La Silla Azul Asiento Azu
SUBCATEGORÍA	p385296	Muebles/None	Muebles/Sillas de espera y visitas		Silla Lagoon Sensilla 7052 Polipropileno, Apilable, Set De 2 Estructura De La Silla Verde Asiento Ve
SUBCATEGORÍA	p385297	Muebles/None	Muebles/Sillas de espera y visitas		Silla Lagoon Sensilla 7052 Polipropileno, Apilable, Set De 2 Estructura De La Silla Rojo Asiento Roj
SUBCATEGORÍA	p385298	Muebles/None	Muebles/Sillas de espera y visitas		Silla Lagoon Alissa 7050 Polipropileno Apilable, Set De 2 Estructura De La Silla Naranja Asiento Nar
SUBCATEGORÍA	p385299	Muebles/None	Muebles/Sillas de espera y visitas		Silla Lagoon Alissa 7050 Polipropileno Apilable, Set De 2 Estructura De La Silla Rojo Asiento Rojo D
SUBCATEGORÍA	p385300	Muebles/None	Muebles/Sillas de espera y visitas		Silla Lagoon Sensilla 7052 Polipropileno, Apilable, Set De 2 Estructura De La Silla Azul Niebla Asie
SUBCATEGORÍA	p385301	Muebles/None	Muebles/Sillas de espera y visitas		Silla Lagoon Sensilla 7052 Polipropileno, Apilable, Set De 4 Estructura De La Silla Blanco Asiento B
SUBCATEGORÍA	p385302	Muebles/None	Muebles/Sillas de espera y visitas		Silla Lagoon Alissa 7050 Polipropileno Apilable, Set De 2 Estructura De La Silla Fucsia Asiento Fucs
SUBCATEGORÍA	p385303	Muebles/None	Muebles/Sillas de espera y visitas		Silla Lagoon Sensilla 7052 Polipropileno, Apilable, Set De 4 Estructura De La Silla Azul Niebla Asie
SUBCATEGORÍA	p385304	Muebles/None	Muebles/Sillas de espera y visitas		Silla Lagoon Alissa 7050 Polipropileno Apilable, Set De 2 Estructura De La Silla Negro Asiento Negro
SUBCATEGORÍA	p385305	Muebles/None	Muebles/Sillas de espera y visitas		Silla Lagoon Sensilla 7052 Polipropileno, Apilable, Set De 4 Estructura De La Silla Gris Asiento Gri
SUBCATEGORÍA	p385306	Muebles/None	Muebles/Sillas de espera y visitas		Silla Lagoon Sensilla 7052 Polipropileno, Apilable, Set De 2 Estructura De La Silla Gris Asiento Gri
SUBCATEGORÍA	p385307	Muebles/None	Muebles/Sillas de espera y visitas		Silla Lagoon Sensilla 7052 Polipropileno, Apilable, Set De 4 Estructura De La Silla Azul Asiento Azu
SUBCATEGORÍA	p385308	Muebles/None	Muebles/Sillas de espera y visitas		Silla Lagoon Sensilla 7052 Polipropileno, Apilable, Set De 4 Estructura De La Silla Naranja Asiento 
SUBCATEGORÍA	p385309	Muebles/None	Muebles/Sillas de espera y visitas		Silla Lagoon Alissa 7050 Polipropileno Apilable, Set De 2 Estructura De La Silla Blanco Asiento Blan
SUBCATEGORÍA	p385310	Muebles/None	Muebles/Sillas de espera y visitas		Silla Lagoon Alissa 7050 Polipropileno Apilable, Set De 2 Estructura De La Silla Ámbar Asiento Ámbar
SUBCATEGORÍA	p385311	Muebles/None	Muebles/Sillas de espera y visitas		Silla Lagoon Alissa 7050 Polipropileno Apilable, Set De 4 Estructura De La Silla Fucsia Asiento Fucs
SUBCATEGORÍA	p385312	Muebles/None	Muebles/Sillas de espera y visitas		Silla Lagoon Sensilla 7052 Polipropileno, Apilable, Set De 4 Estructura De La Silla Verde Asiento Ve
SUBCATEGORÍA	p385313	Muebles/None	Muebles/Sillas de espera y visitas		Silla Lagoon Sensilla 7052 Polipropileno, Apilable, Set De 2 Estructura De La Silla Naranja Asiento 
SUBCATEGORÍA	p385314	Muebles/None	Muebles/Sillas de espera y visitas		Silla Lagoon Sensilla 7052 Polipropileno, Apilable, Set De 4 Estructura De La Silla Rojo Asiento Roj
SUBCATEGORÍA	p385315	Muebles/None	Muebles/Sillas de espera y visitas		Silla Lagoon Sensilla 7052 Polipropileno, Apilable, Set De 2 Estructura De La Silla Blanco Asiento B
SUBCATEGORÍA	p385316	Muebles/None	Muebles/Sillas de espera y visitas		Silla Lagoon Sensilla 7052 Polipropileno, Apilable, Set De 4 Estructura De La Silla Ámbar Asiento Ám
SUBCATEGORÍA	p385317	Muebles/None	Muebles/Sillas de espera y visitas		Silla Lagoon Sensilla 7052 Polipropileno, Apilable, Set De 2 Estructura De La Silla Fucsia Asiento F
SUBCATEGORÍA	p385318	Muebles/None	Muebles/Sillas de espera y visitas		Silla Lagoon Alissa 7050 Polipropileno Apilable, Set De 2 Estructura De La Silla Azul Niebla Asiento
SUBCATEGORÍA	p385319	Muebles/None	Muebles/Sillas de espera y visitas		Silla Lagoon La Vie 7201, Polipropileno, Apilable, Set De 4 Estructura De La Silla Azul Niebla Asien
SUBCATEGORÍA	p385320	Muebles/None	Muebles/Sillas de espera y visitas		Silla Lagoon La Vie 7201, Polipropileno, Apilable, Set De 2 Estructura De La Silla Gris Asiento Gris
SUBCATEGORÍA	p385321	Muebles/None	Muebles/Sillas de espera y visitas		Silla Lagoon Naples 7220a, Con Brazo, Apilable, Set De 2 Estructura De La Silla Negro Asiento Negro 
SUBCATEGORÍA	p385322	Muebles/None	Muebles/Sillas de espera y visitas		Silla Lagoon Sensilla 7052 Polipropileno, Apilable, Set De 2 Estructura De La Silla Gris Acero Asien
SUBCATEGORÍA	p385323	Muebles/None	Muebles/Sillas de espera y visitas		Silla Lagoon La Vie 7201, Polipropileno, Apilable, Set De 4 Estructura De La Silla Gris Asiento Gris
SUBCATEGORÍA	p385324	Muebles/None	Muebles/Sillas de espera y visitas		Silla Lagoon Milos 7203a, Con Brazo, Apilable, Set De 2 Estructura De La Silla Blanco Asiento Blanco
SUBCATEGORÍA	p385325	Muebles/None	Muebles/Sillas de espera y visitas		Silla Lagoon Milos 7203b, Sin Brazo, Apilable, Set De 4 Estructura De La Silla Gris Asiento Gris Dis
SUBCATEGORÍA	p385326	Muebles/None	Muebles/Sillas de espera y visitas		Silla Lagoon Naples 7220b, Sin Brazo, Apilable, Set De 2 Estructura de la silla Gris Asiento Gris Di
SUBCATEGORÍA	p385327	Muebles/None	Muebles/Sillas de espera y visitas		Silla Lagoon Naples 7220a, Con Brazo, Apilable, Set De 4 Estructura De La Silla Negro Asiento Negro 
SUBCATEGORÍA	p385328	Muebles/None	Muebles/Sillas de espera y visitas		Silla Lagoon Naples 7220a, Con Brazo, Apilable, Set De 4 Estructura De La Silla Gris Asiento Gris Di
SUBCATEGORÍA	p385329	Muebles/None	Muebles/Sillas de espera y visitas		Silla Lagoon Alissa 7050 Polipropileno Apilable, Set De 4 Estructura De La Silla Azul Niebla Asiento
SUBCATEGORÍA	p385330	Muebles/None	Muebles/Sillas de espera y visitas		Silla Lagoon Milos 7203b, Sin Brazo, Apilable, Set De 4 Estructura De La Silla Blanco Asiento Blanco
SUBCATEGORÍA	p385331	Muebles/None	Muebles/Sillas de espera y visitas		Silla Lagoon Naples 7220a, Con Brazo, Apilable, Set De 2 Estructura De La Silla Gris Asiento Gris Di
SUBCATEGORÍA	p385332	Muebles/None	Muebles/Sillas de espera y visitas		Silla Lagoon La Vie 7201, Polipropileno, Apilable, Set De 2 Estructura De La Silla Azul Niebla Asien
SUBCATEGORÍA	p385333	Muebles/None	Muebles/Sillas de comedor		Silla Lagoon Whale Modern 7065f, Estilo Ballena, Set De 4 Estructura de la silla Negro Asiento Negro
SUBCATEGORÍA	p385334	Muebles/None	Muebles/Sillas de espera y visitas		Silla Lagoon Naples 7220b, Sin Brazo, Apilable, Set De 2 Estructura de la silla Negro Asiento Negro 
SUBCATEGORÍA	p385335	Muebles/None	Muebles/Sillas de espera y visitas		Silla Lagoon Naples 7220b, Sin Brazo, Apilable, Set De 2 Estructura de la silla Blanco Asiento Blanc
SUBCATEGORÍA	p385336	Muebles/None	Muebles/Sillas de comedor		Silla Ocasional Homestyle Gris Tela Liso Nogal Metal 55.5x83x64cm
SUBCATEGORÍA	p385337	Muebles/None	Muebles/Sillas de comedor		Silla De Comedor Homestyle Galia Gris Acero Inoxidable 91.5cm
SUBCATEGORÍA	p385338	Muebles/None	Muebles/Sillas de comedor		Silla de Comedor Homestyle Kuka Negra de Polipropileno
SUBCATEGORÍA	p385339	Muebles/None	Muebles/Sillas de comedor		Silla Comedor Homestyle Style Minimalista Negra PVC Estructura Plástico
SUBCATEGORÍA	p385340	Muebles/None	Muebles/Sillas de comedor		Silla Comedor Homestyle Dakotta Terciopelo Gris Metal Estructura Plateada
SUBCATEGORÍA	p385341	Muebles/None	Muebles/Sillas de comedor		Silla de Comedor Homestyle Alessia Moderna de Tela Gris con Patas de Metal Negro
SUBCATEGORÍA	p385342	Muebles/None	Muebles/Sillas de comedor		Set 2 Sillas Comedor Roundhill Furniture Madera Maciza Tapizado Gris Clásico
SUBCATEGORÍA	p385343	Muebles/None	Muebles/Sillas de comedor		Sillas Comedor Roundhill Furniture C162ta Set 2 Tapizado Beige Café Oscuro
SUBCATEGORÍA	p385344	Muebles/None	Muebles/Sillas de comedor		Sillas De Comedor Roundhill Furniture Verde Oscuro Madera Juego 2 Clásicas
SUBCATEGORÍA	p385345	Muebles/None	Muebles/Sillas de comedor		Juego 2 Sillas Comedor Roundhill Estilo Urbano Cuero Madera Marrón
SUBCATEGORÍA	p385346	Muebles/None	Muebles/Sillas de comedor		Silla Promöbel Mazunte Hulligan Parota Acero Nylon Negro 1 Pieza
SUBCATEGORÍA	p385347	Muebles/None	Muebles/Sillas de oficina		Silla Oficina Giratoria Furniliving Verde Oscuro Terciopelo Base Dorada
SUBCATEGORÍA	p385348	Muebles/None	Muebles/Camas individuales		Cama Individual Haricot de Room 210x115 cm, Color Gris
SUBCATEGORÍA	p385349	Muebles/None	Muebles/Camas queen y king		Cama King Size Room Haut Tapizada Tela Gris Madera Pino 215x225 cm
SUBCATEGORÍA	p385350	Muebles/None	Muebles/Sillas de comedor		Silla De Comedor Daniel Gris Këssa Cdmx
SUBCATEGORÍA	p385351	Muebles/None	Muebles/Sillas de comedor		Silla De Comedor Lia Negro Këssa Cdmx
SUBCATEGORÍA	p385352	Muebles/None	Muebles/Sillas de comedor		Silla De Comedor Genil Gris Këssa Cdmx
SUBCATEGORÍA	p385353	Muebles/None	Muebles/Sillas de comedor		Silla De Comedor Rioja Gris Këssa Cdmx
SUBCATEGORÍA	p385354	Muebles/None	Muebles/Sillas de comedor		Silla De Comedor Felix Negro Këssa Cdmx
SUBCATEGORÍA	p385355	Muebles/None	Muebles/Sillas de comedor		Silla De Comedor Aston Negro Këssa Cdmx
SUBCATEGORÍA	p385356	Muebles/None	Muebles/Sillas de comedor		Silla De Comedor Adage Gris Këssa Cdmx
SUBCATEGORÍA	p385357	Muebles/None	Muebles/Sillas de comedor		Silla De Comedor Desdamona Gris Këssa Cdmx
SUBCATEGORÍA	p385358	Muebles/None	Muebles/Sillas de exterior		Arrodillador Y Asiento De Jardin Resistente, Taburetes De Ja
SUBCATEGORÍA	p385359	Muebles/None	Muebles/Taburetes y bancos		Taburetes de Jardín vidaXL Ratán Café 2 Piezas con Cojines
SUBCATEGORÍA	p385360	Muebles/None	Muebles/Taburetes y bancos		Taburetes de Jardín Poly Rattan Beige vidaXL con Cojines y Patas de Acero
SUBCATEGORÍA	p385361	Muebles/None	Muebles/Taburetes y bancos		Taburetes De Jardín 2 Piezas Con Cojines Poly Rattan Beige Color Gris
SUBCATEGORÍA	p385362	Muebles/None	Muebles/Taburetes y bancos		Taburetes Vivohome de Ratán Negro para Exterior con Cojines – Pack de 2
SUBCATEGORÍA	p385363	Muebles/None	Muebles/Taburetes y bancos		Taburetes Plegables de Bar para Exterior con Madera - Set de 2, Café
SUBCATEGORÍA	p385364	Muebles/None	Muebles/Sillas plegables y de camping		Silla Plegable De Loneta Con Porta Vaso Surtek
SUBCATEGORÍA	p385365	Muebles/None	Muebles/Mesas para TV y consolas		Mueble De Tv Rack Top Living Moderno Blanco Y Café Blanco
SUBCATEGORÍA	p385366	Muebles/None	Muebles/Mesas para TV y consolas		Mueble Para TV Top Living Moderno Centro De Entretenimiento Para Television Mesa Tipo Consola Con Pu
SUBCATEGORÍA	p385367	Muebles/None	Muebles/Juegos de comedor		Juego Comedor Kingshouse 4 Sillas Mesa Rectangular Cristal Blanco
SUBCATEGORÍA	p385368	Muebles/None	Muebles/Mesas de comedor		Comedor 4 sillas Kingshouse tapizadas moderno mesa vidrio gris claro
SUBCATEGORÍA	p385369	Muebles/None	Muebles/Juegos de comedor		Juego De Comedor Rectangular Kingshouse 4 Sillas Metal Vidrio Negro
SUBCATEGORÍA	p385370	Muebles/None	Muebles/Juegos de comedor		Juego De Comedor 4 Sillas Mesa Rectangular Cocina Cafetería Color Beige Kingshouse Salvia
SUBCATEGORÍA	p385371	Muebles/None	Muebles/Juegos de comedor		Juego de Comedor Kingshouse con Mesa Rectangular de Vidrio y 4 Sillas Beige
SUBCATEGORÍA	p385372	Muebles/None	Muebles/Juegos de comedor		Juego Comedor con Mesa Extensible Rectangular y 6 Sillas Kingshouse Madera Metal Cocina
SUBCATEGORÍA	p385373	Muebles/None	Muebles/Juegos de comedor		Juego Comedor 6 Sillas Beige Kingshouse Modelo Vita Madera Minimalista Industrial Muebles Hogar
SUBCATEGORÍA	p385374	Muebles/None	Muebles/Juegos de comedor		Juego De Comedor 4 Sillas Mesa Rectangular Cocina Cafetería Color Madera Kingshouse Salvia
SUBCATEGORÍA	p385375	Muebles/None	Muebles/Juegos de comedor		Juego Comedor 6 Sillas Verde Kingshouse Modelo Vita Madera Minimalista Industrial Muebles Hogar
SUBCATEGORÍA	p385376	Muebles/None	Muebles/Juegos de comedor		Juego De Comedor Con Mesa Vidrio Templado 6 Sillas Rectangular Moderno Color Negro Kingshouse
SUBCATEGORÍA	p385377	Muebles/None	Muebles/Juegos de comedor		Juego Comedor Mesa Rectangular y 6 Sillas Moderno de Metal y Madera Kingshouse Cocina Beige
SUBCATEGORÍA	p385378	Muebles/None	Muebles/Puffs y otomanas		Songmics Ulsf102b01 Reposapiés Negro Para Oficina
SUBCATEGORÍA	p385379	Muebles/None	Muebles/Puffs y otomanas		Songmics Plegable Otomana De Almacenamiento, Cube Repos
SUBCATEGORÍA	p385380	Muebles/None	Muebles/Puffs y otomanas		Songmics Reposapiés Negro Para Hogar Y Oficinamlsf047b01
SUBCATEGORÍA	p385381	Muebles/None	Muebles/Mesas de centro		Mesa de Almacenamiento Otomana Songmics con Asa, Marrón
SUBCATEGORÍA	p385382	Muebles/None	Muebles/Taburetes y bancos		Banco de Almacenamiento Songmics para Hogar, Gris Oscuro
SUBCATEGORÍA	p385383	Muebles/None	Muebles/Sillas de exterior		Silla Exterior Rattan Café vidaXL Modelo 246809
SUBCATEGORÍA	p385384	Muebles/None	Muebles/Sillas de exterior		Sillas Jardín Alumino Fundido Blanco resistente VidaXL
SUBCATEGORÍA	p385385	Muebles/None	Muebles/Sofás de 2 y 3 plazas		Mecedora Jardín Madera Blanca VidaXL Resistente
SUBCATEGORÍA	p385386	Muebles/None	Muebles/Sillas de exterior		Silla Jardín Reclinable Madera Teca Café vidaXL
SUBCATEGORÍA	p385387	Muebles/None	Muebles/Sillas de exterior		Silla Jardín Ratán Sintético Gris VidaXL Cojín Almohada
SUBCATEGORÍA	p385388	Muebles/None	Muebles/Sillas de exterior		Sillas Jardín Reclinables Plástico Café 4 Pzas VidaXL
SUBCATEGORÍA	p385389	Muebles/None	Muebles/Sillas de exterior		Sillas Jardín VidaXL Ratán Gris Acero 2 Piezas
SUBCATEGORÍA	p385390	Muebles/None	Muebles/Sillas de exterior		Silla Director Jardín Madera Acacia Azul Plegable vidaXL
SUBCATEGORÍA	p385391	Muebles/None	Muebles/Sofás de 2 y 3 plazas		Mecedora Jardín Ratán Café Marca VidaXL Material Madera
SUBCATEGORÍA	p385392	Muebles/None	Muebles/Sillas de exterior		Silla de Esquina de Ratán vidaXL Café con Cojines
SUBCATEGORÍA	p385393	Muebles/None	Muebles/Sillas de oficina		Sillas Giratorias Jardín vidaXL 2 Piezas Aluminio Fundido Bronce
SUBCATEGORÍA	p385394	Muebles/None	Muebles/Sillas de exterior		Silla de Jardín Ratán Blanco Patas de Acero vidaXL
SUBCATEGORÍA	p385395	Muebles/None	Muebles/Taburetes y bancos		Banco Exterior Madera 2 Plazas Cojines Color Crema VidaXL
SUBCATEGORÍA	p385396	Muebles/None	Muebles/Sillas de oficina		Silla Director vidaXL Plegable Madera Maciza Acacia Verde Exterior
SUBCATEGORÍA	p385397	Muebles/None	Muebles/Sillas de exterior		Silla Jardín Reclinable Café Rattán Sintético Cojines Exteriores VidaXL
SUBCATEGORÍA	p385398	Muebles/None	Muebles/Sillas plegables y de camping		Silla Director Plegable Madera Acacia Gris vidaXL Exterior Jardín
SUBCATEGORÍA	p385400	Muebles/None	Muebles/Sillas de exterior		Sillas Jardín Apilables Poly Rattan Crema 2 Piezas vidaXL
SUBCATEGORÍA	p385401	Muebles/None	Muebles/Mesas de exterior		Set 2 Sillas Jardín VidaXL Ratán Negro Patas Acero
SUBCATEGORÍA	p385402	Muebles/None	Muebles/Sillas de exterior		Sillón Exterior Plegable Madera Acacia Café VidaXL Modelo 45974
SUBCATEGORÍA	p385403	Muebles/None	Muebles/Sillas de exterior		Silla de Jardín vidaXL de Madera con Cojines Grises
SUBCATEGORÍA	p385404	Muebles/None	Muebles/Sillas de exterior		Silla de Jardín vidaXL de Ratán con Cojines, Café
SUBCATEGORÍA	p385405	Muebles/None	Muebles/Sillas plegables y de camping		Sillas Plegables Jardín VidaXL 6 Piezas Madera Teca Ratán Gris
SUBCATEGORÍA	p385406	Muebles/None	Muebles/Sillas de exterior		Sillas Jardín VidaXL Madera Teca 3 Pzas Cojines Verde Ratan
SUBCATEGORÍA	p385407	Muebles/None	Muebles/Sillas plegables y de camping		Sillas Plegables Bambú Gris Oscuro vidaXL Director Exteriores 2 Unidades
SUBCATEGORÍA	p385409	Muebles/None	Muebles/Sillones y reclinables		Silla Reclinable para Jardín de Ratán Café con Cojines – VidaXL
SUBCATEGORÍA	p385410	Muebles/None	Muebles/Sillas de exterior		Sillas de Jardín Rattan Negro Madera Juego 2 Piezas vidaXL
SUBCATEGORÍA	p385411	Muebles/None	Muebles/Sillas plegables y de camping		Sillas Plegables 2 Piezas Madera Teca Tela Gris VidaXL Café
SUBCATEGORÍA	p385412	Muebles/None	Muebles/Sofás de 2 y 3 plazas		Mecedora de Jardín vidaXL Madera Gris Piezas Exteriores Modelo 45704
SUBCATEGORÍA	p385413	Muebles/None	Muebles/Sillas plegables y de camping		Sillas Plegables Director 2 Unid Madera Acacia Gris Exterior vidaXL
SUBCATEGORÍA	p385414	Muebles/None	Muebles/Sillas de exterior		Silla Esquina Modular Ratán Negro Patas Acero Modelo 48293 VidaXL
SUBCATEGORÍA	p385415	Muebles/None	Muebles/Taburetes y bancos		Banco de Jardín 2 Plazas Madera Crema con Cojines vidaXL
SUBCATEGORÍA	p385416	Muebles/None	Muebles/Sillas plegables y de camping		Sillas Plegables Jardín Teca Gris VidaXL 2 Piezas Modelo 41999
SUBCATEGORÍA	p385417	Muebles/None	Muebles/Sillas de oficina		Set 2 Sillas Director VidaXL Madera Acacia Gris4 Cojines Terrazas
SUBCATEGORÍA	p385418	Muebles/None	Muebles/Sillas de exterior		Silla de Jardín Reclinable con Cojines de Ratán Gris VidaXL
SUBCATEGORÍA	p385419	Muebles/None	Muebles/Sillas plegables y de camping		Silla Plegable Director VidaXL Ratán Verde Jardin Teca Modelo 310674
SUBCATEGORÍA	p385420	Muebles/None	Muebles/Sillas plegables y de camping		Silla Plegable de Teca Crema VidaXL Madera Maciza Diseño Compacto
SUBCATEGORÍA	p385421	Muebles/None	Muebles/Sillas de comedor		Silla Café de Madera Maciza de Teca vidaXL Modelo 48018
SUBCATEGORÍA	p385422	Muebles/None	Muebles/Sillas de exterior		Sillas de Jardín de Ratán Verde con Cojines Antracita VidaXL
SUBCATEGORÍA	p385423	Muebles/None	Muebles/Mesas de exterior		Set 2 Sillas Reclinables Jardín Cojines Ratán Gris Café vidaXL
SUBCATEGORÍA	p385424	Muebles/None	Muebles/Sillas de exterior		Sillas de Jardín 4 Piezas Poly Rattan Negro/Gris VidaXL
SUBCATEGORÍA	p385425	Muebles/None	Muebles/Taburetes y bancos		Banco Exterior Madera 2 Plazas Cojines VidaXL Gris Oscuro 70cm
SUBCATEGORÍA	p385426	Muebles/None	Muebles/Sillas plegables y de camping		Silla Plegable Bistró 4 Piezas Madera Acacia Café vidaXL Exterior
SUBCATEGORÍA	p385427	Muebles/None	Muebles/Sillas de comedor		Sillas Con Cojines 2 Pzas VidaXL Madera Acacia Café 3
SUBCATEGORÍA	p385428	Muebles/None	Muebles/Sofás de 2 y 3 plazas		Sofá Jardín Madera Acacia VidaXL Café Cojín Gris Oscuro Exterior
SUBCATEGORÍA	p385429	Muebles/None	Muebles/Sillas plegables y de camping		Sillas Plegables de Madera Acacia VidaXL Café Exteriores 2 Piezas
SUBCATEGORÍA	p385430	Muebles/None	Muebles/Sillas plegables y de camping		Sillas Plegables Jardín Madera de teca Crema 4 Pzas VidaXL
SUBCATEGORÍA	p385431	Muebles/None	Muebles/Sofás seccionales y esquineros		Sofá Modular Para Exterior Ratán VidaXL Eucalipto Gris Cojines Lavables
SUBCATEGORÍA	p385432	Muebles/None	Muebles/Mesas de exterior		Set 3 Sillas Jardín Cojines Crema Madera Teca Café VidaXL
SUBCATEGORÍA	p385433	Muebles/None	Muebles/Sillas de exterior		Sillones Plegables Exterior de Madera Acacia Negro vidaXL 2 Piezas
SUBCATEGORÍA	p385434	Muebles/None	Muebles/Sillas de exterior		Sillas de Jardín VidaXL de Ratán Negro con Cojines Crema
SUBCATEGORÍA	p385435	Muebles/None	Muebles/Sillas de exterior		Silla de Rattán Negro con Apoyabrazos Metal vidaXL 3 Cuerpos
SUBCATEGORÍA	p385436	Muebles/None	Muebles/Sillas plegables y de camping		Sillas Director Plegables Madera Marrón vidaXL Asientos Tela 2 Uds
SUBCATEGORÍA	p385437	Muebles/None	Muebles/Sillas de exterior		Sillas Rattan Antracita 2 Piezas con Cojines Negro/Gris VidaXL
SUBCATEGORÍA	p385438	Muebles/None	Muebles/Sillas plegables y de camping		Silla Plegable Lifetime Color Blanco
SUBCATEGORÍA	p385439	Muebles/None	Muebles/Sillas plegables y de camping		Silla Plegable Lifetime Color Blanco (portátil) Portatil
SUBCATEGORÍA	p385440	Muebles/None	Muebles/Sillas plegables y de camping		Silla Plegable Lifetime de Plástico, Negra y Resistente
SUBCATEGORÍA	p385441	Muebles/None	Muebles/Sillas plegables y de camping		Silla Plegable Lifetime Para Eventos Jardin Exterior 4 Pack Blanco
SUBCATEGORÍA	p385442	Muebles/None	Muebles/Sillas plegables y de camping		Silla Plegable De Plástico Lifetime De Uso Rudo Blanco Lisa
SUBCATEGORÍA	p385443	Muebles/None	Muebles/Sillas plegables y de camping		Silla De Plastico Plegable Lifetime 2810 Blanca 23900010 Color Blanco
SUBCATEGORÍA	p385444	Muebles/None	Muebles/Mecedoras y colgantes		Banca Mecedora Lifetime Color Café De 112 Cm Café Lisa
SUBCATEGORÍA	p385445	Muebles/None	Muebles/Sillas plegables y de camping		Silla Plegable Capacidad De 150 Kilos Lifetime 1374484 Cst Color Blanco
SUBCATEGORÍA	p385446	Muebles/None	Muebles/Sillas plegables y de camping		Lifetime Sillas Plegables De Gcomercial, Paquete De 4, Neg. Plástico
SUBCATEGORÍA	p385447	Muebles/None	Muebles/Sillas plegables y de camping		Set De 4 Sillas Plegables Reforzadas Negras Styrka Negro Sipl04
SUBCATEGORÍA	p385448	Muebles/None	Muebles/Sillas plegables y de camping		Set De 4 Sillas Plegables Reforzadas Styrka Blancas Blanco Silla Plegable
SUBCATEGORÍA	p385449	Muebles/None	Muebles/Sillas plegables y de camping		Set De 6 Sillas Plegables Reforzadas Plástico Negro Styrka Negro
SUBCATEGORÍA	p385450	Muebles/None	Muebles/Sillas plegables y de camping		Set De 6 Sillas Plegables Plástico Reforzadas Styrka Negras Color Negro SIPL02
SUBCATEGORÍA	p385451	Muebles/None	Muebles/Mesas de centro		Mesa Redonda de Metal Azul Flash Furniture de 24"
SUBCATEGORÍA	p385452	Muebles/None	Muebles/Sillas de espera y visitas		Flash Furniture Silla Chiavari Apilable De Resina Negra Her. Color Negro
SUBCATEGORÍA	p385453	Muebles/None	Muebles/Mesas altas y de bar		Mesa Alta Bar Aluminio Flash Furniture Redonda Para Exterior Interior
SUBCATEGORÍA	p385455	Muebles/None	Muebles/Mesas de exterior		Juego de Mesa y Sillas de Jardín Flash Furniture Nantucket 6 Piezas Color Navy
SUBCATEGORÍA	p385456	Muebles/None	Muebles/Juegos de comedor		Juego de Comedor de Metal Cuadrado Rojo Flash Furniture con 4 Sillas Apilables
SUBCATEGORÍA	p385457	Muebles/None	Muebles/Sillas plegables y de camping		Silla Maxchief Plegable metalica color Gris
SUBCATEGORÍA	p385458	Muebles/None	Muebles/Sillas plegables y de camping		Maxchief sillas metalicas 2 unidades plegable acojinada premium color gris
SUBCATEGORÍA	p385459	Muebles/None	Muebles/Sillas plegables y de camping		10 Sillas Plegables Maxchief Acero Gris Acojinadas Portátiles Resistentes 130 Kg
SUBCATEGORÍA	p385460	Muebles/None	Muebles/Sillas de exterior		Silla de jardín Maxchief FC52 color gris 1 cuerpo 74.6cm x 47cm x 49.1cm
SUBCATEGORÍA	p385461	Muebles/None	Muebles/Sillas plegables y de camping		Juego Sillas Mesa Plegables Patio Jardín 3 Piezas Acero CSWYMX
SUBCATEGORÍA	p385462	Muebles/None	Muebles/Mesas de exterior		Silla Acolchada CSWYMX Madera Plegable Acero Patio Juego Bistro
SUBCATEGORÍA	p385463	Muebles/None	Muebles/Sillas plegables y de camping		Juego Sillas Mesa Plegables Patio Jardín 3 Pzas CSWYMX Acero
SUBCATEGORÍA	p385464	Muebles/None	Muebles/Sillones y reclinables		Pack de 2 Sillones Gerenciales Clatina de Oficina Ejecutiva con Altura Ajustable y Ruedas
SUBCATEGORÍA	p385465	Muebles/None	Muebles/Mesas de centro		Juego de Mesa Cuadrada con 4 Sillas Tubulares Industrial Mobeler
SUBCATEGORÍA	p385466	Muebles/None	Muebles/Escritorios gamer		Escritorio Gamer Maderkit Basic 120x52 Cm Compacto Wengue/rojo
SUBCATEGORÍA	p385467	Muebles/None	Muebles/Escritorios de oficina		Heaimo Escritorios Minimalistas Para Computadora 100 Cm ×40 Cm × 100 Cm , Estructura Resistente De M
SUBCATEGORÍA	p385468	Muebles/None	Muebles/Escritorios de oficina		Escritorio Multifuncional Para Office Y Estudio Con Librero Supcozy Escritorio Ejecutivo
SUBCATEGORÍA	p385469	Muebles/None	Muebles/Escritorios en L y esquineros		Escritorio PORTGA en L para Oficina PORTGA Ajustable, Monitor Soporte,Gestión de Cables,140*140*88.5
SUBCATEGORÍA	p385470	Muebles/None	Muebles/Escritorios de oficina		Portga Escritorio Para Computadora Escritorios Minimalistas 120 Cm × 60 Cm × 112,5 Cm Adecuado Para 
SUBCATEGORÍA	p385471	Muebles/None	Muebles/Escritorios de oficina		Portga Escritorio Para Computadora Escritorios Minimalistas 120 Cm × 60 Cm × 112,5 Cm Adecuado Para 
SUBCATEGORÍA	p385472	Muebles/None	Muebles/Escritorios de oficina		Portga Escritorio Para Computadora Escritorios Minimalistas 120 Cm × 60 Cm × 112,5 Cm Adecuado Para 
SUBCATEGORÍA	p385473	Muebles/None	Muebles/Escritorios de oficina		Portga Escritorio Para Computadora Escritorios Minimalistas 120 Cm × 60 Cm × 112,5 Cm Adecuado Para 
SUBCATEGORÍA	p385474	Muebles/None	Muebles/Escritorios de oficina		Portga Escritorio Para Computadora Escritorios Minimalistas 120 Cm × 60 Cm × 112,5 Cm Adecuado Para 
SUBCATEGORÍA	p385475	Muebles/None	Muebles/Escritorios de oficina		Portga Escritorios Para Computadora Mesilla De Oficina De 120cm×60cm×112,5cm Adecuado Para Oficinas 
SUBCATEGORÍA	p385476	Muebles/None	Muebles/Escritorios de oficina		Portga Escritorios Minimalistas Para Computadora 120 Cm × 112,5 Cm × 60 Cm Escritorio Para Oficina I
SUBCATEGORÍA	p385477	Muebles/None	Muebles/Escritorios de oficina		Portga Escritorios Minimalistas Para Computadora 120 Cm × 112,5 Cm × 60 Cm Escritorio Para Oficina I
SUBCATEGORÍA	p385478	Muebles/None	Muebles/Escritorios de oficina		Portga Escritorios Minimalistas Para Computadora 120 Cm × 112,5 Cm × 60 Cm Escritorio Para Oficina I
SUBCATEGORÍA	p385479	Muebles/None	Muebles/Escritorios de oficina		Portga Escritorios Minimalistas Para Computadora 120 Cm × 112,5 Cm × 60 Cm Escritorio Para Oficina I
SUBCATEGORÍA	p385480	Muebles/None	Muebles/Escritorios de oficina		Portga Escritorios Minimalistas 120 Cm × 112,5 Cm × 60 Cm Escritorio Para Oficina Ideal Para Oficina
SUBCATEGORÍA	p385481	Muebles/None	Muebles/Escritorios de oficina		Portga Escritorio De Estilo Clásico, escritorio forma L Con Posición Ajustable, Con 4 Cajones, Dos P
SUBCATEGORÍA	p385482	Muebles/None	Muebles/Escritorios en L y esquineros		Portga Escritorios De Oficinas En L.mesas De Ordenador Con Bolsillos Laterales Y 3 Ganchos.140*140*8
SUBCATEGORÍA	p385483	Muebles/None	Muebles/Escritorios de oficina		Portga Escritorio De Estilo Clásico, escritorio forma L Con Posición Ajustable, Con 4 Cajones, Dos P
SUBCATEGORÍA	p385484	Muebles/None	Muebles/Escritorios en L y esquineros		Portga Escritorios De Oficinas En L.mesas De Ordenador Con Bolsillos Laterales Y 3 Ganchos. Tamaño 1
SUBCATEGORÍA	p385485	Muebles/None	Muebles/Escritorios en L y esquineros		Portga Escritorios De Oficinas En L.mesas De Computación Con Mesa Auxiliar Y 4 Cajones. Dimensiones 
SUBCATEGORÍA	p385486	Muebles/None	Muebles/Escritorios de oficina		Escritorio Minimalista Portga 120 Cm X 60 Cm X 112,5 Cm Escritorios De Oficina Con Patas Resistentes
SUBCATEGORÍA	p385487	Muebles/None	Muebles/Escritorios de oficina		Escritorio Minimalista Portga 120 Cm X 60 Cm X 112,5 Cm Escritorios De Oficina Con Patas Resistentes
SUBCATEGORÍA	p385488	Muebles/None	Muebles/Escritorios de oficina		Escritorio Minimalista Portga 120 Cm X 60 Cm X 112,5 Cm Escritorios De Oficina Con Patas Resistentes
SUBCATEGORÍA	p385489	Muebles/None	Muebles/Escritorios en L y esquineros		Portga Escritorio De Oficinas En L.mesas De Computación Con Mesa Auxiliar Y 4 Cajones. Dimensiones 1
SUBCATEGORÍA	p385490	Muebles/None	Muebles/Escritorios gamer		Portga Escritorio Gamer En L Escritorios Oficina Con Mesa Auxiliar Y 4 Cajones. Dimensiones 140*78*7
SUBCATEGORÍA	p385491	Muebles/None	Muebles/Escritorios gamer		Portga Escritorio Gamer En L Escritorios Oficina Con Mesa Auxiliar Y 4 Cajones. Dimensiones 140*78*7
SUBCATEGORÍA	p385492	Muebles/None	Muebles/Escritorios gamer		Escritorio Gamer Reversible en L VIVANIDO de Fibra de Carbono con Estantes y Pasacables
SUBCATEGORÍA	p385493	Muebles/None	Muebles/Escritorios de oficina		VIVANIDO Escritorio De Computadora Reversible En Forma L Con Estante De Almacenamiento, Patas De Sop
SUBCATEGORÍA	p385494	Muebles/None	Muebles/Escritorios gamer		Escritorio Gamer VIVANIDO en L Reversible con Estación de Carga USB y Enchufes, Superficie de Fibra 
SUBCATEGORÍA	p385495	Muebles/None	Muebles/Escritorios de oficina		Hordy Escritorio De Oficina Negro Minimalista 120*53*75cm
SUBCATEGORÍA	p385496	Muebles/None	Muebles/Escritorios gamer		Escritorio Gamer Hordy Blanco de 110 cm con Acabado en Fibra de Carbón
SUBCATEGORÍA	p385497	Muebles/None	Muebles/Escritorios gamer		Escritorio Gamer en Forma de L Hordy Negro, con Estanterías Ajustables y 1 Cajón
SUBCATEGORÍA	p385498	Muebles/None	Muebles/Sillas de oficina		Silla De Oficina Gomyhome Giratoria Pana Altura Ajustable
SUBCATEGORÍA	p385499	Muebles/None	Muebles/Sillas de oficina		Silla Oficina Moderna Ergonómica Altura Ajustable Moderna Negro Pu
SUBCATEGORÍA	p385500	Muebles/None	Muebles/Sillas de oficina		Silla Ergonómica Taburete Altura Ajustable Oficina Negocio Color Plateado
SUBCATEGORÍA	p385501	Muebles/None	Muebles/Sillas de oficina		Silla Secretarial Luxo L100 Marrón Tela Giratoria Altura Ajustable
SUBCATEGORÍA	p385502	Muebles/None	Muebles/Sillas de oficina		Silla Ergonómica Taburete Altura Ajustable Oficina Negocio Color Beige
SUBCATEGORÍA	p385503	Muebles/None	Muebles/Sillas de oficina		Silla de Oficina Operativa Olixis Azul Giratoria con Altura Ajustable
SUBCATEGORÍA	p385504	Muebles/None	Muebles/Sillas de oficina		Silla Ergonómica Taburete Altura Ajustable Oficina Negocio Color Gris oscuro
SUBCATEGORÍA	p385505	Muebles/None	Muebles/Sillas de oficina		Silla De Escritorio Moderna Altura Ajustable Giratoria Prato Rosa Terciopelo
SUBCATEGORÍA	p385506	Muebles/None	Muebles/Camas matrimoniales		Cama Matrimonial DHP Lafayette Estilo Rústico Bronce Ajustable Altura
SUBCATEGORÍA	p385507	Muebles/None	Muebles/Cabeceras		Cama Matrimonial FURRIFIC con Cabecera Tapizada, Almacenaje y Luces LED RGB
SUBCATEGORÍA	p385508	Muebles/None	Muebles/Bases de cama y box		Base Cama Matrimonial Plegable FURRIFIC de Acero Reforzado y con Almacenamiento
SUBCATEGORÍA	p385509	Muebles/None	Muebles/Cabeceras		Cama Matrimonial Furrific con Cabecera Tapizada, Luces LED y Estación de Carga
SUBCATEGORÍA	p385510	Muebles/None	Muebles/Bases de cama y box		FURRIFIC Base De Cama Flotante Individual Con Luces LED RGB, Estructura Metálica Moderna Para Recáma
SUBCATEGORÍA	p385511	Muebles/None	Muebles/Camas infantiles		FURRIFIC Cama Infantil Casita Individual Para Niños,Cama Montessori con Barandales, 9 Bolsillos Orga
SUBCATEGORÍA	p385512	Muebles/None	Muebles/Camas infantiles		FURRIFIC Cama Infantil Casita Individual Para Niños,Cama Montessori con Barandales, 9 Bolsillos Orga
SUBCATEGORÍA	p385513	Muebles/None	Muebles/Camas plegables y catres		Furrific Cama Plegable Individual 98*190cm Con Colchón Viscoelástico De 12 Cm, Soporta 300 Kg + Bols
SUBCATEGORÍA	p385514	Muebles/None	Muebles/Bases de cama y box		Furrific Base de Cama Matrimonial de Metal con Almacenamiento con LED de App control, 190*135*36cm, 
SUBCATEGORÍA	p385515	Muebles/None	Muebles/Bases de cama y box		Furrific Base de Cama King de Metal con Almacenamiento con LED de App control, 200*190*36cm, Base de
SUBCATEGORÍA	p385516	Muebles/None	Muebles/Bases de cama y box		Furrific Base de Cama Individual con Enchufe, 95,5 cm X 189,5 cm X 35 cm, Cama de Hierro Económica c
SUBCATEGORÍA	p385517	Muebles/None	Muebles/Camas individuales		Cama Semi Alta Individual Con Escritorio
SUBCATEGORÍA	p385518	Muebles/None	Muebles/Libreros		Furrific Marrón Librero Organizador En S Con 6 Niveles,estante Para Sala 160x70x24cm Adecuado para s
SUBCATEGORÍA	p385519	Muebles/None	Muebles/Colchones individuales		Colchón Individual Cotton Blue Altura 21cm Blanco Naap Concept
SUBCATEGORÍA	p385520	Muebles/None	Muebles/Colchones matrimoniales		Colchón Matrimonial Saratoga Forme Resorte Firme Altura 25cm
SUBCATEGORÍA	p385521	Muebles/None	Muebles/Colchones matrimoniales		Colchon Matrimonial Tibet Con Memory Foam, Altura 25 Cm Blanco
SUBCATEGORÍA	p385522	Muebles/None	Muebles/Colchones individuales		Colchón Luxe Memory Foam Individual Altura 30 Cm Blanco/beige
SUBCATEGORÍA	p385523	Muebles/None	Muebles/Roperos		Armario Armable Negro 12 Puertas Perchero Zapatera Modular Breezee
SUBCATEGORÍA	p385524	Muebles/None	Muebles/Burós		Buró Mesa De Noche FURRIFIC con 6 Cajones de Tela y 2 Estantes, Marrón
SUBCATEGORÍA	p385525	Muebles/None	Muebles/Roperos		FURRIFIC Armario Closet Con 8 Cajones, Mueble De Almacenamiento 80x30x93cm, Cómoda cajonera Gris, Mu
SUBCATEGORÍA	p385526	Muebles/None	Muebles/Roperos		Furrific Cómoda Cajonera Para Organización De Dormitorio Con 5 Cajones De Almacenamiento Estante Res
SUBCATEGORÍA	p385527	Muebles/None	Muebles/Roperos		FURRIFIC Armario Con 4 Cajones, Mueble De Almacenaje Multifuncional Con 2 Estantes, Cómoda Cajonera 
SUBCATEGORÍA	p385528	Muebles/None	Muebles/Roperos		Furrific® Armario Cómoda Con 3 Cajones De Tela Y 2 Niveles, Marco De Acero Plegable Cajonera, Mueble
SUBCATEGORÍA	p385529	Muebles/None	Muebles/Taburetes y bancos		Banco Alto de Cocina Nautica Home Lyra en Tela Lino Beige con Giro 360 y Altura Ajustable
SUBCATEGORÍA	p385530	Muebles/None	Muebles/Sillas de espera y visitas		Silla Apilable Negra 26 Pulgadas De Altura
SUBCATEGORÍA	p385531	Muebles/None	Muebles/Sillas de comedor		Juego De 4 Sillas Para Comedor Minimalista Color Negro Randu
SUBCATEGORÍA	p385532	Muebles/None	Muebles/Sillas de comedor		Juego De 4 Sillas Para Comedor Minimalista Randu Color Rojo
SUBCATEGORÍA	p385533	Muebles/None	Muebles/Sillas de comedor		Juego De 4 Sillas Para Comedor Minimalista Color Crema Randu SLLCM1
SUBCATEGORÍA	p385534	Muebles/None	Muebles/Sillas de comedor		Juego De 4 Sillas Para Comedor Minimalista Color Verde Randu
SUBCATEGORÍA	p385535	Muebles/None	Muebles/Sillas de comedor		Set De 4 Sillas Para Comedor Mubson De Curpiel Vintage Estructura de la silla Café
SUBCATEGORÍA	p385536	Muebles/None	Muebles/Sillas de comedor		Set De 4 Sillas Para Comedor Mubson Sillas Estilo Eames Estructura de la silla Negro Asiento Gris
SUBCATEGORÍA	p385537	Muebles/None	Muebles/Sillas de comedor		Set De 4 Sillas Para Comedor Mubson Sillas Estilo Eames Estructura de la silla Negro Asiento Café
SUBCATEGORÍA	p385538	Muebles/None	Muebles/Sillas plegables y de camping		Silla Plegable Acolchada Verde 90 cm con Reposapiés Breezee Market
SUBCATEGORÍA	p385539	Muebles/None	Muebles/Sillas plegables y de camping		Mubson Reven set de 4 sillas plegables metalicas sillas exteriores color negro liso
SUBCATEGORÍA	p385540	Muebles/None	Muebles/Mesas para TV y consolas		Mueble Mesa Para Tv Mesa De Centro Con 4 Tela Cajones Zocalo Color Marrón
SUBCATEGORÍA	p385541	Muebles/None	Muebles/Mesas para TV y consolas		Mueble Mesa Para Tv Mesa De Centro Con 4 Tela Cajones Zocalo Color Negro
SUBCATEGORÍA	p385542	Muebles/None	Muebles/Mesas para TV y consolas		Mesa Para Tv Mubson Centro Entretenimiento Color Marrón
SUBCATEGORÍA	p385543	Muebles/None	Muebles/Mesas para TV y consolas		Centro De Entretenimiento Para Tv Mubson Mueble Para Tv Color Marrón
SUBCATEGORÍA	p385544	Muebles/None	Muebles/Mesas para TV y consolas		Centro De Entretenimiento Para Tv Mubson Mueble Para Tv Color Blanco
SUBCATEGORÍA	p385545	Muebles/None	Muebles/Mesas para TV y consolas		Mueble Para Tv 40 - 60 Pulgadas Mesa Para Televisión Mubson Color Marrón
SUBCATEGORÍA	p385546	Muebles/None	Muebles/Mesas para TV y consolas		Mueble Para Tv 45'' Mesa Para Televisión 110x50 Cm Mubson Color Marrón
SUBCATEGORÍA	p385547	Muebles/None	Muebles/Mesas para TV y consolas		Mueble Para Tv 50-65 Pulgadas Mesa Television 160cm Mubson Color Marrón
SUBCATEGORÍA	p385548	Muebles/None	Muebles/Mesas para TV y consolas		Mesa Para Tv 55 Mubson Centro De Entretenimiento Para Sala Color Marrón
SUBCATEGORÍA	p385549	Muebles/None	Muebles/Mesas para TV y consolas		Mesa Para Tv De 55 Pulgadas Mubson Centro De Entretenimiento Color Marrón
SUBCATEGORÍA	p385550	Muebles/None	Muebles/Mesas para TV y consolas		Mesa Para Tv 65. Centro De Entretenimiento 160x30 Cm Mubson Color Marrón oscuro
SUBCATEGORÍA	p385551	Muebles/None	Muebles/Mesas para TV y consolas		Mueble Para Tv D 50-80 Pulgadas Mesa Televisión 160cm Mubson Color Negro
SUBCATEGORÍA	p385552	Muebles/None	Muebles/Mesas para TV y consolas		Mueble Para Tv D 50-80 Pulgadas Mesa Televisión 160cm Mubson Color Marrón
SUBCATEGORÍA	p385553	Muebles/None	Muebles/Mesas para TV y consolas		Mesa Para Tv 40 A 65 Pulgadas. Mesa Para Tv 150x40cm Mubson Color Marrón
SUBCATEGORÍA	p385554	Muebles/None	Muebles/Mesas para TV y consolas		Mesa Para Tv 40 A 65 Pulgadas. Mesa Para Tv 150x40 Cm Mubson Color Marrón
SUBCATEGORÍA	p385556	Muebles/None	Muebles/Mesas para TV y consolas		FURRIFIC Mueble para TV Marrón de 160cm con Estantes y 9 Cajones, para Televisores de hasta 75 Pulga
SUBCATEGORÍA	p385557	Muebles/None	Muebles/Mesas para TV y consolas		FURRIFIC Mesa Para Tv 190CM con 10 Cajones y Tira LED RGB, Mueble Moderno para Televisores de 65 a 8
SUBCATEGORÍA	p385558	Muebles/None	Muebles/Mesas para TV y consolas		FURRIFIC Mueble De Tv Moderno 160 cm, Para Televisores 55-75 Pulgada Con 12 Cajones Y Tira Luz Rgb, 
SUBCATEGORÍA	p385560	Muebles/None	Muebles/Mesas para TV y consolas		Mueble TV Negro Moderne Monarch Specialties I STAND-48 L con Almacenamiento
SUBCATEGORÍA	p385561	Muebles/None	Muebles/Mesas para TV y consolas		Mueble De Tv Vasagle Con 2 Puertas Color Marrón
SUBCATEGORÍA	p385562	Muebles/None	Muebles/Mesas para TV y consolas		Mueble De Tv Vasagle Para Televisores Hasta 65 Pulgadas Color Marrón Rústico Negro
SUBCATEGORÍA	p385563	Muebles/None	Muebles/Mesas para TV y consolas		Mueble De Tv Vasagle Para Televisores De Hasta 75 Pulgadas Color Marrón Rústico Negro
SUBCATEGORÍA	p385564	Muebles/None	Muebles/Cabeceras		Base De Cama Individual Mubson Con Cabecera De Acero Color Marrón
SUBCATEGORÍA	p385565	Muebles/None	Muebles/Bases de cama y box		Base De Cama Matrimonial Mubson Estructura Acero Color Nogal Color Marrón
SUBCATEGORÍA	p385566	Muebles/None	Muebles/Cabeceras		Base Cama Matrimonial FURRIFIC con Cabecero Madera, Luces LED y Estación de Carga
SUBCATEGORÍA	p385567	Muebles/None	Muebles/Bases de cama y box		FURRIFIC Marco de Cama Individual con Luz LED Base de Almacenamiento 100x190 cm
SUBCATEGORÍA	p385568	Muebles/None	Muebles/Cabeceras		FURRIFIC Cama Matrimonial Con Cabecera Tapizada, Base Metálica Con Almacenaje, Luces Rgb Led Intelig
SUBCATEGORÍA	p385569	Muebles/None	Muebles/Bases de cama y box		FURRIFIC Base Cama Individual Plegable de Metal 190x96cm, Soporta 320Kg,Estructura de Hierro Resiste
SUBCATEGORÍA	p385570	Muebles/None	Muebles/Bases de cama y box		Furrific Marco De Cama Tamaño Matrimonial Con Espacio Dealmacenamient Base Cama Matrimonial,espacio 
SUBCATEGORÍA	p385571	Muebles/None	Muebles/Cabeceras		Furrific Base Cama Individual Metal 99x197x31cm, Cabecero Madera con Almacenamiento, Estructura Acer
SUBCATEGORÍA	p385572	Muebles/None	Muebles/Camas plegables y catres		Furrific Cama Plegable Individual Con Colchón De Espuma Viscoelástica De 12 Cm, Base Metálica Reforz
SUBCATEGORÍA	p385573	Muebles/None	Muebles/Bases de cama y box		Furrific Base Cama King Size Floating 203x193x19.5cm, Estructura Metálica con Luces LED Ajustables y
SUBCATEGORÍA	p385574	Muebles/None	Muebles/Bases de cama y box		Furrific Base de Cama Individual con Luces LED y Enchufe Integrado, Estructura de Metal Resistente c
SUBCATEGORÍA	p385575	Muebles/None	Muebles/Cabeceras		Furrific Base De Cama Matrimonial Metal Con Cabecero De Madera y Almacenamiento, Estructura De Acero
SUBCATEGORÍA	p385576	Muebles/None	Muebles/Cabeceras		Furrific® Marco De Cama Individual De Metal Base Resistente Con Cabecero y Estribo Base de Cama Estr
SUBCATEGORÍA	p385577	Muebles/None	Muebles/Juegos de comedor		Juego De Mesa De Comedor Vasagle, Mesa De Cocina Con Sillas Amarillo
SUBCATEGORÍA	p385578	Muebles/None	Muebles/Puffs y otomanas		Reposapies Altura Ajustable Lavable Ergonomico Antideslizant
SUBCATEGORÍA	p385579	Muebles/None	Muebles/Puffs y otomanas		Mind Reader Reposapiés Ergonómico De Altura Ajustable
SUBCATEGORÍA	p385580	Muebles/None	Muebles/Accesorios y organizadores de escritorio		Mount-it! Reposapiés Ergonómico Debajo Del Escritorio | Reposapiés De Oficina Ajustable En Altura Co
SUBCATEGORÍA	p385581	Muebles/None	Muebles/Puffs y otomanas		Huanuo Reposapiés Ajustable Con Masaje 3 Alturas Y Ángulo
SUBCATEGORÍA	p385582	Muebles/None	Muebles/Accesorios y organizadores de escritorio		Reposapiés De Escritorio Ajustable Ergofoam Para Agregar - L
SUBCATEGORÍA	p385583	Muebles/None	Muebles/Accesorios y organizadores de escritorio		Reposapiés Amovil Ergonómico Ajustable para Oficina y Escritorio
SUBCATEGORÍA	p385584	Muebles/None	Muebles/Accesorios y organizadores de escritorio		Reposapiés Ajustable para Escritorio Timotech Negro de Plástico Clásico
SUBCATEGORÍA	p385585	Muebles/None	Muebles/Accesorios y organizadores de escritorio		Reposapiés Ajustable Vecelo Antideslizante, para Escritorio de Acero en Negro
SUBCATEGORÍA	p385586	Muebles/None	Muebles/Accesorios y organizadores de escritorio		Reposapiés Ergonómico Ajustable con Masaje y Rodillo para Debajo del Escritorio
SUBCATEGORÍA	p385587	Muebles/None	Muebles/Colchones matrimoniales		Marhynchus 190*90*20cm Colchón Matrimonial Caja Espuma Y 406pcs Resortes Hybrid Colchón Hybrid Matri
SUBCATEGORÍA	p385588	Muebles/None	Muebles/Colchones matrimoniales		Marhynchus Colchón Matrimonial Caja Espuma Y 609pcs Resortes Hybrid 1.9*1.35*0.2m Colchón Hybrid Mat
SUBCATEGORÍA	p385589	Muebles/None	Muebles/Mesas de centro		Kit De Mesas Para Restaurante Bar Y Cafetería Medianas Color Pino Diseño De La Tela De Las Sillas
SUBCATEGORÍA	p385590	Muebles/None	Muebles/Escritorios plegables y compactos		Escritorio Empotrable Plegable Y Moderno Mesa plegable suspendida Ideal para departamentos compactos
SUBCATEGORÍA	p385591	Muebles/None	Muebles/Escritorios plegables y compactos		Escritorio Empotrable Plegable Y Moderno Mesa plegable suspendida Ideal para departamentos compactos
SUBCATEGORÍA	p385592	Muebles/None	Muebles/Sillas de oficina		Silla Oficina Ergonómica Techni Mobili Negra Roja Reclinable
SUBCATEGORÍA	p385593	Muebles/None	Muebles/Sillas de oficina		Silla Ejecutiva Techni Mobili Nápoles Gris Ergonómica Reclinable
SUBCATEGORÍA	p385594	Muebles/None	Muebles/Sillas de oficina		Techni Mobili Silla De Oficina De Malla Con Brazos Ajustabl. Color Gris
SUBCATEGORÍA	p385595	Muebles/None	Muebles/Sillas de oficina		Silla de Oficina Techni Mobili RTA-8070-BK de Malla Negra con Respaldo Medio y Brazos Ajustables
SUBCATEGORÍA	p385596	Muebles/None	Muebles/Puffs y otomanas		Reposapiés Ergonómico Mount-It! con Plataformas Ajustables y Superficie de Masaje para Oficina
SUBCATEGORÍA	p385597	Muebles/None	Muebles/Mesas de centro		Mesa De Estudio Escritorios Modernos Con Repisas Y Cajones Multifuncional Con Estantería Librero Org
SUBCATEGORÍA	p385598	Muebles/None	Muebles/Camas plegables y catres		Cama Individual Plegable Negro (sin Colchón) HOMEMAKE FURNITURE
SUBCATEGORÍA	p385599	Muebles/None	Muebles/Mesas para TV y consolas		Mueble Tv Mundo In Akumal Centro Entretenimiento 150x40 Cm Color Nogal
SUBCATEGORÍA	p385600	Muebles/None	Muebles/Mesas para TV y consolas		Mueble Tv Mundo In Xelha Centro Entretenimiento 150x40 Cm Color Roble
SUBCATEGORÍA	p385601	Muebles/None	Muebles/Mesas para TV y consolas		Mueble Tv Mundo In Castella Centro Entretenimiento 130x40 Cm Color Blanco
SUBCATEGORÍA	p385602	Muebles/None	Muebles/Mesas para TV y consolas		Mueble Tv Mundo In Imperia Centro Entretenimiento 150x40 Cm Color Nogal
SUBCATEGORÍA	p385603	Muebles/None	Muebles/Mesas de centro		Mesa De Centro Y Mesa Tv Diseño Moderno Mundo In Color Blanco
SUBCATEGORÍA	p385604	Muebles/None	Muebles/Mesas para TV y consolas		Rack con panel Mundo In Piamonte para TV hasta 48" nogal de melamina
SUBCATEGORÍA	p385605	Muebles/None	Muebles/Mesas de centro		Mesa De Centro Y Mesa Tv Diseño Moderno Mundo In Color Marrón claro
SUBCATEGORÍA	p385606	Muebles/None	Muebles/Mesas para TV y consolas		Mueble para TV WLIVE Negro con Armarios y Gestión de Cables para Televisores de 60"
SUBCATEGORÍA	p385610	Muebles/None	Muebles/Mesas para TV y consolas		Walker Edison Mueble TV Retro Vintage Marrón Oscuro Soporte 80 Pulgadas
SUBCATEGORÍA	p385612	Muebles/None	Muebles/Mesas para TV y consolas		Rack Walker Edison Marrón Oscuro Vidrio Ajustable Para TV Hasta 65 Pulgadas
SUBCATEGORÍA	p385614	Muebles/None	Muebles/Mesas para TV y consolas		Rack TV Walker Edison Rústico Moderno Madera Para Pantallas 65 Pulgadas
SUBCATEGORÍA	p385615	Muebles/None	Muebles/Mesas para TV y consolas		Rack Walker Edison Moderno para TV de 60" con Puertas de Ratán Marrón Claro
SUBCATEGORÍA	p385616	Muebles/None	Muebles/Mesas para TV y consolas		Mueble para TV Walker Edison Moderno, de Madera Sólida, en Caramelo, para TVs de hasta 65"
SUBCATEGORÍA	p385617	Muebles/None	Muebles/Mesas para TV y consolas		Mueble Rack para TV Walker Edison Moderno de Madera en Espresso con Chimenea Eléctrica
SUBCATEGORÍA	p385618	Muebles/None	Muebles/Mesas para TV y consolas		Rack Walker Edison Moderno para TV de hasta 80 Pulgadas con 6 Estantes de Madera
SUBCATEGORÍA	p385619	Muebles/None	Muebles/Mesas para TV y consolas		Mueble para TV Walker Edison Moderno para Televisores de 65" con 2 Puertas en Nogal Oscuro
SUBCATEGORÍA	p385620	Muebles/None	Muebles/Mesas para TV y consolas		Mueble TV Walker Edison Georgetown para Televisores de hasta 80 Pulgadas, con Diseño Rústico y Puert
SUBCATEGORÍA	p385621	Muebles/None	Muebles/Bases de cama y box		Base Y Marco De Cama Con Cajones Vecelo Tapizada Queen Color Blanco
SUBCATEGORÍA	p385622	Muebles/None	Muebles/Bases de cama y box		Base Individual Pegaso Soporte Firme Y Confiable Gris
SUBCATEGORÍA	p385623	Muebles/None	Muebles/Bases de cama y box		Base Matrimonial Pegaso Soporte Firme Y Confiable Color Gris
SUBCATEGORÍA	p385624	Muebles/None	Muebles/Antecomedores y mesas de cocina		Desayunador Vanya Maple Moderno P/2 Personas Brang
SUBCATEGORÍA	p385625	Muebles/None	Muebles/Antecomedores y mesas de cocina		Desayunador 4 Personas Moderno Brang Café Mesa Rectangular
SUBCATEGORÍA	p385626	Muebles/None	Muebles/Juegos de comedor		Comedor para 4 Personas Brang Madera y Metal Sillas Lisas Café
SUBCATEGORÍA	p385627	Muebles/None	Muebles/Juegos de comedor		Juego Comedor 2 Sillas Rojo Ovalado Compacto Brang Vanya Diseño Moderno
SUBCATEGORÍA	p385628	Muebles/None	Muebles/Antecomedores y mesas de cocina		Desayunador Café Moderno P/2personas Plegable Brang Diseño De La Tela De Las Sillas Moderno
SUBCATEGORÍA	p385629	Muebles/None	Muebles/Sillas de comedor		Vecelo Juego De Sillas De Cocina De 5 Piezas Para El Hogar
SUBCATEGORÍA	p385630	Muebles/None	Muebles/Mesas de comedor		Comedor Home Collection Rectangular Café Claro 4 Sillas Madera-Metal
SUBCATEGORÍA	p385631	Muebles/None	Muebles/Puffs y otomanas		Reposapiés Easy-Going para el Hogar y la Oficina en Color Chocolate
SUBCATEGORÍA	p385632	Muebles/None	Muebles/Mesas para TV y consolas		Rack Baxton Studio Fp-6784-walnut-tv Marrón De Madera
SUBCATEGORÍA	p385634	Muebles/None	Muebles/Mesas para TV y consolas		Mueble para TV Winsome Xola de Madera Capuccino, Para Pantallas de hasta 46 Pulgadas
SUBCATEGORÍA	p385635	Muebles/None	Muebles/Bases de cama y box		SONHEO Base Cama Matrimonial Metálica Sonheo Negro 189x135 cm Plegable con Almacenamiento
SUBCATEGORÍA	p385636	Muebles/None	Muebles/Bases de cama y box		Base Tapizada Queen Size Home Design Marrón Piel Sintética
SUBCATEGORÍA	p385637	Muebles/None	Muebles/Bases de cama y box		Base Tapizada King Size Home Design Madera Vinipiel Marrón
SUBCATEGORÍA	p385638	Muebles/None	Muebles/Bases de cama y box		Base De Cama Matrimonial Nautica Home Con Almacenaje Roble
SUBCATEGORÍA	p385639	Muebles/None	Muebles/Bases de cama y box		Base Cama King Chocolate Home Design Tapizada Madera Vinipiel 200x135
SUBCATEGORÍA	p385640	Muebles/None	Muebles/Bases de cama y box		Base Tapizada Matrimonial Home Design Madera MDF Vinipiel Marrón Oscuro
SUBCATEGORÍA	p385641	Muebles/None	Muebles/Bases de cama y box		Base Box Individual Home Design Tapizada de Vinipiel, Marrón Oscuro
SUBCATEGORÍA	p385642	Muebles/None	Muebles/Bases de cama y box		Base Tapizada Queen Size Chocolate Home Design Madera MDF Vinipiel
SUBCATEGORÍA	p385643	Muebles/None	Muebles/Bases de cama y box		Base Cama Metal Matrimonial Ackerman 16in Alwyn Home Negro Moderna
SUBCATEGORÍA	p385644	Muebles/None	Muebles/Bases de cama y box		Mesa Cuadrada 90x90cm Modurac Melamina Madera Base Tubular X Cafetería
SUBCATEGORÍA	p385645	Muebles/None	Muebles/Juegos de comedor		Antecomedor Fashion Home Chocolate 4 Sillas Madera Tela ETO
SUBCATEGORÍA	p385646	Muebles/None	Muebles/Puffs y otomanas		Reposapies Oru Home Doble Paso Oru Home Negro
SUBCATEGORÍA	p385647	Muebles/None	Muebles/Puffs y otomanas		Cortesi Home Scusset Bandeja Otomana De Almacenamiento En
SUBCATEGORÍA	p385648	Muebles/None	Muebles/Mesas para TV y consolas		Mueble De Tv Panorama 70 , Atlas Del Descanso. Blanco
SUBCATEGORÍA	p385649	Muebles/None	Muebles/Mesas para TV y consolas		Mueble De Tv Panorama 70 , Atlas Del Descanso. Negro
SUBCATEGORÍA	p385650	Muebles/None	Muebles/Mesas para TV y consolas		Rack TV Home Design Tucson Madera Marrón Claro 62 Pulgadas
SUBCATEGORÍA	p385651	Muebles/None	Muebles/Libreros		Librero Rack Panel Negro Home Design Bilbao MDF Modular 180x260cm
SUBCATEGORÍA	p385652	Muebles/None	Muebles/Mesas de centro		Mesa TV Home Design Estocolmo Rack Marrón Madera 65 pulgadas 138cm
SUBCATEGORÍA	p385653	Muebles/None	Muebles/Mesas para TV y consolas		Rack con panel Boston Home Design Marrón para TV hasta 55 pulgadas
SUBCATEGORÍA	p385654	Muebles/None	Muebles/Mesas para TV y consolas		Mueble TV Home Design Toledo Gris Para TV Hasta 70 Pulgadas con 4 Puertas y 2 Cajones
SUBCATEGORÍA	p385655	Muebles/None	Muebles/Mesas para TV y consolas		Rta Muebles RLM 6247 Rack para Tv Magnum, Color Miel, Con 2 Entrepaños
SUBCATEGORÍA	p385656	Muebles/None	Muebles/Literas		Litera doble con cama nido,desmontable 3 en 1,de metal,Cama individual con escalera y barandilla,seg
SUBCATEGORÍA	p385657	Muebles/None	Muebles/Literas		Cama Diurna Con Cama Nido Y Luz Led, Marco De Cama Negro Nombre Del Diseño
SUBCATEGORÍA	p385658	Muebles/None	Muebles/Bases de cama y box		SAFONUS Base Cama Matrimonial L189.5cmx W136cmx H35cm, Base De Cama con 1.5m Estación De Carga, Cama
SUBCATEGORÍA	p385659	Muebles/None	Muebles/Camas infantiles		Cama Infantil Montessori Con Cama Auxiliar 190x100 Cm Avalon Marrón
SUBCATEGORÍA	p385660	Muebles/None	Muebles/Cabeceras		Base De Cama Queen, Marco De Cama De Metal Con Cabecera Y Soporte De Listones Duraderos, Sin Ruido, 
SUBCATEGORÍA	p385661	Muebles/None	Muebles/Cabeceras		Base Cama Queen Size Metal Marrón Williston Forge con Cabecera y Pie de Cama
SUBCATEGORÍA	p385662	Muebles/None	Muebles/Bases de cama y box		Base Cama Matrimonial Metal Cama Soporte Recamara Plataforma 189.5x136x40.6cm Con Espacio de Almacen
SUBCATEGORÍA	p385663	Muebles/None	Muebles/Bases de cama y box		Bnvg Bases Para Cama De Fierro, Cama Individual Base De Metal Con Espacio, Soporte Recamara 190x96x3
SUBCATEGORÍA	p385664	Muebles/None	Muebles/Cabeceras		Base de Cama Matrimonial con Cajones y Cabecera, con LED y Puertos USB
SUBCATEGORÍA	p385665	Muebles/None	Muebles/Cabeceras		Base De Cama Allewie, Tamano King, Con Cabecera Ajustable Y
SUBCATEGORÍA	p385666	Muebles/None	Muebles/Cabeceras		Base De Cama Matrimonial Con Cabecera Y Puerto Usb Enchufes Negro
SUBCATEGORÍA	p385667	Muebles/None	Muebles/Camas individuales		Cama Individual Metal Con Almacenamiento, Luces LED y Estación de Carga
SUBCATEGORÍA	p385668	Muebles/None	Muebles/Sillas de exterior		Silla Exterior Grafito Promöbel Pellegrino Polipropileno Apilable
SUBCATEGORÍA	p385669	Muebles/None	Muebles/Sillas de comedor		Silla Artesanal Cuerda Merida By Promobel Color Verde
SUBCATEGORÍA	p385670	Muebles/None	Muebles/Sillas de comedor		Silla Artesanal Promöbel Manzanillo Estructura Acero Color Beige
SUBCATEGORÍA	p385671	Muebles/None	Muebles/Sillas de comedor		Silla Promöbel Cuerda Chapala Gris Jaspeado con Apoyabrazos
SUBCATEGORÍA	p385672	Muebles/None	Muebles/Sillas de exterior		Silla Exterior Cuerda Poliester Promöbel Jalisco Negro Aluminio
SUBCATEGORÍA	p385673	Muebles/None	Muebles/Sillas plegables y de camping		Silla Plegable Madera Sadirar By Promobel Color Natural
SUBCATEGORÍA	p385674	Muebles/None	Muebles/Sillones y reclinables		Sillón Promöbel Gerald madera acacia ratán sintético color natural
SUBCATEGORÍA	p385675	Muebles/None	Muebles/Sillas de exterior		Silla Polycord Promöbel Danilo Acero Gris con Apoyabrazos Exterior
SUBCATEGORÍA	p385676	Muebles/None	Muebles/Sillas de exterior		Silla Exterior Cuerda Trenzada Promöbel Campeche Beige Patas Metal
SUBCATEGORÍA	p385677	Muebles/None	Muebles/Sillas de comedor		Silla Acapulco Hexagonal Cuerda Poliester Gris Promöbel Diseño Moderno
SUBCATEGORÍA	p385678	Muebles/None	Muebles/Sillas de comedor		Silla Artesanal Madera Parota Beige Promöbel Orizaba 75cm 86cm
SUBCATEGORÍA	p385679	Muebles/None	Muebles/Sillas de exterior		Silla Promöbel Chetumal Artesanal de Cuerda Beige para Exterior
SUBCATEGORÍA	p385680	Muebles/None	Muebles/Sillas de comedor		Silla Artesanal Promöbel Cuerda San Miguel Metal Negro/Beige
SUBCATEGORÍA	p385681	Muebles/None	Muebles/Sillas de exterior		Silla Promöbel AJIJIC de Rattán Sintético y Acero, Café
SUBCATEGORÍA	p385682	Muebles/None	Muebles/Sillas de exterior		Silla Cuerda Nylon Beige Apoyabrazos Promöbel Wally Estructura Ratán
SUBCATEGORÍA	p385683	Muebles/None	Muebles/Sillas plegables y de camping		Silla Plegable De Madera Amalfi By Promobel Color Natural
SUBCATEGORÍA	p385684	Muebles/None	Muebles/Sillas de comedor		Silla Artesanal Cuerda Modelo Xalapa By Promobel Estructura Negro
SUBCATEGORÍA	p385685	Muebles/None	Muebles/Sillas de comedor		Silla Artesanal San Luis Promöbel Cuerda de Poliester Gris Acero
SUBCATEGORÍA	p385686	Muebles/None	Muebles/Sillas de comedor		Silla Artesanal Promöbel San Luis Cuerda Verde Musgo Apoyabrazos Acero
SUBCATEGORÍA	p385687	Muebles/None	Muebles/Sillas de comedor		Silla Promöbel Yelapa Madera Parota y Polycord Negra con Apoyabrazos
SUBCATEGORÍA	p385688	Muebles/None	Muebles/Sillas de comedor		Silla Cuerda Poliester Negra/Café Promöbel Huasteca con Apoyabrazos
SUBCATEGORÍA	p385689	Muebles/None	Muebles/Sillas de exterior		Silla de Exterior Promöbel Yelapa de Cuerda de Nylon Beige con Apoyabrazos
SUBCATEGORÍA	p385690	Muebles/None	Muebles/Bases de cama y box		Base Cama Box Individual Tapiz Terciopelo Color Cocoa
SUBCATEGORÍA	p385691	Muebles/None	Muebles/Bases de cama y box		Base Cama Individual Matrimonial Queen King Reforzada Houzer Individual
SUBCATEGORÍA	p385692	Muebles/None	Muebles/Bases de cama y box		Cima Base Cama Box Tapiz Praga Lino Azul Matrimonial
SUBCATEGORÍA	p385693	Muebles/None	Muebles/Bases de cama y box		Base Cama Queen Cima Praga Modular de Lino Beige Plegable
SUBCATEGORÍA	p385694	Muebles/None	Muebles/Bases de cama y box		Base Cama Box Cima Magna Para Colchon Individual Lino Azul
SUBCATEGORÍA	p385695	Muebles/None	Muebles/Bases de cama y box		Cima Urban Base Cama Box Recamara Queen Size Madera Tapiz Beige
SUBCATEGORÍA	p385696	Muebles/None	Muebles/Bases de cama y box		Box Cama Queen Size Tapiz Color Lino Gris Oxford Tu Hogar Mueblería
SUBCATEGORÍA	p385697	Muebles/None	Muebles/Bases de cama y box		Base Individual Tacto Piel Terciopelo Capuchino Tu Mueblería Hogar Madera Pino
SUBCATEGORÍA	p385698	Muebles/None	Muebles/Cabeceras		Base Canguro Queen D'ensamble Madera Natural Desarmable con Cabecera
SUBCATEGORÍA	p385699	Muebles/None	Muebles/Bases de cama y box		Cama Individual D'ensamble Madera Pino Base Movil Canguro Laca Natural
SUBCATEGORÍA	p385700	Muebles/None	Muebles/Camas matrimoniales		Cama Canguro Matrimonial Madera D'ensamble Modelo LT Color Custom Con Buró
SUBCATEGORÍA	p385701	Muebles/None	Muebles/Bases de cama y box		Cama Canguro King Size D'ensamble Madera Base Dividida Marrón
SUBCATEGORÍA	p385702	Muebles/None	Muebles/Bases de cama y box		Base De Cama Metálica Matrimonial Con Funda - Hokins Color Azul
SUBCATEGORÍA	p385703	Muebles/None	Muebles/Bases de cama y box		Base De Cama Metálica Individual Con Funda - Hokins Color Azul
SUBCATEGORÍA	p385704	Muebles/None	Muebles/Bases de cama y box		Base Cama Matrimonial Lase Madera Pino Tapiz Lino Negro 135x190 cm
SUBCATEGORÍA	p385705	Muebles/None	Muebles/Cabeceras		Cabecera Fobi Matrimonial Tela De Lino Y Madera Negro
SUBCATEGORÍA	p385706	Muebles/None	Muebles/Cabeceras		Cabecera Fobi Matrimonial Tela De Lino Y Madera Rojo
SUBCATEGORÍA	p385707	Muebles/None	Muebles/Cabeceras		Cabecera Flotante Minimalista De Madera Con Puertas Fobi Negro
SUBCATEGORÍA	p385708	Muebles/None	Muebles/Cabeceras		Cabecera Fobi Matrimonial Tela De Lino Y Madera Celeste
SUBCATEGORÍA	p385709	Muebles/None	Muebles/Cabeceras		Cabecera Fobi Matrimonial Tela De Lino Y Madera Chocolate
SUBCATEGORÍA	p385710	Muebles/None	Muebles/Cabeceras		Cabecera Flotante Individual De Lino Y Madera Fobi Chocolate
SUBCATEGORÍA	p385711	Muebles/None	Muebles/Cabeceras		Cabecera Fobi Matrimonial Tela De Lino Y Madera Gris Oxford
SUBCATEGORÍA	p385712	Muebles/None	Muebles/Cabeceras		Cabecera Individual Flotante De Lino Y Madera De Pino Fobi Gris
SUBCATEGORÍA	p385713	Muebles/None	Muebles/Cabeceras		Cabecera De Cama Acolchonada Fobi 135x60 Cm Modelo Acojinada Beige
SUBCATEGORÍA	p385714	Muebles/None	Muebles/Cabeceras		Cabecera Individual Flotante De Lino Y Madera De Pino Fobi Negro
SUBCATEGORÍA	p385715	Muebles/None	Muebles/Cabeceras		Cabecera Individual Flotante De Lino Y Madera De Pino Fobi Rojo
SUBCATEGORÍA	p385716	Muebles/None	Muebles/Cabeceras		Cabecera Individual Flotante De Lino Y Madera De Pino Fobi Celeste
SUBCATEGORÍA	p385717	Muebles/None	Muebles/Cabeceras		Cabecera Matrimonial Lase Hudson Cocoa Tapizado Velvet Pino
SUBCATEGORÍA	p385718	Muebles/None	Muebles/Cabeceras		Cabecera Matrimonial Lase Hudson Velvet Gris Capitonada Pino y Espuma
SUBCATEGORÍA	p385719	Muebles/None	Muebles/Cabeceras		Cabecera de sommier Lase Lisboa Matrimonial 135cm x 135cm Hudson Velvet café/gris
SUBCATEGORÍA	p385720	Muebles/None	Muebles/Cabeceras		Cabecera Flotante Individual 100x1.6x 47.8 Cm Playcon Color Gris
SUBCATEGORÍA	p385721	Muebles/None	Muebles/Cabeceras		Cabecera De Cama Queen 151x86.50x10 cm Playcon Color Grafito Touch Negro Liso
SUBCATEGORÍA	p385722	Muebles/None	Muebles/Cabeceras		Cabecera De Cama Queen 151x86.50x10 cm Playcon Color Negro Liso Tzalam Touch
SUBCATEGORÍA	p385723	Muebles/None	Muebles/Cabeceras		Cabecera Flotante Queen Size Funcional Para Recámara Matrimonial Playcon Palma Color Gris Negro
SUBCATEGORÍA	p385724	Muebles/None	Muebles/Cabeceras		Cabecera Para Cama Queen Size Matrimonial Repusas Librero Organizador Playcon Bari Color Nogal
SUBCATEGORÍA	p385725	Muebles/None	Muebles/Camas matrimoniales		Cama Doble Roomi Resistente Y Cómoda Gris Matrimonial-matrimonial
SUBCATEGORÍA	p385726	Muebles/None	Muebles/Camas matrimoniales		Cama Doble Roomi Resistente Y Cómoda Naranja Matrimonial-matrimonial
SUBCATEGORÍA	p385727	Muebles/None	Muebles/Bases de cama y box		Base Cama Matrimonial Roomi Explorer Con Almacenaje Azul Estructura Metal
SUBCATEGORÍA	p385728	Muebles/None	Muebles/Bases de cama y box		Base Cama Matrimonial Con Almacenaje Roomi Freedom Naranja Espuma
SUBCATEGORÍA	p385729	Muebles/None	Muebles/Bases de cama y box		Base Individual Roomi Freedom Naranja C/ Almacenaje Metal Reforzado
SUBCATEGORÍA	p385730	Muebles/None	Muebles/Cabeceras		Cama Individual Danita, Base Armable Con Cabecera Roomi Color Mostaza Danita
SUBCATEGORÍA	p385731	Muebles/None	Muebles/Cabeceras		Cama Individual Roomi Livy Base Plegable Y Cabecera Color Mostaza Dijon
SUBCATEGORÍA	p385732	Muebles/None	Muebles/Camas matrimoniales		Cama Doble Roomi + 2 Colchones Smile Memory Form Rosa Matrimonial-matrimonial
SUBCATEGORÍA	p385733	Muebles/None	Muebles/Camas matrimoniales		Cama Doble Roomi + 2 Colchones Smile Memory Form Naranja Matrimonial-matrimonial
SUBCATEGORÍA	p385734	Muebles/None	Muebles/Cabeceras		Cama Individual Danita, Base Armable Con Cabecera Roomi Color Beige Danita
SUBCATEGORÍA	p385735	Muebles/None	Muebles/Cabeceras		Cama Individual Roomi Livy Base Plegable Y Cabecera Color Gris Granite
SUBCATEGORÍA	p385736	Muebles/None	Muebles/Bases de cama y box		Base Cama Queen Roomi Freedom Naranja Con Espacio De Almacenaje Metálica
SUBCATEGORÍA	p385737	Muebles/None	Muebles/Bases de cama y box		Base Cama Individual ROOMI Explorer Almacenaje Azul Metálica Espuma Poliéster
SUBCATEGORÍA	p385738	Muebles/None	Muebles/Cabeceras		Cama Individual Danita, Base Armable Con Cabecera Roomi Color Verde Danita
SUBCATEGORÍA	p385739	Muebles/None	Muebles/Cabeceras		Cama Individual Danita, Base Armable Con Cabecera Roomi Color Gris Danita
SUBCATEGORÍA	p385740	Muebles/None	Muebles/Camas matrimoniales		Cama Doble Roomi + 2 Colchones Smile Memory Form Azul Matrimonial-matrimonial
SUBCATEGORÍA	p385741	Muebles/None	Muebles/Camas matrimoniales		Cama Doble Roomi + 2 Colchones Smile Memory Form Azul Individual-individual
SUBCATEGORÍA	p385742	Muebles/None	Muebles/Camas matrimoniales		Roomi Cama Doble Matrimonial + 2 Colchones Smile Memory Gris Madera
SUBCATEGORÍA	p385743	Muebles/None	Muebles/Bases de cama y box		Cama Matrimonial Allewie Metal Dorado Estilo Vintage Plataforma Almacenamiento
SUBCATEGORÍA	p385744	Muebles/None	Muebles/Cabeceras		Cama Individual Queen Allewie Azul Madera con Cabecera Tapi
SUBCATEGORÍA	p385745	Muebles/None	Muebles/Cabeceras		Cama Queen Size Allewie con Almacenamiento y Cabecero Tapizado de Terciopelo Negro
SUBCATEGORÍA	p385746	Muebles/None	Muebles/Camas queen y king		Cama Queen Allewie con 4 Cajones y Baulera de Almacenamiento Negra de MDF y Metal
SUBCATEGORÍA	p385747	Muebles/None	Muebles/Cabeceras		Zinus Florence Base Individual Metal Cabecera Moderna Negro
SUBCATEGORÍA	p385748	Muebles/None	Muebles/Cabeceras		Zinus Florence Base King Metal Cabecera Moderna Negro
SUBCATEGORÍA	p385749	Muebles/None	Muebles/Bases de cama y box		Base De Cama Matrimonial Suzanne Zinus Color Marrón
SUBCATEGORÍA	p385750	Muebles/None	Muebles/Bases de cama y box		Zinus Elias | Base Individual De Metal Resistente
SUBCATEGORÍA	p385751	Muebles/None	Muebles/Bases de cama y box		Zinus Justin | Base Matrimonial De Metal Resistente
SUBCATEGORÍA	p385752	Muebles/None	Muebles/Bases de cama y box		Zinus Caleb | Base De Cama Matrimonial Plegable De Metal
SUBCATEGORÍA	p385753	Muebles/None	Muebles/Bases de cama y box		Zinus Curtis | Base Cama King Con Estructura Tapizada
SUBCATEGORÍA	p385754	Muebles/None	Muebles/Bases de cama y box		Zinus Base Cama Curtis Matrimonial Estructura Tapizada Beige Beige
SUBCATEGORÍA	p385755	Muebles/None	Muebles/Bases de cama y box		ZINUS Florence Cama Clásica Metal Queen Plataforma Blanco FRBF-Q
SUBCATEGORÍA	p385756	Muebles/None	Muebles/Cabeceras		Zinus Shen Base King Cabecera Con Bambú De Metal Negro
SUBCATEGORÍA	p385757	Muebles/None	Muebles/Bases de cama y box		ZINUS Base Cama Curtis Queen con Estructura Tapizada Beige
SUBCATEGORÍA	p385758	Muebles/None	Muebles/Cabeceras		Zinus Leo | Base Cama King Con Cabecera Y Tapiz
SUBCATEGORÍA	p385759	Muebles/None	Muebles/Cabeceras		Zinus Judy | Base De Cama King Con Cabecera Y Tapiz
SUBCATEGORÍA	p385760	Muebles/None	Muebles/Cabeceras		Zinus Base Cama Leo Matrimonial Con Cabecera Y Tapiz Beige Beige
SUBCATEGORÍA	p385761	Muebles/None	Muebles/Cabeceras		Zinus Base Cama Leo King Con Cabecera Y Tapiz Beige Beige
SUBCATEGORÍA	p385762	Muebles/None	Muebles/Cabeceras		Zinus Judy | Base De Cama Queen Con Cabecera Y Tapiz
SUBCATEGORÍA	p385763	Muebles/None	Muebles/Cabeceras		Marco De Cama King Con Cabecera Ajustable Color Marrón Zinus Raymond
SUBCATEGORÍA	p385764	Muebles/None	Muebles/Cabeceras		Zinus Mia Estructura De Cama De Metal C/ Cabecera Queen Color Negro
SUBCATEGORÍA	p385765	Muebles/None	Muebles/Bases de cama y box		Cama Plataforma Zinus Matrimonial Revestida, Acolchada y con Paneles Geométricos
SUBCATEGORÍA	p385766	Muebles/None	Muebles/Cabeceras		Cama Ajustable Zinus Mia King con Cabecera de Metal en Color Negro
SUBCATEGORÍA	p385767	Muebles/None	Muebles/Cabeceras		Zinus Mia Estructura De Cama De Metal C/cabecera Matrimonial Color Negro
SUBCATEGORÍA	p385768	Muebles/None	Muebles/Bases de cama y box		Zinus Justin | Base de Cama King Size De Metal Resistente Montaje Fácil Color Negro
SUBCATEGORÍA	p385769	Muebles/None	Muebles/Bases de cama y box		Estructura de Cama Tipo Plataforma de Metal Zinus con Base de Colchón y Soporte, 16"
SUBCATEGORÍA	p385770	Muebles/None	Muebles/Cabeceras		Zinus | Leo | Base de Cama Matrimonial con Cabecera Tapizada Cuadros Gris Oscuro | 190x135 cm | Estr
SUBCATEGORÍA	p385771	Muebles/None	Muebles/Cabeceras		Zinus | Leo | Base de Cama Queen Size con Cabecera Tapizada Cuadros Gris Oscuro | 190x150 cm | Estru
SUBCATEGORÍA	p385772	Muebles/None	Muebles/Cabeceras		Zinus | Piper | Base de Cama Queen Size con Cabecera Tapizada Paneles Horizontales Gris | 190x150 cm
SUBCATEGORÍA	p385773	Muebles/None	Muebles/Cabeceras		Zinus | Piper | Base de Cama King Size con Cabecera Tapizada Paneles Horizontales Gris | 200x190 cm 
SUBCATEGORÍA	p385774	Muebles/None	Muebles/Cabeceras		Zinus | Shen | Base de Cama Individual Metal con Cabecera Bambú Negro 96x190 cm | 9 Patas | Cabecera
SUBCATEGORÍA	p385775	Muebles/None	Muebles/Cabeceras		Zinus | Shen | Base de Cama Queen Size Metal con Cabecera Bambú Negro 150x190 cm | Aluminio y Madera
SUBCATEGORÍA	p385776	Muebles/None	Muebles/Literas		Litera Matrimonial Harper & Bright Designs con Armario, Escalera y Cajones en L
SUBCATEGORÍA	p385777	Muebles/None	Muebles/Mesas de centro		Mesa Periquera Cuadrada Mobeler Negro/Blanco Formaica PR60
SUBCATEGORÍA	p385778	Muebles/None	Muebles/Mesas de centro		Mesa Cuadrada Industrial Chocolate 75x75 cm Formica Mobeler
SUBCATEGORÍA	p385779	Muebles/None	Muebles/Mesas de centro		Mesa Periquera Mobeler Chocolate/Blanco 4 Sillas Industrial Restaurante
SUBCATEGORÍA	p385780	Muebles/None	Muebles/Mesas de centro		Juego de Mesa Cuadrada Mobeler Verde 4 Sillas Polipropileno
SUBCATEGORÍA	p385781	Muebles/None	Muebles/Mesas de comedor		Comedor Mobeler 4 Sillas Blanco Minimalista Cristal Templado Redondo
SUBCATEGORÍA	p385782	Muebles/None	Muebles/Mesas de centro		Mesa Periquera Cuadrada Mobeler Cromo/Negro Formaica 60x60 cm
SUBCATEGORÍA	p385783	Muebles/None	Muebles/Mesas de centro		Mesa Periquera Mobeler Blanca 4 Bancos Industrial Redonda
SUBCATEGORÍA	p385784	Muebles/None	Muebles/Mesas de centro		Juego de Mesa Cuadrada 4 Sillas Polipropileno Naranja Moderna Mobeler
SUBCATEGORÍA	p385785	Muebles/None	Muebles/Mesas de centro		Mesa Cuadrada Blanca Mobeler EC75 Formica 75x75 cm Industrial
SUBCATEGORÍA	p385786	Muebles/None	Muebles/Mesas de centro		Mesa con 2 sillas Mobeler ERZI2 chocolate/naranja formaica moderna
SUBCATEGORÍA	p385787	Muebles/None	Muebles/Mesas de centro		Mesa Periquera Industrial Mobeler 4 Bancos Fierro Vinipiel Negro Rojo
SUBCATEGORÍA	p385788	Muebles/None	Muebles/Mesas de centro		Mesa Periquera Mobeler 4 Bancos Industrial Cromo Negro Restaurante Bar
SUBCATEGORÍA	p385789	Muebles/None	Muebles/Juegos de comedor		Juego de Comedor Mobeler 4 Sillas Polipropileno Minimalista Cristal
SUBCATEGORÍA	p385790	Muebles/None	Muebles/Mesas de centro		Mesa Periquera Mobeler Cuadrada 60x60cm Negro/Rojo Altura 105cm Formaica
SUBCATEGORÍA	p385791	Muebles/None	Muebles/Mesas de centro		Mesa Mobeler Cuadrada Madera Fierro Chocolate 4 Sillas Tactopiel Industrial
SUBCATEGORÍA	p385792	Muebles/None	Muebles/Mesas de centro		Juego de Mesa Cuadrada con 4 Sillas Polipropileno Mobeler Blanco
SUBCATEGORÍA	p385793	Muebles/None	Muebles/Juegos de comedor		Comedor Cuadrado Mobeler Moderno Mesa 75x75cm 4 Sillas Polipropileno
SUBCATEGORÍA	p385794	Muebles/None	Muebles/Mesas de centro		Mesa Periquera Mobeler Cromo/Chocolate Formaica 60x60 cm Cuadrada PC60
SUBCATEGORÍA	p385795	Muebles/None	Muebles/Mesas auxiliares y laterales		Pedestal Periquero Industrial Mobeler Negro Para Mesa Bar Restaurante Metal
SUBCATEGORÍA	p385796	Muebles/None	Muebles/Mesas auxiliares y laterales		Pedestal Periquero Mobeler Mesa Bar Cafetería Chocolate 100cm Industrial
SUBCATEGORÍA	p385797	Muebles/None	Muebles/Mesas de centro		Mesa Periquera Marca Mobeler 4 Bancos Cromo/Negro Bar Restaurante Cafetería
SUBCATEGORÍA	p385798	Muebles/None	Muebles/Mesas de centro		Mesa Periquera Mobeler Con 4 Bancos Industrial Tacto Piel Cromo Rojo
SUBCATEGORÍA	p385799	Muebles/None	Muebles/Juegos de comedor		Juego de Comedor Periquera 4 Sillas Mobeler Mesa Cuadrada Cromo/Blanco
SUBCATEGORÍA	p385800	Muebles/None	Muebles/Juegos de comedor		Juego de Mesa Cuadrada Mobeler 4 Sillas Cocina Restaurante Gris Moderno
SUBCATEGORÍA	p385801	Muebles/None	Muebles/Mesas de centro		Set Mobeler Moderno Mesa Cuadrada Amarilla con 4 Sillas Polipropileno
SUBCATEGORÍA	p385802	Muebles/None	Muebles/Mesas de centro		Mesa Periquera Mobeler 4 Sillas Fierro Asiento Vinipiel Color Negro Industrial
SUBCATEGORÍA	p385803	Muebles/None	Muebles/Mesas de centro		Cubiertas Mobeler Para Mesa Restaurante Bar Cafetería Chocolate C75 Formaica Fierro
SUBCATEGORÍA	p385804	Muebles/None	Muebles/Mesas de centro		Juego Mesa Periquera 4 Sillas Mobeler Industrial Cuadrada Chocolate
SUBCATEGORÍA	p385805	Muebles/None	Muebles/Juegos de comedor		Juego de comedor Mobeler 4 sillas negro moderno EC75VI4 mesa cuadrada
SUBCATEGORÍA	p385806	Muebles/None	Muebles/Mesas de comedor		Comedor Periquera Mobeler 4 Sillas Madera Chocolate-Hueso Estilo Moderno
SUBCATEGORÍA	p385807	Muebles/None	Muebles/Mesas de centro		Juego Mesa Periquera Cuadrada 4 Sillas Mobeler Cromo Industrial
SUBCATEGORÍA	p385808	Muebles/None	Muebles/Mesas de centro		Mesa Periquera Mobeler PC60 Formaica Cuadrada 60x60x105cm Cafetería Bar
SUBCATEGORÍA	p385809	Muebles/None	Muebles/Juegos de comedor		Juego de Comedor Industrial Mobeler Cuadrado 4 Sillas Rojo Cromado
SUBCATEGORÍA	p385810	Muebles/None	Muebles/Mesas de comedor		Comedor Retro Vintage Mobeler 4 Sillas Mesa Cuadrada Madera Pino
SUBCATEGORÍA	p385811	Muebles/None	Muebles/Juegos de comedor		Juego Comedor 4 Sillas Tubular Color Chocolate/Rojo Mesa Cuadrada Mobeler
SUBCATEGORÍA	p385812	Muebles/None	Muebles/Mesas de centro		Juego de Mesa Cuadrada 4 Sillas Mobeler Cromo Industrial Restaurante
SUBCATEGORÍA	p385813	Muebles/None	Muebles/Mesas de centro		Mesa Periquera Mobeler Cubierta Formaica Negro Cuadrada 60x60cm Restorán Bar
SUBCATEGORÍA	p385814	Muebles/None	Muebles/Mesas de centro		Juego Mesa Cuadrada con 2 Sillas Mobeler Negro/Rojo Estilo Moderno para Cocina
SUBCATEGORÍA	p385815	Muebles/None	Muebles/Mesas de centro		Juego Mesa Cuadrada Madera 4 Sillas Moderna Mobeler Colores A
SUBCATEGORÍA	p385816	Muebles/None	Muebles/Mesas de comedor		Comedor Industrial Mobeler 4 Sillas Sin Respaldo Negro y Madera Cuadrado
SUBCATEGORÍA	p385817	Muebles/None	Muebles/Mesas de comedor		Comedor Industrial Mobeler 4 Sillas Madera Pino Mesa Cuadrada Multicolor
SUBCATEGORÍA	p385818	Muebles/None	Muebles/Mesas de centro		Juego Mesa Periquera Mobeler Madera y Fierro Cuadrada 4 Sillas Chocolate
SUBCATEGORÍA	p385819	Muebles/None	Muebles/Juegos de comedor		Juego de Comedor Industrial Negro Mobeler Mesa Cuadrada con 4 Sillas Tapizadas
SUBCATEGORÍA	p385820	Muebles/None	Muebles/Mesas de centro		Juego Mesa Periquera Mobeler 4 Bancos Madera Y Fierro Estilo Moderno
SUBCATEGORÍA	p385821	Muebles/None	Muebles/Mesas de centro		Juego de Mesa Industrial Rectangular Mobeler Pino 2 Sillas Tacto Piel Chocolate
SUBCATEGORÍA	p385822	Muebles/None	Muebles/Mesas de centro		Juego Mesa Periquera 4 Bancos Vinipiel Marca Mobeler Formaica Cuadrada
SUBCATEGORÍA	p385823	Muebles/None	Muebles/Mesas de centro		Mesa Periquera Marca Mobeler 4 Sillas Estilo Industrial Madera Y Fierro
SUBCATEGORÍA	p385824	Muebles/None	Muebles/Mesas de centro		Juego De Mesa Cuadrada Con 4 Sillas Mobeler Formica Restaurantes Bares
SUBCATEGORÍA	p385825	Muebles/None	Muebles/Mesas de comedor		Comedor Mobeler Moderno Cuadrado Con Mesa De Formaica Y 4 Sillas Tubulares
SUBCATEGORÍA	p385826	Muebles/None	Muebles/Juegos de comedor		Juego Comedor Mesa Rectangular Y 6 Sillas Moderno De Madera Y Metal Kingshouse Color Marron
SUBCATEGORÍA	p385827	Muebles/None	Muebles/Juegos de comedor		Juego Comedor con Mesa Extensible Rectangular y 6 Sillas Kingshouse Cocina Madera y Metall
SUBCATEGORÍA	p385828	Muebles/None	Muebles/Juegos de comedor		Juego Comedor Mesa Rectangular Y 6 Sillas Moderno De Madera Y Metal Kingshouse Cocina Color Madera
SUBCATEGORÍA	p385829	Muebles/None	Muebles/Juegos de comedor		Juego Comedor Mesa Rectangular Y 6 Sillas Tapizadas Moderno De Metal Y Madera Kingshouse Color Mader
SUBCATEGORÍA	p385830	Muebles/None	Muebles/Juegos de comedor		Juego Comedor Mesa Rectangular Y 6 Sillas Tapizadas Moderno De Metal Y Madera Kingshouse Cocina Colo
SUBCATEGORÍA	p385831	Muebles/None	Muebles/Juegos de comedor		Juego Comedor Mesa Rectangular y 6 Sillas Moderno de Metal y Madera Kingshouse Cocina Beige Con Negr
SUBCATEGORÍA	p385832	Muebles/None	Muebles/Juegos de comedor		Juego De Comedor 4 Sillas Mesa Rectangular De Vidrio Templado Para 4 Personas Diseño Minimalista Y M
SUBCATEGORÍA	p385833	Muebles/None	Muebles/Juegos de comedor		Juego De Comedor 4 Sillas Mesa Rectangular De Vidrio Templado Para 4 Personas Diseño Minimalista Y M
SUBCATEGORÍA	p385834	Muebles/None	Muebles/Juegos de comedor		Juego De Comedor 4 Sillas Mesa Rectangular De Vidrio Templado Para 4 Personas Diseño Minimalista Y M
SUBCATEGORÍA	p385835	Muebles/None	Muebles/Colchones matrimoniales		Colchón Matrimonial Antibacteriano Híbrido Ortopédico| Confort Hipoalergénico | Transpirable Y Antiá
SUBCATEGORÍA	p385836	Muebles/None	Muebles/Colchones queen size		Queen Size - Colchón Anti-bolsas | Duradero | Sin Fibra de Vidrio | Híbrido Memory Foam | Resortes E
SUBCATEGORÍA	p385837	Muebles/None	Muebles/Colchones matrimoniales		Colchón Matrimonial Novilla Basic Viscoelástica con Gel 18 cm
SUBCATEGORÍA	p385838	Muebles/None	Muebles/Colchones matrimoniales		Colchón Matrimonial Novilla Híbrido 25cm Con Resortes Pocket Independientes Embolsados En Caja 135x1
SUBCATEGORÍA	p385839	Muebles/None	Muebles/Colchones matrimoniales		Colchón Matrimonial Novilla Premium 135x190x25 Cm Memory Foam Espuma Viscoelástica Con Gel Refrescan
SUBCATEGORÍA	p385840	Muebles/None	Muebles/Colchones matrimoniales		Colchón Matrimonial Novilla Premium Espuma Viscoelástica Memory Foam Con Gel 20cm En Caja 135x190cm 
SUBCATEGORÍA	p385841	Muebles/None	Muebles/Colchones matrimoniales		Colchón Matrimonial Novilla Basic Memory Foam con Gel Refrescante 135 x 190 x 15 cm, Espuma Viscoelá
SUBCATEGORÍA	p385842	Muebles/None	Muebles/Colchones individuales		Colchón Individual Novilla Basic Memory Foam con Gel Refrescante 100 x 190 x 15 cm, Espuma Viscoelás
SUBCATEGORÍA	p385843	Muebles/None	Muebles/Colchones matrimoniales		Colchón Matrimonial Housy Comfort Softpack
SUBCATEGORÍA	p385844	Muebles/None	Muebles/Colchones queen size		Colchón Queen Housy Comfort Ecopack Blanco
SUBCATEGORÍA	p385845	Muebles/None	Muebles/Colchones individuales		Colchón Individual Housy Comfort Foampack Blanco
SUBCATEGORÍA	p385846	Muebles/None	Muebles/Colchones individuales		Colchón Individual Housy Comfort Ecopack Blanco
SUBCATEGORÍA	p385847	Muebles/None	Muebles/Colchones individuales		Colchón Housy Comfort Pullpack Individual Negro
SUBCATEGORÍA	p385848	Muebles/None	Muebles/Colchones queen size		Colchón Housy Comfort Pullpack Queen Negro
SUBCATEGORÍA	p385849	Muebles/None	Muebles/Colchones individuales		Colchón Individual Housy Comfort Softpack Azul Oscuro
SUBCATEGORÍA	p385850	Muebles/None	Muebles/Colchones king size		Colchón Housy Comfort Softpack King Azul Oscuro
SUBCATEGORÍA	p385851	Muebles/None	Muebles/Colchones queen size		Colchón Housy Comfort Softpack Queen Azul Oscuro
SUBCATEGORÍA	p385852	Muebles/None	Muebles/Colchones matrimoniales		Colchón Housy Comfort Ecopack Matrimonial Color Blanco
SUBCATEGORÍA	p385853	Muebles/None	Muebles/Colchones matrimoniales		Colchón Matrimonial Housy Pullpack Negro
SUBCATEGORÍA	p385854	Muebles/None	Muebles/Colchones king size		Colchón Housy Ecopack King Resortes Comprimido Blanco Blanco
SUBCATEGORÍA	p385855	Muebles/None	Muebles/Colchones king size		Colchón King Housy Foampack Ortopedico Fresco 25 Cm
SUBCATEGORÍA	p385856	Muebles/None	Muebles/Colchones queen size		Colchón Queen Housy Foampack Ortopedico Fresco 25 Cm
SUBCATEGORÍA	p385857	Muebles/None	Muebles/Colchones matrimoniales		Colchón Matrimonial Housy Foampack Ortopedico Fresco 25 Cm
SUBCATEGORÍA	p385858	Muebles/None	Muebles/Colchones individuales		Colchón Individual Restonic Emily Comfort Care Rosa
SUBCATEGORÍA	p385859	Muebles/None	Muebles/Colchones matrimoniales		Colchón Matrimonial Restonic Tree Comfort Care Verde Musgo
SUBCATEGORÍA	p385860	Muebles/None	Muebles/Colchones queen size		Colchón Queen Size Restonic Tree Comfort Care - Verde Musgo
SUBCATEGORÍA	p385861	Muebles/None	Muebles/Colchones individuales		Colchón Individual Sealy Correct Comfort Modelo Frost Azul Oscuro
SUBCATEGORÍA	p385862	Muebles/None	Muebles/Colchones individuales		Colchón Individual Restonic Cher Euro Top Comfort Care Negro
SUBCATEGORÍA	p385863	Muebles/None	Muebles/Colchones matrimoniales		Colchón Matrimonial Restonic Cher Euro Top Comfort Care Negro
SUBCATEGORÍA	p385864	Muebles/None	Muebles/Colchones individuales		Colchón Serta Individual Memory Kool Comfort Hipoalergénico Color Negro
SUBCATEGORÍA	p385865	Muebles/None	Muebles/Colchones king size		Colchón King Size Restonic Tree Comfort Care Verde Musgo
SUBCATEGORÍA	p385866	Muebles/None	Muebles/Colchones queen size		Zinus Comfort Colchón Queen Memory Foam Y Resortes 30cm Blanco
SUBCATEGORÍA	p385867	Muebles/None	Muebles/Colchones queen size		Colchón Queen Size Sealy Correct Comfort Modelo Frost Azul Oscuro
SUBCATEGORÍA	p385868	Muebles/None	Muebles/Colchones queen size		Colchón Queen Size Nooz Prime + 2 Almohadas Adaptables Blanco
SUBCATEGORÍA	p385869	Muebles/None	Muebles/Colchones king size		Colchón King Size Nooz Prime 24 cm + 2 Almohadas Adaptables
SUBCATEGORÍA	p385870	Muebles/None	Muebles/Colchones matrimoniales		Colchón En Caja Matrimonial Nooz Essential 14cm Alto Confort Blanco
SUBCATEGORÍA	p385871	Muebles/None	Muebles/Colchones individuales		Colchón Individual En Caja Nooz 16 Cm Soporte Firme Blanco
SUBCATEGORÍA	p385872	Muebles/None	Muebles/Colchones matrimoniales		Colchón Matrimonial en Caja Nooz Essential 16 cm Alto Espuma
SUBCATEGORÍA	p385873	Muebles/None	Muebles/Colchones matrimoniales		Colchón Nooz Essential 20cm Matrimonial En Caja, Memory Foam
SUBCATEGORÍA	p385874	Muebles/None	Muebles/Colchones individuales		Colchón individual Nooz Essential 16 cm en caja espuma firme
SUBCATEGORÍA	p385875	Muebles/None	Muebles/Colchones matrimoniales		Colchón Matrimónial Nooz Prime Memory Foam 24 cm Medio Suave
SUBCATEGORÍA	p385876	Muebles/None	Muebles/Colchones king size		Colchón King Size En Caja Nooz Original Mix Espumas 20 cm
SUBCATEGORÍA	p385877	Muebles/None	Muebles/Colchones matrimoniales		Colchón Matrimonial Nooz Prime 24 cm + 2 Almohadas Adaptables Memory Foam
SUBCATEGORÍA	p385878	Muebles/None	Muebles/Colchones individuales		Colchón Individual En Caja Nooz Espumas 20cm Alto Blanco Y Amarillo
SUBCATEGORÍA	p385879	Muebles/None	Muebles/Colchones individuales		Colchón Individual En Caja Nooz Prime Fresh 24cm Medio Firme Blanco
SUBCATEGORÍA	p385880	Muebles/None	Muebles/Colchones individuales		Colchón En Caja Individual Nooz Essential 14 Cm Alto Confort Blanco
SUBCATEGORÍA	p385881	Muebles/None	Muebles/Colchones matrimoniales		Colchón Matrimonial Caja Nooz Prime Fresh 24 Cm Medio Firme Blanco
SUBCATEGORÍA	p385882	Muebles/None	Muebles/Colchones queen size		Colchón Queen Size en Caja Nooz Original Memory Foam 24 cm
SUBCATEGORÍA	p385883	Muebles/None	Muebles/Colchones queen size		Colchón Queen Size Nooz Prime Memory Foam 24 Cm Medio Suave
SUBCATEGORÍA	p385884	Muebles/None	Muebles/Colchones king size		Colchón King Size En Caja Nooz Essential Short 14 Cm Alto Confort
SUBCATEGORÍA	p385885	Muebles/None	Muebles/Colchones matrimoniales		Colchón Matrimonial En Caja Nooz Original con Memory Foam 24cm de Alto
SUBCATEGORÍA	p385886	Muebles/None	Muebles/Colchones individuales		Colchón Individual Nooz Prime 24 cm En Caja + 2 Pack Almohadas Adaptables
SUBCATEGORÍA	p385887	Muebles/None	Muebles/Colchones queen size		Colchón Queen Size En Caja Nooz Prime Fresh 24cm Medio Firme Blanco
SUBCATEGORÍA	p385888	Muebles/None	Muebles/Colchones queen size		Colchón En Caja Queen Size Nooz Essential Short 14 Cm Alto Confort Blanco
SUBCATEGORÍA	p385889	Muebles/None	Muebles/Colchones king size		Colchón King Size En Caja Nooz Prime Fresh 24 Cm Medio Firme Blanco
SUBCATEGORÍA	p385890	Muebles/None	Muebles/Colchones king size		Colchón King Size En Caja Nooz Essential Low 16 cm de Alto
SUBCATEGORÍA	p385891	Muebles/None	Muebles/Colchones individuales		Colchón Individual en Caja Nooz Essential High 20 cm con tecnología Memory Foam
SUBCATEGORÍA	p385892	Muebles/None	Muebles/Colchones queen size		Colchón Queen Size En Caja Nooz Essential Low 16 cm de Alto Color Blanco
SUBCATEGORÍA	p385893	Muebles/None	Muebles/Colchones king size		Colchón King Size en Caja Nooz Essential High Memory Foam 20 cm de Alto
SUBCATEGORÍA	p385894	Muebles/None	Muebles/Colchones king size		Colchón King Size En Caja Nooz Original High Memory Foam 24 cm de Alto
SUBCATEGORÍA	p385895	Muebles/None	Muebles/Colchones queen size		Colchón Queen Size en Caja Nooz Original Mix Espumas 20 cm de Alto
SUBCATEGORÍA	p385896	Muebles/None	Muebles/Colchones queen size		Colchón Queen Size En Caja Nooz Essential High 20 cm de Alto con Tecnología Memory Foam
SUBCATEGORÍA	p385897	Muebles/None	Muebles/Colchones matrimoniales		Lumo Home Colchon Matrimonial Premium 25cm De Grosor Memory Foam 10 Capas Transpirable Colchón En Ca
SUBCATEGORÍA	p385898	Muebles/None	Muebles/Colchones matrimoniales		Lumo Home Colchon Matrimonial Premium 20cm De Grosor 10 Capas De Memory Foam Anti Acaros E Hipoalerg
SUBCATEGORÍA	p385899	Muebles/None	Muebles/Colchones queen size		Lumo Home Colchon Queen Size Premium En Caja 25cm De Grosor 10 Capas De Memory Foam Anti Acaros E Hi
SUBCATEGORÍA	p385900	Muebles/None	Muebles/Colchones infantiles y de cuna		Colchón Para Cuna Bambi 116.5x53.5x7cm Blanco
SUBCATEGORÍA	p385901	Muebles/None	Muebles/Colchones infantiles y de cuna		Colchón para Cuna Dream On Me, Impermeable y Firme de 132 x 71 cm
SUBCATEGORÍA	p385902	Muebles/None	Muebles/Colchones queen size		Linenspa Colchón Queen Size De Resortes De 15 Cm Blanco
SUBCATEGORÍA	p385903	Muebles/None	Muebles/Colchones king size		Colchón King Linenspa Híbrido Memory Foam Y Resortes 20 Cm Blanco
SUBCATEGORÍA	p385904	Muebles/None	Muebles/Bases de cama y box		Box Spring Air Pearl Matrimonial Color Negro
SUBCATEGORÍA	p385905	Muebles/None	Muebles/Bases de cama y box		Base Box Matrimonial Spring Air Manhattan Tapizada Gris
SUBCATEGORÍA	p385906	Muebles/None	Muebles/Bases de cama y box		Base Box Individual Spring Air Manhattan Tapizada Gris
SUBCATEGORÍA	p385907	Muebles/None	Muebles/Bases de cama y box		Box Spring Air Gravity Queen Size Color Azul
SUBCATEGORÍA	p385908	Muebles/None	Muebles/Bases de cama y box		Base box Spring Air Pearl de individual color negro
SUBCATEGORÍA	p385909	Muebles/None	Muebles/Bases de cama y box		Box Spring Air New Aurora Matrimonial Tapizado Premium Lila
SUBCATEGORÍA	p385910	Muebles/None	Muebles/Bases de cama y box		Base Box Matrimonial Spring Air Scandinavian Arendal Premium Gris
SUBCATEGORÍA	p385911	Muebles/None	Muebles/Bases de cama y box		Box Spring Air Individual Four Seasons Grand Premium Negro
SUBCATEGORÍA	p385912	Muebles/None	Muebles/Bases de cama y box		Base Box Individual Spring Air Scandinavian Arendal Premium Gris
SUBCATEGORÍA	p385913	Muebles/None	Muebles/Bases de cama y box		Base box Spring Air Gravity de individual color azul
SUBCATEGORÍA	p385914	Muebles/None	Muebles/Bases de cama y box		Base Box Queen Size Spring Air Manhattan Tapizada Gris
SUBCATEGORÍA	p385915	Muebles/None	Muebles/Bases de cama y box		Box Spring Air New Aurora Individual Tapizado Premium Lila
SUBCATEGORÍA	p385916	Muebles/None	Muebles/Bases de cama y box		Box Spring Air Matrimonial Four Seasons Grand Premium Negro
SUBCATEGORÍA	p385917	Muebles/None	Muebles/Bases de cama y box		Box Spring Air Queen Size Four Seasons Grand Premium Negro
SUBCATEGORÍA	p385918	Muebles/None	Muebles/Bases de cama y box		Base Box Queen Size Spring Air Scandinavian Arendal Premium Gris
SUBCATEGORÍA	p385919	Muebles/None	Muebles/Bases de cama y box		Box Spring Air New Aurora Queen Size Tapizado Premium Lila
SUBCATEGORÍA	p385920	Muebles/None	Muebles/Bases de cama y box		Base Box Individual Spring Air Atlantic Tapiz A Cuadros Azul
SUBCATEGORÍA	p385921	Muebles/None	Muebles/Bases de cama y box		Base Box Matrimonial Spring Air Atlantic Tapiz A Cuadros Azul
SUBCATEGORÍA	p385922	Muebles/None	Muebles/Bases de cama y box		Base Box Queen Size Spring Air Atlantic Tapiz A Cuadros Azul
SUBCATEGORÍA	p385923	Muebles/None	Muebles/Colchones king size		Colchón King Size Spring Air Con Base Recamara Bases Color Base Lino Gris
SUBCATEGORÍA	p385924	Muebles/None	Muebles/Colchones matrimoniales		Colchón Matrimonial Size Spring Air Con Base Recamara Bases Color Base Lino Gris
SUBCATEGORÍA	p385925	Muebles/None	Muebles/Bases de cama y box		Base Box Spring Tela Individual Color Azul
SUBCATEGORÍA	p385926	Muebles/None	Muebles/Mesas plegables y multiusos		Mesa Multifuncional Plegable Gomyhome Vintage Harper Mdf Acero Color Marrón
SUBCATEGORÍA	p385927	Muebles/None	Muebles/Escritorios plegables y compactos		Set De Home Offcie (escritorio+ Silla) estudio Plegable Harper Color Rosa Gomyhome
SUBCATEGORÍA	p385928	Muebles/None	Muebles/Sillas de oficina		Gomyhome Silla De Oficina Ejecutiva Gamer Ergonómica Giratoria Ajustable Negro
SUBCATEGORÍA	p385929	Muebles/None	Muebles/Sillas de oficina		Silla De Oficina Gomyhome Giratoria Tapizada Moderna Con Patas De Metal, Grande, Pana, Beige
SUBCATEGORÍA	p385930	Muebles/None	Muebles/Sillas de oficina		Gomyhome Silla De Oficina Rosa Estilo Vanity De Tela Borreguito, Giratoria Y Ajustable
SUBCATEGORÍA	p385931	Muebles/None	Muebles/Sillas de oficina		Gomyhome Silla De Oficina Rosa Estilo Vanity De Tela Teddy, Giratoria Y Ajustable
SUBCATEGORÍA	p385932	Muebles/None	Muebles/Camas individuales		Cama Individual Metal Gomyhome Sane. Color Negro
SUBCATEGORÍA	p385933	Muebles/None	Muebles/Sofás seccionales y esquineros		Gomyhome Sillón Modular Individual De Pana Beige Con Cojín, Estilo Moderno
SUBCATEGORÍA	p385934	Muebles/None	Muebles/Sillones y reclinables		Sillón Reclinable Gomyhome Durothil Pana Negro Color Beige Diseño de la tela Rayado
SUBCATEGORÍA	p385935	Muebles/None	Muebles/Sillones y reclinables		Sillón Reclinable Gomyhome Durothil Pana Negro Color Amarillo Diseño de la tela Rayado
SUBCATEGORÍA	p385936	Muebles/None	Muebles/Sofás seccionales y esquineros		Gomyhome Sillón Modular Individual De Pana Amarillo Mostaza Con Cojín, Estilo Moderno
SUBCATEGORÍA	p385937	Muebles/None	Muebles/Muebles de cocina		Gomyhome Carrito De Cocina Con Ruedas Cajón Gabinete Blanco
SUBCATEGORÍA	p385938	Muebles/None	Muebles/Muebles de cocina		Gomyhome Carrito De Cocina Con Ruedas Cajón Y Gabinete Negro
SUBCATEGORÍA	p385939	Muebles/None	Muebles/Sillones y reclinables		Sillón Individual Gomyhome Beige Tapizado Con Brazos Madera
SUBCATEGORÍA	p385940	Muebles/None	Muebles/Sillas de oficina		Silla De Comedor Giratoria Con Brazos Gomyhome
SUBCATEGORÍA	p385941	Muebles/None	Muebles/Sillas de comedor		Set 2 Sillas De Comedor De Pana Lyanco Gomyhome
SUBCATEGORÍA	p385942	Muebles/None	Muebles/Sillas de comedor		Set 2 Sillas De Comedor De Tapizado Lyanco Gomyhome
SUBCATEGORÍA	p385943	Muebles/None	Muebles/Sillas de oficina		Silla De Comedor Giratoria 360 Con Brazos Tapizada Gomyhome
SUBCATEGORÍA	p385944	Muebles/None	Muebles/Mesas para TV y consolas		Rack para TV de 75" Lubardy Negro con 12 Cajones de Tela y Luz LED RGB
SUBCATEGORÍA	p385945	Muebles/None	Muebles/Mesas para TV y consolas		Mueble Para Tv Moderno Minimalista 180cm LUBARDY Mesa Televisión 35-85 Pulgadas Muebles De Tv De Mad
SUBCATEGORÍA	p385946	Muebles/None	Muebles/Bases de cama y box		Gomyhome Base Metal Cama Soporte Recamara Individual Negro
SUBCATEGORÍA	p385947	Muebles/None	Muebles/Juegos de comedor		Gomyhome Juego De Comedor 2 Sillas Rectangular 80cm Marrón
SUBCATEGORÍA	p385948	Muebles/None	Muebles/Roperos		Ropero Rack Closet Armable Guaradaropa Recamara Organización
SUBCATEGORÍA	p385949	Muebles/None	Muebles/Roperos		Ropero Owkuan de Tela con 9 Cajones Para Ropa, Marrón Rústico
SUBCATEGORÍA	p385950	Muebles/None	Muebles/Roperos		Owkuan Closet De Madera, Montado En La Pared Rack Para Ropas Negro
SUBCATEGORÍA	p385951	Muebles/None	Muebles/Roperos		Cómoda Owkuan con 9 Cajones y Luz LED RGB para Dormitorio
SUBCATEGORÍA	p385952	Muebles/None	Muebles/Roperos		Cómoda Owkuan de Dormitorio con 9 Cajones, Luz LED y Estación de Carga USB
SUBCATEGORÍA	p385953	Muebles/None	Muebles/Roperos		Ropero Owkuan con Baulera Madera y Metal Negro 156x32x160cm, Armario Organizador de Ropa Resistente 
SUBCATEGORÍA	p385954	Muebles/None	Muebles/Roperos		Ropero con Baulera de Metal y Tela Owkuan Blanco, 105 x 45 x 170 cm,Armario antipolvo con cortina en
SUBCATEGORÍA	p385955	Muebles/None	Muebles/Roperos		Ropero con Baulera de Metal y Tela Owkuan Negro, 105 x 45 x 170 cm,Armario antipolvo con cortina en 
SUBCATEGORÍA	p385956	Muebles/None	Muebles/Mesas de comedor		Mesa Comedor 4 Personas Nuestro Nido Nogal Metal Rústica Patas Mate Restaurante Cafeteria Sala Banco
SUBCATEGORÍA	p385957	Muebles/None	Muebles/Mesas de comedor		Comedor Periquero Blanco Itluam Muebles 4 Sillas Moderno Cafetería Madera
SUBCATEGORÍA	p385958	Muebles/None	Muebles/Mesas de comedor para exterior		Comedor Rústico Exterior Itluam Muebles Mesa Madera 4 Sillas Gris
SUBCATEGORÍA	p385959	Muebles/None	Muebles/Mesas de comedor		Comedor Estándar Retro Vintage Itluam Muebles 2 Sillas Egg Amarillo
SUBCATEGORÍA	p385960	Muebles/None	Muebles/Mesas de comedor		Comedor Itluam Muebles 4 Sillas Azul Estilo Moderno Tacto Piel
SUBCATEGORÍA	p385961	Muebles/None	Muebles/Mesas de comedor para exterior		Comedor Exterior 4 Sillas Itluam Muebles Mesa Cuadrada Gris Industrial
SUBCATEGORÍA	p385962	Muebles/None	Muebles/Juegos de comedor		Juego de Comedor Itluam Muebles 4 Sillas Polipropileno Blanco Moderno
SUBCATEGORÍA	p385963	Muebles/None	Muebles/Juegos de comedor		Comedor Moderno 4 Sillas Negro Mesa Cuadrada Madera Itluam Muebles
SUBCATEGORÍA	p385964	Muebles/None	Muebles/Mesas de comedor		Comedor Itluam Muebles Moderno 4 Sillas Naranja Mesa Cuadrada Formaica
SUBCATEGORÍA	p385965	Muebles/None	Muebles/Mesas de comedor		Comedor 4 Sillas Rojo Itluam Muebles Estilo Moderno Madera Tactopiel
SUBCATEGORÍA	p385966	Muebles/None	Muebles/Juegos de comedor		Comedor Moderno 4 Sillas Itluam Muebles Mesa Cuadrada Blanco Formaica
SUBCATEGORÍA	p385967	Muebles/None	Muebles/Juegos de comedor		Comedor Moderno Itluam Muebles 6 Sillas Polipropileno Negro Mesa Madera
SUBCATEGORÍA	p385968	Muebles/None	Muebles/Mesas de comedor		Comedor Periquero Cubo Itluam Muebles Cuadrado Rojo 4 Sillas Altas Metal
SUBCATEGORÍA	p385969	Muebles/None	Muebles/Juegos de comedor		Juego de Comedor Itluam Muebles Mesa Cuadrada Chocolate 4 Sillas Polipropileno
SUBCATEGORÍA	p385970	Muebles/None	Muebles/Mesas de comedor		Comedor Itluam Muebles Negro Mesa Formica 60x60cm 2 Sillones Egg Tactopiel
SUBCATEGORÍA	p385971	Muebles/None	Muebles/Mesas de comedor		Comedor Itluam Muebles 2 Sillas Tactopiel Azul Retro/Vintage Mesa Cuadrada
SUBCATEGORÍA	p385972	Muebles/None	Muebles/Mesas de comedor		Comedor Periquero Itluam Muebles 4 Sillas Negras Mesa Redonda Moderna
SUBCATEGORÍA	p385973	Muebles/None	Muebles/Mesas de comedor		Comedor 4 Sillas Negro Itluam Muebles Mesa Madera Alta Bar Cafetería
SUBCATEGORÍA	p385974	Muebles/None	Muebles/Mesas de comedor		Comedor Itluam Muebles Moderno 4 Sillas Polipropileno Mesa Madera Negra
SUBCATEGORÍA	p385975	Muebles/None	Muebles/Juegos de comedor		Comedor Moderno Itluam Muebles 6 Sillas Azul Mesa Madera Formica Pino
SUBCATEGORÍA	p385976	Muebles/None	Muebles/Mesas de comedor		Comedor Itluam Muebles 4 Sillas Polipropileno Mesa Madera Pino Cuadrada Negra
SUBCATEGORÍA	p385977	Muebles/None	Muebles/Mesas de comedor		Comedor Periquero Cubo Campirano Itluam Muebles Mesa Cuadrada 4 Sillas Lisas
SUBCATEGORÍA	p385978	Muebles/None	Muebles/Mesas de comedor para exterior		Comedor Exterior Itluam Muebles 4 Sillas Polipropileno Mesa Madera Rústica Negra
SUBCATEGORÍA	p385979	Muebles/None	Muebles/Juegos de comedor		Juego de Comedor Moderno Itluam Muebles 4 Sillas Azul Tactopiel Mesa Cuadrada
SUBCATEGORÍA	p385980	Muebles/None	Muebles/Mesas de comedor		Mesa Comedor Moderno Vintage Restaurante Bar Jardín Exterior Color Naranja Itluam Muebles
SUBCATEGORÍA	p385981	Muebles/None	Muebles/Juegos de comedor		Juego de Comedor Moderno Itluam Muebles 4 Sillas Metal Mesa Redonda Roja
SUBCATEGORÍA	p385982	Muebles/None	Muebles/Mesas de comedor		Comedor Estándar Italia Itluam Muebles Moderno con Mesa Cuadrada y 4 Sillas Blanco
SUBCATEGORÍA	p385983	Muebles/None	Muebles/Juegos de comedor		Juego de Comedor Itluam Muebles Italia con 4 Sillas y Mesa Cuadrada de 75x75 cm, Negro
SUBCATEGORÍA	p385984	Muebles/None	Muebles/Juegos de comedor		Juego de Comedor Itluam Muebles CHILANGUITA Duela Emboquillado con 4 Sillas y Mesa Cuadrada Roja
SUBCATEGORÍA	p385985	Muebles/None	Muebles/Juegos de comedor		Juego de comedor Itluam Muebles Comedor Estándar Italia Emboquillado Comemb Color Naranja Mesa de 75
SUBCATEGORÍA	p385986	Muebles/None	Muebles/Juegos de comedor		Juego de comedor Itluam Muebles color rojo con 4 sillas mesa de 75cm de largo máximo x 75cm de ancho
SUBCATEGORÍA	p385987	Muebles/None	Muebles/Juegos de comedor		Comedor Moderno Itluam 4 Sillas Polipropileno Chocolate Mesa Madera Cuadrada
SUBCATEGORÍA	p385988	Muebles/None	Muebles/Juegos de comedor		Juego de Comedor Itluam Charly Comfor Amarillo con 4 Sillas y Mesa Cuadrada
SUBCATEGORÍA	p385989	Muebles/None	Muebles/Mesas altas y de bar		Cantina Roundhill Furniture de Madera Gris
SUBCATEGORÍA	p385990	Muebles/None	Muebles/Taburetes y bancos		Meridian Furniture Caleb Collection Modern Taburete
SUBCATEGORÍA	p385991	Muebles/None	Muebles/Mesas altas y de bar		Cantina Con Ruedas 360º Multiusos 3 Niveles Bossa Rex
SUBCATEGORÍA	p385992	Muebles/None	Muebles/Mesas de comedor para exterior		Mesa de Jardín Cuadrada de Poly Rattan para Comedor – vidaXL
SUBCATEGORÍA	p385993	Muebles/None	Muebles/Sofás de 2 y 3 plazas		Sofá Lacy Color Gris By Promobel
SUBCATEGORÍA	p385994	Muebles/None	Muebles/Sillones y reclinables		Sillón Terciopelo Teddy By Promobel Color Gris
SUBCATEGORÍA	p385995	Muebles/None	Muebles/Sillones y reclinables		Sillón Individual Tapizado Caravagio By Promobel Color Negro
SUBCATEGORÍA	p385996	Muebles/None	Muebles/Sillones y reclinables		Sillon Reposacabezas Abatible Club By Promobel Color Negro
SUBCATEGORÍA	p385997	Muebles/None	Muebles/Sillones y reclinables		Sillon Artesanal Cuerda Zapotlan By Promobel Color Marrón
SUBCATEGORÍA	p385998	Muebles/None	Muebles/Sofás de 2 y 3 plazas		Sofa 3 Plazas Cuerda Vallarta By Promobel
SUBCATEGORÍA	p385999	Muebles/None	Muebles/Sofás de 2 y 3 plazas		Sofá Promöbel Zapotlám de 2 Cuerpos con Cuerda Beige
SUBCATEGORÍA	p386000	Muebles/None	Muebles/Sofás de 2 y 3 plazas		Sofa Parota Y Cuerda Oaxaca By Promobel Color Beige
SUBCATEGORÍA	p386001	Muebles/None	Muebles/Sofás de 2 y 3 plazas		Sofa Parota Y Cuerda Oaxaca By Promobel Color Gris
SUBCATEGORÍA	p386002	Muebles/None	Muebles/Sillones y reclinables		Sillon De Cuerda Poliester Vallarta By Promobel Color Beige
SUBCATEGORÍA	p386003	Muebles/None	Muebles/Sillas de exterior		Sillon De Cuerda Vallarta Tela Exterior By Promobel Color Beige
SUBCATEGORÍA	p386004	Muebles/None	Muebles/Sofás de 2 y 3 plazas		Sofa Artesanal 2 Plazas Cuerda Chetumal By Promobel Color Beige
SUBCATEGORÍA	p386005	Muebles/None	Muebles/Sillas de exterior		Sillon De Cuerda Vallarta Tela Exterior By Promobel Color Negro
SUBCATEGORÍA	p386006	Muebles/None	Muebles/Sofás de 2 y 3 plazas		Sofa 2 Plazas Parota Cuerda Oaxaca By Promobel Color Gris
SUBCATEGORÍA	p386007	Muebles/None	Muebles/Sofás de 2 y 3 plazas		Sofa Artesanal 3 Plazas Cuerda Chetumal By Promobel Color Beige
SUBCATEGORÍA	p386008	Muebles/None	Muebles/Sofás de 2 y 3 plazas		Sofa 2 Plazas Parota Cuerda Oaxaca By Promobel Color Negro
SUBCATEGORÍA	p386009	Muebles/None	Muebles/Sofás de 2 y 3 plazas		Sofá Promöbel CINQUE de 1 Cuerpo con Tela Gris Oscuro
SUBCATEGORÍA	p386010	Muebles/None	Muebles/Sillones y reclinables		Sillón Rústico Rattan Acabado Natural Akit By Promobel Color Marrón
SUBCATEGORÍA	p386011	Muebles/None	Muebles/Sillones y reclinables		Sillón Cinque Promöbel de Ratán Natural y Tela Gris Oscuro
SUBCATEGORÍA	p386012	Muebles/None	Muebles/Sillones y reclinables		Sillón Promöbel Chetumal de 1 Cuerpo en Cuerda Beige con Cojín
SUBCATEGORÍA	p386013	Muebles/None	Muebles/Sillones y reclinables		Sillón Vallarta de Promöbel, para Exterior con Cuerda y Tela Gris
SUBCATEGORÍA	p386014	Muebles/None	Muebles/Sillones y reclinables		Sillón Individual Promöbel Oaxaca de Madera Parota y Cuerda en Gris
SUBCATEGORÍA	p386015	Muebles/None	Muebles/Sillones y reclinables		Loveseat Tapizado En Tela California By Promobel Color Gris Diseño De La Tela Poliéster
SUBCATEGORÍA	p386016	Muebles/None	Muebles/Sillones y reclinables		Sillón Tapizado En Tela California By Promobel Color Gris Diseño De La Tela Poliéster
SUBCATEGORÍA	p386017	Muebles/None	Muebles/Sofás de 2 y 3 plazas		Sofa Tapizado En Tela California By Promobel Color Gris Diseño De La Tela Poliéster
SUBCATEGORÍA	p386018	Muebles/None	Muebles/Sofás de 2 y 3 plazas		Sofá Capitonado Tapizado En Tactopiel Negro Moblac Muebles
SUBCATEGORÍA	p386019	Muebles/None	Muebles/Sillones y reclinables		Siilón Reclinable Bilbao Moblac Premium Color Chocolate Tactopiel
SUBCATEGORÍA	p386020	Muebles/None	Muebles/Sofás de 2 y 3 plazas		Sofá Capitonado Vintage Moblac Kingston Color Tabaco Tela Vini Piel
SUBCATEGORÍA	p386021	Muebles/None	Muebles/Puffs y otomanas		Descansa Pies Reposapiés Masaje Basculante Oficina Reposapié
SUBCATEGORÍA	p386022	Muebles/None	Muebles/Accesorios y organizadores de escritorio		Reposapiés Pegzone Debajo Del Escritorio Con Masaje
SUBCATEGORÍA	p386023	Muebles/None	Muebles/Sillas de oficina		Silla De Oficina Cleo Laffayette Piel Vegana Chapa Nogal Negro Piel Vegana
SUBCATEGORÍA	p386024	Muebles/None	Muebles/Muebles de cocina		Livry Alacena Gabinete Para Colgar De Cocina Pequeño 3 Puertas
SUBCATEGORÍA	p386025	Muebles/None	Muebles/Muebles de cocina		Alacena Home Design Valeria Blanco 5 Puertas Espacio Microondas
SUBCATEGORÍA	p386026	Herramientas/None	Herramientas/Atornilladores		Taladros Inalámbricos Rotomartillo Destornillador 120Nm 13mm con 2 Baterías 3.0Ah - Pointekx
SUBCATEGORÍA	p386027	Herramientas/None	Herramientas/Baterías y cargadores de herramienta		Truper Industrial N20-ROT-1 Batería recargable - Negro 50 Hz/60 Hz
SUBCATEGORÍA	p386028	Herramientas/None	Herramientas/Neumáticas		Rotomartillo Electroneumatico 2.7 Joules 800w 3 Funcion Aksi Color Negro
SUBCATEGORÍA	p386029	Herramientas/None	Herramientas/Taladros y rotomartillos		Taladro Rotomartillo Nanwei Sin Escobillas Con 2baterías 3.0ah Color Negro
SUBCATEGORÍA	p386030	Herramientas/None	Herramientas/Taladros y rotomartillos		Rotomartillo Taladro Inalambrico sds plus 2j 4.0ah 2 baterías Nanwei
SUBCATEGORÍA	p386031	Herramientas/None	Herramientas/Taladros y rotomartillos		Rotomartillo Taladro Inalambrico sds plus 4j 4.0ah 2 baterías Nanwei
SUBCATEGORÍA	p386032	Herramientas/None	Herramientas/Taladros y rotomartillos		Rotomartillo Taladro Sin Escobillas Nanwei NW-A5261 Con 2*4.0ah Batería Color Negro Frecuencia 60
SUBCATEGORÍA	p386033	Herramientas/None	Herramientas/Atornilladores		Taladro Percutor Destornillador Inalámbrico 90Nm 13mm con 2 Baterías 3.0Ah - Pointekx
SUBCATEGORÍA	p386034	Herramientas/None	Herramientas/Taladros y rotomartillos		Rotomartillo Pointekx PX-30 1980W SDS Plus con Martillo Percutor y Cincelador
SUBCATEGORÍA	p386035	Herramientas/None	Herramientas/Taladros y rotomartillos		Rotomartillo Dongcheng 710w Dzj16 Azul
SUBCATEGORÍA	p386036	Herramientas/None	Herramientas/Martillos, cinceles y mazos		Martillo rompedor SDS-Plus Dongcheng DZC05-28b, color azul
SUBCATEGORÍA	p386037	Herramientas/None	Herramientas/Atornilladores		Rotomartillo Taladro Atornillador 1/2" Dongcheng 710W Reversible
SUBCATEGORÍA	p386038	Herramientas/None	Herramientas/Taladros y rotomartillos		Rotomartillo Inalámbrico DongCheng DCZC0228Z Brushless 1000W 28mm SDS Plus
SUBCATEGORÍA	p386039	Herramientas/None	Herramientas/Baterías y cargadores de herramienta		Rotomartillo Inalámbrico Dongcheng 20V Brushless 1/2'' Con 2 Baterías
SUBCATEGORÍA	p386040	Herramientas/None	Herramientas/Atornilladores		Kit Rotomartillo DongCheng SDS Max 1100W y 710W Taladro Atornillador
SUBCATEGORÍA	p386041	Herramientas/None	Herramientas/Taladros y rotomartillos		Rotomartillo SDS Max DongCheng de 1500W y Sopladora Eléctrica Variable
SUBCATEGORÍA	p386042	Herramientas/None	Herramientas/Baterías y cargadores de herramienta		Rotomartillo cincelador Dongcheng Dczc0228h2k inalámbrico brushless baterías 20v 6.0ah 1100 W
SUBCATEGORÍA	p386043	Herramientas/None	Herramientas/Taladros y rotomartillos		Taladro Rotomartillo Inalambrico 1/2 Brushless Industrial Dongcheng Dcjz03-13em 3 Años
SUBCATEGORÍA	p386044	Herramientas/None	Herramientas/Atornilladores		Rotomartillo, Atornillador y Rotomartillo Inalámbrico 1/2 Pulg DongCheng Brushless 2 Baterías
SUBCATEGORÍA	p386045	Herramientas/None	Herramientas/Atornilladores		Taladro Destornillador Industrial 1/2' 710w Velocidad Variable Djz07-13 Dongcheng
SUBCATEGORÍA	p386046	Herramientas/None	Herramientas/Baterías y cargadores de herramienta		Rotomartillo Cincelador DongCheng Inalámbrico de 20V con 2 Baterías y Maletín
SUBCATEGORÍA	p386047	Herramientas/None	Herramientas/Taladros y rotomartillos		Rotomartillo Cincelador Industrial Perforador 1' Sds Plus 800w Dongcheng DZC05-26B Color Azul - Con 
SUBCATEGORÍA	p386048	Herramientas/None	Herramientas/Baterías y cargadores de herramienta		Kit Rotomartillo Makita DHR241STX2 SDS Plus 1.9J + Atornillador DTD152Z 165 Nm + Maleta DongCheng co
SUBCATEGORÍA	p386049	Herramientas/None	Herramientas/Accesorios para rotomartillo y demoledor		Kit de Rotomartillo DongCheng de 1" y Miniesmeriladora de 4-1/2" con Juego de Brocas Makita
SUBCATEGORÍA	p386050	Herramientas/None	Herramientas/Baterías y cargadores de herramienta		Rotomartillo a Batería SDS Plus DongCheng 20V DCZC0424EM con 2 Baterías y Set de 10 Brocas y Cincele
SUBCATEGORÍA	p386051	Herramientas/None	Herramientas/Taladros y rotomartillos		Kit Taladro Perforador Adeske QC Sds Color Verde
SUBCATEGORÍA	p386052	Herramientas/None	Herramientas/Taladros y rotomartillos		Adeske Rotomartillo Taladro Perforadora Industrial con kit de taladro
SUBCATEGORÍA	p386053	Herramientas/None	Herramientas/Taladros y rotomartillos		Adeske Rotomartillo Taladro de impacto Cincelador Perforador Sds Con Accesorios Color Verde
SUBCATEGORÍA	p386054	Herramientas/None	Herramientas/Taladros y rotomartillos		Rotomartillo taladro perforador industrial Adeske ZDC 110V color naranja potente y resistente
SUBCATEGORÍA	p386055	Herramientas/None	Herramientas/Atornilladores		Atornillador De Impacto Inalámbrico 1/4 Brushless 20v Ingco
SUBCATEGORÍA	p386057	Herramientas/None	Herramientas/Esmeriladoras y pulidoras		Pulidora 7 1,400 W Velocidad Variable Ingco Uap140016
SUBCATEGORÍA	p386058	Herramientas/None	Herramientas/Esmeriladoras y pulidoras		Vevor Pulidora De Búfer De Banco Para Joyería 8 Pulgadas
SUBCATEGORÍA	p386059	Herramientas/None	Herramientas/Esmeriladoras y pulidoras		Pulidora Orbital Inalámbrica Kilian Ethan Ke712 6" 380w 5500rpm 2 Baterías
SUBCATEGORÍA	p386060	Herramientas/None	Herramientas/Lijadoras		5.0 in. Almohadilla Para Lijadoras Orbitales
SUBCATEGORÍA	p386061	Herramientas/None	Herramientas/Lijadoras		Lijadora orbital Makita bo5010-5030
SUBCATEGORÍA	p386062	Herramientas/None	Herramientas/Lijadoras		Lijadora rotoorbital Makita Bo5041 300w
SUBCATEGORÍA	p386063	Herramientas/None	Herramientas/Lijadoras		Lijadora orbital Makita BO4557 azul 180W
SUBCATEGORÍA	p386064	Herramientas/None	Herramientas/Lijadoras		Lijadora Orbital 180w - M9200b Makita Color Verde
SUBCATEGORÍA	p386066	Herramientas/None	Herramientas/Lijadoras		Lijadora profesional orbital Makita MT M9200G gris 180W
SUBCATEGORÍA	p386067	Herramientas/None	Herramientas/Lijadoras		Lijadora profesional orbital Makita MT M9203 gris 190W
SUBCATEGORÍA	p386068	Herramientas/None	Herramientas/Sierras		Lijadora Roto Orbital Makita + Sierra Circular 185mm Multicolor
SUBCATEGORÍA	p386069	Herramientas/None	Herramientas/Lijadoras		Lijadora Rotorbital Inalambrica Makita 125mm Dbo180rfe Color Turquesa
SUBCATEGORÍA	p386070	Herramientas/None	Herramientas/Lijadoras		Lijadora Orbital Makita M9201B de 180W para Madera
SUBCATEGORÍA	p386071	Herramientas/None	Herramientas/Lijadoras		Lijadora orbital M9200g 180w - Makita Color Grey
SUBCATEGORÍA	p386072	Herramientas/None	Herramientas/Lijadoras		Lijadora profesional orbital Makita MT M9201 gris 180W
SUBCATEGORÍA	p386073	Herramientas/None	Herramientas/Lijadoras		Lijadora profesional de banda Makita 9911 turquesa 650W
SUBCATEGORÍA	p386074	Herramientas/None	Herramientas/Baterías y cargadores de herramienta		Lijadora Orbital Inalambrica Makita 5 , No Incl Bateria
SUBCATEGORÍA	p386075	Herramientas/None	Herramientas/Lijadoras		Lijadora Profesional Orbital 180w M9200b Makita
SUBCATEGORÍA	p386076	Herramientas/None	Herramientas/Lijadoras		Lijadora De Banda Inalambrica Makita Dbs180z Turquesa 50-60hz
SUBCATEGORÍA	p386077	Herramientas/None	Herramientas/Lijadoras		Base Lijadora Para Makita Bo5030 Bo5041 M9204 2pzs
SUBCATEGORÍA	p386078	Herramientas/None	Herramientas/Lijadoras		Lijadora profesional de banda Makita MT M9400G gris 940W
SUBCATEGORÍA	p386079	Herramientas/None	Herramientas/Lijadoras		Lijadora profesional de banda Makita MT M9400B turquesa 940W
SUBCATEGORÍA	p386080	Herramientas/None	Herramientas/Lijadoras		Lijadora Excéntrica 5 V.v 220w Bo5021/bo5041 Makita Azul
SUBCATEGORÍA	p386081	Herramientas/None	Herramientas/Lijadoras		Lijadora orbital Makita Roto, 150 mm, 310 vatios, color azul,
SUBCATEGORÍA	p386082	Herramientas/None	Herramientas/Lijadoras		Lijadora excéntrica Makita CMAKBO5030_02 con sistema velcro multicolor 12000Opm 300W
SUBCATEGORÍA	p386083	Herramientas/None	Herramientas/Lijadoras		Lijadora de banda con colector 650w 9910 - Color Turquesa Makita
SUBCATEGORÍA	p386084	Herramientas/None	Herramientas/Lijadoras		Lijadora profesional orbital inalámbrica Makita LXT DBO180Z turquesa 220W 18V
SUBCATEGORÍA	p386085	Herramientas/None	Herramientas/Lijadoras		Lijadora De Banda 3/8 X 21 Makita 9032 Color Azul
SUBCATEGORÍA	p386086	Herramientas/None	Herramientas/Neumáticas		Lijadora Orbital Neumática Industrial 6 , Truper
SUBCATEGORÍA	p386087	Herramientas/None	Herramientas/Neumáticas		Lijadora Orbital Neumática 6' Truper 19382 Color Plata
SUBCATEGORÍA	p386088	Herramientas/None	Herramientas/Neumáticas		Pad Lijadora Neumática Tpn-861 Vinil Truper 19389
SUBCATEGORÍA	p386090	Herramientas/None	Herramientas/Lijas y accesorios de lijado		Base Hook And Loop Para Lior-1/4a2 Truper 101915
SUBCATEGORÍA	p386092	Herramientas/None	Herramientas/Lijadoras		Lijadora Orbital Pretul Truper LIOR-1/3P3 Color Amarillo
SUBCATEGORÍA	p386093	Herramientas/None	Herramientas/Lijadoras		Lijadora Roto Orbital TRUPER, 5'', 260 W, LIRO-5N2
SUBCATEGORÍA	p386094	Herramientas/None	Herramientas/Lijadoras		Lijadora Roto Orbital TRUPER 5'', 260 W, LIRO-5A2
SUBCATEGORÍA	p386095	Herramientas/None	Herramientas/Lijadoras		Lijadora de banda Truper LIBA-4X24N2 gris 60Hz 1.2kW
SUBCATEGORÍA	p386096	Herramientas/None	Herramientas/Lijadoras		Lijadora orbital Truper LIOR-1/2NX 360W 60 Hz color gris
SUBCATEGORÍA	p386098	Herramientas/None	Herramientas/Lijadoras		Lijadora De Pared Y Techo 9'' 750 W TRUPER LIPA-9A
SUBCATEGORÍA	p386099	Herramientas/None	Herramientas/Lijadoras		Lijadora Roto Orbital 5'' Profesional 260W Truper LIRO-5A
SUBCATEGORÍA	p386100	Herramientas/None	Herramientas/Lijadoras		Lijadora Roto-orbital Inalámbrica 5' 1 Bat. Truper Liri-20a Color Naranja
SUBCATEGORÍA	p386101	Herramientas/None	Herramientas/Lijadoras		Lijadora Manual Base De Aluminio 8 X 24 Cm, Truper Negro 100436
SUBCATEGORÍA	p386102	Herramientas/None	Herramientas/Lijadoras		Lijadora Roto-orbital Inalámbrica 5 sin accesorios Truper PRO LIRI-20AS Color Naranja
SUBCATEGORÍA	p386103	Herramientas/None	Herramientas/Lijadoras		Truper LIRO-5N2 Color Gris Lijadora Roto Orbital 5' Industrial 260 W
SUBCATEGORÍA	p386104	Herramientas/None	Herramientas/Lijadoras		Lijadora Orbital TRUPER INDUSTRIAL 1/4 de Hoja, 300 W, LIOR-1/4N2
SUBCATEGORÍA	p386106	Herramientas/None	Herramientas/Lijadoras		Aksi Lijadora De Banda 1200w - Ind Negro 1
SUBCATEGORÍA	p386107	Herramientas/None	Herramientas/Lijadoras		Lijadora Orbital 180w 190401 Aksi
SUBCATEGORÍA	p386109	Herramientas/None	Herramientas/Lijadoras		2 Pzas Aksi Lijadora De Banda 900w - Pro Rojo 1
SUBCATEGORÍA	p386110	Herramientas/None	Herramientas/Lijadoras		Aksi Lijadora Roto-orbital 240w De 5 Pul - Pro Rojo 1
SUBCATEGORÍA	p386111	Herramientas/None	Herramientas/Lijadoras		2 Pzas Aksi Lijadora 300w Para 1/2 Hoja - Pro Rojo 1
SUBCATEGORÍA	p386112	Herramientas/None	Herramientas/Lijadoras		Lijadora Orbital Daewoo 480w 125mm + Accesorios Negro 60hz
SUBCATEGORÍA	p386113	Herramientas/None	Herramientas/Lijadoras		Lijadora Rotorbital Daewoo 300w 125mm + Accesorios 5 Lijas Gris 60hz
SUBCATEGORÍA	p386114	Herramientas/None	Herramientas/Lijadoras		Lijadora Roto Orbital Dewalt Dwe6421 de 5 pulgadas Dewalt
SUBCATEGORÍA	p386115	Herramientas/None	Herramientas/Lijadoras		Set de bases para lijadora Dewalt Dewalt DWE6421
SUBCATEGORÍA	p386116	Herramientas/None	Herramientas/Lijadoras		Lijadora de banda inalámbrica DeWalt dcw220b amarilla
SUBCATEGORÍA	p386117	Herramientas/None	Herramientas/Lijadoras		Lijadora Random Orbit Dewalt Dwe6423k De Velocidad Variable
SUBCATEGORÍA	p386118	Herramientas/None	Herramientas/Lijadoras		Lijadora Orbital 5 Pul Velocidad Variable Dewalt Dwe6423k
SUBCATEGORÍA	p386119	Herramientas/None	Herramientas/Lijadoras		Respaldo Para Lijadora Dewalt Dwe6421 C/velcro Color Negro
SUBCATEGORÍA	p386120	Herramientas/None	Herramientas/Baterías y cargadores de herramienta		Lijadora Orbital Dewalt 20v Max 5 Con Batería
SUBCATEGORÍA	p386121	Herramientas/None	Herramientas/Lijadoras		Lijadora Orbital Dewalt Dwe6423, 5 Velocidad Variable
SUBCATEGORÍA	p386122	Herramientas/None	Herramientas/Lijadoras		Lijadora rotativa Dewalt DWE6401ds de velocidad variable 3
SUBCATEGORÍA	p386123	Herramientas/None	Herramientas/Lijadoras		Lijadora Palma 1/4 2.3a Dewalt Dwe6411k Con Bolsa
SUBCATEGORÍA	p386124	Herramientas/None	Herramientas/Lijadoras		Lijadora Banda Inalámbrica sin Carbones 3x21 Pul 20V Dewalt Dcw220b
SUBCATEGORÍA	p386125	Herramientas/None	Herramientas/Lijadoras		Respaldo Base 151281-08 Para Lijadora Dewalt D26451 Color Negro
SUBCATEGORÍA	p386126	Herramientas/None	Herramientas/Esmeriladoras y pulidoras		Pulidora Giratoria sin escobillas de 20 V DCM849b Color Amarillo Dewalt
SUBCATEGORÍA	p386127	Herramientas/None	Herramientas/Lijadoras		Lijadora Orbital De 5", Sin carbones, Dewalt Dcw210b, Solo herramienta
SUBCATEGORÍA	p386128	Herramientas/None	Herramientas/Lijadoras		Lijadora orbital profesional DeWALT DWE6411 amarilla 60Hz 230W
SUBCATEGORÍA	p386129	Herramientas/None	Herramientas/Lijadoras		Lijadora 1/4 Hoja D26441-dwe6411 Dewalt Color Amarillo Frecuencia 50 Hz
SUBCATEGORÍA	p386130	Herramientas/None	Herramientas/Lijas y accesorios de lijado		Jairtienda Bases+respaldo De Velcro Para Lijadora Orbital Dewalt Gris Oscuro
SUBCATEGORÍA	p386131	Herramientas/None	Herramientas/Lijadoras		Base 5 Pul. P/lijadora Dewalt Dwe6421, Con Velcro Color Gris Oscuro
SUBCATEGORÍA	p386132	Herramientas/None	Herramientas/Lijadoras		Lijadora Roto Orbital 5''xr Max +bat 2ah Dewalt Dcw210d1 Color Amarillo
SUBCATEGORÍA	p386133	Herramientas/None	Herramientas/Lijadoras		Dewalt Almohadilla De Gancho Y Bucle Para Lijadora 5.0 In
SUBCATEGORÍA	p386134	Herramientas/None	Herramientas/Lijadoras		Lijadora De Palma Orbital 1/4 Hoja Dwe6411-b3 Dewalt Color Amarillo Frecuencia 1
SUBCATEGORÍA	p386135	Herramientas/None	Herramientas/Lijadoras		Lijadora Roto Orbital Aleatoria 5 pul 280W Dewalt Dwe6421
SUBCATEGORÍA	p386136	Herramientas/None	Herramientas/Lijas y accesorios de lijado		Pack de 3 Bases con Respaldo de Velcro Solviora para Lijadora Orbital DeWalt
SUBCATEGORÍA	p386137	Herramientas/None	Herramientas/Lijadoras		Bosch - Lijadora Orbital Con Bolsa De Transporte
SUBCATEGORÍA	p386138	Herramientas/None	Herramientas/Lijadoras		Lijadora De Órbita Aleatoria Bosch Ros10
SUBCATEGORÍA	p386139	Herramientas/None	Herramientas/Lijadoras		Lijadora Orbital Bosch Professional Gss 23 Ae Azul
SUBCATEGORÍA	p386140	Herramientas/None	Herramientas/Lijadoras		Lijadora Orbital Industrial Iusa de 240 W para Madera
SUBCATEGORÍA	p386141	Herramientas/None	Herramientas/Lijadoras		Lijadora De Banda Con Cable 1200w Fixtec Azul Acero
SUBCATEGORÍA	p386142	Herramientas/None	Herramientas/Lijadoras		Lijadora Orbital Aleatoria Inalámbrica Linea F20+ Fixtec Color Azul
SUBCATEGORÍA	p386143	Herramientas/None	Herramientas/Lijadoras		Lijadora profesional manual Fixtec FPS24002 azul y negro 60Hz 240W
SUBCATEGORÍA	p386144	Herramientas/None	Herramientas/Lijadoras		Lijadora Roto orbital inalámbrica de 5" EMTOP
SUBCATEGORÍA	p386145	Herramientas/None	Herramientas/Soldadura		Lijadora de Tubo y Banda Astro Tool para Soldadura (3/4") Negra
SUBCATEGORÍA	p386146	Herramientas/None	Herramientas/Neumáticas		Lijadora De Banda Neumática Astro 3037 1/2 X 18 Control De Velocidad
SUBCATEGORÍA	p386147	Herramientas/None	Herramientas/Routers, fresadoras y multiherramientas		Bauer 19121E-B router
SUBCATEGORÍA	p386149	Herramientas/None	Herramientas/Routers, fresadoras y multiherramientas		Bauer 21512C-B router inalambrico de corte
SUBCATEGORÍA	p386150	Herramientas/None	Herramientas/Routers, fresadoras y multiherramientas		Router inalámbrico Bauer 21121CR-B con control de profundidad y velocidad variable
SUBCATEGORÍA	p386151	Herramientas/None	Herramientas/Compresores y herramienta neumática		Inflador De Llantas Pittsburgh Con Luz Led 60h Negro/rojo
SUBCATEGORÍA	p386155	Herramientas/None	Herramientas/Plomería		valvula solenoide carroll car-sssv22012
SUBCATEGORÍA	p386156	Herramientas/None	Herramientas/Compresores y herramienta neumática		Compresor de aire gasolina Carroll 300L 13hp 2 etapas profesional
SUBCATEGORÍA	p386157	Herramientas/None	Herramientas/Compresores y herramienta neumática		Compresor de aire eléctrico Carroll CAR-HSUD750X2X108L 108L 2hp
SUBCATEGORÍA	p386158	Herramientas/None	Herramientas/Compresores y herramienta neumática		Compresor Portable Carroll CAR-H103GA-H Gasolina 6.5hp 108L 150psi Negro
SUBCATEGORÍA	p386159	Herramientas/None	Herramientas/Compresores y herramienta neumática		Compresor Carroll 500L 5hp Bifásico 175psi Negro Motor Alucobre
SUBCATEGORÍA	p386160	Herramientas/None	Herramientas/Compresores y herramienta neumática		Compresor de aire eléctrico Carroll CAR-H510TI-AR 500L 10hp
SUBCATEGORÍA	p386161	Herramientas/None	Herramientas/Compresores y herramienta neumática		Compresor de Aire Carroll SC-20VSPM-S 20hp 125psi Trifásico Negro
SUBCATEGORÍA	p386162	Herramientas/None	Herramientas/Plomería		Motor Carroll Bajas Revoluciones 5hp 1680rpm 4 Polos Monofás - Negro - Negro - Monofásica
SUBCATEGORÍA	p386164	Herramientas/None	Herramientas/Compresores y herramienta neumática		Compresor Horizontal Carroll 3.5 HP 75L 115 PSI Monofásico
SUBCATEGORÍA	p386165	Herramientas/None	Herramientas/Compresores y herramienta neumática		Compresor De Tornillo 10hp Carroll Sc10fx Tanque Pulmón 500l Gris 60 Trifásica
SUBCATEGORÍA	p386166	Herramientas/None	Herramientas/Compresores y herramienta neumática		Aceite Carroll 1 Litro Ámbar Para Compresor De Aire Modelo CAR-AC1L
SUBCATEGORÍA	p386167	Herramientas/None	Herramientas/Compresores y herramienta neumática		Compresor De Tornillo 10hp Carroll Serie S Color Gris Frecuencia 60 Gris 60
SUBCATEGORÍA	p386168	Herramientas/None	Herramientas/Compresores y herramienta neumática		Compresor Aire Libre Aceite Médico Carroll 2.5HP 40L 115PSI
SUBCATEGORÍA	p386170	Herramientas/None	Herramientas/Compresores y herramienta neumática		Compresor de aire eléctrico Carroll CAR-H102B 108L 1.5hp
SUBCATEGORÍA	p386171	Herramientas/None	Herramientas/Compresores y herramienta neumática		Compresor 500 Litros 10hp Trifásico Carroll Car-h5003610t Color 1 Frecuencia 60 Mhz
SUBCATEGORÍA	p386172	Herramientas/None	Herramientas/Compresores y herramienta neumática		Compresor de Aire Eléctrico Portátil Carroll 50L 2hp 115psi Monofásico
SUBCATEGORÍA	p386173	Herramientas/None	Herramientas/Compresores y herramienta neumática		Compresor de aire mini portátil Carroll CAR-BM2550 50 Litros 2.5hp
SUBCATEGORÍA	p386174	Herramientas/None	Herramientas/Compresores y herramienta neumática		Compresor de aire eléctrico Carroll CAR-H108-2X1LA 108L 2.041hp
SUBCATEGORÍA	p386175	Herramientas/None	Herramientas/Compresores y herramienta neumática		Compresor de Aire Carroll CAR-H101B 108L 1HP 2 Cilindros Bifásico con Ruedas
SUBCATEGORÍA	p386176	Herramientas/None	Herramientas/Compresores y herramienta neumática		Compresor Tornillo Carroll 5hp Tanque 300 Lts Trifasico Color Negro Fase Eléctrica Trifásica Frecuen
SUBCATEGORÍA	p386177	Herramientas/None	Herramientas/Compresores y herramienta neumática		Compresor De Aire Carroll 10hp Bifásico 430lts 175psi Color Negro Fase Eléctrica Bifásica Frecuencia
SUBCATEGORÍA	p386178	Herramientas/None	Herramientas/Compresores y herramienta neumática		Compresor Tornillo 100HP Carroll SC-100VSPM-S Inverter Trifásico 440V 115PSI
SUBCATEGORÍA	p386179	Herramientas/None	Herramientas/Compresores y herramienta neumática		Compresor De Tornillo 5hp 3f Secador, Tanque 500 Lts Carroll Color Negro Fase Eléctrica Trifásica Fr
SUBCATEGORÍA	p386180	Herramientas/None	Herramientas/Compresores y herramienta neumática		Compresor Libre De Aceite 24lts 1.25 hp Car-hsud900/1/24 Carroll Color Blanco Fase eléctrica Monofás
SUBCATEGORÍA	p386181	Herramientas/None	Herramientas/Compresores y herramienta neumática		Compresor De Aire Portátil Para Auto Carsun 150 Psi Digital Con Luz Led - Inflador De Llantas Automá
SUBCATEGORÍA	p386182	Herramientas/None	Herramientas/Neumáticas		Inflador De Neumáticos Carsun, Doble Poder, Auto Ap
SUBCATEGORÍA	p386183	Herramientas/None	Herramientas/Compresores y herramienta neumática		Compresor Aire Digital Carsun 150PSI Coche Inflado Rápido Automático
SUBCATEGORÍA	p386184	Herramientas/None	Herramientas/Compresores y herramienta neumática		Compresor Portátil Carsun para Auto con Batería y 150 PSI
SUBCATEGORÍA	p386186	Herramientas/None	Herramientas/Compresores y herramienta neumática		Compresor de Aire Portátil Carsun T2221 para Auto y Casa con Luz LED
SUBCATEGORÍA	p386187	Herramientas/None	Herramientas/Llaves y dados		Juego de 24 enchufes Husky cromados con trinquete SAE/métrico estándar con trinquete, barra de exten
SUBCATEGORÍA	p386188	Herramientas/None	Herramientas/Brocas		Broca Dogotuls St1009
SUBCATEGORÍA	p386189	Herramientas/None	Herramientas/Brocas		Broca Dogotuls St1012
SUBCATEGORÍA	p386190	Herramientas/None	Herramientas/Brocas		Broca Dogotuls St1005
SUBCATEGORÍA	p386191	Herramientas/None	Herramientas/Brocas		Broca Dogotuls St1001
SUBCATEGORÍA	p386192	Herramientas/None	Herramientas/Brocas		Broca Dogotuls St1002
SUBCATEGORÍA	p386193	Herramientas/None	Herramientas/Brocas		Broca Dogotuls St1007
SUBCATEGORÍA	p386194	Herramientas/None	Herramientas/Brocas		Broca Dogotuls St1006
SUBCATEGORÍA	p386195	Herramientas/None	Herramientas/Brocas		Broca Dogotuls Dog St1008
SUBCATEGORÍA	p386196	Herramientas/None	Herramientas/Brocas		Broca Dogotuls Dog St1016
SUBCATEGORÍA	p386197	Herramientas/None	Herramientas/Brocas		Machuelo Semicónico 14mm Roscas Precisas Dogotuls ET1126
SUBCATEGORÍA	p386198	Herramientas/None	Herramientas/Brocas		Dogotuls Machuelo Semiconico Roscado Tubos ET1127 16mm
SUBCATEGORÍA	p386199	Herramientas/None	Herramientas/Brocas		Machuelo Semiconico 24mm Dogotuls ET1135 Para Tornillos
SUBCATEGORÍA	p386200	Herramientas/None	Herramientas/Brocas		Broca Dogotuls St1014 S&D 15/16"
SUBCATEGORÍA	p386201	Herramientas/None	Herramientas/Brocas		Set Machuelos Milimétricos Acero Inoxidable Dogotuls ET1055 14mm
SUBCATEGORÍA	p386202	Herramientas/None	Herramientas/Brocas		Juego Machuelos Milimétricos Dogotuls ET1058 Para Tornillos 16mm
SUBCATEGORÍA	p386203	Herramientas/None	Herramientas/Brocas		Juego Machuelos Milimétricos Dogotuls ET1049 10mm 3 Piezas
SUBCATEGORÍA	p386204	Herramientas/None	Herramientas/Brocas		Juego Machuelos Dogotuls ET1050 10mm Milimétrico 3 Piezas
SUBCATEGORÍA	p386205	Herramientas/None	Herramientas/Brocas		Dogotuls Machuelo Semicónico Rosca Tubo ET1131 18mm-2.5
SUBCATEGORÍA	p386206	Herramientas/None	Herramientas/Brocas		Machuelo Semicónico Milimétrico Dogotuls ET1133 22mm Rosca Tubos
SUBCATEGORÍA	p386207	Herramientas/None	Herramientas/Brocas		Machuelo Semicónico Dogotuls ET1114 Roscado Tubo 7mm Acero Carbón
SUBCATEGORÍA	p386208	Herramientas/None	Herramientas/Brocas		Machuelo Semicónico Dogotuls ET1094 1/2 Pulgadas Roscas Tubo
SUBCATEGORÍA	p386209	Herramientas/None	Herramientas/Brocas		Juego Machuelos Milimétricos 20mm Dogotuls ET1061 Para Roscado Tornillos
SUBCATEGORÍA	p386210	Herramientas/None	Herramientas/Brocas		Machuelo Semiconico Rosca Tubo Acero Milimétrico Dogotuls ET1113 6mm
SUBCATEGORÍA	p386211	Herramientas/None	Herramientas/Brocas		Broca HSS Mampostería Punta Carburo Tungsteno 1/4 Dogotuls
SUBCATEGORÍA	p386212	Herramientas/None	Herramientas/Brocas		Broca SDI Dogotuls 3/8" x 12" para Concreto
SUBCATEGORÍA	p386213	Herramientas/None	Herramientas/Brocas		Juego Machuelos Milimétricos Dogotuls ET1060 18mm Rosca 2.5 Tornillos
SUBCATEGORÍA	p386214	Herramientas/None	Herramientas/Brocas		Machuelo Semicónico Dogotuls ET1118 10mm Rosca Tubos Acero Carbón
SUBCATEGORÍA	p386215	Herramientas/None	Herramientas/Brocas		Juego Machuelos Milimétricos Dogotuls 24mm 3 Unidades Para Tornillos
SUBCATEGORÍA	p386216	Herramientas/None	Herramientas/Brocas		Machuelo Semiconico 4mm Dogotuls ET1111 para Rosca en Tubos
SUBCATEGORÍA	p386217	Herramientas/None	Herramientas/Plomería		Juego Machuelos Dogotuls ET1054 Acero Carbón 14mm Roscado Tubería
SUBCATEGORÍA	p386218	Herramientas/None	Herramientas/Brocas		Machuelo Semicónico Milimétrico para Rosca de Tubo Dogotuls ET1110
SUBCATEGORÍA	p386219	Herramientas/None	Herramientas/Brocas		Machuelo Semicónico Dogotuls ET1119 10mm 1.25 Acero Roscado Tubos
SUBCATEGORÍA	p386220	Herramientas/None	Herramientas/Brocas		Machuelo Semicónico Milimétrico Dogotuls ET1128 Roscado Tubos 16mm-1.50
SUBCATEGORÍA	p386221	Herramientas/None	Herramientas/Brocas		Juego Machuelos Milimétricos Dogotuls ET1059 18mm 1.5 Roscas Tornillos
SUBCATEGORÍA	p386222	Herramientas/None	Herramientas/Brocas		Machuelo Semicónico Dogotuls ET1130 Para Roscado Tubos 18mm x 1.50mm
SUBCATEGORÍA	p386223	Herramientas/None	Herramientas/Brocas		Machuelo Semicónico 14mm Dogotuls ET1125 Acero Alta Calidad para Tornillos
SUBCATEGORÍA	p386224	Herramientas/None	Herramientas/Brocas		Broca de Carburo para Metal y Madera Dogotuls 3/16"
SUBCATEGORÍA	p386225	Herramientas/None	Herramientas/Brocas		Juego Machuelos Milimétricos Dogotuls ET1056 14 mm Rosca 2.0 Hilos
SUBCATEGORÍA	p386226	Herramientas/None	Herramientas/Brocas		Machuelo Semicónico Milimétrico Dogotuls ET1123 Acero 12mm 1.75 Rosca Tubos
SUBCATEGORÍA	p386227	Herramientas/None	Herramientas/Llaves y dados		Maneral Tipo T 1/2puLG Con Matraca Para Chimuelo Dogotuls
SUBCATEGORÍA	p386228	Herramientas/None	Herramientas/Brocas		Machuelo Semicónico Fino Dogotuls ET1081 1/8 Acero Alto Carbón
SUBCATEGORÍA	p386229	Herramientas/None	Herramientas/Brocas		Dogotuls Juego Machuelos Rosca Tubo Acero ET1046 8mm 3 Piezas
SUBCATEGORÍA	p386230	Herramientas/None	Herramientas/Brocas		Brocas SDI Dogotuls SQ1003 5/16x6 Concreto Rotomartillo 3 Piezas
SUBCATEGORÍA	p386231	Herramientas/None	Herramientas/Brocas		Juego Machuelos Dogotuls ET1022 Roscado 7/8 Pulgadas 3 Piezas
SUBCATEGORÍA	p386232	Herramientas/None	Herramientas/Brocas		Juego Machuelos Dogotuls ET1044 Acero 7mm Roscado Interior 3 Piezas
SUBCATEGORÍA	p386233	Herramientas/None	Herramientas/Brocas		Juego Machuelos Dogotuls ET1062 3 Pzas 22mm 1.5 Rosca Tornillos
SUBCATEGORÍA	p386234	Herramientas/None	Herramientas/Llaves y dados		Maneral Tipo T 1/4puLG Con Matraca Para Chimuelo Dogotuls
SUBCATEGORÍA	p386235	Herramientas/None	Herramientas/Brocas		Machuelo Semicónico Fino Dogotuls ET1099 5/8 18 Hilos Acero
SUBCATEGORÍA	p386236	Herramientas/None	Herramientas/Brocas		Juego Machuelos Dogotuls ET1042 5mm Acero Rosca Tubo 3 Piezas
SUBCATEGORÍA	p386237	Herramientas/None	Herramientas/Brocas		Machuelo Semicónico Fino 5/16 Dogotuls ET1089 Roscado de Tubo
SUBCATEGORÍA	p386238	Herramientas/None	Herramientas/Brocas		Broca Paleta Madera 3/8 Dogotuls Acero C45 Punta SQ1130
SUBCATEGORÍA	p386239	Herramientas/None	Herramientas/Brocas		Machuelo Semicónico Fino Dogotuls ET1105 para Rosca de Tubo de 1"
SUBCATEGORÍA	p386240	Herramientas/None	Herramientas/Brocas		Juego de Machuelos 3 Piezas Dogotuls ET1043 Acero Alto Carbón 6mm
SUBCATEGORÍA	p386241	Herramientas/None	Herramientas/Brocas		Juego Machuelos Dogotuls ET1002 5/32 Acero Alto Carbón 3 Piezas
SUBCATEGORÍA	p386242	Herramientas/None	Herramientas/Brocas		Juego Machuelos Rosca Tubos Dogotuls 3 Pzas Acero 3/16 Pulgadas
SUBCATEGORÍA	p386243	Herramientas/None	Herramientas/Brocas		Broca 5/16 Punta Carburo Tungsteno Dogotuls Para Metal Madera Cerámica
SUBCATEGORÍA	p386244	Herramientas/None	Herramientas/Brocas		Broca Carburo Tungsteno Dogotuls 9/64 Para Metales Y No Metálicos
SUBCATEGORÍA	p386245	Herramientas/None	Herramientas/Brocas		Machuelo Semicónico Fino 5/32 36H Dogotuls ET1083 Acero Carbono Rosca
SUBCATEGORÍA	p386246	Herramientas/None	Herramientas/Brocas		Juego Machuelos Dogotuls ET1019 Acero Alto Carbón Rosca Tubos 5/8
SUBCATEGORÍA	p386247	Herramientas/None	Herramientas/Brocas		Broca Dogotuls ST1013 Zanco 29/32" Acero Alta Velocidad Óxido Negro
SUBCATEGORÍA	p386248	Herramientas/None	Herramientas/Brocas		Machuelo Semicónico Dogotuls ET1093 Rosca Tubo 7/16 Pulgadas 20 Hilos
SUBCATEGORÍA	p386249	Herramientas/None	Herramientas/Brocas		Juego Machuelos Dogotuls ET1016 9/16 Pulgadas Rosca Tubos 3 Piezas
SUBCATEGORÍA	p386250	Herramientas/None	Herramientas/Brocas		Machuelo Semicónico Rosca Tubo Dogotuls ET1090 3/8 pulg 16 Hilos
SUBCATEGORÍA	p386251	Herramientas/None	Herramientas/Brocas		Broca Forstner Dogotuls 1-3/8 Acero Carbón Carpintería Precisa SQ1139
SUBCATEGORÍA	p386252	Herramientas/None	Herramientas/Brocas		Juego de Machuelos Dogotuls ET1052 12mm Rosca 1.5 Tornillos 3 Piezas
SUBCATEGORÍA	p386253	Herramientas/None	Herramientas/Brocas		Machuelo Semiconico Dogotuls ET1100 3/4 Pul Rosca Tubo Acero Carbón
SUBCATEGORÍA	p386254	Herramientas/None	Herramientas/Brocas		Juego Machuelos Dogotuls ET1010 Roscado Tubo 3/8 16h 3 Piezas
SUBCATEGORÍA	p386255	Herramientas/None	Herramientas/Brocas		Juego Machuelos Milimétricos Dogotuls ET1051 12mm Rosca 1.25 Tornillos 3 Pz
SUBCATEGORÍA	p386256	Herramientas/None	Herramientas/Brocas		Juego Machuelos Acero Alto Carbón 3 Piezas Rosca Tubo Dogotuls ET1018
SUBCATEGORÍA	p386257	Herramientas/None	Herramientas/Brocas		Machuelo Semicónico 3/8-24h Dogotuls ET1091 Para Rosca De Tubo
SUBCATEGORÍA	p386258	Herramientas/None	Herramientas/Brocas		Machuelo para Tubo NPT Dogotuls ET1075 Acero 1/2 Pulg Rosca Precisa
SUBCATEGORÍA	p386259	Herramientas/None	Herramientas/Brocas		Broca Centro Acero Alta Velocidad Perforación Dogotuls 7/64 X 1/4
SUBCATEGORÍA	p386260	Herramientas/None	Herramientas/Brocas		Broca Dogotuls de Acero Alta Velocidad para Perforación de 5/8 Pulgada
SUBCATEGORÍA	p386261	Herramientas/None	Herramientas/Brocas		Juego Machuelos Dogotuls ET1006 1/4 Pulgada Acero 3 Piezas Rosca Tubos
SUBCATEGORÍA	p386262	Herramientas/None	Herramientas/Brocas		Machuelo Semicónico ET1095 1/2-20 Para Roscar Tubos Acero Carbono Dogotuls
SUBCATEGORÍA	p386263	Herramientas/None	Herramientas/Brocas		Juego Machuelos Dogotuls ET1012 7/16-14h Acero Alto Carbón 3 Piezas
SUBCATEGORÍA	p386264	Herramientas/None	Herramientas/Brocas		Broca Forstner Dentada 1-3/8 Largo 3-1/2 P Dogotuls
SUBCATEGORÍA	p386265	Herramientas/None	Herramientas/Brocas		Broca Paleta 1" Madera Dogotuls Acero al Carbón Zanco Hexagonal 1/4"
SUBCATEGORÍA	p386266	Herramientas/None	Herramientas/Brocas		Broca SDS para Rotomartillo Dogotuls de 3/4" x 8" para Concreto
SUBCATEGORÍA	p386267	Herramientas/None	Herramientas/Brocas		Broca SDI Dogotuls 5/8 x 6 Carburo Tungsteno Para Rotomartillo Concreto
SUBCATEGORÍA	p386268	Herramientas/None	Herramientas/Brocas		Set de Machuelos Semicónicos Dogotuls para Metal de 9mm - 1,25mm, 5 Piezas
SUBCATEGORÍA	p386269	Herramientas/None	Herramientas/Brocas		Machuelo Semicónico Dogotuls ET1088 Para Rosca De Tubo Acero 5/16 -18h
SUBCATEGORÍA	p386270	Herramientas/None	Herramientas/Brocas		Juego de Machuelos Rosca Tubos 1/2 13h Dogotuls ET1014 3 Piezas
SUBCATEGORÍA	p386271	Herramientas/None	Herramientas/Brocas		Broca Dogotuls 1/8 x 5/16 Acero HSS M2 Para Metal
SUBCATEGORÍA	p386272	Herramientas/None	Herramientas/Brocas		Broca S&D 11/16" Concreto Dogotuls Acero Alta Velocidad AAV 4341
SUBCATEGORÍA	p386273	Herramientas/None	Herramientas/Brocas		Juego Machuelos Milimétricos Dogotuls ET1063 Para Tornillos 24mm 2hilos Cónico Recto Semicónico
SUBCATEGORÍA	p386274	Herramientas/None	Herramientas/Brocas		Dogotuls Broca Diamante 1-1/4" x 4" Para Granito Mármol Concreto
SUBCATEGORÍA	p386275	Herramientas/None	Herramientas/Brocas		Juego Machuelos Rosca Tubo 8mm 3 Piezas Dogotuls ET1045 Acero Alta Calidad
SUBCATEGORÍA	p386276	Herramientas/None	Herramientas/Brocas		Juego Machuelos Acero Dogotuls ET1001 3 Piezas 1/8 Pulg Rosca Tubos
SUBCATEGORÍA	p386277	Herramientas/None	Herramientas/Brocas		Machuelo NPT DogoTuls ET1073 1/2-14 Acero Alta Carbono Roscar Tubos
SUBCATEGORÍA	p386278	Herramientas/None	Herramientas/Brocas		Broca SDI 7/8" x 12" para Rotomartillo Hormigón Dogotuls Cromo Vanadio
SUBCATEGORÍA	p386279	Herramientas/None	Herramientas/Brocas		Broca Dogotuls Carburo Tungsteno 5/32" Zanco Recto 3/8" Para Madera Metal
SUBCATEGORÍA	p386280	Herramientas/None	Herramientas/Brocas		Juego Machuelos Dogotuls ET1015 Para Roscado Tubos 1/2 Pulg Acero 3 Piezas
SUBCATEGORÍA	p386281	Herramientas/None	Herramientas/Brocas		Machuelo Semicónico Acero al Carbón Dogotuls ET1104 8 Hilos Rosca Tubo 1 Pulgada
SUBCATEGORÍA	p386282	Herramientas/None	Herramientas/Brocas		Juego de Machuelos Dogotuls ET1023 Rosca Tubo 7/8 Pulgadas 14 Hilos 3 Piezas
SUBCATEGORÍA	p386283	Herramientas/None	Herramientas/Brocas		Broca S&D de Acero de Alta Velocidad 17/32" Dogotuls con Óxido Negro
SUBCATEGORÍA	p386284	Herramientas/None	Herramientas/Brocas		Juego de Machuelos Dogotuls ET 1007 1/4 Pulg 28 Hilos 3 Piezas Roscar Tubos
SUBCATEGORÍA	p386285	Herramientas/None	Herramientas/Brocas		Broca de Centro Dogotuls de Acero Alta Velocidad M2 3/64" x 1/8" (3 Unidades)
SUBCATEGORÍA	p386287	Herramientas/None	Herramientas/Desarmadores y puntas		Puntas Phillips PH2 75mm Desarmador Dogotuls KL2154 Acero S-2
SUBCATEGORÍA	p386289	Herramientas/None	Herramientas/Desarmadores y puntas		Puntas Torx T-10 Dogotuls de Acero S-2 para Desarmador
SUBCATEGORÍA	p386290	Herramientas/None	Herramientas/Desarmadores y puntas		Punta Para Desarmador Dogotuls 70mm Planas 10-12 Acero S-2 Manual
SUBCATEGORÍA	p386291	Herramientas/None	Herramientas/Atornilladores		Punta Doble Dogotuls para Destornillador: Phillips #2 y Plana de 6.5 mm
SUBCATEGORÍA	p386292	Herramientas/None	Herramientas/Desarmadores y puntas		Puntas Torx T-15 Dogotuls de 25mm para Desarmador con Entrada de 1/4" en Acero S-2
SUBCATEGORÍA	p386293	Herramientas/None	Herramientas/Desarmadores y puntas		Juego 6pzs Desarmador Tipo Joyero Dogotuls Mango Acero
SUBCATEGORÍA	p386294	Herramientas/None	Herramientas/Desarmadores y puntas		Set de Desarmadores Hexagonales Dogotuls, con Mango de Acetato
SUBCATEGORÍA	p386295	Herramientas/None	Herramientas/Desarmadores y puntas		Juego Desarmadores Plano Dogotuls Mango Acetato 3/16x8 6 Piezas
SUBCATEGORÍA	p386296	Herramientas/None	Herramientas/Desarmadores y puntas		Desarmador Dogotuls Plano Cabinet Acetato 1/8x3 Pack 6 piezas
SUBCATEGORÍA	p386297	Herramientas/None	Herramientas/Desarmadores y puntas		Juego de Desarmadores Dogotuls 4 Piezas Rojo Acetato Punta Magnética
SUBCATEGORÍA	p386298	Herramientas/None	Herramientas/Desarmadores y puntas		Desarmador Plano Dogotuls de 3/16" con Mango de Acetato
SUBCATEGORÍA	p386299	Herramientas/None	Herramientas/Desarmadores y puntas		Set 6 Desarmadores Torx Dogotuls T30 1/4x4 Rojo Acetato
SUBCATEGORÍA	p386300	Herramientas/None	Herramientas/Desarmadores y puntas		Juego Desarmadores Estrella Dogotuls 6 Pzas Mango Acetato Phillips 1/8"
SUBCATEGORÍA	p386301	Herramientas/None	Herramientas/Desarmadores y puntas		Set de Desarmadores Torx Dogotuls con Mango de Acetato, 6 Piezas
SUBCATEGORÍA	p386302	Herramientas/None	Herramientas/Desarmadores y puntas		Desarmadores Dogotuls Set 6 Piezas Mango Acetato Punta Hexagonal 5/16x3
SUBCATEGORÍA	p386303	Herramientas/None	Herramientas/Desarmadores y puntas		Juego Desarmadores Torx T15 3/16 x 4 Pulgadas Dogotuls Acetato Rojo
SUBCATEGORÍA	p386304	Herramientas/None	Herramientas/Desarmadores y puntas		Desarmador Plano Dogotuls 3/8'' x 8'' Acetato Rojo Punta Magnética CrV
SUBCATEGORÍA	p386305	Herramientas/None	Herramientas/Desarmadores y puntas		Juego de desarmadores Torx 1/4x4 T20 Dogotuls rojo pack 6 piezas
SUBCATEGORÍA	p386306	Herramientas/None	Herramientas/Desarmadores y puntas		Juego Desarmadores Phillips Acetato 6 Piezas Dogotuls Tipo Phillips 1/8 X 4 Ph0
SUBCATEGORÍA	p386307	Herramientas/None	Herramientas/Desarmadores y puntas		Pack de 6 Desarmadores de Caja Dogotuls con Punta Magnética y Mango de Acetato
SUBCATEGORÍA	p386308	Herramientas/None	Herramientas/Desarmadores y puntas		Juego de Desarmadores de Caja Dogotuls con Mango de Acetato y Punta Magnética, 6 Piezas de 1/4" x 3"
SUBCATEGORÍA	p386309	Herramientas/None	Herramientas/Material eléctrico		Cortacable Electrico Matraca 400-500mm2, Dogotuls Tj2034 Rojo
SUBCATEGORÍA	p386310	Herramientas/None	Herramientas/Pinzas y alicates		3 Pinzas Corta Cable Acero 1/8 Manual Resistente Dogotuls Rojo
SUBCATEGORÍA	p386311	Herramientas/None	Herramientas/Pinzas y alicates		Pinzas de Corte Diagonal Dogotuls de 10 Pulgadas, para Uso Pesado
SUBCATEGORÍA	p386312	Herramientas/None	Herramientas/Pinzas y alicates		Pack de 3 Pinzas de Punta y Corte Dogotuls CrV de 6,5"
SUBCATEGORÍA	p386313	Herramientas/None	Herramientas/Pinzas y alicates		Pinza Corte Diagonal Dogotuls Modelo LU2012 Mini CRV 4.5 Pulgadas 3 Piezas
SUBCATEGORÍA	p386314	Herramientas/None	Herramientas/Pinzas y alicates		Juego de 3 Pinzas de Punta Plana Dogotuls con Mango de Goma
SUBCATEGORÍA	p386315	Herramientas/None	Herramientas/Pinzas y alicates		Pack de Pinzas de Extensión Dogotuls de 10" con Botón de Ajuste y Mango Ergonómico
SUBCATEGORÍA	p386316	Herramientas/None	Herramientas/Martillos, cinceles y mazos		Martillo Bola Dogotuls 32oz Mango Madera 32.6cm Acero Forjado
SUBCATEGORÍA	p386317	Herramientas/None	Herramientas/Martillos, cinceles y mazos		Martillo Uña Curva Dogotuls 16oz Mango Madera Acero Forjado
SUBCATEGORÍA	p386318	Herramientas/None	Herramientas/Martillos, cinceles y mazos		Martillo Bola Dogotuls 24oz Mango Madera Acero Forjado 31cm
SUBCATEGORÍA	p386319	Herramientas/None	Herramientas/Martillos, cinceles y mazos		Martillo Bola Dogotuls 40oz Fibra de Vidrio Cabeza Acero TB4008
SUBCATEGORÍA	p386320	Herramientas/None	Herramientas/Martillos, cinceles y mazos		Martillo Bola Dogotuls TB4005 Con Mango Fibra Vidrio 16oz Acero 24.7cm
SUBCATEGORÍA	p386321	Herramientas/None	Herramientas/Martillos, cinceles y mazos		Juego Martillo Dogotuls TB4040 Hojalatero Acero Carbón Mango Hickory Repara Autos
SUBCATEGORÍA	p386322	Herramientas/None	Herramientas/Martillos, cinceles y mazos		Martillo Bola Dogotuls 32oz Mango Fibra Vidrio Modelo TB4007 Set 6 Piezas
SUBCATEGORÍA	p386323	Herramientas/None	Herramientas/Martillos, cinceles y mazos		Martillo de Bola Dogotuls de 680.38 g con Mango de Fibra de Vidrio
SUBCATEGORÍA	p386324	Herramientas/None	Herramientas/Martillos, cinceles y mazos		Martillo de Bola Dogotuls con Mango de Madera y Cabeza de Acero de 40oz
SUBCATEGORÍA	p386325	Herramientas/None	Herramientas/Prensas y sujeción		Prensa Sargento C Dogotuls Hierro Nodular 6 Pulgadas Ajuste Rápido
SUBCATEGORÍA	p386326	Herramientas/None	Herramientas/Prensas y sujeción		Prensa Sargento C Dogotuls 2 Pulgadas Con Ajuste Rápido Hierro SH2020
SUBCATEGORÍA	p386327	Herramientas/None	Herramientas/Plomería		Válvula de Esfera Dogotuls de Latón para Modelos ZM7001, ZM7002 y ZM7003
SUBCATEGORÍA	p386328	Herramientas/None	Herramientas/Prensas y sujeción		Sargento 36' De Solera De Acero, Truper
SUBCATEGORÍA	p386329	Herramientas/None	Herramientas/Lijadoras		Interruptor de Lijadora Orbital Pretul LIOR-1/3P4, Negro
SUBCATEGORÍA	p386330	Herramientas/None	Herramientas/Lijadoras		Lijadora Roto Orbital Inalámbrica PRETUL 5'', 20 V, LIRI-20P
SUBCATEGORÍA	p386333	Herramientas/None	Herramientas/Construcción		Multiherramienta Oscilante con 2 Baterías BOWOSHEN Herramientas Oscilante Cortador Multifunción 6 Ve
SUBCATEGORÍA	p386335	Herramientas/None	Herramientas/Hidrolavadoras		Lanza Espuma Hidrolavadoras Industriales Hd Karcher
SUBCATEGORÍA	p386336	Herramientas/None	Herramientas/Hidrolavadoras		Pistola Para Hidrolavadoras Electricas Takashi Color Negro
SUBCATEGORÍA	p386337	Herramientas/None	Herramientas/Hidrolavadoras		Cañón Espumadora Greenworks Desmontable Para Hidrolavadoras Blanco
SUBCATEGORÍA	p386338	Herramientas/None	Herramientas/Hidrolavadoras		Boquilla 5 En 1 Para Hidrolavadoras Color Azul
SUBCATEGORÍA	p386339	Herramientas/None	Herramientas/Hidrolavadoras		Filtro Hidrolavadoras Hl800 Y Hl850 Surtek Color Blanco
SUBCATEGORÍA	p386340	Herramientas/None	Herramientas/Hidrolavadoras		Cañón De Espuma Profesional Desmontable Para Hidrolavadoras Color Blanco
SUBCATEGORÍA	p386341	Herramientas/None	Herramientas/Hidrolavadoras		Juego De Boquillas Para Hidrolavadoras Hasta 3,300 Psi 139336
SUBCATEGORÍA	p386342	Herramientas/None	Herramientas/Hidrolavadoras		Pistola para hidrolavadoras Adeske A1001B electrica inalambrica y portatil negro
SUBCATEGORÍA	p386343	Herramientas/None	Herramientas/Hidrolavadoras		Amortiguador D Sonido Karcher® P/ Hidrolavadoras Hd Color Negro
SUBCATEGORÍA	p386344	Herramientas/None	Herramientas/Hidrolavadoras		Codo de Latón Kärcher HD Para Hidrolavadoras Profesionales
SUBCATEGORÍA	p386345	Herramientas/None	Herramientas/Hidrolavadoras		Kit Cabezal Kärcher® P/ Hidrolavadoras K4 Color Negro Frecuencia 50
SUBCATEGORÍA	p386346	Herramientas/None	Herramientas/Hidrolavadoras		Dos Salidas Para Hidrolavadoras Industriales 5 Hp 7hp 10 Hp
SUBCATEGORÍA	p386347	Herramientas/None	Herramientas/Hidrolavadoras		Inyector Completo Kärcher® P/ Hidrolavadoras Color Gris Frecuencia 50 Hz
SUBCATEGORÍA	p386348	Herramientas/None	Herramientas/Hidrolavadoras		Hidrolavadora Eléctrica Inalámbrica Limpieza Pistola Para Hidrolavadoras Herramientas Eléctricas Sus
SUBCATEGORÍA	p386349	Herramientas/None	Herramientas/Hidrolavadoras		Base Rack Para Hidrolavadoras De 5-10 Hp Estibable Color Azul Acero
SUBCATEGORÍA	p386350	Herramientas/None	Herramientas/Hidrolavadoras		Seese Hidrolavadora Inalámbrica Alta Presión.#hidrolavadoras#hidrolavadora#hidrolavadora portatil
SUBCATEGORÍA	p386351	Herramientas/None	Herramientas/Plomería		Válvula De Seguridad Kärcher® P/ Hidrolavadoras Color Gris Frecuencia 50 Hz
SUBCATEGORÍA	p386352	Herramientas/None	Herramientas/Hidrolavadoras		Juego De Pistones Kärcher® P/ Hidrolavadoras Color Negro Frecuencia 50 Hz
SUBCATEGORÍA	p386353	Herramientas/None	Herramientas/Hidrolavadoras		Hidrolavadora eléctrica Surtek Hidrolavadoras HG-526 negro con 131bar de presión máxima
SUBCATEGORÍA	p386354	Herramientas/None	Herramientas/Hidrolavadoras		Kit De Paro Automático Para Hidrolavadoras De 5, 7 Y 10 Hp
SUBCATEGORÍA	p386355	Herramientas/None	Herramientas/Hidrolavadoras		Hidrolavadora eléctrica Bosch Hidrolavadoras GHP 180 azul de 1.5kW - 1800psi
SUBCATEGORÍA	p386356	Herramientas/None	Herramientas/Hidrolavadoras		Inyector De Boquilla Kärcher® P/ Hidrolavadoras Color Gris Frecuencia 50 Hz
SUBCATEGORÍA	p386358	Herramientas/None	Herramientas/Hidrolavadoras		Portátil Eléctrica Hidrolavadoras Industriales Auto Drive Fuerte Presión Del Agua Alta Calidad
SUBCATEGORÍA	p386359	Herramientas/None	Herramientas/Hidrolavadoras		Hidrolavadoras Con Motor A Gasolina 4000 Psi Motor 4 Tiempos Color Naranja claro
SUBCATEGORÍA	p386360	Herramientas/None	Herramientas/Plomería		Válvula Bypass De Derivación Kärcher® P/ Hidrolavadoras Color Gris Frecuencia 50 Hz
SUBCATEGORÍA	p386361	Herramientas/None	Herramientas/Hidrolavadoras		Pistola Profi P/ Hidrolavadoras Kärcher® Con Rosca M22x1.5 Color NEGRO CON AMARILLO
SUBCATEGORÍA	p386362	Herramientas/None	Herramientas/Hidrolavadoras		Lanza y Boquilla 3 en 1 Ryobi EZClean para Hidrolavadoras Inalámbricas
SUBCATEGORÍA	p386363	Herramientas/None	Herramientas/Hidrolavadoras		Boquilla Espumante Fj 3 P/hidrolavadoras Karcher® K1-k7 0.3l Color Gris-Negro
SUBCATEGORÍA	p386364	Herramientas/None	Herramientas/Hidrolavadoras		Lanza Ecobooster 120 Karcher® P/ Hidrolavadoras K2 & K3 Color Negro Frecuencia 50 Hz
SUBCATEGORÍA	p386365	Herramientas/None	Herramientas/Hidrolavadoras		Hidrolavadora eléctrica Lutian Hidrolavadoras LT501-1800A negro de 1.8kW con 140bar de presión máxim
SUBCATEGORÍA	p386366	Herramientas/None	Herramientas/Hidrolavadoras		Hidrolavadoras Eléctrica Portatil Inalambrica Con Cubeta Pistola Hidrolavadora Inalambrica Para Esca
SUBCATEGORÍA	p386367	Herramientas/None	Herramientas/Hidrolavadoras		Soporte De Pistola P/ Hidrolavadoras Kärcher® Color Negro Frecuencia 50 Hz/ 60 Hz
SUBCATEGORÍA	p386368	Herramientas/None	Herramientas/Hidrolavadoras		Pistola De Hidrolavadoras Portatil Inalambrica Electrica Color Negro Frecuencia 110 Aurora AUR-HID-4
SUBCATEGORÍA	p386369	Herramientas/None	Herramientas/Hidrolavadoras		Hidrolavadora Koblenz Hl177v 1450 Psi Negro
SUBCATEGORÍA	p386372	Herramientas/None	Herramientas/Hidrolavadoras		Hidrolavadora Eléctrica Koblenz Hl-310/410/450 Negro
SUBCATEGORÍA	p386374	Herramientas/None	Herramientas/Hidrolavadoras		Cepillo Fijo Koblenz Ah-b10 Accesorio P/hidrolavadora, Negro
SUBCATEGORÍA	p386375	Herramientas/None	Herramientas/Hidrolavadoras		Hidrolavadora eléctrica Koblenz Hl180 v be negro
SUBCATEGORÍA	p386377	Herramientas/None	Herramientas/Hidrolavadoras		Filtro De Agua Ah-f10 Koblenz Accesorio Hidrolavadora Color Blanco
SUBCATEGORÍA	p386378	Herramientas/None	Herramientas/Hidrolavadoras		Hidrolavadora Hl.450 V 2600 Psi 120 V Accesorios Koblenz
SUBCATEGORÍA	p386379	Herramientas/None	Herramientas/Hidrolavadoras		Lanza Para Koblenz Hl 450 V Angulo Variable Hidrolavadora Color Negro
SUBCATEGORÍA	p386380	Herramientas/None	Herramientas/Hidrolavadoras		Kit Filtro Y Conector Hidrolavadora Para Koblenz Hl-145 V Amarillo
SUBCATEGORÍA	p386381	Herramientas/None	Herramientas/Hidrolavadoras		Hidrolavadora Eléctrica Koblenz Hl-285v Con 1650 Psi
SUBCATEGORÍA	p386382	Herramientas/None	Herramientas/Hidrolavadoras		Filtro de Agua con Conector Rápido para Hidrolavadora Koblenz de Alta Presión
SUBCATEGORÍA	p386384	Herramientas/None	Herramientas/Hidrolavadoras		Hidrolavadora Eléctrica Koblenz Hl-270v + Aspiradora 3 En 1 60 Hz Verde/negro
SUBCATEGORÍA	p386386	Herramientas/None	Herramientas/Hidrolavadoras		Filtro y Conector Rápido para Hidrolavadora Koblenz Compatible HL-145 V
SUBCATEGORÍA	p386387	Herramientas/None	Herramientas/Hidrolavadoras		Filtro y Conector Rápido Aoow Hidrolavadora Koblenz HL-145 V Naranja
SUBCATEGORÍA	p386388	Herramientas/None	Herramientas/Hidrolavadoras		Hidrolavadora Eléctrica Koblenz Hl-397 V Presión Alta Color Verde Frecuencia 60 Hz
SUBCATEGORÍA	p386389	Herramientas/None	Herramientas/Hidrolavadoras		Hidrolavadora Koblenz Hl-270 V + Aspiradora Seco-mojado Color Verde/negro
SUBCATEGORÍA	p386390	Herramientas/None	Herramientas/Hidrolavadoras		Hidrolavadora Eléctrica Koblenz Hl-450-v 2600 Psi Color Verde/Negro Frecuencia 60 Hz
SUBCATEGORÍA	p386391	Herramientas/None	Herramientas/Hidrolavadoras		Combo Koblenz Hidrolavadora Alta Presión + Aspiradora 3 En 1 Color Verde Frecuencia 60 Hz
SUBCATEGORÍA	p386392	Herramientas/None	Herramientas/Hidrolavadoras		Lanza de Espuma para Hidrolavadora Koblenz, Portátil y con Boquilla de 1.25 mm
SUBCATEGORÍA	p386393	Herramientas/None	Herramientas/Hidrolavadoras		Combo Koblenz de Aspiradora Wd-5 y Hidrolavadora Hl-270 para Limpieza del Hogar
SUBCATEGORÍA	p386394	Herramientas/None	Herramientas/Hidrolavadoras		Hidrolavadora Eléctrica Hl-270 Koblenz® Alta Presión 1650psi Verde Con Negro
SUBCATEGORÍA	p386395	Herramientas/None	Herramientas/Hidrolavadoras		Filtro y Conector Rápido para Hidrolavadora Koblenz, Compatible con Modelos HL-145 V a HL-470 V
SUBCATEGORÍA	p386396	Herramientas/None	Herramientas/Hidrolavadoras		Karcher Hidrolavadora K Practica Black Karcher Amarillo 60 Hz
SUBCATEGORÍA	p386397	Herramientas/None	Herramientas/Hidrolavadoras		Hidrolavadora Karcher Motor Karcher G2200 Svc, 4 Hp 2200psi Color Negro
SUBCATEGORÍA	p386398	Herramientas/None	Herramientas/Hidrolavadoras		Microswitch Hidrolavadora Karcher Color Rojo
SUBCATEGORÍA	p386399	Herramientas/None	Herramientas/Hidrolavadoras		Hidrolavadora K2 Power Control Karcher
SUBCATEGORÍA	p386401	Herramientas/None	Herramientas/Hidrolavadoras		Espumadora Fj6 Para Hidrolavadora Karcher Gris
SUBCATEGORÍA	p386403	Herramientas/None	Herramientas/Hidrolavadoras		Hidrolavadora Lanza Vario Línea K2 Kärcher
SUBCATEGORÍA	p386404	Herramientas/None	Herramientas/Hidrolavadoras		Hidrolavadora eléctrica Karcher K1 MAX
SUBCATEGORÍA	p386405	Herramientas/None	Herramientas/Hidrolavadoras		Hidrolavadora eléctrica Kärcher 4 amarilla
SUBCATEGORÍA	p386406	Herramientas/None	Herramientas/Hidrolavadoras		Hidrolavadora Karcher K2 1600 Psi Amarillo
SUBCATEGORÍA	p386408	Herramientas/None	Herramientas/Hidrolavadoras		Lanza Turbo Para Hidrolavadora Karcher Color Negro
SUBCATEGORÍA	p386409	Herramientas/None	Herramientas/Hidrolavadoras		Hidrolavadora Karcher K2 entry
SUBCATEGORÍA	p386410	Herramientas/None	Herramientas/Hidrolavadoras		Cabezal Valvulas Para Hidrolavadora Karcher Color Negro
SUBCATEGORÍA	p386411	Herramientas/None	Herramientas/Hidrolavadoras		Hidrolavadora Kärcher G2900E gris/amarilla
SUBCATEGORÍA	p386412	Herramientas/None	Herramientas/Hidrolavadoras		Hidrolavadora Lanza Vario K5 Kärcher Color Negro
SUBCATEGORÍA	p386413	Herramientas/None	Herramientas/Hidrolavadoras		Karcher Boquilla Triple 032 Para Hidrolavadora Profesional
SUBCATEGORÍA	p386415	Herramientas/None	Herramientas/Hidrolavadoras		Hidrolavadora eléctrica Kärcher eco! Booster TR 036 negro
SUBCATEGORÍA	p386416	Herramientas/None	Herramientas/Hidrolavadoras		Hidrolavadora Hyundai Electrica 1.5hp 1500psi Base Hyp1500b Color Negro
SUBCATEGORÍA	p386417	Herramientas/None	Herramientas/Hidrolavadoras		Hidrolavadora Eléctrica Hyundai 2,100w Mod.storm2000 Color Azul marino
SUBCATEGORÍA	p386419	Herramientas/None	Herramientas/Hidrolavadoras		Hidrolavadora Tipo Karcher 1250 Psi Sparta1300 Hyundai Color Azul
SUBCATEGORÍA	p386420	Herramientas/None	Herramientas/Hidrolavadoras		Hidrolavadora Eléctrica Hyundai 1800w 2000 Psi - Hyp2000xt Azul 60 Hz
SUBCATEGORÍA	p386421	Herramientas/None	Herramientas/Hidrolavadoras		Hidrolavadora Eléctrica Hyundai Storm3200 Bomba Axial 60 Hz Color Azul
SUBCATEGORÍA	p386422	Herramientas/None	Herramientas/Hidrolavadoras		Hidrolavadora Eléctrica Hyundai C/motor20 Hp 5800 - Hyp6000 Azul
SUBCATEGORÍA	p386423	Herramientas/None	Herramientas/Hidrolavadoras		Hidrolavadora Eléctrica Hyundai 1400w 1450 Psi - Hyp1450xt Color Azul Frecuencia 60 Hz
SUBCATEGORÍA	p386425	Herramientas/None	Herramientas/Hidrolavadoras		Pistola Para Hila-2000 Truper 101847
SUBCATEGORÍA	p386426	Herramientas/None	Herramientas/Hidrolavadoras		Lanza Ajustable Para Hila-2000, Truper 101848
SUBCATEGORÍA	p386427	Herramientas/None	Herramientas/Jardinería		Manguera para HILA-1500/HILA-1800, Truper
SUBCATEGORÍA	p386428	Herramientas/None	Herramientas/Hidrolavadoras		Pistola Para Hila-1600c, Truper 102816
SUBCATEGORÍA	p386429	Herramientas/None	Herramientas/Hidrolavadoras		Lanza Turbo Para Hila-2000 Truper 101849 Negro
SUBCATEGORÍA	p386430	Herramientas/None	Herramientas/Juegos de herramientas		Adaptador De Lanza Para LAVA-2000T Truper Expert
SUBCATEGORÍA	p386431	Herramientas/None	Herramientas/Hidrolavadoras		Hidrolavadora Eléctrica Truper 1500 para Limpieza Doméstica
SUBCATEGORÍA	p386432	Herramientas/None	Herramientas/Hidrolavadoras		Truper HILA-1500-N 101593 - Naranja/Negro 60 Hz
SUBCATEGORÍA	p386433	Herramientas/None	Herramientas/Hidrolavadoras		Lanza ajustable para HILA-2000X, Truper Expert. 102263
SUBCATEGORÍA	p386434	Herramientas/None	Herramientas/Hidrolavadoras		Pistola Para Hidrolavadora Lagas-4000 Truper 15768 Color Negro
SUBCATEGORÍA	p386435	Herramientas/None	Herramientas/Hidrolavadoras		Lanza turbo para HILA-1500/HILA-1800, Truper.
SUBCATEGORÍA	p386436	Herramientas/None	Herramientas/Hidrolavadoras		Hidrolavadora Con Motor A Gasolina 3300 Psi Truper
SUBCATEGORÍA	p386438	Herramientas/None	Herramientas/Jardinería		Manguera Hidrolavadora Gasolina Lagas-4000 10m Truper 15769
SUBCATEGORÍA	p386439	Herramientas/None	Herramientas/Hidrolavadoras		Pistola Para Hidrolavadora Lava-2000t Truper 10991 Color Negro
SUBCATEGORÍA	p386440	Herramientas/None	Herramientas/Hidrolavadoras		Boquilla Turbo Para Hila-2000x, Truper Expert Color Negro
SUBCATEGORÍA	p386441	Herramientas/None	Herramientas/Hidrolavadoras		Pistola Hidrolavadora Hila-1500 Hila-1800 31cm Truper 101897
SUBCATEGORÍA	p386442	Herramientas/None	Herramientas/Hidrolavadoras		Lanza Portaboquillas P Hidrolavadora Lagas-4000 Truper 15767 Color Dorado
SUBCATEGORÍA	p386443	Herramientas/None	Herramientas/Hidrolavadoras		Hidrolavadora Electrica 2000 Psi Truper 18297
SUBCATEGORÍA	p386444	Herramientas/None	Herramientas/Jardinería		Manguera Hidrolavadora Gasolina Lagas-2800 3300 Truper 12899 Color Negro
SUBCATEGORÍA	p386445	Herramientas/None	Herramientas/Hidrolavadoras		Hidrolavadora con motor a gasolina 7 hp 3300 psi truper
SUBCATEGORÍA	p386446	Herramientas/None	Herramientas/Hidrolavadoras		Pistola Para Hila-2000x, Truper Expert 102262 Color Negro Frecuencia 60
SUBCATEGORÍA	p386447	Herramientas/None	Herramientas/Hidrolavadoras		Juego 2 Lanzas Hidrolavadora Hila-1500 1800 101898 Truper Color Negro
SUBCATEGORÍA	p386449	Herramientas/None	Herramientas/Hidrolavadoras		Hidrolavadora Eléctrica Truper Alta Presión Portátil Color Naranja Frecuencia 60 Hz
SUBCATEGORÍA	p386450	Herramientas/None	Herramientas/Hidrolavadoras		Pistola Para Hidrolavadora Lagas-2800 Y 3300, Truper 12898 Color Negro
SUBCATEGORÍA	p386451	Herramientas/None	Herramientas/Hidrolavadoras		Dispensador Lanza Espuma P/ Hidrolavadora Truper 102403 Color Blanco Frecuencia 60 hz
SUBCATEGORÍA	p386452	Herramientas/None	Herramientas/Jardinería		Manguera 5 Mts. P/ Hidrolavadora 1500/-1800 Truper Y Pretul Color Negro
SUBCATEGORÍA	p386453	Herramientas/None	Herramientas/Hidrolavadoras		Juego De 2 Lanzas Ajustables Para Hila-1600c, Truper 102870 Color Negro
SUBCATEGORÍA	p386454	Herramientas/None	Herramientas/Hidrolavadoras		Hidrolavadora Motor Gasolina 5 Hp 37 Kw Profesional Truper Negro/naranja 60
SUBCATEGORÍA	p386455	Herramientas/None	Herramientas/Hidrolavadoras		Hidrolavadora Eléctrica Truper HILA-1800 2hp Tipo Karcher + Accesorios Color Negro Frecuencia 60
SUBCATEGORÍA	p386456	Herramientas/None	Herramientas/Hidrolavadoras		Hidrolavadora Industrial Con Motor A Gasolina 2,800 Psi Truper Modelo LAGAS-2800
SUBCATEGORÍA	p386457	Herramientas/None	Herramientas/Hidrolavadoras		Hidrolavadora eléctrica compacta horizontal, 1500 PSI, hasta 80% de ahorro de agua, TRUPER HILA-1500
SUBCATEGORÍA	p386458	Herramientas/None	Herramientas/Hidrolavadoras		Hidrolavadora eléctrica compacta, 1600 PSI, hasta 80% de ahorro de agua, TRUPER HILA-1600C
SUBCATEGORÍA	p386459	Herramientas/None	Herramientas/Hidrolavadoras		Hidrolavadora eléctrica, 1500 PSI, hasta 80% de ahorro de agua, TRUPER HILA-1500
SUBCATEGORÍA	p386460	Herramientas/None	Herramientas/Hidrolavadoras		Hidrolavadora eléctrica, 2000 PSI, hasta 80% de ahorro de agua, TRUPER HILA-2000
SUBCATEGORÍA	p386461	Herramientas/None	Herramientas/Hidrolavadoras		Hidrolavadora Greenworks 80v Psi, Potente Y Portátil
SUBCATEGORÍA	p386462	Herramientas/None	Herramientas/Hidrolavadoras		Hidrolavadora Eléctrica Greenworks GPW 1602 110.316 bar Verde
SUBCATEGORÍA	p386463	Herramientas/None	Herramientas/Hidrolavadoras		Boquilla Hidrolavadora Greenworks Turbo Nozzle 3100 Psi Max Negro 50
SUBCATEGORÍA	p386465	Herramientas/None	Herramientas/Hidrolavadoras		Hidrolavadora Greenworks 1800 PSI Eléctrica Con Ruedas y Accesorios
SUBCATEGORÍA	p386472	Herramientas/None	Herramientas/Hidrolavadoras		Hidrolavadora Electrica Mikel´s Alta Presión 1500 Psi Lp-70m Color Rojo
SUBCATEGORÍA	p386473	Herramientas/None	Herramientas/Hidrolavadoras		Hidrolavadora Gasolina 3HP 1800 psi Ciclon CIC-HG33 Con Accesorios
SUBCATEGORÍA	p386474	Herramientas/None	Herramientas/Hidrolavadoras		Hidrolavadora Electrica Inverter 2175 Psi Ciclon Hem100 Color Amarillo Frecuencia 60
SUBCATEGORÍA	p386475	Herramientas/None	Herramientas/Hidrolavadoras		Hidrolavadora Eléctrica 3000 W 220 V Cic-he12200 Ciclón Gris
SUBCATEGORÍA	p386476	Herramientas/None	Herramientas/Hidrolavadoras		Hidrolavadora Eléctrica 1300w Ciclon 120 Bar / 1740 Psi C/ Pistola Y Lanza
SUBCATEGORÍA	p386477	Herramientas/None	Herramientas/Hidrolavadoras		Hidrolavadora Eléctrica 2000w 160 bar Ciclon C/ Pistola Y Lanza
SUBCATEGORÍA	p386478	Herramientas/None	Herramientas/Jardinería		Hidrolavadora a Batería 30 Bar 300W Ciclon CIC-HEB35 con Manguera y Boquilla Regulable
SUBCATEGORÍA	p386479	Herramientas/None	Herramientas/Hidrolavadoras		Hidrolavadora A Batería 500w 65 Bar / 943 Psi Ciclon 2 Modos (eco Y Aut.)
SUBCATEGORÍA	p386480	Herramientas/None	Herramientas/Hidrolavadoras		Hidrolavadora Ciclon HG154 Gasolina 2200 PSI 6.5 HP con Pistola y Lanza
SUBCATEGORÍA	p386481	Herramientas/None	Herramientas/Hidrolavadoras		Hidrolavadora Eléctrica Apollo Apollo 5 Clásica Trifasica Pl Azul Acero De 3.73kw Con 179.264bar De 
SUBCATEGORÍA	p386482	Herramientas/None	Herramientas/Hidrolavadoras		Hidrolavadora Eléctrica Apollo Apollo 5 Clásica Bifásica Pl Azul Acero De 3.73kw Con 179.264bar De P
SUBCATEGORÍA	p386483	Herramientas/None	Herramientas/Hidrolavadoras		Hidrolavadora Eléctrica Apollo Apollo 2 Clásica 110v Rk Azul Acero De 1.5kw Con 124.106bar De Presió
SUBCATEGORÍA	p386484	Herramientas/None	Herramientas/Hidrolavadoras		Bomba Para Hidrolavadora Industrial 2 Hp Apollo Kit Ensamble
SUBCATEGORÍA	p386486	Herramientas/None	Herramientas/Hidrolavadoras		Pistón Cerámico Interpump para Bomba E1c1808a Hidrolavadora Apollo 2 Clásica
SUBCATEGORÍA	p386487	Herramientas/None	Herramientas/Hidrolavadoras		Hidrolavadora Apollo 5hp Udor Autolavado Bifásica Uso Rudo Azul Acero 60 Hz
SUBCATEGORÍA	p386488	Herramientas/None	Herramientas/Hidrolavadoras		Hidrolavadora Eléctrica Apollo 2 Clásica de 2hp con 1800psi de presión
SUBCATEGORÍA	p386489	Herramientas/None	Herramientas/Hidrolavadoras		Hidrolavadora Apollo 5hp 2700 Psi Trifásica Udor Motor Weg Azul Acero 60 Hz
SUBCATEGORÍA	p386490	Herramientas/None	Herramientas/Hidrolavadoras		Kit Twin Apollo Para Convertir Hidrolavadora A Dos Salidas Azul Acero 60 Hz
SUBCATEGORÍA	p386492	Herramientas/None	Herramientas/Hidrolavadoras		Hidrolavadora Industrial Apollo 10 Platino En Rack Trifásica 4000 Psi 10 Hp
SUBCATEGORÍA	p386493	Herramientas/None	Herramientas/Hidrolavadoras		Hidrolavadora Industrial Apollo 7 Platino En Carro Trifásica 3200 Psi 7 Hp
SUBCATEGORÍA	p386494	Herramientas/None	Herramientas/Hidrolavadoras		Hidrolavadora Industrial Apollo 5 Clásica Trifasica En Placa 2600 Psi 5 Hp
SUBCATEGORÍA	p386495	Herramientas/None	Herramientas/Hidrolavadoras		Hidrolavadora Industrial Apollo 5 Clásica En Carro Trifásica 2600 Psi 5 Hp
SUBCATEGORÍA	p386496	Herramientas/None	Herramientas/Hidrolavadoras		Hidrolavadora Industrial Apollo 5 Clásica Trifasica En Rack 2600 Psi 5 Hp
SUBCATEGORÍA	p386497	Herramientas/None	Herramientas/Hidrolavadoras		Hidrolavadora Industrial Apollo 5 Platino En Placa Trifásica 2700 Psi 5 Hp
SUBCATEGORÍA	p386498	Herramientas/None	Herramientas/Hidrolavadoras		Hidrolavadora Industrial Apollo 5 Platino En Rack Trifásica 2700 Psi 5 Hp
SUBCATEGORÍA	p386499	Herramientas/None	Herramientas/Hidrolavadoras		Hidrolavadora Industrial 5hp 2600psi Dos Salidas Para Autolavado Con Protección Eléctrica Apollo 5 T
SUBCATEGORÍA	p386500	Herramientas/None	Herramientas/Hidrolavadoras		Hidrolavadora Industrial Apollo 10 Platino En Carro Trifásica 4000 Psi 10 Hp
SUBCATEGORÍA	p386501	Herramientas/None	Herramientas/Hidrolavadoras		Hidrolavadora Industrial Apollo 5 Platino Trifásica En Carro 2700 Psi 5 Hp
SUBCATEGORÍA	p386502	Herramientas/None	Herramientas/Hidrolavadoras		Hidrolavadora Industrial Apollo 7 Platino En Rack Trifásica 3200 Psi 7 Hp
SUBCATEGORÍA	p386503	Herramientas/None	Herramientas/Hidrolavadoras		Hidrolavadora Industrial Apollo 5 Platino En Placa 220V Bifásica 2700 Psi 5 Hp
SUBCATEGORÍA	p386504	Herramientas/None	Herramientas/Hidrolavadoras		Hidrolavadora Industrial Apollo 5 Clásica En Rack 220v Bifásica 2600 Psi 5 Hp
SUBCATEGORÍA	p386505	Herramientas/None	Herramientas/Hidrolavadoras		Hidrolavadora Industrial Apollo 5 Platino 220v Bifásica En Carro 2700 Psi 5 Hp
SUBCATEGORÍA	p386506	Herramientas/None	Herramientas/Hidrolavadoras		Hidrolavadora Industrial Apollo 5 Clásica En Carro 220v Bifásica 2600 Psi 5 Hp
SUBCATEGORÍA	p386507	Herramientas/None	Herramientas/Hidrolavadoras		Hidrolavadora Industrial Apollo 5 Platino En Rack 220v Bifásica 2700 Psi 5 Hp
SUBCATEGORÍA	p386508	Herramientas/None	Herramientas/Hidrolavadoras		Hidrolavadora Industrial Apollo 5 Clásica En Placa 220v Bifásica 2600 Psi 5 Hp
SUBCATEGORÍA	p386509	Herramientas/None	Herramientas/Jardinería		Manguera para Hidrolavadora eléctrica Apollo Alta Presión JASONFLEX DIN EN 853 2SN-6 negro 5800psi d
SUBCATEGORÍA	p386510	Herramientas/None	Herramientas/Hidrolavadoras		Hidrolavadora Industrial Apollo 5 Clásica TWIN en Placa 220V Bifásica 2600 PSI 5 HP con Dos Salidas
SUBCATEGORÍA	p386511	Herramientas/None	Herramientas/Compresores y herramienta neumática		Tanque Espumador Apollo Foamer De 100 Litros Para Autolavado Uso Con Compresor De Aire Para Espuma T
SUBCATEGORÍA	p386512	Herramientas/None	Herramientas/Hidrolavadoras		Pistola Corta Industrial Hidrolavadora Lutian G04 5000psi Neg
SUBCATEGORÍA	p386513	Herramientas/None	Herramientas/Jardinería		Manguera Hidrolavadora Lutian 8m 3600 PSI Conexión Rápida
SUBCATEGORÍA	p386514	Herramientas/None	Herramientas/Hidrolavadoras		Pistola Ind. Larga P/hidrolavadora 4,900 Lbs Lutian Color Rojo
SUBCATEGORÍA	p386515	Herramientas/None	Herramientas/Hidrolavadoras		Hidrolavadora Eléctrica Lutian LT302-1400B 1400psi Portátil Negro
SUBCATEGORÍA	p386516	Herramientas/None	Herramientas/Jardinería		Manguera Alta Presión 8 Metros Lutian 2300 PSI Hidrolavadora Conexión M22
SUBCATEGORÍA	p386517	Herramientas/None	Herramientas/Hidrolavadoras		Hidrolavadora Eléctrica Synergy 1200w 65 Bar Hs1200 Color Gris
SUBCATEGORÍA	p386518	Herramientas/None	Herramientas/Hidrolavadoras		Hidrolavadora A Gasolina 6.5 Hp 2,500 Psi Synergy Motor 4 T
SUBCATEGORÍA	p386519	Herramientas/None	Herramientas/Hidrolavadoras		Hidrolavadora 130bar Autostop 1400w Emtop Color Rojo
SUBCATEGORÍA	p386520	Herramientas/None	Herramientas/Hidrolavadoras		Hidrolavadora A Gasolina, Total, Iusa, 6hp, Motor 4 Tiempos
SUBCATEGORÍA	p386521	Herramientas/None	Herramientas/Hidrolavadoras		Hidrolavadora A Gasolina, Total, Iusa, 7 Hp, Motor De 4 Tiem
SUBCATEGORÍA	p386522	Herramientas/None	Herramientas/Hidrolavadoras		Simpson Cleaning Hidrolavadora Eléctrica 120V 60Hz
SUBCATEGORÍA	p386523	Herramientas/None	Herramientas/Medición		Bomba Hidrolavadora Parazzini Calibre 15mm
SUBCATEGORÍA	p386524	Herramientas/None	Herramientas/Hidrolavadoras		Hidrolavadora Electrica 5.5 W Parazzini Pro Hppe7.5
SUBCATEGORÍA	p386525	Herramientas/None	Herramientas/Hidrolavadoras		Hidrolavadora Eléctrica Parazzini BH1508A 186bar Negro 5.145kW
SUBCATEGORÍA	p386526	Herramientas/None	Herramientas/Hidrolavadoras		Hidrolavadora Electrica 3 W Parazzini Pro Negro 1
SUBCATEGORÍA	p386527	Herramientas/None	Herramientas/Hidrolavadoras		Raosa Bomba Hidrolavadora 5.5kw Parazzini Pro Hppe7.5 Negro 1
SUBCATEGORÍA	p386528	Herramientas/None	Herramientas/Hidrolavadoras		Hidrolavadora Electrica 2030psi Hpultra1800 Parazzini Color Negro Frecuencia 60
SUBCATEGORÍA	p386529	Herramientas/None	Herramientas/Hidrolavadoras		Generador de Espuma para Hidrolavadora Parazzini de 400 mL Blanco
SUBCATEGORÍA	p386530	Herramientas/None	Herramientas/Hidrolavadoras		Hidrolavadora Eléctrica Parazzini 2030 PSI Amarillo Prof. y Doméstico
SUBCATEGORÍA	p386531	Herramientas/None	Herramientas/Hidrolavadoras		Hidrolavadora Eléctrica Parazzini Hpp110v 2200w 2000psi Ind Color Gris oscuro Frecuencia 60
SUBCATEGORÍA	p386532	Herramientas/None	Herramientas/Hidrolavadoras		Hidrolavadora Electrica Parazzini Monofasica 1740 Psi Color Gris Oscuro Frecuencia 60 Hz
SUBCATEGORÍA	p386533	Herramientas/None	Herramientas/Hidrolavadoras		Hidrolavadora Parazzini HP13N 3600psi Gasolina Industrial Amarilla
SUBCATEGORÍA	p386534	Herramientas/None	Herramientas/Hidrolavadoras		Hidrolavadora eléctrica Parazzini HPPE7.5 negro/plateado de 5.5kW con 3191psi de presión máxima
SUBCATEGORÍA	p386535	Herramientas/None	Herramientas/Jardinería		Hidrolavadora Gasolina 2650 Psi Predator + Manguera Pistola Color Rojo
SUBCATEGORÍA	p386536	Herramientas/None	Herramientas/Hidrolavadoras		Hidrolavadora Gasolina Predator 4400 PSI 13 HP Profesional Portátil Roja
SUBCATEGORÍA	p386537	Herramientas/None	Herramientas/Hidrolavadoras		Hidrolavadora De 3200 Psi 2.8 l/min, 6,8 Hp 223 Cc Color Negro Predator 58028
SUBCATEGORÍA	p386538	Herramientas/None	Herramientas/Hidrolavadoras		Hidrolavadora 2,175 Psi 1,800 W 6.7l H 8150m-a Forest&garden
SUBCATEGORÍA	p386539	Herramientas/None	Herramientas/Hidrolavadoras		Hidrolavadora Eléctrica 1400 W, 5.1 L/min Forest&garden Color Verde Frecuencia 60
SUBCATEGORÍA	p386540	Herramientas/None	Herramientas/Hidrolavadoras		Hidrolavadora eléctrica Forest & Garden H12000/25 de 2.8kW con 100bar de presión máxima - 60Hz
SUBCATEGORÍA	p386541	Herramientas/None	Herramientas/Hidrolavadoras		Hidrolavadora eléctrica Kärcher Home & Garden K3 Full Control
SUBCATEGORÍA	p386542	Herramientas/None	Herramientas/Jardinería		Manguera Ahph5028 Hidrolavadora 5mt Ingco
SUBCATEGORÍA	p386543	Herramientas/None	Herramientas/Hidrolavadoras		Pistola Magnética Hidrolavadora Acople Rápido Ingco Amsg028 Color Negro
SUBCATEGORÍA	p386544	Herramientas/None	Herramientas/Hidrolavadoras		Hidrolavadora Alta Presión 1900 Psi Ingco 1400 W Color Amarillo
SUBCATEGORÍA	p386545	Herramientas/None	Herramientas/Hidrolavadoras		Hidrolavadora 110/120v 2000w 2320 Psi 6,0l/min Ingco Uhpwr20
SUBCATEGORÍA	p386546	Herramientas/None	Herramientas/Hidrolavadoras		Hidrolavadora Ingco Profesional Eléctrica de Alta Presión de 2200 Psi
SUBCATEGORÍA	p386548	Herramientas/None	Herramientas/Hidrolavadoras		Hidrolavadora eléctrica Ingco CPWLI20362 amarillo con 24.8bar de presión máxima - 50Hz/60Hz
SUBCATEGORÍA	p386549	Herramientas/None	Herramientas/Hidrolavadoras		Hidrolavadora Eléctrica, 1200w, 80bar, Energy H80/120 Color Turquesa
SUBCATEGORÍA	p386550	Herramientas/None	Herramientas/Hidrolavadoras		Hidrolavadora Inalámbrica De 60bar Gladiator Hg116020c1 Color Gris
SUBCATEGORÍA	p386551	Herramientas/None	Herramientas/Hidrolavadoras		Hidrolavadora Autocebante 1800w Makita Hw1300 Turquesa
SUBCATEGORÍA	p386552	Herramientas/None	Herramientas/Jardinería		Manguera Hidrolavadora Para Black & Decker Makita 6mt Negro
SUBCATEGORÍA	p386553	Herramientas/None	Herramientas/Hidrolavadoras		Hidrolavadora Inalambrica 115 Bares XGT HW001gz Makita
SUBCATEGORÍA	p386554	Herramientas/None	Herramientas/Hidrolavadoras		Kit Hidrolavadora De Alta Presión Makita Hw101 + Aspiradora Color Turquesa
SUBCATEGORÍA	p386556	Herramientas/None	Herramientas/Baterías y cargadores de herramienta		Hidrolavadora Inalámbrica Makita Dhw080pt2 Con 2 Baterias Color Azul Petróleo
SUBCATEGORÍA	p386557	Herramientas/None	Herramientas/Hidrolavadoras		Hidrolavadora Makita Hw101 1300w 1450 Psi 360 L/h Compacta
SUBCATEGORÍA	p386558	Herramientas/None	Herramientas/Hidrolavadoras		Hidrolavadora eléctrica Makita HW101 turquesa de 1.3kW con 100bar de presión máxima
SUBCATEGORÍA	p386560	Herramientas/None	Herramientas/Baterías y cargadores de herramienta		Kit Hidrolavadora Inalámbrica Makita 18V Portátil para Limpieza Exterior con Batería y Cargador
SUBCATEGORÍA	p386563	Herramientas/None	Herramientas/Hidrolavadoras		Lanza Corta Para Hidrolavadora Para Pretul Daewo 7 Boquillas
SUBCATEGORÍA	p386565	Herramientas/None	Herramientas/Hidrolavadoras		Hidrolavadora 1/4conector Con 5boquillas Para Pretul Y Daewo Dorado
SUBCATEGORÍA	p386566	Herramientas/None	Herramientas/Hidrolavadoras		Hidrolavadora Eléctrica 1500 Psi Pretul 26023 Color Amarillo
SUBCATEGORÍA	p386567	Herramientas/None	Herramientas/Jardinería		Hidrolavadora Pretul HILA-1500 Turbo Profunda + Manguera Reforzada 10m Color Amarillo
SUBCATEGORÍA	p386568	Herramientas/None	Herramientas/Hidrolavadoras		Hidrolavadora eléctrica Presión Máxima 1350 psi, Color Amarillo Pretul HILA-1350P
SUBCATEGORÍA	p386569	Herramientas/None	Herramientas/Hidrolavadoras		Hidrolavadora Inalambrica Electrica Lavado De Autos Adir 118 Color Negro
SUBCATEGORÍA	p386570	Herramientas/None	Herramientas/Hidrolavadoras		Hidrolavadora 2030psi 1200w Adir 411 Color Amarillo Frecuencia 60 Hz
SUBCATEGORÍA	p386571	Herramientas/None	Herramientas/Hidrolavadoras		Hidrolavadora Profesional Alta Presión 2030 Psi Adir 214 Color Amarillo
SUBCATEGORÍA	p386572	Herramientas/None	Herramientas/Hidrolavadoras		Hidrolavadora 2030 PSI 1200W Alta Presión Amarilla ADIR 411
SUBCATEGORÍA	p386573	Herramientas/None	Herramientas/Hidrolavadoras		Hidrolavadora Alta Presión 2030 Psi Reembobinado Adir 410
SUBCATEGORÍA	p386574	Herramientas/None	Herramientas/Hidrolavadoras		Hidrolavadora Eléctrica 1600w Alta Presión 2030 Psi Alta Presión Flujo Constante Adir 12670
SUBCATEGORÍA	p386575	Herramientas/None	Herramientas/Jardinería		Hidrolavadora Eléctrica 1750 Psi Alta Presión Manguera Con Base Cable De 5m Incluye Dispensador 60Hz
SUBCATEGORÍA	p386576	Herramientas/None	Herramientas/Hidrolavadoras		Hidrolavadora Eléctrica Portatil Herramientas Color Negro Frecuencia 60Hz
SUBCATEGORÍA	p386577	Herramientas/None	Herramientas/Jardinería		Rizzup Hidrolavadora Inalámbrica Idrolavadorra Pistola Portatil Hidro Lavadora Eléctricas Batería Li
SUBCATEGORÍA	p386578	Herramientas/None	Herramientas/Hidrolavadoras		Hidrolavadora PRODUCTO GENERICO Profesional 3000 Psi Gasolina Uso Rudo Negro
SUBCATEGORÍA	p386579	Herramientas/None	Herramientas/Pistolas de calor, engrapadoras y clavadoras		Engrapadora Neumática Fifa Js16-71
SUBCATEGORÍA	p386580	Herramientas/None	Herramientas/Neumáticas		Engrampadora Neumática Fifa JS-1654 Madera 16mm 85psi
SUBCATEGORÍA	p386581	Herramientas/None	Herramientas/Pistolas de calor, engrapadoras y clavadoras		Clavadora Neumática Fifa 1665N Madera Clavos 16 Calibre 7/8" a 2 ½"
SUBCATEGORÍA	p386582	Herramientas/None	Herramientas/Baterías y cargadores de herramienta		Router Makita XTR01Z inalámbrico batería de 18V
SUBCATEGORÍA	p386583	Herramientas/None	Herramientas/Juegos de herramientas		Juego Herramientas Mecanicas 201 Pzas Autocle Dados Stanley
SUBCATEGORÍA	p386584	Herramientas/None	Herramientas/Juegos de herramientas		Set 120 Herramientas Mecánicas Kit Racing Stanley R99-120la
SUBCATEGORÍA	p386585	Herramientas/None	Herramientas/Llaves y dados		Stanley Juego De Llaves De Vaso Mecánicas De Cromo Negro 37 Negro
SUBCATEGORÍA	p386586	Herramientas/None	Herramientas/Juegos de herramientas		Stanley Juego Herramienta 70 Pzas Autocle 1/4 Y 3/8 Std /met
SUBCATEGORÍA	p386587	Herramientas/None	Herramientas/Baterías y cargadores de herramienta		Paquete De 2 Baterías 18v Para Milwaukee Redlithium M18
SUBCATEGORÍA	p386588	Herramientas/None	Herramientas/Lijadoras		Lijadora de banco Surtek LE612 negro 60Hz 373W
SUBCATEGORÍA	p386589	Herramientas/None	Herramientas/Lijadoras		Lijadora De Banda Disco Profesional Madera Silverline Color Gris
SUBCATEGORÍA	p386590	Herramientas/None	Herramientas/Neumáticas		Lijadora Pulidora Neumática Roto Orbital 6 In Silverline Color Negro
SUBCATEGORÍA	p386591	Herramientas/None	Herramientas/Neumáticas		Lijadora Orbital Neumática Silverline 5 Pulgadas Roto 10000 RPM
SUBCATEGORÍA	p386592	Herramientas/None	Herramientas/Lijadoras		Lijadora de 9" Milwaukee 6078 con 1560W
SUBCATEGORÍA	p386593	Herramientas/None	Herramientas/Baterías y cargadores de herramienta		Lijadora Orbital Milwaukee M18 Fuel sin Batería
SUBCATEGORÍA	p386594	Herramientas/None	Herramientas/Lijadoras		Lijadora Orbital Milwaukee M12 Fuel 6 3/32
SUBCATEGORÍA	p386595	Herramientas/None	Herramientas/Lijadoras		Lijadora Orbital M18 Milwaukee 2648-20 Sin Bat Rojo
SUBCATEGORÍA	p386596	Herramientas/None	Herramientas/Baterías y cargadores de herramienta		Lijadora Banda M18 Brushless Milwaukee 2832-20 Sin Bateria
SUBCATEGORÍA	p386597	Herramientas/None	Herramientas/Lijadoras		Lijadora Orbital Para Detalles M12 Fuel Milwaukee 2531-20 Color Rojo
SUBCATEGORÍA	p386598	Herramientas/None	Herramientas/Baterías y cargadores de herramienta		Lijadora Orbital 5'' M18 Sin Bateria 264820 Milwaukee Color Rojo/Negro
SUBCATEGORÍA	p386599	Herramientas/None	Herramientas/Lijadoras		Lijadora Orbital Milwaukee 6034-21 Roja Con Banda De 127mm Color Rojo
SUBCATEGORÍA	p386600	Herramientas/None	Herramientas/Lijadoras		Lijadora De Banda 10mm X 300mm Veloc.var. Milwaukee 2483-20 Color Rojo
SUBCATEGORÍA	p386601	Herramientas/None	Herramientas/Lijadoras		Lijadora Orbital Cuadrada 1/4 De Hoja M18 Milwaukee 2649-20 Color Rojo
SUBCATEGORÍA	p386602	Herramientas/None	Herramientas/Lijadoras		Lijadora De Palma Orbital 1-4 De Hoja Milwaukee 6033-21 Color Rojo
SUBCATEGORÍA	p386603	Herramientas/None	Herramientas/Lijadoras		Vevor Lijadora Orbital De 6'' Lijadora 10000 Prm Naranja Oscuro 50hz
SUBCATEGORÍA	p386604	Herramientas/None	Herramientas/Lijadoras		Vevor Lijadora Para Paneles De Yeso, 900 W Con 12 Discos
SUBCATEGORÍA	p386605	Herramientas/None	Herramientas/Esmeriladoras y pulidoras		Vevor Amoladora De Banda De 2 Caballos 2 X 82 Pulga 110 V Blanco Y Azul 60 Hz
SUBCATEGORÍA	p386606	Herramientas/None	Herramientas/Lijadoras		Lijadora angular Bosch 06018A70G0 Multicolor 7' 2200W 5000 RPM
SUBCATEGORÍA	p386607	Herramientas/None	Herramientas/Baterías y cargadores de herramienta		Lijadora Orbital Inalámbrica Bosch Gss + Batería Color Azul Marino
SUBCATEGORÍA	p386608	Herramientas/None	Herramientas/Lijadoras		Lijadora Roto Orbital Bosch Gex 125 280w 127v
SUBCATEGORÍA	p386609	Herramientas/None	Herramientas/Lijadoras		Lijadora roto orbital inalámbrica Bosch GEX Brushless SB
SUBCATEGORÍA	p386610	Herramientas/None	Herramientas/Lijadoras		Lijadora Orbital Bosch Gss 10 + 2 Bat 4.0ah + Accesorios Multicolor
SUBCATEGORÍA	p386611	Herramientas/None	Herramientas/Baterías y cargadores de herramienta		Lijadora Inalámbrica Bosch Gss 10 + 2 Baterías 4.0 Ah Azul
SUBCATEGORÍA	p386612	Herramientas/None	Herramientas/Lijas y accesorios de lijado		Bosch Sr5r080 Lijadora Orbital Hook And Loop 8 Agujero Di
SUBCATEGORÍA	p386613	Herramientas/None	Herramientas/Lijadoras		Bosch - Lijadora Orbital Con Bolsa De Transporte Color Azul marino
SUBCATEGORÍA	p386614	Herramientas/None	Herramientas/Lijas y accesorios de lijado		Lijadora Orbital Bosch Gss 140 220w Con 1 Lija
SUBCATEGORÍA	p386615	Herramientas/None	Herramientas/Lijadoras		Bosch Lijadora Orbital Con Bolsa De Transporte - Color - Frecuencia
SUBCATEGORÍA	p386616	Herramientas/None	Herramientas/Lijadoras		Lijadora De Banda Bosch Pro Gbs 750 533mmx75mm 850w Multicolor
SUBCATEGORÍA	p386617	Herramientas/None	Herramientas/Lijadoras		Lijadora Orbital Palma 220w 14,000 Opm Gss 140 12a8.0 Bosch Color Azul
SUBCATEGORÍA	p386618	Herramientas/None	Herramientas/Lijadoras		Lijadora profesional orbital inalámbrica Bosch Professional GSS 18V-10 azul 11.111kW 18V
SUBCATEGORÍA	p386619	Herramientas/None	Herramientas/Discos de corte y desbaste		Almohadilla Almohadilla de 8 Agujeros para Discos de Lija 125mm Bosch
SUBCATEGORÍA	p386620	Herramientas/None	Herramientas/Lijadoras		Lijadora Orbital Bosch 1/4 Hoja Con Bolsa Recoleccion Polvo Color Azul acero
SUBCATEGORÍA	p386621	Herramientas/None	Herramientas/Neumáticas		Lijadora Neumática Orbital 6 10,000 Rpm Urrea
SUBCATEGORÍA	p386622	Herramientas/None	Herramientas/Lijadoras		Lijadora Orbital Urrea LO914, 280W
SUBCATEGORÍA	p386623	Herramientas/None	Herramientas/Lijadoras		Lijadora Roto Orbital De 5 Pulgadas 270w Urrea Lr905
SUBCATEGORÍA	p386624	Herramientas/None	Herramientas/Lijadoras		Lijadora de banda Urrea LE834 negro 60Hz 550W
SUBCATEGORÍA	p386625	Herramientas/None	Herramientas/Neumáticas		Lijadora Roto-orbital Neumatica 6 12000rpm Urrea Up861a Color Rojo
SUBCATEGORÍA	p386626	Herramientas/None	Herramientas/Lijadoras		Lijadora Orbital 1/4 De Hoja 300 W Urrea
SUBCATEGORÍA	p386627	Herramientas/None	Herramientas/Lijadoras		Lijadora Roto Orbital 5in 350 W, 12000 Rpm Urrea
SUBCATEGORÍA	p386628	Herramientas/None	Herramientas/Neumáticas		Lijadora Urrea UP890A Roto-orbital Neumática Con Lija De 6 Velocidad S
SUBCATEGORÍA	p386629	Herramientas/None	Herramientas/Lijadoras		Lijadora De Banda 3 X 21 720 W Urrea Color Negro Frecuencia 60 Hz
SUBCATEGORÍA	p386630	Herramientas/None	Herramientas/Lijadoras		Lijadora roto orbital Urrea LR905A con sistema velcro roja 60Hz 360W
SUBCATEGORÍA	p386631	Herramientas/None	Herramientas/Lijadoras		Lijadora De Banda Stanley 3x21 Sb90-b3
SUBCATEGORÍA	p386632	Herramientas/None	Herramientas/Lijadoras		Lijadora Roto-Orbital 5Scs220b-b3 Color Amarillo/negro Stanley
SUBCATEGORÍA	p386633	Herramientas/None	Herramientas/Lijadoras		Lijadora Roto-orbital Stanley Ss30-b2c Color Amarillo
SUBCATEGORÍA	p386634	Herramientas/None	Herramientas/Lijadoras		Lijadora De Banda Sb90-b3 720w 3X21'' Color Amarillo Stanley
SUBCATEGORÍA	p386635	Herramientas/None	Herramientas/Lijadoras		Lijadora Profesional Roto Orbital Stanley Ss30 Con Sistema Velcro Amarilla 300w
SUBCATEGORÍA	p386636	Herramientas/None	Herramientas/Lijadoras		Lijadora Orbital de Hoja 1/4 240W Stanley Ss24 60 Hz
SUBCATEGORÍA	p386637	Herramientas/None	Herramientas/Lijadoras		Lijadora Roto Orbital 300w Ss30-b3 Color Amarillo Frecuencia 60 Hz Stanley
SUBCATEGORÍA	p386638	Herramientas/None	Herramientas/Sierras		Lijadora Orbital 5pul Stanley Ss30 300w + Serrucho 20pul Color Amarillo Frecuencia 60 Hz
SUBCATEGORÍA	p386639	Herramientas/None	Herramientas/Baterías y cargadores de herramienta		Lijadora Roto Orbital 5" Inalambrica Stanley 20v Scs220d1s 1 Batería + cargador + maleta
SUBCATEGORÍA	p386640	Herramientas/None	Herramientas/Lijadoras		Stanley Lijadora Orbital 1/4 De Hoja 240w Xtreme C Color Amarillo
SUBCATEGORÍA	p386641	Herramientas/None	Herramientas/Lijadoras		Lijadora orbital Stanley Ss30 Roto de potencia 300 W, color amarillo, frecuencia 60 Hz
SUBCATEGORÍA	p386642	Herramientas/None	Herramientas/Hidrolavadoras		Dewalt Dcpw550p1 Pistola Hidrolavadora Eléctrica 550 Psi
SUBCATEGORÍA	p386643	Herramientas/None	Herramientas/Hidrolavadoras		Boquilla Rotativa Turbo Dewalt 4500 Psi Para Hidrolavadora Color Negro
SUBCATEGORÍA	p386644	Herramientas/None	Herramientas/Hidrolavadoras		Hidrolavadora DeWalt DWPW2600 Eléctrica de 2600 PSI Para Limpieza Exterior
SUBCATEGORÍA	p386645	Herramientas/None	Herramientas/Hidrolavadoras		Hidrolavadora Inalámbrica Dewalt 1000 Psi Flexvolt 60v Color Amarillo Frecuencia 60
SUBCATEGORÍA	p386646	Herramientas/None	Herramientas/Hidrolavadoras		Hidrolavadora Dewalt 3400 Psi Motor A Gasolina 208 Cc Color Amarillo
SUBCATEGORÍA	p386647	Herramientas/None	Herramientas/Hidrolavadoras		Hidrolavadora Eléctrica Dewalt Agua Fría 2100 Psi 1.2 Gpm Color Amarillo
SUBCATEGORÍA	p386648	Herramientas/None	Herramientas/Hidrolavadoras		Hidrolavadora Electrica A Presion Dewalt 2400 Psi 1.1 Gpm
SUBCATEGORÍA	p386649	Herramientas/None	Herramientas/Hidrolavadoras		Hidrolavadora Gasolina Dewalt 61147s 3300 Psi 2 4 Gpm
SUBCATEGORÍA	p386650	Herramientas/None	Herramientas/Hidrolavadoras		Hidrolavadora Dewalt 3600 Psi Motor A Gasolina Motor Honda Color Amarillo Frecuencia 50
SUBCATEGORÍA	p386651	Herramientas/None	Herramientas/Hidrolavadoras		Vevor Hidrolavadora Portátil Inalámbrica 109 Psi Máx Pp Naranja 0
SUBCATEGORÍA	p386652	Herramientas/None	Herramientas/Hidrolavadoras		Vevor Bomba Para Hidrolavadora Con Eje Vertical 3100 Psi Plateado 0
SUBCATEGORÍA	p386654	Herramientas/None	Herramientas/Hidrolavadoras		Vevor Hidrolavadora Eléctrica 1.76gpm 2000psi 1500w 60hz Color Negro Y Amarillo
SUBCATEGORÍA	p386656	Herramientas/None	Herramientas/Hidrolavadoras		Vevor Bomba Para Hidrolavadora Émbolo Cobre Aluminio 4,2 Gpm Negro 60hz
SUBCATEGORÍA	p386657	Herramientas/None	Herramientas/Hidrolavadoras		Hidrolavadora Vevor Profesional de 3400 PSI, Horizontal para Limpieza a Presión
SUBCATEGORÍA	p386658	Herramientas/None	Herramientas/Hidrolavadoras		Vevor Hidrolavadora Eléctrica 1.65gpm 2000psi 1500w 60hz Amarillo Y Negro 60hz
SUBCATEGORÍA	p386659	Herramientas/None	Herramientas/Hidrolavadoras		Vevor Hidrolavadora Eléctrica 2000 Psi Máx 1,59 Gpm Máx Pp Naranja 60 Hz
SUBCATEGORÍA	p386660	Herramientas/None	Herramientas/Hidrolavadoras		Vevor Hidrolavadora Eléctrica 1958 Psi Máx 2.5 Gpm Máx Pp Naranja 60 Hz
SUBCATEGORÍA	p386661	Herramientas/None	Herramientas/Hidrolavadoras		Vevor Hidrolavadora Eléctrica 1.65gpm 2000psi 1500w 60hz Color Negro y Amarillo
SUBCATEGORÍA	p386662	Herramientas/None	Herramientas/Hidrolavadoras		Hidrolavadora Bosch GHP 200, 2000 PSI
SUBCATEGORÍA	p386663	Herramientas/None	Herramientas/Hidrolavadoras		Hidrolavadora Bosch 1800 Psi 1500w. Ghp 180
SUBCATEGORÍA	p386664	Herramientas/None	Herramientas/Hidrolavadoras		Hidrolavadora Bosch 440l 2200w 2500 Psi Alta Presión
SUBCATEGORÍA	p386665	Herramientas/None	Herramientas/Hidrolavadoras		Hidrolavadora Eléctrica Bosch 2100 W 150 Bar GHP 220
SUBCATEGORÍA	p386666	Herramientas/None	Herramientas/Jardinería		Manguera Hidrolavadora Gasolina Hg840 Urrea
SUBCATEGORÍA	p386668	Herramientas/None	Herramientas/Hidrolavadoras		Hidrolavadora Gasolina 6.5hp Hg865 Urrea
SUBCATEGORÍA	p386670	Herramientas/None	Herramientas/Hidrolavadoras		Pistola Eléctrica Ps1040 Para Hidrolavadora Urrea
SUBCATEGORÍA	p386671	Herramientas/None	Herramientas/Hidrolavadoras		Boquilla Para Hidrolavadora Eléctrica HL1074 Urrea /vc
SUBCATEGORÍA	p386673	Herramientas/None	Herramientas/Hidrolavadoras		Hidrolavadora Electrica De Alta Potencia Urrea 5.1 Hp
SUBCATEGORÍA	p386674	Herramientas/None	Herramientas/Desarmadores y puntas		Punta Lanza Multisalida 6 En 1 Hg840 Y Hg865 Urrea
SUBCATEGORÍA	p386675	Herramientas/None	Herramientas/Jardinería		Manguera Industrial Para Hidrolavadora 10m Urrea Mang105 /v Color Negro
SUBCATEGORÍA	p386676	Herramientas/None	Herramientas/Hidrolavadoras		Lanza Y Pistola Hidrolavadora Gasolina Hg909 Y Hg914 Urrea Color Negro
SUBCATEGORÍA	p386678	Herramientas/None	Herramientas/Hidrolavadoras		Hidrolavadora de Gasolina Urrea para Uso Industrial con 3600 psi y 9.5 hp
SUBCATEGORÍA	p386679	Herramientas/None	Herramientas/Hidrolavadoras		Punta turbo para lanza de hidrolavadora a gasolina HG840, HG865, HG909 y HG914 Urrea
SUBCATEGORÍA	p386680	Herramientas/None	Herramientas/Escaleras		Escalera Extensible De Fibra De Vidrio De Louisville Ladder. Color Naranja
SUBCATEGORÍA	p386681	Herramientas/None	Herramientas/Escaleras		Escalera Louisville De 7 Pies De Fibra De Vidrio, Capacidad
SUBCATEGORÍA	p386683	Herramientas/None	Herramientas/Routers, fresadoras y multiherramientas		Router 1/4-1/2puLG 1200w Herramienta Eléctrica Madera Surtek
SUBCATEGORÍA	p386684	Herramientas/None	Herramientas/Juegos de herramientas		Juego de 138 Herramientas Weston Cuadro 1/4 3/8 1/2 Mecánico Estuche Gris
SUBCATEGORÍA	p386685	Herramientas/None	Herramientas/Juegos de herramientas		Juego De Herramientas De 290 Rojo De Reparación Sw-gjb002b
SUBCATEGORÍA	p386686	Herramientas/None	Herramientas/Brocas		Broca Industrial 21 Mm Weston
SUBCATEGORÍA	p386687	Herramientas/None	Herramientas/Brocas		Broca Drill America Serie Kfd 21/64
SUBCATEGORÍA	p386688	Herramientas/None	Herramientas/Brocas		Juego De 4 Brocas Escalonadas Weston
SUBCATEGORÍA	p386689	Herramientas/None	Herramientas/Brocas		Broca Alta Velocidad M2 Zanco Recto Weston x12
SUBCATEGORÍA	p386690	Herramientas/None	Herramientas/Brocas		Broca Industrial Hss Weston 6.5 Mm (6 Piezas)
SUBCATEGORÍA	p386691	Herramientas/None	Herramientas/Brocas		Broca Zanco Recto Fraccional A.v. 17/32´´ Weston
SUBCATEGORÍA	p386692	Herramientas/None	Herramientas/Brocas		Cortador Anular Titanio 5/8 x 2 Weston
SUBCATEGORÍA	p386693	Herramientas/None	Herramientas/Brocas		Broca Escalonada de Titanio Weston para Perforar 2"
SUBCATEGORÍA	p386694	Herramientas/None	Herramientas/Brocas		Juego Machuelos Weston Acero Carbón 3 Pzs Métrico M14x1.25
SUBCATEGORÍA	p386695	Herramientas/None	Herramientas/Brocas		Broca Recta Acero Vanadio 11.75 Mm Weston 6 Piezas
SUBCATEGORÍA	p386696	Herramientas/None	Herramientas/Brocas		Broca de Acero de Alta Velocidad Weston, 23/32"
SUBCATEGORÍA	p386697	Herramientas/None	Herramientas/Brocas		Broca A.v. 37/64 Weston St-5-160-185
SUBCATEGORÍA	p386698	Herramientas/None	Herramientas/Brocas		Set 12 Brocas Rectas 1.50mm Weston Acero Alta Velocidad
SUBCATEGORÍA	p386699	Herramientas/None	Herramientas/Brocas		Broca Recta Acero Vanadio 10.75 Mm Weston 6 Piezas
SUBCATEGORÍA	p386700	Herramientas/None	Herramientas/Brocas		Broca Para Madera Tipo Espada Medida 3/8 Weston
SUBCATEGORÍA	p386701	Herramientas/None	Herramientas/Brocas		Pack Brocas Forstner Weston de 1" para Madera y Plásticos
SUBCATEGORÍA	p386702	Herramientas/None	Herramientas/Brocas		Broca de Cobalto Weston de 25/32" para Materiales Duros
SUBCATEGORÍA	p386703	Herramientas/None	Herramientas/Brocas		12 Broca Numerica A.a.v. # 57 Weston St-5-170-285
SUBCATEGORÍA	p386704	Herramientas/None	Herramientas/Brocas		12 Broca Numerica A.a.v. # 13 Weston St-5-170-065
SUBCATEGORÍA	p386705	Herramientas/None	Herramientas/Brocas		12 Broca Numerica A.a.v. # 8 Weston St-5-170-040
SUBCATEGORÍA	p386706	Herramientas/None	Herramientas/Brocas		12 Broca Numerica A.a.v. # 28 Weston St-5-170-140
SUBCATEGORÍA	p386707	Herramientas/None	Herramientas/Brocas		Broca Métrica Weston Alta Velocidad 13.5 mm Para Materiales Duros
SUBCATEGORÍA	p386708	Herramientas/None	Herramientas/Brocas		Broca Escalonada Cobalto 1/8-1/2 Weston Plus Pr
SUBCATEGORÍA	p386709	Herramientas/None	Herramientas/Brocas		Broca de Centro Weston de 4" para Acero y Fundición
SUBCATEGORÍA	p386710	Herramientas/None	Herramientas/Brocas		Broca de Cobalto Estándar Weston para Metal de 9/16"
SUBCATEGORÍA	p386711	Herramientas/None	Herramientas/Brocas		12 Broca Numerica A.a.v. # 43 Weston St-5-170-215
SUBCATEGORÍA	p386712	Herramientas/None	Herramientas/Brocas		12 Broca Numerica A.a.v. # 19 Weston St-5-170-095
SUBCATEGORÍA	p386713	Herramientas/None	Herramientas/Brocas		Broca Zanco Cónico 13/16" Acero Alta Velocidad M36 Weston
SUBCATEGORÍA	p386714	Herramientas/None	Herramientas/Brocas		Broca Weston Con Zanco Conico Fraccional 1-1/4 #4
SUBCATEGORÍA	p386715	Herramientas/None	Herramientas/Brocas		Cortador Anular Weston para Metal de 13/16 x 1"
SUBCATEGORÍA	p386716	Herramientas/None	Herramientas/Brocas		12 Broca Numerica A.a.v. # 42 Weston St-5-170-210
SUBCATEGORÍA	p386717	Herramientas/None	Herramientas/Brocas		Broca Centro 60° 4'' Acero Alta Velocidad Weston Para Metal
SUBCATEGORÍA	p386718	Herramientas/None	Herramientas/Brocas		12 Broca Numerica A.a.v. # 27 Weston St-5-170-135
SUBCATEGORÍA	p386719	Herramientas/None	Herramientas/Brocas		Broca TL Weston Tools 19/64" para Metal de Acero
SUBCATEGORÍA	p386720	Herramientas/None	Herramientas/Brocas		Broca Acero Alta Velocidad 12.700mm Weston ST-5-166-110
SUBCATEGORÍA	p386721	Herramientas/None	Herramientas/Brocas		Juego Brocas Avellanadoras Acero Alta Velocidad 7/64'' Weston x4
SUBCATEGORÍA	p386722	Herramientas/None	Herramientas/Brocas		Broca Larga Acero Alta Velocidad Weston ST-5-164-005
SUBCATEGORÍA	p386723	Herramientas/None	Herramientas/Brocas		Broca Avellanadora Cobalto 13/64'' Paquete 6 Piezas Weston Para Acero
SUBCATEGORÍA	p386724	Herramientas/None	Herramientas/Brocas		Broca Fraccional de Carburo 3/32" Weston para Aluminio y Plástico
SUBCATEGORÍA	p386725	Herramientas/None	Herramientas/Brocas		Broca de Carburo Flauta Recta 4 mm para Metales Duros Weston
SUBCATEGORÍA	p386726	Herramientas/None	Herramientas/Brocas		Broca de Cobalto Weston de 1-1/2" para Materiales Duros
SUBCATEGORÍA	p386727	Herramientas/None	Herramientas/Brocas		12 Broca Recta A.v. 3.25 Mm Weston St-5-163-093
SUBCATEGORÍA	p386728	Herramientas/None	Herramientas/Brocas		Machuelo HSS Izquierdo Fraccional 1/2''-20 Weston para Corte Preciso
SUBCATEGORÍA	p386729	Herramientas/None	Herramientas/Brocas		6 Broca Recta A.v. 7.10 Mm Weston St-5-163-213
SUBCATEGORÍA	p386730	Herramientas/None	Herramientas/Brocas		Broca Escalonada Titanio 13mm Weston ST-5-530-140-T Perforaciones
SUBCATEGORÍA	p386731	Herramientas/None	Herramientas/Brocas		Cortador Anular Weston Acero Alta Velocidad 1-3/8 Escalonada Metal
SUBCATEGORÍA	p386732	Herramientas/None	Herramientas/Brocas		12 Broca A.v. 1/64 Weston St-5-160-005 Pr
SUBCATEGORÍA	p386733	Herramientas/None	Herramientas/Brocas		Cortador Anular de Acero Alta Velocidad para Perforación por Weston Tools
SUBCATEGORÍA	p386734	Herramientas/None	Herramientas/Brocas		6 Broca Recta A.v. 8.25 Mm Weston St-5-163-233
SUBCATEGORÍA	p386735	Herramientas/None	Herramientas/Brocas		Broca Avellanadora Weston de 1/4" para Multiusos (Pack de 5)
SUBCATEGORÍA	p386736	Herramientas/None	Herramientas/Brocas		Cortador Anular Titanium 3/4" x 2" Weston Perforación Precisa Metal
SUBCATEGORÍA	p386737	Herramientas/None	Herramientas/Brocas		Broca Avellanadora de Acero de Alta Velocidad 43/64" Marca Weston
SUBCATEGORÍA	p386738	Herramientas/None	Herramientas/Brocas		Broca Cobalto 3/4" Weston Zanco 1/2" Acero Alta Velocidad
SUBCATEGORÍA	p386739	Herramientas/None	Herramientas/Brocas		Broca de Cobalto 11/16" Weston para Acero de Alta Velocidad
SUBCATEGORÍA	p386740	Herramientas/None	Herramientas/Brocas		Broca Cobalto 1 Zanco 1/2 Weston St-5-167-560
SUBCATEGORÍA	p386741	Herramientas/None	Herramientas/Brocas		Pack de 6 Brocas Avellanadoras Weston de 13 mm para Acero
SUBCATEGORÍA	p386742	Herramientas/None	Herramientas/Brocas		12 Broca Recta A.v. 4.25 Mm Weston St-5-163-117
SUBCATEGORÍA	p386743	Herramientas/None	Herramientas/Brocas		6 Broca Recta A.v. 12.25 Mm Weston St-5-163-277
SUBCATEGORÍA	p386744	Herramientas/None	Herramientas/Brocas		Machuelo Izquierdo HSS 5/16"-18 2 Piezas Weston Alta Velocidad
SUBCATEGORÍA	p386745	Herramientas/None	Herramientas/Brocas		Set de Brocas Avellanadoras Weston para Aluminio y Cobre (12 Pzas.)
SUBCATEGORÍA	p386746	Herramientas/None	Herramientas/Brocas		Broca de Cobalto Weston de 1-3/8" para Materiales Duros
SUBCATEGORÍA	p386747	Herramientas/None	Herramientas/Brocas		Broca Escalonada Espiral Cobalto #1 3/16-1/2 Weston Plus
SUBCATEGORÍA	p386748	Herramientas/None	Herramientas/Brocas		Cortador Anular Weston de 1-7/16" x 2" para Metal
SUBCATEGORÍA	p386749	Herramientas/None	Herramientas/Brocas		6 Broca Recta A.v. 8.60 Mm Weston St-5-163-238
SUBCATEGORÍA	p386750	Herramientas/None	Herramientas/Brocas		Broca Avellanadora Weston 1'' 90° 6 Filos Modelo ST-5-660-9045
SUBCATEGORÍA	p386752	Herramientas/None	Herramientas/Brocas		Broca Weston de Acero de Alta Velocidad M60 para 1-17/64"
SUBCATEGORÍA	p386753	Herramientas/None	Herramientas/Brocas		Broca de Zanco Reducido Weston Tools para Metal de 1-5/16"
SUBCATEGORÍA	p386756	Herramientas/None	Herramientas/Brocas		Pack Brocas Longitud Estándar de Acero Alta Velocidad para Metal y Madera, Weston Tools
SUBCATEGORÍA	p386757	Herramientas/None	Herramientas/Brocas		Broca de Acero Alta Velocidad para Metal de 1/2" - Pack de 6 Weston Tools
SUBCATEGORÍA	p386758	Herramientas/None	Herramientas/Brocas		Broca de Zanco Cónico para Metal 19/32" de Acero de Alta Velocidad Weston Tools
SUBCATEGORÍA	p386759	Herramientas/None	Herramientas/Brocas		Pack de 6 Brocas de Acero de Alta Velocidad para Metal 7.80 mm Weston Tools
SUBCATEGORÍA	p386760	Herramientas/None	Herramientas/Brocas		Broca Larga Weston Tools de Acero de Alta Velocidad para Metal 21/64" x 6-1/2"
SUBCATEGORÍA	p386761	Herramientas/None	Herramientas/Brocas		Broca de Longitud Estándar de Acero de Alta Velocidad de 10.25 mm, Pack con 6 Piezas de Weston Tools
SUBCATEGORÍA	p386762	Herramientas/None	Herramientas/Juegos de herramientas		Jgo. De Puntas Torx T20-50mm Marca Weston Tools
SUBCATEGORÍA	p386763	Herramientas/None	Herramientas/Llaves y dados		Llave Punta Corona Ingco Con Chicharra 13 Mm
SUBCATEGORÍA	p386764	Herramientas/None	Herramientas/Llaves y dados		Juego de Escareador para Tornillo Allen Weston, 7 Piezas
SUBCATEGORÍA	p386765	Herramientas/None	Herramientas/Llaves y dados		Perica / Llave Francesa 12 Pulgadas Cromada, Mca Weston Cromada
SUBCATEGORÍA	p386766	Herramientas/None	Herramientas/Llaves y dados		Llave Francesa Weston Ajustable 8 Pulgadas Cromada Acero 24mm
SUBCATEGORÍA	p386767	Herramientas/None	Herramientas/Llaves y dados		Llave Combinada Crv Pulido Espejo Metrica 13mm Marca Weston
SUBCATEGORÍA	p386769	Herramientas/None	Herramientas/Llaves y dados		Llave Combinada 28mm Crv Pulido Espejo Weston Tools Pr Plateado
SUBCATEGORÍA	p386770	Herramientas/None	Herramientas/Llaves y dados		Llave Combinada 12mm Crv Pulido Espejo Weston Tools Pr Plateado
SUBCATEGORÍA	p386771	Herramientas/None	Herramientas/Llaves y dados		Juego De Llaves Hexagonales Weston St-6-200-570 Negro
SUBCATEGORÍA	p386772	Herramientas/None	Herramientas/Llaves y dados		Llave Stilson Weston St-6-400-010 Con Acabado Cromado
SUBCATEGORÍA	p386773	Herramientas/None	Herramientas/Llaves y dados		Llave Combinada 32mm Crv Pulido Espejo Weston Tools Pr Plateado
SUBCATEGORÍA	p386774	Herramientas/None	Herramientas/Llaves y dados		Juego De Escareador Para Tornillo Allen Con 6 Piezas Weston
SUBCATEGORÍA	p386775	Herramientas/None	Herramientas/Llaves y dados		Juego Llaves Allen Larga 3/8 Marca Weston 8 Piezas
SUBCATEGORÍA	p386776	Herramientas/None	Herramientas/Llaves y dados		Llave Allen L Corta 14mm Weston Gris Oscuro Acero Cromo-Vanadio
SUBCATEGORÍA	p386777	Herramientas/None	Herramientas/Llaves y dados		Llave Combinada Weston Tools de 10 mm con Acabado Pulido Espejo
SUBCATEGORÍA	p386778	Herramientas/None	Herramientas/Llaves y dados		Juego 22 Llaves Allen Larga Punta Bola Std Y Mm Weston
SUBCATEGORÍA	p386779	Herramientas/None	Herramientas/Llaves y dados		Juego de 16 Llaves Combinadas Pulido Espejo Weston Tools para Mecánica
SUBCATEGORÍA	p386780	Herramientas/None	Herramientas/Llaves y dados		Juego Llaves Allen Largas Punta Bola 1.5-10mm Weston Hex CRV
SUBCATEGORÍA	p386781	Herramientas/None	Herramientas/Llaves y dados		Llave Allen Weston 6-32 de Acero Cromo Vanadio Tipo L
SUBCATEGORÍA	p386782	Herramientas/None	Herramientas/Llaves y dados		Llave Perica 6 Pulgadas Cromada Mordaza 3/4 PuLG Mca Weston Color Cromado
SUBCATEGORÍA	p386783	Herramientas/None	Herramientas/Llaves y dados		20 Llaves Allen Tipo L Largas 5/32" Acero Mate Marca Weston
SUBCATEGORÍA	p386785	Herramientas/None	Herramientas/Llaves y dados		Juego Llaves Allen Weston 9 Piezas Métricas 1.5-10mm Acero Cr-V
SUBCATEGORÍA	p386786	Herramientas/None	Herramientas/Llaves y dados		Llave de Gancho Weston con Cabezal Fijo de Acero y Acabado Mate
SUBCATEGORÍA	p386788	Herramientas/None	Herramientas/Llaves y dados		Juego Llaves Allen Weston Insertos Rosca 7/16''-14 Acero Modelo SB-100-035
SUBCATEGORÍA	p386789	Herramientas/None	Herramientas/Llaves y dados		Llave Combinada de 1/2 pulgada Weston Tools, Acero Cromo Vanadio con Acabado Pulido Espejo
SUBCATEGORÍA	p386790	Herramientas/None	Herramientas/Llaves y dados		Juego de 10 Llaves Allen Tipo L Larga de 5/16" Weston de Acero Mate
SUBCATEGORÍA	p386791	Herramientas/None	Herramientas/Llaves y dados		Juego Llaves Allen L Cortas 5/8 Acero Cr-V Weston 5 Pzas Gris
SUBCATEGORÍA	p386792	Herramientas/None	Herramientas/Llaves y dados		Juego de 13 Llaves Allen Cortas Weston 0.05'' a 3/8'' Acero Cromo Vanadio
SUBCATEGORÍA	p386793	Herramientas/None	Herramientas/Llaves y dados		Juego de Llave Allen en T Weston con Insertos para Rosca de 7/8"-9 de Acero Mate
SUBCATEGORÍA	p386794	Herramientas/None	Herramientas/Llaves y dados		Juego De 9 Llaves Hexagonal Recta Tipo Navaja 714 Tulmex Color Amarillo
SUBCATEGORÍA	p386795	Herramientas/None	Herramientas/Llaves y dados		Maneral Llave Artillería 11/16 PuLG X 50cm Man-m1 Mikels
SUBCATEGORÍA	p386796	Herramientas/None	Herramientas/Llaves y dados		Llave Stilson Fumetax Sw-81121410 Color Naranja Con Acabado Mate 3/4
SUBCATEGORÍA	p386797	Herramientas/None	Herramientas/Llaves y dados		Juego 8 Llaves Allen Acodadas Argos Milimétricas Hexagonales Acero 1.5-8mm
SUBCATEGORÍA	p386798	Herramientas/None	Herramientas/Llaves y dados		Juego De Llaves Allen Argos 8 Piezas Hexagonales Acero Cromo Vanadio
SUBCATEGORÍA	p386799	Herramientas/None	Herramientas/Desarmadores y puntas		Juego 6 Desarmadores Ergonómicos Phillips Weston ASME-B107.600
SUBCATEGORÍA	p386800	Herramientas/None	Herramientas/Desarmadores y puntas		Kit De Desarmadores J642-6 Tulmex
SUBCATEGORÍA	p386801	Herramientas/None	Herramientas/Desarmadores y puntas		Desarmador Egotork Punta Phillips 622-1 1/2'' Tulmex
SUBCATEGORÍA	p386802	Herramientas/None	Herramientas/Desarmadores y puntas		Desarmador 8 mm x 10" Punta Plana Azul Tulmex
SUBCATEGORÍA	p386803	Herramientas/None	Herramientas/Desarmadores y puntas		Desarmador Ergotork Phillips 2 1/4 X8 622-8 Tulmex
SUBCATEGORÍA	p386804	Herramientas/None	Herramientas/Desarmadores y puntas		Desarmador Para Carburador Tipo Pac Man Pacman Carburacion
SUBCATEGORÍA	p386805	Herramientas/None	Herramientas/Llaves y dados		Llave Multifunciones Instalador Fregadero Freds Punta Plana Plástico Ergonómico
SUBCATEGORÍA	p386806	Herramientas/None	Herramientas/Desarmadores y puntas		Desarmador con punta plana y cruz Argos 8861110 con mango de plástico10 unidades
SUBCATEGORÍA	p386807	Herramientas/None	Herramientas/Pinzas y alicates		Mini Pinza de Corte Diagonal Adir de 4.5" para Precisión
SUBCATEGORÍA	p386808	Herramientas/None	Herramientas/Pinzas y alicates		Pinza Electricista Weston de 9" en Negro
SUBCATEGORÍA	p386809	Herramientas/None	Herramientas/Pinzas y alicates		Pinza De Corte Diagonal Argos 8861152 7 PuLG Uso Profesional
SUBCATEGORÍA	p386810	Herramientas/None	Herramientas/Martillos, cinceles y mazos		Martillo De 11 Pulgadas Pulido Punta De Cruz Weston
SUBCATEGORÍA	p386811	Herramientas/None	Herramientas/Martillos, cinceles y mazos		Martillo 16 Pulido Punta Cruz Weston Alta Calidad Pr
SUBCATEGORÍA	p386812	Herramientas/None	Herramientas/Martillos, cinceles y mazos		Martillo Pulido Forjado Uña Curva 20 Oz Mango 13 Weston
SUBCATEGORÍA	p386813	Herramientas/None	Herramientas/Martillos, cinceles y mazos		Martillo Pulido Forjado Uña Curva 16 Oz Mango 13 Weston
SUBCATEGORÍA	p386814	Herramientas/None	Herramientas/Prensas y sujeción		Clamp Hamburguesa Iluminación Profesional Sistema Quick Lock
SUBCATEGORÍA	p386815	Herramientas/None	Herramientas/Prensas y sujeción		Clamp Accion Jalar 450kg Weston
SUBCATEGORÍA	p386816	Herramientas/None	Herramientas/Prensas y sujeción		Prensa Sargento Carpintería Weston CH-35000HL 5000kg
SUBCATEGORÍA	p386817	Herramientas/None	Herramientas/Prensas y sujeción		Prensa Esquinera 3'' Uso Pesado Wd-1125 Weston
SUBCATEGORÍA	p386818	Herramientas/None	Herramientas/Prensas y sujeción		Prensa de Hierro Weston P de Doble Acción 4"
SUBCATEGORÍA	p386819	Herramientas/None	Herramientas/Prensas y sujeción		Clamp Acción Vertical Manija Recta 450kg Barra U Weston
SUBCATEGORÍA	p386820	Herramientas/None	Herramientas/Prensas y sujeción		Prensas Esquineras Weston 90° Carpintería Ajuste Rápido 4 Piezas
SUBCATEGORÍA	p386821	Herramientas/None	Herramientas/Prensas y sujeción		Prensa Sargento Tipo C Weston Acero WD-1100 24.5cm
SUBCATEGORÍA	p386822	Herramientas/None	Herramientas/Prensas y sujeción		Clamp Acción Vertical Manija Recta Weston Acero 50Kg Barra U
SUBCATEGORÍA	p386823	Herramientas/None	Herramientas/Prensas y sujeción		Prensa Sargento Tipo C 10 Pulgadas Weston Virola Giratoria Herramienta
SUBCATEGORÍA	p386824	Herramientas/None	Herramientas/Prensas y sujeción		Prensa Sargento Tubo 3/4 Weston Tools para Carpintería en Hierro
SUBCATEGORÍA	p386825	Herramientas/None	Herramientas/Prensas y sujeción		Prensa Sargento Tipo C 12 Pulgadas Weston Hierro Modelo WD-1111
SUBCATEGORÍA	p386826	Herramientas/None	Herramientas/Prensas y sujeción		Clamp Accion Horizontal Weston Tools 90Kg Barra U Acero Ajuste Rápido
SUBCATEGORÍA	p386827	Herramientas/None	Herramientas/Prensas y sujeción		Prensa Sargento Tipo F 450mm Weston WD-1530 Acero Ajuste Rápido
SUBCATEGORÍA	p386828	Herramientas/None	Herramientas/Prensas y sujeción		Prensa Sargento Línea 386Kg Weston Tools Acero Carpintería CH-304-E
SUBCATEGORÍA	p386829	Herramientas/None	Herramientas/Prensas y sujeción		Clamp Acción Lineal Weston Tools 136kg CH-36204 Manija Inferior Acero
SUBCATEGORÍA	p386830	Herramientas/None	Herramientas/Prensas y sujeción		Prensa Sargento Tipo C 4 Pulgadas Weston Tools Hierro Ajuste Rápido
SUBCATEGORÍA	p386831	Herramientas/None	Herramientas/Prensas y sujeción		Clamp Acción Lineal 136kg Weston CH-302-F Acero Manija 180°
SUBCATEGORÍA	p386832	Herramientas/None	Herramientas/Prensas y sujeción		Prensa Carpintero Tipo C 3 Pulgadas Weston Hierro Ajuste Rápido WD-1060
SUBCATEGORÍA	p386833	Herramientas/None	Herramientas/Prensas y sujeción		Prensa Sargento de Acción Horizontal Weston Tools con Barra U, 340 kg
SUBCATEGORÍA	p386834	Herramientas/None	Herramientas/Prensas y sujeción		Prensa Sargento Acción De Jalar Acero 990kg Ajuste Rápido Weston SA-105-0110
SUBCATEGORÍA	p386835	Herramientas/None	Herramientas/Prensas y sujeción		Clamp Acción Horizontal 227Kg Barra U Weston Tools Acero Modelo CH-225-D
SUBCATEGORÍA	p386836	Herramientas/None	Herramientas/Prensas y sujeción		Prensa Sargento de Acción Vertical con Manija Recta Weston Tools para 91 kg y Barra en U Extra Larga
SUBCATEGORÍA	p386838	Herramientas/None	Herramientas/Lijadoras		Esponja Lijadora 3M Para Contornos, De Madera y Metal, Extra Fina
SUBCATEGORÍA	p386839	Herramientas/None	Herramientas/Neumáticas		3m Lijadora Orbital Neumática De 6 Y 3/16 Mod 33628 C/asp Color Negro
SUBCATEGORÍA	p386840	Herramientas/None	Herramientas/Lijadoras		Lijadora lijadora eléctrica orbital MXASA-001 VentDepot
SUBCATEGORÍA	p386841	Herramientas/None	Herramientas/Lijadoras		Lijadora de Banda y Disco VentDepot Profesional 373W para Madera y Metal
SUBCATEGORÍA	p386842	Herramientas/None	Herramientas/Lijadoras		Lijadora Eléctrica MXESA-001 373W Banda y Disco VentDepot Negro Industrial
SUBCATEGORÍA	p386843	Herramientas/None	Herramientas/Lijadoras		Lijadora Orbital Eléctrica VentDepot de 240W para Madera y Metal
SUBCATEGORÍA	p386844	Herramientas/None	Herramientas/Lijadoras		Lijadora Orbital Eléctrica VentDepot de 240 W para Madera y Metal
SUBCATEGORÍA	p386846	Herramientas/None	Herramientas/Lijadoras		Lijadora Eléctrica MXESA VentDepot De Banda Y Disco 373W Madera Metal
SUBCATEGORÍA	p386847	Herramientas/None	Herramientas/Lijadoras		Lijadora Banda y Disco VentDepot 373W 120V 4x36” 6” Hierro Fundido
SUBCATEGORÍA	p386848	Herramientas/None	Herramientas/Lijadoras		Lijadora Eléctrica de Banda y Disco MXESA-001 VentDepot 373W Madera y Metal
SUBCATEGORÍA	p386849	Herramientas/None	Herramientas/Lijadoras		Lijadora De Banda y Disco MXESA-001 VentDepot Profesional de 373 W para Madera y Metal
SUBCATEGORÍA	p386850	Herramientas/None	Herramientas/Lijadoras		Lijadora Surtek Lb521b Negro 950w
SUBCATEGORÍA	p386851	Herramientas/None	Herramientas/Lijadoras		Lijadora orbital Surtek LO612A 60Hz 300W
SUBCATEGORÍA	p386852	Herramientas/None	Herramientas/Lijadoras		Surtek Lo612a Lijadora Orbital 1/2 De Hoja 300w
SUBCATEGORÍA	p386853	Herramientas/None	Herramientas/Lijadoras		Lijadora Orbital 1/4in 240 W 13000 Rpm Surtek
SUBCATEGORÍA	p386854	Herramientas/None	Herramientas/Neumáticas		Lijadora Neumática Orbital 1/2 Hoja Entrada Aire 1/4 Surtek Color Bicolor
SUBCATEGORÍA	p386855	Herramientas/None	Herramientas/Lijadoras		Lijadora Roto Orbital 5 320 W 120 V, 13000 Rpm, Surtek LR505A
SUBCATEGORÍA	p386856	Herramientas/None	Herramientas/Lijadoras		Lijadora Orbital Surtek Lo414a 1/4 Hoja 240 W 13000 Rpm Color Negro Frecuencia 60 Hz
SUBCATEGORÍA	p386857	Herramientas/None	Herramientas/Neumáticas		Lijadora Neumática Rotativa 6 Surtek Lnr606 Base De Suj /vc Color Negro/Amarrilo Frecuencia 60 Hz
SUBCATEGORÍA	p386858	Herramientas/None	Herramientas/Lijadoras		Ingco Lijadora Rotorbital Inalambrica Ionlitio 20v 10000rpm Color Amarillo
SUBCATEGORÍA	p386859	Herramientas/None	Herramientas/Lijadoras		Lijadora Roto Orbital Ingco 125 Mm (5´´) Inalámbrica Color Amarillo
SUBCATEGORÍA	p386860	Herramientas/None	Herramientas/Lijadoras		Lijadora Roto Orbital 320w 125mm + 5 Lijas Ingco Rs3216 Color Amarillo
SUBCATEGORÍA	p386861	Herramientas/None	Herramientas/Lijadoras		Lijadora Orbital De 127 V Y 1/3 Hojas Ingco Ufs3208
SUBCATEGORÍA	p386862	Herramientas/None	Herramientas/Baterías y cargadores de herramienta		Lijadora A Bateria Litio 20v Roto Orbital De Palma Ingco Ff
SUBCATEGORÍA	p386863	Herramientas/None	Herramientas/Lijadoras		Lijadora Roto Orbital Ingco 320 W 110-120v ~ 50/60 Hz Naranja Claro
SUBCATEGORÍA	p386864	Herramientas/None	Herramientas/Lijadoras		Lijadora Rotorbital 20v Vel Variable Ingco S/bate Ni Carg Amarillo 50/60hz
SUBCATEGORÍA	p386865	Herramientas/None	Herramientas/Lijadoras		Lijadora Roto Orbital Electrica + 5 Lijas Para Madera Ingco Color Amarillo Frecuencia 60 Hz
SUBCATEGORÍA	p386866	Herramientas/None	Herramientas/Accesorios de multiherramienta y mototool		Multi Herramienta Oscilante 350w Adir 13400 60hz
SUBCATEGORÍA	p386867	Herramientas/None	Herramientas/Lijadoras		Lijadora De Banda Y Disco 4x6pul 1/2hp Adir 13438 Rojo
SUBCATEGORÍA	p386868	Herramientas/None	Herramientas/Lijadoras		Lijadora Orbital 1/3 De Hoja 180w Con Recolector Adir 814
SUBCATEGORÍA	p386869	Herramientas/None	Herramientas/Lijadoras		Lijadora De Pared Y Techo 850w Adir 11594 Color Amarilla con Negro
SUBCATEGORÍA	p386870	Herramientas/None	Herramientas/Lijadoras		Lijadora De Pared De Mano Con Autosucción Adir 11595 Color Roja con Negro
SUBCATEGORÍA	p386871	Herramientas/None	Herramientas/Lijadoras		Lijadora Orbital 1/4 De Hoja 180W 20000 Rpm Con Recolector de polvo Lijado Uniforme Empuñadura Antid
SUBCATEGORÍA	p386872	Herramientas/None	Herramientas/Lijas y accesorios de lijado		Lijadora Roto Orbital 5 Pulgadas Eléctrica 280w Adir 13441 Función Activa Aspiración De Polvo Incluy
SUBCATEGORÍA	p386873	Herramientas/None	Herramientas/Lijadoras		Lijadora De Banda Y Disco Weston 370W Para Madera Y Metal
SUBCATEGORÍA	p386874	Herramientas/None	Herramientas/Lijadoras		Lijadora De Banda 6'' X 48 Y Disco 9'' 3/4hp 220v Weston Negro 60
SUBCATEGORÍA	p386875	Herramientas/None	Herramientas/Baterías y cargadores de herramienta		Lijadora De Delta Inalámbrica Wen 20v Con Batería Y
SUBCATEGORÍA	p386876	Herramientas/None	Herramientas/Neumáticas		Lijadora Roto Orbital TUOMO Neumática de 6" con Regulación de Velocidad y 13500 rpm
SUBCATEGORÍA	p386877	Herramientas/None	Herramientas/Hidrolavadoras		Hidrolavadora Elec.1200w Karcher K Compacta+ext. 3m+man.10m Amarillo 50 Hz
SUBCATEGORÍA	p386879	Herramientas/None	Herramientas/Hidrolavadoras		Pistola Hidrolavadora PIST417 Surtek
SUBCATEGORÍA	p386880	Herramientas/None	Herramientas/Jardinería		Manguera Hidrolavadora Hl417 Surtek Color Negro
SUBCATEGORÍA	p386881	Herramientas/None	Herramientas/Hidrolavadoras		Lanza Hidrolavadora Hl720 Surtek Color Negro
SUBCATEGORÍA	p386882	Herramientas/None	Herramientas/Hidrolavadoras		Lanza Y Pistola Hidrolavadora Hg755 Surtek Color Negro
SUBCATEGORÍA	p386883	Herramientas/None	Herramientas/Hidrolavadoras		Pistola para Hidrolavadora HL519 Max 2320 Psi Surtek PIST519
SUBCATEGORÍA	p386885	Herramientas/None	Herramientas/Hidrolavadoras		Hidrolavadora Gasolina 5.5hp 2900 Psi 7.2l/min Surtek Color Negro
SUBCATEGORÍA	p386886	Herramientas/None	Herramientas/Jardinería		Riel Con Manguera Surtek Riel720 Para Hidrolavadora Hl72 /vc
SUBCATEGORÍA	p386887	Herramientas/None	Herramientas/Hidrolavadoras		Lanza Para Hidrolavadora Hl519 Surtek Lan519 2320psi /vc Color Gris Oscuro
SUBCATEGORÍA	p386888	Herramientas/None	Herramientas/Hidrolavadoras		Hidrolavadora a Gasolina Surtek de 1900 Psi para Limpieza en Negro
SUBCATEGORÍA	p386889	Herramientas/None	Herramientas/Hidrolavadoras		Hidrolavadora Eléctrica 1400w 127v 1750 Psi 5.5l/min Surtek Color Negro
SUBCATEGORÍA	p386890	Herramientas/None	Herramientas/Hidrolavadoras		Hidrolavadora eléctrica Surtek HL720 negro de 1.75kW con 151.685bar de presión máxima
SUBCATEGORÍA	p386891	Herramientas/None	Herramientas/Hidrolavadoras		Hidrolavadora eléctrica Surtek HL500 negro de 1.75kW con 124.106bar de presión máxima
SUBCATEGORÍA	p386892	Herramientas/None	Herramientas/Hidrolavadoras		Hidrolavadora eléctrica Surtek HL-450 de 1.55kW con 113.764bar de presión máxima
SUBCATEGORÍA	p386893	Herramientas/None	Herramientas/Jardinería		Manguera para Hidrolavadora Eléctrica Surtek de 8 Metros con Trenzado de Acero
SUBCATEGORÍA	p386894	Herramientas/None	Herramientas/Hidrolavadoras		Hidrolavadora Eléctrica 2100 W 127 V 2500 Psi. 6 Lt Surtek
SUBCATEGORÍA	p386895	Herramientas/None	Herramientas/Hidrolavadoras		Hidrolavadora Eléctrica 1500 W 127 V 1800 Psi. 5.5 Lt Surtek
SUBCATEGORÍA	p386896	Herramientas/None	Herramientas/Hidrolavadoras		Hidrolavadora Eléctrica 2000 W 127 V 2175 Psi. 6 Lt Surtek
SUBCATEGORÍA	p386897	Herramientas/None	Herramientas/Hidrolavadoras		Hidrolavadora 2200 W 127 V 1740 Psi, 8 Lt P/minuto Surtek
SUBCATEGORÍA	p386898	Herramientas/None	Herramientas/Hidrolavadoras		Hidrolavadora eléctrica Foy Surtek HL316 negro de 1.3kW con 1600 psi de presión máxima
SUBCATEGORÍA	p386899	Herramientas/None	Herramientas/Hidrolavadoras		Hidrolavadora eléctrica Mikel's HAG-2500
SUBCATEGORÍA	p386900	Herramientas/None	Herramientas/Hidrolavadoras		Hidrolavadora Eléctrica Mikel's de 1650W y 1500 PSI Para Casa
SUBCATEGORÍA	p386901	Herramientas/None	Herramientas/Hidrolavadoras		Hidrolavadora eléctrica Mikel's LPI-2HP negra de 2 cv con 103.421bar de presión máxima
SUBCATEGORÍA	p386902	Herramientas/None	Herramientas/Hidrolavadoras		Boquilla Angulada D/60° P/hidrolavadora Weston Negro
SUBCATEGORÍA	p386903	Herramientas/None	Herramientas/Hidrolavadoras		Pistola Lanza Weston CW-303 para Hidrolavadora Alta Presión Negro
SUBCATEGORÍA	p386904	Herramientas/None	Herramientas/Hidrolavadoras		Hidrolavadora Electrica 2.8hp 1900psi 11 L/min - Weston Plus Gris 2.8
SUBCATEGORÍA	p386905	Herramientas/None	Herramientas/Hidrolavadoras		Hidrolavadora Eléctrica Weston 1600 PSI Cw-126 Verde Portátil
SUBCATEGORÍA	p386906	Herramientas/None	Herramientas/Hidrolavadoras		Hidrolavadora Portátil Eléctrica Weston CW-127 1600 Psi Con Accesorios
SUBCATEGORÍA	p386907	Herramientas/None	Herramientas/Hidrolavadoras		Hidrolavadora eléctrica Lion Tools LAVA-1200 PSI
SUBCATEGORÍA	p386908	Herramientas/None	Herramientas/Juegos de herramientas		Juego de Herramientas Mecánicas Husky 310-Piece con caja de herramientas - 1⁄4, 3⁄8, y 1⁄2 en. SAE /
SUBCATEGORÍA	p386909	Herramientas/None	Herramientas/Juegos de herramientas		Autrucker Autocle Juego De Herramientas Mecanica Dados Acerokit46 Pzas Autrucker
SUBCATEGORÍA	p386910	Herramientas/None	Herramientas/Juegos de herramientas		Autrucker Kit de herramientas 100pcs Manuales Color Naranja
SUBCATEGORÍA	p386911	Herramientas/None	Herramientas/Juegos de herramientas		Juego De Herramientas Autrucker Kit Combinadas108 Pz Con Estuche Dados Color Negro
SUBCATEGORÍA	p386913	Herramientas/None	Herramientas/Juegos de herramientas		Kit de Herramientas Stalwart de 6 Piezas en Maletín
SUBCATEGORÍA	p386915	Herramientas/None	Herramientas/Juegos de herramientas		Stalwart Juego De Herramientas Para El Hogar 7 Piezas Inc
SUBCATEGORÍA	p386917	Herramientas/None	Herramientas/Juegos de herramientas		Stalwart - Juego De Herramientas De Mano Para El Hogar 9 Pi
SUBCATEGORÍA	p386919	Herramientas/None	Herramientas/Juegos de herramientas		Kit Herramientas Reparación Mantenimiento Smartphone Steren
SUBCATEGORÍA	p386921	Herramientas/None	Herramientas/Juegos de herramientas		Autocle Juego Herramientas Mecánicas Dados Acerokit Kit 46pc
SUBCATEGORÍA	p386922	Herramientas/None	Herramientas/Juegos de herramientas		Juego Herramientas Mecánicas Dados Acerokit Kit 46pc Rojo
SUBCATEGORÍA	p386923	Herramientas/None	Herramientas/Juegos de herramientas		Juego De Herramientas Mecánicas Autocle Dados Acerokit 53pc
SUBCATEGORÍA	p386924	Herramientas/None	Herramientas/Juegos de herramientas		Juego De Herramientas Mecánicas Autocle Dados Acerokit 59pcs
SUBCATEGORÍA	p386925	Herramientas/None	Herramientas/Juegos de herramientas		Juego De Herramientas Mecánicas Autocle Dados Acerokit 82pcs
SUBCATEGORÍA	p386926	Herramientas/None	Herramientas/Juegos de herramientas		Autocle Juego Herramientas Mecánicas Dados Acerokit Kit 46pc Rojo
SUBCATEGORÍA	p386927	Herramientas/None	Herramientas/Brocas		Broca Plana Maple Tools para Madera de 1 1/2"
SUBCATEGORÍA	p386928	Herramientas/None	Herramientas/Brocas		25 Brocas Acero Alta Velocidad 3/16 PuLG Maple Tools
SUBCATEGORÍA	p386929	Herramientas/None	Herramientas/Brocas		10 Brocas Para Concreto (sds) 3/8x8 PuLG Maple Tools
SUBCATEGORÍA	p386930	Herramientas/None	Herramientas/Brocas		Broca de Titanio para Vidrio y Azulejo de Maple Tools
SUBCATEGORÍA	p386931	Herramientas/None	Herramientas/Puntas y dados de impacto		Pack de Mandril para Sierra Copa de 3/8" Maple Tools
SUBCATEGORÍA	p386932	Herramientas/None	Herramientas/Sierras		Sierra Copa Bimetalica 2-1/4 PuLG 3 Piezas Maple Tools
SUBCATEGORÍA	p386933	Herramientas/None	Herramientas/Brocas		10 Brocas Plana Para Madera 1 1/4 PuLG Maple Tools
SUBCATEGORÍA	p386934	Herramientas/None	Herramientas/Sierras		6 Pzas Sierra Copa Bimetalica 1 1/2 PuLG Maple Tools
SUBCATEGORÍA	p386935	Herramientas/None	Herramientas/Brocas		Brocas 3/8 Vidrio Azulejo Titanio Maple Tools Set 6 Unidades
SUBCATEGORÍA	p386936	Herramientas/None	Herramientas/Sierras		Kit 3 Sierra Copa Bimetalica 1 1/8 PuLG Maple Tools
SUBCATEGORÍA	p386937	Herramientas/None	Herramientas/Brocas		25 Brocas P/concreto 5/16 X 6 PuLG Maple Tools
SUBCATEGORÍA	p386938	Herramientas/None	Herramientas/Brocas		10 Brocas Para Concreto 1/4 X 6 PuLG Maple Tools
SUBCATEGORÍA	p386939	Herramientas/None	Herramientas/Brocas		Broca de Alta Velocidad Maple Tools para Metal y Madera, 19/64"
SUBCATEGORÍA	p386940	Herramientas/None	Herramientas/Brocas		Broca Plana para Madera de 7/8" con Punta Guía Maple Tools
SUBCATEGORÍA	p386941	Herramientas/None	Herramientas/Brocas		Pack de Brocas para Vidrio y Azulejo de Maple Tools, 5/32"
SUBCATEGORÍA	p386942	Herramientas/None	Herramientas/Llaves y dados		Juego 12 Dados Torx T27 3/8 Pulg Cromado Maple Tools Automotriz
SUBCATEGORÍA	p386943	Herramientas/None	Herramientas/Brocas		Broca Plana Maple Tools de 1/2" Para Madera, Con Zanco Hexagonal
SUBCATEGORÍA	p386944	Herramientas/None	Herramientas/Brocas		10 Brocas Para Concreto (sds) 1/4 X 4 PuLG Maple Tools
SUBCATEGORÍA	p386945	Herramientas/None	Herramientas/Brocas		Broca Acero Alta Velocidad 27/64 PuLG Paquete De 5 Maple Tools
SUBCATEGORÍA	p386946	Herramientas/None	Herramientas/Brocas		Pack de Brocas Maple Tools de 5/16" para Vidrio y Azulejo
SUBCATEGORÍA	p386947	Herramientas/None	Herramientas/Brocas		Pack de Brocas Maple Tools para Vidrio y Azulejo de 3/8"
SUBCATEGORÍA	p386948	Herramientas/None	Herramientas/Brocas		Broca para Concreto Maple Tools de 1/4" con Punta de Cruz
SUBCATEGORÍA	p386949	Herramientas/None	Herramientas/Brocas		Pack de 3 Brocas para Vidrio y Azulejo Maple Tools de 1/2"
SUBCATEGORÍA	p386950	Herramientas/None	Herramientas/Brocas		Pack de Brocas SDS para Concreto de 1/2" x 6" Maple Tools
SUBCATEGORÍA	p386951	Herramientas/None	Herramientas/Brocas		Pack de Brocas SDS Maple Tools de 3/8" x 12" para Concreto
SUBCATEGORÍA	p386952	Herramientas/None	Herramientas/Sierras		Sierra Copa Bimetálica 4-1/2 Maple Tools Acero M2 Para Madera Metal
SUBCATEGORÍA	p386953	Herramientas/None	Herramientas/Sierras		Kit 3 Sierras Copa Bimetálica 1 1/4 Pulg Maple Tools Corte Madera Metal
SUBCATEGORÍA	p386954	Herramientas/None	Herramientas/Brocas		Broca Escalonada Maple Tools para Metal y Plástico de 1/4" a 3/4"
SUBCATEGORÍA	p386955	Herramientas/None	Herramientas/Brocas		Pack 5 Brocas Concreto SDS 5/16x8 Maple Tools Acero Cromo Punta de Cruz
SUBCATEGORÍA	p386956	Herramientas/None	Herramientas/Brocas		Broca para Vidrio y Azulejo Maple Tools de 1/2" con Recubrimiento de Titanio
SUBCATEGORÍA	p386957	Herramientas/None	Herramientas/Brocas		Broca Para Concreto Maple Tools de 1/4" x 6" Con Punta de Cruz
SUBCATEGORÍA	p386958	Herramientas/None	Herramientas/Sierras		Pack de 3 Sierras Copa Bimetálicas Maple Tools de Acero para Madera y Metal
SUBCATEGORÍA	p386959	Herramientas/None	Herramientas/Brocas		Broca Escalonada de Acero Maple Tools con Punta Split Point (1/2" a 1")
SUBCATEGORÍA	p386960	Herramientas/None	Herramientas/Brocas		Broca de Carburo de Tungsteno para Vidrio y Azulejo Maple Tools de 3/16"
SUBCATEGORÍA	p386961	Herramientas/None	Herramientas/Brocas		Broca SDS para Concreto Maple Tools de 5/16" x 12" con Punta de Cruz
SUBCATEGORÍA	p386962	Herramientas/None	Herramientas/Brocas		Broca Plana Para Madera de 1/4" con Punta Guía y Zanco Hexagonal Maple Tools
SUBCATEGORÍA	p386963	Herramientas/None	Herramientas/Brocas		Broca SDS para Concreto Maple Tools de 1/2" x 18" con Punta de Cruz
SUBCATEGORÍA	p386964	Herramientas/None	Herramientas/Brocas		Juego de 10 Brocas de Alta Velocidad Maple Tools 17/64" para Metal y Madera
SUBCATEGORÍA	p386965	Herramientas/None	Herramientas/Brocas		Broca SDS para Concreto Maple Tools de 1/2" x 12" con Punta de Cruz
SUBCATEGORÍA	p386966	Herramientas/None	Herramientas/Brocas		Juego de Brocas de Alta Velocidad Maple Tools de 13/64" para Madera, Metal y Plástico
SUBCATEGORÍA	p386967	Herramientas/None	Herramientas/Brocas		Broca Escalonada de Acero de 3/16" a 7/8" para Metal y Plástico Maple Tools
SUBCATEGORÍA	p386968	Herramientas/None	Herramientas/Brocas		Pack de Brocas Maple Tools de Alta Velocidad para Metal, Madera y Plástico de 29/64"
SUBCATEGORÍA	p386969	Herramientas/None	Herramientas/Brocas		Pack de Brocas de Acero Alta Velocidad Maple Tools para Madera y Metal de 15/32"
SUBCATEGORÍA	p386970	Herramientas/None	Herramientas/Brocas		Pack de Brocas para Concreto Maple Tools de 3/16" x 4" con Punta de Cruz
SUBCATEGORÍA	p386971	Herramientas/None	Herramientas/Sierras		Pack de 6 Sierras Copa Bimetálicas Maple Tools de 1-7/16" para Madera y Metal
SUBCATEGORÍA	p386972	Herramientas/None	Herramientas/Brocas		Juego de 25 Brocas de Alta Velocidad para Metal y Madera Maple Tools de 1/8"
SUBCATEGORÍA	p386973	Herramientas/None	Herramientas/Sierras		Juego de 3 Sierras Copa Bimetálicas de 1 11/16" para Madera y Metal Maple Tools
SUBCATEGORÍA	p386974	Herramientas/None	Herramientas/Sierras		Pack de 3 Sierras Copa Bimetálicas de 1-7/8" para Madera y Metal Maple Tools
SUBCATEGORÍA	p386975	Herramientas/None	Herramientas/Brocas		Set de 10 Brocas de Acero de Alta Velocidad Maple Tools para Madera, Metal y Plástico
SUBCATEGORÍA	p386976	Herramientas/None	Herramientas/Brocas		Broca de Acero Alta Velocidad de 25/64" para Madera, Metal y Plástico (Pack de 5) Maple Tools
SUBCATEGORÍA	p386977	Herramientas/None	Herramientas/Brocas		Pack de Brocas de Acero de Alta Velocidad de 7/16" para Madera, Metal y Plástico - Maple Tools
SUBCATEGORÍA	p386978	Herramientas/None	Herramientas/Brocas		Broca de Titanio de Alta Velocidad de 7/16" para Metal y Madera - Pack de 5 Maple Tools
SUBCATEGORÍA	p386979	Herramientas/None	Herramientas/Brocas		Pack de Brocas SDS para concreto de Acero al Cromo Maple Tools - 6 Piezas de 1/4" x 12"
SUBCATEGORÍA	p386980	Herramientas/None	Herramientas/Brocas		Broca Titanio Alta Velocidad 3/8 PuLG Paquete De 5 Maple Too
SUBCATEGORÍA	p386981	Herramientas/None	Herramientas/Accesorios para herramientas eléctricas		Brocasierra Bimetálica Lenox Tools de 2 9/16" para Cortes Circulares
SUBCATEGORÍA	p386982	Herramientas/None	Herramientas/Brocas		Juego De 21 Brocas De Titanio Hercules
SUBCATEGORÍA	p386984	Herramientas/None	Herramientas/Brocas		Broca Sacabocados De Metal Para Trabajo Rudo Hercules
SUBCATEGORÍA	p386985	Herramientas/None	Herramientas/Brocas		Set de Brocas Hexagonales Hércules de Titanio con 7 Piezas
SUBCATEGORÍA	p386986	Herramientas/None	Herramientas/Brocas		Juego De Brocas Conicas De Acero Al Cobalto, 2 Pz Hercules
SUBCATEGORÍA	p386987	Herramientas/None	Herramientas/Brocas		Broca Sierra De Corona de Carburo Hércules para Materiales Múltiples de 3"
SUBCATEGORÍA	p386988	Herramientas/None	Herramientas/Brocas		Broca de longitud extendida Hércules de 3/8" para Metal, Madera y Plástico
SUBCATEGORÍA	p386989	Herramientas/None	Herramientas/Brocas		Juego De Brocas Hercules Sds-plus, 3/8", 1/4", 3/16", 5/32", and 1/2"
SUBCATEGORÍA	p386990	Herramientas/None	Herramientas/Brocas		Broca de Corte Espiral de Acero Rápido M2 de 1/8" para Paneles de Yeso, Hércules (Pack de 2)
SUBCATEGORÍA	p386991	Herramientas/None	Herramientas/Brocas		Broca Avellanadora Expert para Metal
SUBCATEGORÍA	p386992	Herramientas/None	Herramientas/Brocas		Broca Bosch Expert Sdsplus7x 5un
SUBCATEGORÍA	p386993	Herramientas/None	Herramientas/Brocas		Broca Avellanadora Trugold para Metal Expert
SUBCATEGORÍA	p386994	Herramientas/None	Herramientas/Brocas		Broca Bosch Expert Hex-9 Multiconstruction Ø1/2x8x10
SUBCATEGORÍA	p386995	Herramientas/None	Herramientas/Brocas		Broca Avellanadora Expert para Metal de 6 mm
SUBCATEGORÍA	p386996	Herramientas/None	Herramientas/Brocas		Broca Bosch Expert Hex-9 Multiconstruction Ø1/2x4x6
SUBCATEGORÍA	p386997	Herramientas/None	Herramientas/Brocas		Broca Bosch Expert Hex-9 Multiconstruction Ø1/4x4x6
SUBCATEGORÍA	p386998	Herramientas/None	Herramientas/Brocas		Broca Bosch Expert Sdsmax-8x 1-1/4
SUBCATEGORÍA	p386999	Herramientas/None	Herramientas/Brocas		Broca Avellanadora Expert de 3/8" para Metal
SUBCATEGORÍA	p387000	Herramientas/None	Herramientas/Brocas		Brocas para Concreto Bosch EXPERT SDSPlus7X 5 Unidades
SUBCATEGORÍA	p387001	Herramientas/None	Herramientas/Brocas		Broca Avellanadora Expert de 27/64" para Metal
SUBCATEGORÍA	p387002	Herramientas/None	Herramientas/Brocas		Broca Bosch EXPERT HEX-9 Multiconstruction Ø5/32X4X6
SUBCATEGORÍA	p387003	Herramientas/None	Herramientas/Brocas		Broca Plana De Manita 1-1/4', Expert
SUBCATEGORÍA	p387004	Herramientas/None	Herramientas/Brocas		Broca Avellanadora Expert para Metal de 7.5 mm
SUBCATEGORÍA	p387005	Herramientas/None	Herramientas/Puntas y dados de impacto		Juego De 4 Brocasierras Bimetálicas Y 1 Mandril, Expert
SUBCATEGORÍA	p387007	Herramientas/None	Herramientas/Cerraduras y candados		Juego De 3 Piezas Para Instalar Cerraduras, Truper Expert
SUBCATEGORÍA	p387008	Herramientas/None	Herramientas/Brocas		Broca Sds Max-8x Para Concreto Bosch Expert 1x8x13pul
SUBCATEGORÍA	p387009	Herramientas/None	Herramientas/Brocas		Broca Avellanadora para Metal de 7/16" Truper Expert
SUBCATEGORÍA	p387010	Herramientas/None	Herramientas/Brocas		Broca Hss 21/64in Trugold Para Metal Truper Expert
SUBCATEGORÍA	p387011	Herramientas/None	Herramientas/Brocas		Broca Hss 11.0 Mm Trugold Para Metal Truper Expert
SUBCATEGORÍA	p387012	Herramientas/None	Herramientas/Brocas		Broca Porcelanato Bosch Expert Hex-9 Hard Ceramics 10x90mm
SUBCATEGORÍA	p387013	Herramientas/None	Herramientas/Brocas		Broca Para Vidrio Y Azulejo 3/8', Truper Expert
SUBCATEGORÍA	p387014	Herramientas/None	Herramientas/Brocas		Broca Hss 1/16 Trugold Para Metal, Truper Expert
SUBCATEGORÍA	p387015	Herramientas/None	Herramientas/Brocas		Broca Para Vidrio Y Azulejo 1/2', Truper Expert
SUBCATEGORÍA	p387016	Herramientas/None	Herramientas/Brocas		Broca Para Concreto Bosch Expert Sds Max-8x Ø1x16x20
SUBCATEGORÍA	p387017	Herramientas/None	Herramientas/Brocas		Broca Hss 13/32in Trugold Para Metal Truper Expert
SUBCATEGORÍA	p387018	Herramientas/None	Herramientas/Brocas		Broca Avellanadora Expert para Metal de 5/16" Trugold
SUBCATEGORÍA	p387019	Herramientas/None	Herramientas/Brocas		Broca sds max-8x para concreto Bosch Expert 1x24x28pul
SUBCATEGORÍA	p387020	Herramientas/None	Herramientas/Brocas		Broca Sds Max-8x Para Concreto Bosch Expert 1x16x20pul
SUBCATEGORÍA	p387021	Herramientas/None	Herramientas/Brocas		Broca Avellanadora Expert para Metal con Acero HSS Truper
SUBCATEGORÍA	p387022	Herramientas/None	Herramientas/Brocas		Broca Avellanadora para Metal Truper Expert de 10.5 mm
SUBCATEGORÍA	p387023	Herramientas/None	Herramientas/Brocas		Broca Para Vidrio Y Azulejo 5/16 , Truper Expert 101828
SUBCATEGORÍA	p387024	Herramientas/None	Herramientas/Brocas		Broca Para Concreto Bosch Expert Sds Max-8x Ø9/16x24x29
SUBCATEGORÍA	p387025	Herramientas/None	Herramientas/Brocas		Juego De Brocas Xtra Fusion I278u Diager
SUBCATEGORÍA	p387026	Herramientas/None	Herramientas/Brocas		Broca Blue Ceram 426xd065 Diager 1/4 PLG
SUBCATEGORÍA	p387027	Herramientas/None	Herramientas/Brocas		Broca Para Vidrio 400xd10 Diager 3/8 PLG
SUBCATEGORÍA	p387028	Herramientas/None	Herramientas/Brocas		Broca Para Vidrio 400xd065 Diager 1/4 PLG
SUBCATEGORÍA	p387029	Herramientas/None	Herramientas/Brocas		Broca Blue Ceram 426xd20 Diager 3/4 PLG
SUBCATEGORÍA	p387030	Herramientas/None	Herramientas/Brocas		Broca Blue Ceram 426xd08 Diager 5/16 PLG
SUBCATEGORÍA	p387031	Herramientas/None	Herramientas/Brocas		Juego De Brocas Sds Booster Plus I128u Diager
SUBCATEGORÍA	p387032	Herramientas/None	Herramientas/Brocas		Broca SDS Plus Diager de 3/8" para Concreto
SUBCATEGORÍA	p387033	Herramientas/None	Herramientas/Brocas		Broca Multiusos 215d065 Diager 1/4 X 4 PLG
SUBCATEGORÍA	p387034	Herramientas/None	Herramientas/Brocas		Broca Multiusos 215xd08 Diager 5/16 X 5 PLG
SUBCATEGORÍA	p387035	Herramientas/None	Herramientas/Brocas		Broca Multiusos 215xd10 Diager 3/8 X 5 PLG
SUBCATEGORÍA	p387036	Herramientas/None	Herramientas/Brocas		Juego De 5 Brocas Para Concreto 3 Aristas Optima Diager
SUBCATEGORÍA	p387037	Herramientas/None	Herramientas/Brocas		Broca Cilíndrica Granallada X'tra Fusion 3/4 X 12 Diager
SUBCATEGORÍA	p387038	Herramientas/None	Herramientas/Brocas		Broca Cilindrica Granallada X'tra Fusion 3/16 X 6 Diager
SUBCATEGORÍA	p387039	Herramientas/None	Herramientas/Brocas		Broca de Acero Diager para Concreto de 3/8 Pulgadas
SUBCATEGORÍA	p387040	Herramientas/None	Herramientas/Brocas		Broca Cilíndrica Granallada X'tra Fusion 1/4 X 12 Diager
SUBCATEGORÍA	p387041	Herramientas/None	Herramientas/Brocas		Broca Cilindrica Granallada X'tra Fusion 1/2 X 6 Diager
SUBCATEGORÍA	p387042	Herramientas/None	Herramientas/Brocas		Broca Cilindrica Granallada X'tra Fusion 5/16 X 24 Diager
SUBCATEGORÍA	p387043	Herramientas/None	Herramientas/Brocas		Broca Multiusos Diager 215xd05 3/16 X 3.1/2 PLG
SUBCATEGORÍA	p387044	Herramientas/None	Herramientas/Brocas		Broca SDS Max Diager de Carburo para Concreto de 1"
SUBCATEGORÍA	p387045	Herramientas/None	Herramientas/Brocas		Broca Sds Twister Plus 101xd25l0310 Diager 1 X 12 PLG
SUBCATEGORÍA	p387046	Herramientas/None	Herramientas/Brocas		Broca SDS Plus Diager 3/8" x 18" Para Concreto
SUBCATEGORÍA	p387047	Herramientas/None	Herramientas/Brocas		Broca Cilíndrica Granallada X'tra Fusion 5/16 X 12 Diager
SUBCATEGORÍA	p387048	Herramientas/None	Herramientas/Brocas		Broca Cilindrica Granallada X'tra Fusion 1/2 X 18 Diager
SUBCATEGORÍA	p387049	Herramientas/None	Herramientas/Brocas		Broca SDS-max de Carburo Diager 5/8" para Concreto
SUBCATEGORÍA	p387050	Herramientas/None	Herramientas/Brocas		Broca Cilindrica Granallada X'tra Fusion 5/16 X 31 Diager
SUBCATEGORÍA	p387051	Herramientas/None	Herramientas/Brocas		Broca Cilindrica Granallada X'tra Fusion 1/4 X 6 Diager
SUBCATEGORÍA	p387052	Herramientas/None	Herramientas/Brocas		Broca Cilindrica Granallada X'tra Fusion 1/2 X 31 Diager
SUBCATEGORÍA	p387053	Herramientas/None	Herramientas/Brocas		Juego De Brocas Para Concreto Sds Plus Twister Diager I129u
SUBCATEGORÍA	p387054	Herramientas/None	Herramientas/Brocas		Broca Cilindrica Granallada X'tra Fusion 3/8 X 12 Diager
SUBCATEGORÍA	p387055	Herramientas/None	Herramientas/Brocas		Broca Sds Ultimax 166ud32l0920 Diager 1.1/4 X 36 PLG
SUBCATEGORÍA	p387056	Herramientas/None	Herramientas/Brocas		Broca Cilindrica Granallada X'tra Fusion 1/2 X 12 Diager
SUBCATEGORÍA	p387057	Herramientas/None	Herramientas/Brocas		Broca Cilíndrica Granallada X'tra Fusion 3/8 X 18 Diager
SUBCATEGORÍA	p387058	Herramientas/None	Herramientas/Brocas		Broca Sds Ultimax 166ud32l0540 Diager 1.1/4 X 21 PLG
SUBCATEGORÍA	p387059	Herramientas/None	Herramientas/Brocas		Broca Optima 3 263d065 Diager 1/4 X 4 PLG
SUBCATEGORÍA	p387060	Herramientas/None	Herramientas/Brocas		Broca Sds Booster Max 166xd25l0540 Diager 1 X 21 PLG
SUBCATEGORÍA	p387061	Herramientas/None	Herramientas/Brocas		Broca Optima 3 263d13 Diager 1/2 X 6 PLG
SUBCATEGORÍA	p387062	Herramientas/None	Herramientas/Brocas		Broca Optima 3 263d08 Diager 5/16 X 5 PLG
SUBCATEGORÍA	p387063	Herramientas/None	Herramientas/Brocas		Broca Cilindrica Granallada X'tra Fusion 3/16 X 4 Diager
SUBCATEGORÍA	p387064	Herramientas/None	Herramientas/Brocas		Broca Cilíndrica Granallada X'tra Fusion 5/16 X 18 Diager
SUBCATEGORÍA	p387065	Herramientas/None	Herramientas/Brocas		Broca Cilindrica Granallada X'tra Fusion 3/8 X 6 Diager
SUBCATEGORÍA	p387066	Herramientas/None	Herramientas/Brocas		Broca Sds Twister Plus 101xd22l0460 Diager 7/8 X 18 PLG
SUBCATEGORÍA	p387067	Herramientas/None	Herramientas/Brocas		Broca Sds Booster Plus 113ud10l0610 Diager 3/8 X 24 PLG
SUBCATEGORÍA	p387068	Herramientas/None	Herramientas/Brocas		Broca Sds Booster Plus I113ud3/16l06 Diager 3/16 X 6
SUBCATEGORÍA	p387069	Herramientas/None	Herramientas/Brocas		Broca Sds Max Ultimax I166ud1.3/4l36 Diager 1.3/4 X 36
SUBCATEGORÍA	p387070	Herramientas/None	Herramientas/Brocas		Broca Cilíndrica Diager de Carburo X'tra Fusion 3/8" para Concreto
SUBCATEGORÍA	p387071	Herramientas/None	Herramientas/Brocas		Broca Para Concreto Optima 3 I263d15/32l06 Diager 15/32 PLG
SUBCATEGORÍA	p387072	Herramientas/None	Herramientas/Brocas		Broca Sds Booster Plus 113ud13l0460 Diager 1/2 X 18 PLG
SUBCATEGORÍA	p387073	Herramientas/None	Herramientas/Brocas		Broca Sds Booster Plus 113xd08l0160 Diager 5/16 X 6 PLG
SUBCATEGORÍA	p387074	Herramientas/None	Herramientas/Brocas		Broca P/madera 1/2 Triumph 7502010357677 | Triumph
SUBCATEGORÍA	p387075	Herramientas/None	Herramientas/Brocas		Broca Triumph 35744 avellanadora
SUBCATEGORÍA	p387076	Herramientas/None	Herramientas/Brocas		Broca Triumph 35871 Concreto
SUBCATEGORÍA	p387077	Herramientas/None	Herramientas/Brocas		Broca Triumph 35736 avellanadora
SUBCATEGORÍA	p387078	Herramientas/None	Herramientas/Brocas		Broca Para Concreto 5/16inx6in Triumph
SUBCATEGORÍA	p387079	Herramientas/None	Herramientas/Brocas		Broca Para Concreto 5/16inx12in Triumph
SUBCATEGORÍA	p387080	Herramientas/None	Herramientas/Brocas		Broca Avellanadora Triumph de 7/64"
SUBCATEGORÍA	p387081	Herramientas/None	Herramientas/Brocas		Broca Para Concreto 5/32inx4in Triumph
SUBCATEGORÍA	p387082	Herramientas/None	Herramientas/Brocas		Broca Para Concreto 3/16inx4in Triumph
SUBCATEGORÍA	p387083	Herramientas/None	Herramientas/Brocas		Broca para Madera Triumph de 7/8"
SUBCATEGORÍA	p387084	Herramientas/None	Herramientas/Brocas		Broca Para Concreto 3/8inx12in Triumph 5pzs
SUBCATEGORÍA	p387085	Herramientas/None	Herramientas/Brocas		Broca Para Concreto 5/8inx12in Triumph 5pzs
SUBCATEGORÍA	p387086	Herramientas/None	Herramientas/Brocas		Broca Para Concreto 1/2inx12in Triumph 3pzs
SUBCATEGORÍA	p387087	Herramientas/None	Herramientas/Brocas		Broca Para Concreto 1/2inx12in Triumph 5pzs
SUBCATEGORÍA	p387088	Herramientas/None	Herramientas/Brocas		Broca Alta Velocidad 4.2mm Triumph Ultra Metal Madera
SUBCATEGORÍA	p387089	Herramientas/None	Herramientas/Brocas		Broca Alta Velocidad 6.7mm Triumph Hss Metal Madera
SUBCATEGORÍA	p387090	Herramientas/None	Herramientas/Brocas		Broca Avellanadora Triumph de 1/4" para Concreto
SUBCATEGORÍA	p387091	Herramientas/None	Herramientas/Brocas		Broca Para Madera Tipo Paleta 1 35771 Triumph
SUBCATEGORÍA	p387092	Herramientas/None	Herramientas/Brocas		Broca Avellanadora Triumph de 3/8" para Concreto
SUBCATEGORÍA	p387093	Herramientas/None	Herramientas/Brocas		Pack 5 Brocas Avellanadoras Triumph de 9/32"
SUBCATEGORÍA	p387094	Herramientas/None	Herramientas/Brocas		Broca Avellanadora de 3/16" para Acabados Triumph
SUBCATEGORÍA	p387095	Herramientas/None	Herramientas/Brocas		Broca Alta Velocidad 10.5mm Triumph Hss Metal Madera
SUBCATEGORÍA	p387096	Herramientas/None	Herramientas/Brocas		Broca De Zanco Recto Fraccional 1/16in Aav Triumph
SUBCATEGORÍA	p387097	Herramientas/None	Herramientas/Brocas		Broca De Zanco Recto Fraccional 1/2in Aav Triumph
SUBCATEGORÍA	p387098	Herramientas/None	Herramientas/Brocas		Broca Hinox 7/32 Triumph Aceros Metales 2 Flautas
SUBCATEGORÍA	p387099	Herramientas/None	Herramientas/Brocas		Broca Para Madera Tipo Paleta 3/8 35766 Triumph
SUBCATEGORÍA	p387100	Herramientas/None	Herramientas/Brocas		Broca Avellanadora Triumph de 1/2 pulgada para Concreto
SUBCATEGORÍA	p387101	Herramientas/None	Herramientas/Brocas		Broca Avellanadora de 21/64" Triumph, Pack de 5
SUBCATEGORÍA	p387102	Herramientas/None	Herramientas/Brocas		Broca De Zanco Recto Fraccional 15/64in Aav Triumph
SUBCATEGORÍA	p387103	Herramientas/None	Herramientas/Brocas		Broca De Zanco Recto Fraccional 13/32in Aav Triumph
SUBCATEGORÍA	p387104	Herramientas/None	Herramientas/Brocas		Broca De Alta Velocidad Medida 31/64 PuLG Triumph
SUBCATEGORÍA	p387105	Herramientas/None	Herramientas/Brocas		Broca Avellanadora Triumph de 3/32" para Perforación Precisa
SUBCATEGORÍA	p387106	Herramientas/None	Herramientas/Brocas		Broca De Zanco Recto Fraccional 3/64in Aav Triumph
SUBCATEGORÍA	p387107	Herramientas/None	Herramientas/Brocas		Broca De Zanco Recto Fraccional 11/64in Aav Triumph 5pzs
SUBCATEGORÍA	p387108	Herramientas/None	Herramientas/Brocas		Broca Triumph 16 Mm Zanco 1/2'' Alta Velocidad 35957
SUBCATEGORÍA	p387109	Herramientas/None	Herramientas/Brocas		Pack de Brocas Avellanadoras Triumph de 5/16" para Concreto
SUBCATEGORÍA	p387110	Herramientas/None	Herramientas/Brocas		Broca Triumph 15 Mm Zanco 1/2'' Alta Velocidad 35956
SUBCATEGORÍA	p387111	Herramientas/None	Herramientas/Brocas		Broca Alta Velocidad 17mm Triumph Zanco 1/2 Metal Madera
SUBCATEGORÍA	p387112	Herramientas/None	Herramientas/Brocas		Broca Para Concreto 7/8x12 Triumph Uso Rudo Punta Carburo
SUBCATEGORÍA	p387113	Herramientas/None	Herramientas/Brocas		Broca Avellanadora Triumph de 1/2" Pack con 3 Piezas
SUBCATEGORÍA	p387114	Herramientas/None	Herramientas/Brocas		Broca De Zanco Recto Fraccional 9/32in Aav Triumph 3pzs
SUBCATEGORÍA	p387115	Herramientas/None	Herramientas/Brocas		Broca De Zanco Recto Fraccional 15/64in Aav Triumph 5pzs
SUBCATEGORÍA	p387116	Herramientas/None	Herramientas/Brocas		Avellanador 3/8" Triumph Para Madera Con Punta en Cruz
SUBCATEGORÍA	p387117	Herramientas/None	Herramientas/Brocas		Broca De Zanco Recto Fraccional 7/64in Aav Triumph 5pzs
SUBCATEGORÍA	p387118	Herramientas/None	Herramientas/Brocas		Juego 6 brocas planas para madera KNOVA KN 7646 fabricadas en acero al alto carbono ,zanco universal
SUBCATEGORÍA	p387119	Herramientas/None	Herramientas/Organización		Juego de 29 Brocas de Alta Velocidad KNOVA KN 7640 |Fabricadas en titanio Ideal Para perforar metal,
SUBCATEGORÍA	p387120	Herramientas/None	Herramientas/Organización		Juego de 13 Brocas de Acero de Alta Velocidad KN 7635 KNOVA con estuche organizador, Medidas Variada
SUBCATEGORÍA	p387121	Herramientas/None	Herramientas/Brocas		Juego de brocas para concreto KN 7645-06 KNOVA con 6 piezas fabricadas en acero con tamaños de 3/16"
SUBCATEGORÍA	p387122	Herramientas/None	Herramientas/Brocas		Juego de brocas para madera KN 7646-06 KNOVA con 6 piezas de acero al carbón #45 de zanco redondo co
SUBCATEGORÍA	p387123	Herramientas/None	Herramientas/Atornilladores		Set De Destornilladores De Precisión 6 Piezas Ryobi
SUBCATEGORÍA	p387124	Herramientas/None	Herramientas/Desarmadores y puntas		Juego 7 Desarmadores Ryobi 3 Planos 2 Cruz Y 2 Torks
SUBCATEGORÍA	p387125	Herramientas/None	Herramientas/Accesorios de multiherramienta y mototool		Tubo Lija Dremel 6.4mm Grano Medio 2615000438 Bordó
SUBCATEGORÍA	p387126	Herramientas/None	Herramientas/Lijadoras		Lijadora De Acabado Ryobi Cfs1503gk Verde Lima 12500
SUBCATEGORÍA	p387127	Herramientas/None	Herramientas/Lijadoras		Lijadora Orbital Inalámbrica Ryobi con Velcro y Colector
SUBCATEGORÍA	p387128	Herramientas/None	Herramientas/Lijadoras		Lijadora Roto Orbital Ryobi RS290G Green con Colector de Polvo
SUBCATEGORÍA	p387129	Herramientas/None	Herramientas/Lijadoras		Lijadora Orbital Ryobi 2.6 Amp. 5 Pulgadas Color Verde Frecuencia 320W
SUBCATEGORÍA	p387130	Herramientas/None	Herramientas/Lijadoras		Lijadora De Banda Ryobi BE319 Verde Lima 3 X 18 820 Opm
SUBCATEGORÍA	p387131	Herramientas/None	Herramientas/Lijadoras		Lijadora De Hojas 18 V One 1/4 RYOBI ONE+ PCL401B
SUBCATEGORÍA	p387132	Herramientas/None	Herramientas/Lijadoras		Ryobi One+ Lijadora De Banda Inalámbrica De 18 V De 1/2 Pu
SUBCATEGORÍA	p387133	Herramientas/None	Herramientas/Lijadoras		Lijadora Orbital Ryobi S652DGK 1/4 2A 14000 OPM Colector Polvo
SUBCATEGORÍA	p387134	Herramientas/None	Herramientas/Lijadoras		Ryobi Lijadora detalladora 2-7/8 DS1200 .4 Amp 13 000 OPM Con Cable
SUBCATEGORÍA	p387135	Herramientas/None	Herramientas/Lijadoras		Lijadora de Banda y Disco Ryobi Eléctrica, 4" x 36" y 6" para Madera y Metal
SUBCATEGORÍA	p387136	Herramientas/None	Herramientas/Hidrolavadoras		Cepillo Rotativo Para Hidrolavadora Stihl 02100901 Color Naranja
SUBCATEGORÍA	p387138	Herramientas/None	Herramientas/Hidrolavadoras		Boquilla De Espuma Para Hidrolavadora Stihl 02100931 Color Negro
SUBCATEGORÍA	p387140	Herramientas/None	Herramientas/Jardinería		Manguera Hidrolavadora 6 Metros Para Stihl Re90 98 Negro 60
SUBCATEGORÍA	p387141	Herramientas/None	Herramientas/Hidrolavadoras		Hidrolavadora De Alta Presión Re 105 X Stihl Color Blanco
SUBCATEGORÍA	p387144	Herramientas/None	Herramientas/Hidrolavadoras		Hidrolavadora eléctrica Ryobi RY142300 2300psi
SUBCATEGORÍA	p387145	Herramientas/None	Herramientas/Hidrolavadoras		Extension Para Hidrolavadora Inalambrica Ryobi Plata 60
SUBCATEGORÍA	p387146	Herramientas/None	Herramientas/Hidrolavadoras		Hidrolavadora Eléctrica Ryobi Ry142022vnm Color Verde/Negro
SUBCATEGORÍA	p387147	Herramientas/None	Herramientas/Hidrolavadoras		Hidrolavadora Eléctrica Ryobi 3000 PSI 4.16 l/min Brushless
SUBCATEGORÍA	p387148	Herramientas/None	Herramientas/Baterías y cargadores de herramienta		Hidrolavadora eléctrica Ryobi RY124052K 600 psi verde lima batería
SUBCATEGORÍA	p387149	Herramientas/None	Herramientas/Hidrolavadoras		Hidrolavadora Eléctrica Ryobi 1800 PSI 1.2 GPM Verde Lima
SUBCATEGORÍA	p387150	Herramientas/None	Herramientas/Hidrolavadoras		Escoba de Agua Para Hidrolavadora Ryobi RY31211 Portátil Negro
SUBCATEGORÍA	p387151	Herramientas/None	Herramientas/Hidrolavadoras		Pistola Gatillo Ryobi Para Hidrolavadora 3300 PSI Negra
SUBCATEGORÍA	p387152	Herramientas/None	Herramientas/Hidrolavadoras		Pistola Ryobi Para Hidrolavadora 3600 Psi Max Verde Lima 0
SUBCATEGORÍA	p387153	Herramientas/None	Herramientas/Hidrolavadoras		Pistola para Hidrolavadora Ryobi Compatible hasta 3600 PSI Verde Lima
SUBCATEGORÍA	p387154	Herramientas/None	Herramientas/Hidrolavadoras		Lanza Espuma Ryobi RY31F04 Para Hidrolavadora 3300 Psi Con Depósito
SUBCATEGORÍA	p387155	Herramientas/None	Herramientas/Hidrolavadoras		Kit De Boquillas Quimicas P/hidrolavadora Ryobi Color Verde Lima
SUBCATEGORÍA	p387156	Herramientas/None	Herramientas/Hidrolavadoras		Hidrolavadora Eléctrica Ryobi 1200 Psi Y 1.8 Gpm Verde Lima 50
SUBCATEGORÍA	p387157	Herramientas/None	Herramientas/Hidrolavadoras		Boquilla Hidrolavadora 3300 Psi Ryobi Verde Claro 5 en 1 Doméstica
SUBCATEGORÍA	p387158	Herramientas/None	Herramientas/Hidrolavadoras		Hidrolavadora Ryobi ONE+ EZClean 320 PSI RY120350 Inalámbrica Portátil
SUBCATEGORÍA	p387159	Herramientas/None	Herramientas/Hidrolavadoras		Hidrolavadora Eléctrica Ryobi 2100psi Y 1.2gpm Con Espumador Verde Lima 60
SUBCATEGORÍA	p387160	Herramientas/None	Herramientas/Jardinería		Hidrolavadora Eléctrica Ryobi 1900 PSI 1.2 GPM Verde Lima con Manguera
SUBCATEGORÍA	p387161	Herramientas/None	Herramientas/Baterías y cargadores de herramienta		Hidrolavadora Inalámbrica Ryobi 1200 PSI Portátil Con Batería Y Cargador
SUBCATEGORÍA	p387162	Herramientas/None	Herramientas/Hidrolavadoras		Hidrolavadora a Gasolina Ryobi 3300 PSI 2.4 GPM Verde Boquillas Incluidas
SUBCATEGORÍA	p387163	Herramientas/None	Herramientas/Hidrolavadoras		Poste De Extension Ryobi 18 Pies C/cepillo, P/hidrolavadora Color Verde lima
SUBCATEGORÍA	p387164	Herramientas/None	Herramientas/Hidrolavadoras		Hidrolavadora Eléctrica Ryobi Ry141803 1800 Psi 1.2 Gpm Verde 50 Hz / 60 Hz
SUBCATEGORÍA	p387165	Herramientas/None	Herramientas/Hidrolavadoras		Hidrolavadora Gas Ryobi 2900 Psi 9L/Min Verde/Negro con Ruedas
SUBCATEGORÍA	p387166	Herramientas/None	Herramientas/Hidrolavadoras		Hidrolavadora Ryobi 2000 PSI para Limpieza de Hogar y Vehículos
SUBCATEGORÍA	p387167	Herramientas/None	Herramientas/Hidrolavadoras		Hidrolavadora Eléctrica 2500 PSI Ryobi Sin Escobillas 1.2 GPM Con Boquilla Turbo
SUBCATEGORÍA	p387168	Herramientas/None	Herramientas/Baterías y cargadores de herramienta		Batería De Litio Ión 40v 1.5ah Black+decker Lbx1540
SUBCATEGORÍA	p387169	Herramientas/None	Herramientas/Lijadoras		Lijadora Orbital Inalámbrica Teeno ATS-125 6 Velocidades con Batería y 6 Lijas, Ideal Para Carpinter
SUBCATEGORÍA	p387170	Herramientas/None	Herramientas/Lijadoras		Lijadora Orbital Eléctrica para Madera con 6 Velocidades y 16 Lijas
SUBCATEGORÍA	p387171	Herramientas/None	Herramientas/Lijadoras		Lijadora de Banda y Disco Shawty 650 W, para Madera y Metal con 2 Correas y 15 Lijas
SUBCATEGORÍA	p387173	Herramientas/None	Herramientas/Taladros y rotomartillos		Kit 20 Lijas Tambor Cilindro Para Pulir Madera Con Taladro
SUBCATEGORÍA	p387174	Herramientas/None	Herramientas/Lijadoras		Lijadora Inalambrica Black+decker Orbital Con Batería Color Negro
SUBCATEGORÍA	p387175	Herramientas/None	Herramientas/Juegos de herramientas		Lijadora Orbital Black+Decker BDERO600 para Proyectos de Bricolaje
SUBCATEGORÍA	p387176	Herramientas/None	Herramientas/Lijadoras		Lijadora De Detalle Mouse Black + Decker Bdems 600 Color Negro
SUBCATEGORÍA	p387177	Herramientas/None	Herramientas/Lijadoras		Banda Dentada 110xl Para Lijadora Black Decker Br300 Color Negro
SUBCATEGORÍA	p387178	Herramientas/None	Herramientas/Lijadoras		Lijadora Orbital Black+Decker BS200 para Madera con Regulación de Velocidad
SUBCATEGORÍA	p387179	Herramientas/None	Herramientas/Neumáticas		Lijadora Neumática Orbital 6 Pulgadas 539 Goni Color Negro
SUBCATEGORÍA	p387180	Herramientas/None	Herramientas/Neumáticas		Lijadora Neumática Circular Modelo 625 Goni 6" 10000 opm Azul
SUBCATEGORÍA	p387181	Herramientas/None	Herramientas/Neumáticas		Lijadora Orbital Neumática 1/4 Hoja 270 Goni Negra para Madera
SUBCATEGORÍA	p387183	Herramientas/None	Herramientas/Hidrolavadoras		Hidrolavadora Rodante 1500w Black + Decker Bw15 Color Naranja Oscuro
SUBCATEGORÍA	p387184	Herramientas/None	Herramientas/Hidrolavadoras		Hidrolavadora Eléctrica Black+decker 1300w Bepw1600h - Anaranjado - 60 Hz
SUBCATEGORÍA	p387185	Herramientas/None	Herramientas/Baterías y cargadores de herramienta		Batería Ryobi P193 18V 6Ah Litio Para Herramientas Eléctricas
SUBCATEGORÍA	p387186	Herramientas/None	Herramientas/Baterías y cargadores de herramienta		Batería Ryobi 18V 4.0Ah Litio One+ PBP005 para Herramientas
SUBCATEGORÍA	p387187	Herramientas/None	Herramientas/Baterías y cargadores de herramienta		Batería Litio 18V Ryobi P189 1.5Ah Para Herramienta ONE+
SUBCATEGORÍA	p387188	Herramientas/None	Herramientas/Baterías y cargadores de herramienta		Batería de Litio Ryobi 40V 6Ah para Taladro y Sierra
SUBCATEGORÍA	p387189	Herramientas/None	Herramientas/Baterías y cargadores de herramienta		Cargador Batería Ryobi P118b 18V One Plus Rápido y Compacto
SUBCATEGORÍA	p387190	Herramientas/None	Herramientas/Baterías y cargadores de herramienta		Pack 2 Baterías Ryobi 18V 3.0Ah Litio Compatible Herramientas One+
SUBCATEGORÍA	p387191	Herramientas/None	Herramientas/Baterías y cargadores de herramienta		Ryobi Batería De Lithium High Performance De 4ah Y 18v
SUBCATEGORÍA	p387192	Herramientas/None	Herramientas/Baterías y cargadores de herramienta		Cargador y Batería Ryobi 18V Litio 4Ah Alto Rendimiento ONE+
SUBCATEGORÍA	p387193	Herramientas/None	Herramientas/Baterías y cargadores de herramienta		Batería Ryobi 18V Litio ONE+ 1.5Ah Modelo PBP002 Para Taladro
SUBCATEGORÍA	p387194	Herramientas/None	Herramientas/Baterías y cargadores de herramienta		Batería Litio 18V 4Ah Ryobi ONE+ PBP004 Alta Potencia Herramientas
SUBCATEGORÍA	p387195	Herramientas/None	Herramientas/Baterías y cargadores de herramienta		Cargador Rapido Ryobi One+ Litio 18V 85W Compatible Baterías 18V
SUBCATEGORÍA	p387197	Herramientas/None	Herramientas/Baterías y cargadores de herramienta		Baterías Ryobi PBP005 18V Litio 4Ah Pack de 2 Piezas ONE+
SUBCATEGORÍA	p387198	Herramientas/None	Herramientas/Baterías y cargadores de herramienta		Cargador Rápido 3 Puertos Ryobi 40V para Baterías Litio 40 Voltios Herramientas
SUBCATEGORÍA	p387199	Herramientas/None	Herramientas/Baterías y cargadores de herramienta		Batería Recargable Ryobi ONE+ 18V De 2.0 Ah Iones De Litio PBP006
SUBCATEGORÍA	p387200	Herramientas/None	Herramientas/Baterías y cargadores de herramienta		Ryobi Kit 2 Baterias De 2ah Y 4ah Con Cargador 18v Psk106sb
SUBCATEGORÍA	p387201	Herramientas/None	Herramientas/Baterías y cargadores de herramienta		marca Ryobi Batería De Litio De Alto Rendimiento De 8ah Y 18v Pbp1008
SUBCATEGORÍA	p387202	Herramientas/None	Herramientas/Baterías y cargadores de herramienta		Batería De Litio De 18 V Y 3 Ah Compatible Con Ryobi P108
SUBCATEGORÍA	p387203	Herramientas/None	Herramientas/Baterías y cargadores de herramienta		Batería Ryobi P197 One+ De 18 V, 4,0 Ah, Iones De Litio Reca
SUBCATEGORÍA	p387204	Herramientas/None	Herramientas/Baterías y cargadores de herramienta		Cargador Ryobi De 18 V P117 Para Batería De Iones De Litio Ni-cad Ni-mh, Para Batería De 18 V Max On
SUBCATEGORÍA	p387205	Herramientas/None	Herramientas/Baterías y cargadores de herramienta		Kit de inicio RYOBI ONE+ de iones de litio de 18 V con (1) batería de 2.0 Ah, (1) batería de 4.0 Ah 
SUBCATEGORÍA	p387206	Herramientas/None	Herramientas/Baterías y cargadores de herramienta		Batería Dewalt 20V 5Ah Kudehao DCB205 Compatible Herramientas Eléctricas
SUBCATEGORÍA	p387207	Herramientas/None	Herramientas/Baterías y cargadores de herramienta		Batería De Litio Kudehao 18V 2Ah Compatible Makita BL1820 BL1820B
SUBCATEGORÍA	p387208	Herramientas/None	Herramientas/Baterías y cargadores de herramienta		Cargador Rápido Kudehao DC18RCT Compatible Baterías Makita Litio 14.4V 18V
SUBCATEGORÍA	p387209	Herramientas/None	Herramientas/Baterías y cargadores de herramienta		Cargador Rápido 12V Kudehao Compatible Batería Milwaukee M12 Ion Litio
SUBCATEGORÍA	p387210	Herramientas/None	Herramientas/Baterías y cargadores de herramienta		Batería kudehao de Litio para Herramientas Dewalt 20V, con 6 Ah
SUBCATEGORÍA	p387211	Herramientas/None	Herramientas/Baterías y cargadores de herramienta		Batería de litio kudehao de 20V y 4Ah compatible con Dewalt DCB204
SUBCATEGORÍA	p387212	Herramientas/None	Herramientas/Baterías y cargadores de herramienta		Batería de litio Kudehao de 20 V y 2 Ah (modelo DCB203) para herramientas inalámbricas Dewalt; compa
SUBCATEGORÍA	p387213	Herramientas/None	Herramientas/Baterías y cargadores de herramienta		Batería de iones de litio KUDEHAO de 18 V y 5,0 Ah, compatible con baterías Makita de 18 V (modelos 
SUBCATEGORÍA	p387214	Herramientas/None	Herramientas/Baterías y cargadores de herramienta		Batería 20v 2amp Emtop Ebpk20011
SUBCATEGORÍA	p387215	Herramientas/None	Herramientas/Baterías y cargadores de herramienta		Batería 20v 4amp Emtop Ebpk2002
SUBCATEGORÍA	p387216	Herramientas/None	Herramientas/Baterías y cargadores de herramienta		Batería Dongcheng 18V 4.0Ah Litio-ion FFBL2040
SUBCATEGORÍA	p387217	Herramientas/None	Herramientas/Juegos de herramientas		Kit Baterías 20v 2.0ah Dongcheng Para Herramientas 2 Piezas
SUBCATEGORÍA	p387218	Herramientas/None	Herramientas/Baterías y cargadores de herramienta		Cargador Dongcheng De Baterías FFCL20-02 2.0Ah 20V Para Herramientas
SUBCATEGORÍA	p387219	Herramientas/None	Herramientas/Baterías y cargadores de herramienta		Batería de Litio DongCheng 20V para Herramientas Inalámbricas de 5.0 Ah
SUBCATEGORÍA	p387220	Herramientas/None	Herramientas/Baterías y cargadores de herramienta		Cargador Rápido DongCheng FFCL20-04 20V 4Ah p/ Baterías Ion Litio Compatibles
SUBCATEGORÍA	p387221	Herramientas/None	Herramientas/Baterías y cargadores de herramienta		Batería Greenworks 2ah Litio 40v 72 Wh Tipo C
SUBCATEGORÍA	p387222	Herramientas/None	Herramientas/Baterías y cargadores de herramienta		Batería Greenworks Pro 80V 4Ah Litio Negro Modelo Gba80400
SUBCATEGORÍA	p387223	Herramientas/None	Herramientas/Baterías y cargadores de herramienta		Batería Litio Greenworks 24V 4Ah USB Compatible Teléfono Taladro Sierra
SUBCATEGORÍA	p387224	Herramientas/None	Herramientas/Baterías y cargadores de herramienta		Batería Greenworks SVG24L410, SVW24L410 4Ah Iones de Litio con Puerto USB-C
SUBCATEGORÍA	p387225	Herramientas/None	Herramientas/Baterías y cargadores de herramienta		Greenworks Batería De Iones De Litio Bag708 De 24 V 2.0 Ah
SUBCATEGORÍA	p387226	Herramientas/None	Herramientas/Baterías y cargadores de herramienta		Batería Bosich 20V de Litio 4Ah Para Herramientas Dewalt
SUBCATEGORÍA	p387227	Herramientas/None	Herramientas/Baterías y cargadores de herramienta		Batería de Litio Recargable para Taladro Inalámbrico Miwod – 4.0Ah y 21V
SUBCATEGORÍA	p387228	Herramientas/None	Herramientas/Baterías y cargadores de herramienta		Batería de Litio para Herramientas Eléctricas Inalámbricas Miwod 21V y 3.0Ah
SUBCATEGORÍA	p387229	Herramientas/None	Herramientas/Baterías y cargadores de herramienta		Batería Miwod de 21V y 2.0Ah para Herramientas, Pack de 5 Unidades Universal
SUBCATEGORÍA	p387230	Herramientas/None	Herramientas/Taladros y rotomartillos		Rotomartillo Industrial FAGHTO de 2800 W con 5000 GPM y Sistema SDS Plus
SUBCATEGORÍA	p387231	Herramientas/None	Herramientas/Taladros y rotomartillos		6600W Martillo Rotomartillo Cincelador Perforador Industrial 10000bpm 38J FAGHTO Kits De Taladro Rot
SUBCATEGORÍA	p387232	Herramientas/None	Herramientas/Taladros y rotomartillos		4500W Taladro Rotomartillo Industrial 6000Bpm 60J FAGHTO Uso Rudo Hex Martillo Demoledor Rompedor De
SUBCATEGORÍA	p387233	Herramientas/None	Herramientas/Taladros y rotomartillos		4500W Taladro Rotomartillo Cincelador Perforador Industrial FAGHTO 6000Bpm 15J Cincelador Perforador
SUBCATEGORÍA	p387234	Herramientas/None	Herramientas/Taladros y rotomartillos		Taladro Rotomartillo Inalámbrico Cincelador Perforador Industrial SDS-PLUS FAGHTO 4500W 8000Bpm 15J 
SUBCATEGORÍA	p387235	Herramientas/None	Herramientas/Taladros y rotomartillos		4600W Taladro Rotomartillo Industrial 6500Bpm 65J FAGHTO Uso Rudo Hex Martillo Demoledor Rompedor De
SUBCATEGORÍA	p387236	Herramientas/None	Herramientas/Taladros y rotomartillos		4500W Martillo Demoledor Rompedor De Concreto 60J 7000Bpm FAGHTO Uso Rudo Hex Taladro Rotomartillo I
SUBCATEGORÍA	p387237	Herramientas/None	Herramientas/Taladros y rotomartillos		7500W Taladro Rotomartillo Cincelador Perforador SDS-PLUS Industrial FAGHTO 12000Bpm 45J Kits De Mar
SUBCATEGORÍA	p387238	Herramientas/None	Herramientas/Taladros y rotomartillos		6800W Taladro Rotomartillo Cincelador Perforador SDS-PLUS Industrial FAGHTO 11000Bpm 40J Kits De Mar
SUBCATEGORÍA	p387239	Herramientas/None	Herramientas/Baterías y cargadores de herramienta		Kit Rotomartillo Taladro Y Esmeriladora Angular Inalámbrica FAGHTO SDS-PLUS Con 2 Baterías 21v 6.0aH
SUBCATEGORÍA	p387240	Herramientas/None	Herramientas/Baterías y cargadores de herramienta		3200W Taladro Rotomartillo Inalámbrico Sds-plus Industrial FAGHTO Martillo Cincelador Perforador Con
SUBCATEGORÍA	p387241	Herramientas/None	Herramientas/Jardinería		Kits De Martillo Rotomartillo Y Esmeriladora Angular Y Motosierra Inalámbrica Con 2 Baterías 21V 8.0
SUBCATEGORÍA	p387242	Herramientas/None	Herramientas/Taladros y rotomartillos		Rotomartillo Demoledor Bauer 12.5 Amp SDS Max 1900 BPM Antivibración
SUBCATEGORÍA	p387243	Herramientas/None	Herramientas/Taladros y rotomartillos		Taladro Rotomartillo Bauer MLHF1641E-B Motor 10A SDS Plus Rojo
SUBCATEGORÍA	p387244	Herramientas/None	Herramientas/Taladros y rotomartillos		Rotomartillo Demoledor 7.3 Amps 3 En 1 - Marca Bauer Color Rojo
SUBCATEGORÍA	p387245	Herramientas/None	Herramientas/Taladros y rotomartillos		Rotomartillo Inalámbrico Bauer 1792C-B1 Rojo 1/2" Lithium 650W
SUBCATEGORÍA	p387246	Herramientas/None	Herramientas/Taladros y rotomartillos		Rotomartillo Bauer 7.5 Amp 1/2 Pul Otro Taladro Percutor Reversible
SUBCATEGORÍA	p387247	Herramientas/None	Herramientas/Taladros y rotomartillos		Rotomartillo Inalámbrico Bauer SDS-Plus Sin Escobillas 4800 BPM 1300 RPM
SUBCATEGORÍA	p387248	Herramientas/None	Herramientas/Neumáticas		Rotomartillo electroneumático Bauer 1641E-B rojo frecuencia de 60Hz con 1.44kW de potencia
SUBCATEGORÍA	p387249	Herramientas/None	Herramientas/Atornilladores		Llave de impacto inalámbrico Bauer 1781C-B1 negro/rojo
SUBCATEGORÍA	p387250	Herramientas/None	Herramientas/Atornilladores		Kit De Taladro Y Atornillador De Impacto Bauer Color Rojo
SUBCATEGORÍA	p387251	Herramientas/None	Herramientas/Atornilladores		Destornillador Eléctrico Bauer 1793E-B Para Tablaroca 4000rpm
SUBCATEGORÍA	p387252	Herramientas/None	Herramientas/Atornilladores		Destornillador Inalámbrico Bauer 4V 1/4'' Rojo 180rpm Modelo 1894F-B
SUBCATEGORÍA	p387253	Herramientas/None	Herramientas/Atornilladores		Pistola De Impacto Eléctrica Bauer Roja Y Negra Con Cable Rojo
SUBCATEGORÍA	p387254	Herramientas/None	Herramientas/Atornilladores		Destornillador Inalámbrico Bauer 4V 1/4 con Luz LED y Batería Rojo
SUBCATEGORÍA	p387255	Herramientas/None	Herramientas/Atornilladores		Llave de Impacto Inalámbrica Bauer 1/2" Torque 650 lb-ft Batería y Cargador
SUBCATEGORÍA	p387256	Herramientas/None	Herramientas/Sierras		Sierra De Concreto Portátil Bauer 14 , 15 Amp Color Rojo Frecuencia 60Hz
SUBCATEGORÍA	p387257	Herramientas/None	Herramientas/Sierras		Sierra Circular 5-3/8 Para Corte De Metal Color Rojo BAUER
SUBCATEGORÍA	p387258	Herramientas/None	Herramientas/Sierras		Bauer Sierra Circular Compacta De 4 1/2 PuLG. 5,8a 3500 Rpm
SUBCATEGORÍA	p387259	Herramientas/None	Herramientas/Sierras		Sierra Circular Bauer 14 Amp, 7-1/4 Pulgadas Color Rojo Frecuencia 60 Hz
SUBCATEGORÍA	p387260	Herramientas/None	Herramientas/Sierras		Sierra Circular Inalámbrica Bauer 7-1/4" Motor Sin Escobillas LED
SUBCATEGORÍA	p387261	Herramientas/None	Herramientas/Sierras		Sierra Circular Inalámbrica Bauer De 20 V, 4-1/2 PuLG Color Rojo Frecuencia 50
SUBCATEGORÍA	p387262	Herramientas/None	Herramientas/Compresores y herramienta neumática		Compresor de Aire Inalámbrico Bauer 1.6 Gal 135 PSI Portátil Rojo Negro
SUBCATEGORÍA	p387263	Herramientas/None	Herramientas/Brocas		Juego Brocas Cónicas Bauer Metal Madera Plástico Óxido Negro 2 Piezas
SUBCATEGORÍA	p387264	Herramientas/None	Herramientas/Brocas		Juego de Brocas Redondeadoras Bauer 4 Piezas para Madera Tallo 1/4"
SUBCATEGORÍA	p387265	Herramientas/None	Herramientas/Brocas		Juego de Brocas Bauer Titanio 14 Pzas Acero Alta Velocidad Madera Metal
SUBCATEGORÍA	p387266	Herramientas/None	Herramientas/Baterías y cargadores de herramienta		Batería Bauer 20V 1.5 Ah Litio para Taladro Inalámbrico
SUBCATEGORÍA	p387267	Herramientas/None	Herramientas/Baterías y cargadores de herramienta		Pack 2 Baterías Ion Litio 20V 5Ah Herramientas Eléctricas Bauer
SUBCATEGORÍA	p387268	Herramientas/None	Herramientas/Baterías y cargadores de herramienta		Bauer 64817 20v Hypermax Batería Litio-ion De 1,5 Ah
SUBCATEGORÍA	p387269	Herramientas/None	Herramientas/Baterías y cargadores de herramienta		Kit Cargador y Batería 20V 5Ah Bauer Hypermax Lithium Para Taladro
SUBCATEGORÍA	p387270	Herramientas/None	Herramientas/Baterías y cargadores de herramienta		Batería De Alta Calidad Bauer De 20 V Y 8 Ah
SUBCATEGORÍA	p387271	Herramientas/None	Herramientas/Baterías y cargadores de herramienta		Batería De Iones De Litio Alta Capacidad Bauer 20 V Y 5 Ah
SUBCATEGORÍA	p387273	Herramientas/None	Herramientas/Llaves y dados		Matraca Inalámbrica 1/2 Bauer
SUBCATEGORÍA	p387274	Herramientas/None	Herramientas/Atornilladores		Greenlee 0153-42c - Destornillador Multiherramienta 6 En 1
SUBCATEGORÍA	p387275	Herramientas/None	Herramientas/Atornilladores		Juego De Destornilladores Con Mango Trimaterial Y Accesorios
SUBCATEGORÍA	p387276	Herramientas/None	Herramientas/Martillos, cinceles y mazos		Multiherramienta De Martillo 12 En 1 Para Hombres Y Papá
SUBCATEGORÍA	p387277	Herramientas/None	Herramientas/Lijas y accesorios de lijado		Lijadora Orbital Eléctrica WORKPRO para Paneles de Yeso con 12 Discos de Lija y Mango Extensible
SUBCATEGORÍA	p387278	Herramientas/None	Herramientas/Lijadoras		Lijadora Orbital WORKPRO 5" 6 Velocidades 300W 14000 Rpm 2.5A Roto orbital con 15 lijas 5 granos 60-
SUBCATEGORÍA	p387279	Herramientas/None	Herramientas/Neumáticas		Lijadora Orbital Neumática BOWOSHEN Industrial De 6" De Madera Y Metal Para Carpintero
SUBCATEGORÍA	p387280	Herramientas/None	Herramientas/Neumáticas		Lijadora Roto Orbital Neumática BOWOSHEN de 6 Pulgadas con Regulador de Velocidad para Madera y Meta
SUBCATEGORÍA	p387281	Herramientas/None	Herramientas/Lijadoras		Lijadora Roto Orbital Inalámbrica BOWOSHEN con 2 Baterías y Disco de 5" para Madera
SUBCATEGORÍA	p387282	Herramientas/None	Herramientas/Esmeriladoras y pulidoras		Pulidora Eléctrica Inalámbrica BOWOSHEN Pulidora Orbital Para Autos, Pulidora de Eléctrica Lijadora 
SUBCATEGORÍA	p387283	Herramientas/None	Herramientas/Accesorios de multiherramienta y mototool		Herramienta Oscilante BOWOSHEN Multifunción Inalámbrica Portátil Motor Sin Escobillas con Batería Li
SUBCATEGORÍA	p387284	Herramientas/None	Herramientas/Lijas y accesorios de lijado		Lijadora Roto Orbital Eléctrica Inalámbrica Con 2 Baterías BOWOSHEN Lijadora de Madera 5 Pulgadas 3 
SUBCATEGORÍA	p387285	Herramientas/None	Herramientas/Neumáticas		Pulidora Neumática BOWOSHEN Lijadora De Aire Profesional Para Coches, Lijadora Orbital, Lijadora Ang
SUBCATEGORÍA	p387286	Herramientas/None	Herramientas/Lijas y accesorios de lijado		Lijadora Roto Orbital 5'' BOWOSHEN Eléctrica Inalámbrica Para Madera Metal y Pintura, 3 Velocidades,
SUBCATEGORÍA	p387287	Herramientas/None	Herramientas/Lijadoras		Lijadora Bauer 57946
SUBCATEGORÍA	p387288	Herramientas/None	Herramientas/Lijadoras		Lijadora Orbital Bauer Color Rojo Frecuencia 60 Hz
SUBCATEGORÍA	p387289	Herramientas/None	Herramientas/Lijadoras		Lijadora De Banda Oscilante 4 X 24 Bauer Color Rojo
SUBCATEGORÍA	p387290	Herramientas/None	Herramientas/Lijadoras		Bauer Lijadora Orbital De Banda Rojo 4x24 PuLG Con Velocidad Variable
SUBCATEGORÍA	p387291	Herramientas/None	Herramientas/Lijadoras		Lijadora Inalámbrica Bauer 1/4 Hoja Rojo Vibratoria Con Colector De Polvo
SUBCATEGORÍA	p387292	Herramientas/None	Herramientas/Lijadoras		Lijadora de Banda Bauer 3 Pulgadas 8 Amp Velocidad Variable Rojo/Negro
SUBCATEGORÍA	p387293	Herramientas/None	Herramientas/Lijadoras		Bauer Lijadora De Discos 12 Pulgadas, 1-1/4 Hp 58862
SUBCATEGORÍA	p387294	Herramientas/None	Herramientas/Lijadoras		Lijadora De Palma De 2,2 Amperes Y 1/4 De Hoja Bauer Color Rojo Frecuencia 60
SUBCATEGORÍA	p387295	Herramientas/None	Herramientas/Lijadoras		Lijadora De Banda De 5,3 Amp 1/2x18 PuLG Marca Bauer Color Rojo Frecuencia 60 Hz
SUBCATEGORÍA	p387296	Herramientas/None	Herramientas/Lijadoras		Lijadora de Banda y Disco Bauer 4x36 y 6 pulg 1/3 HP Mesa Inclinable
SUBCATEGORÍA	p387297	Herramientas/None	Herramientas/Hidrolavadoras		Hidrolavadora Electrica Bauer 2300 Psi Color Rojo
SUBCATEGORÍA	p387298	Herramientas/None	Herramientas/Hidrolavadoras		Hidrolavadora Electrica Bauer 2000 Psi Color Rojo/negro
SUBCATEGORÍA	p387299	Herramientas/None	Herramientas/Hidrolavadoras		Hidrolavadora Electrica Bauer 3000 Psi 1.1 Gpm Brushless Rojo 60
SUBCATEGORÍA	p387300	Herramientas/None	Herramientas/Hidrolavadoras		Hidrolavadora Eléctrica Portátil Bauer 1800 Psi 1.2 Gpm Rojo 60 Hz
SUBCATEGORÍA	p387301	Herramientas/None	Herramientas/Hidrolavadoras		Hidrolavadora Inalambrica Bauer 20 V - Solo Herramienta Color Rojo Frecuencia 60hz
SUBCATEGORÍA	p387302	Herramientas/None	Herramientas/Organización		Pearington Organizador Modular De Herramientas Electricas Co
SUBCATEGORÍA	p387303	Herramientas/None	Herramientas/Organización		Organizador De Herramientas Electricas Con Estacion De Carga
SUBCATEGORÍA	p387304	Herramientas/None	Herramientas/Brocas		Broca Hoyadora Raosa para Mototaladro de 1 mm
SUBCATEGORÍA	p387305	Herramientas/None	Herramientas/Brocas		Broca Hoyadora Para Mototaladro 100mm 54-01-100 Raosa
SUBCATEGORÍA	p387306	Herramientas/None	Herramientas/Brocas		Broca Hoyadora Para Mototaladro 150mm 54-01-150 Raosa
SUBCATEGORÍA	p387307	Herramientas/None	Herramientas/Puntas y dados de impacto		Punta Broca Escalonada Raosa de 15x80 para Mototaladro Hoyadora Kawashima
SUBCATEGORÍA	p387308	Herramientas/None	Herramientas/Llaves y dados		Llave Española Raosa 8x10 de 8 x 10 mm en Metal
SUBCATEGORÍA	p387309	Herramientas/None	Herramientas/Desarmadores y puntas		Desarmador Para Carburador Tipo Pacman Raosa
SUBCATEGORÍA	p387310	Herramientas/None	Herramientas/Atornilladores		Desarmador Destornillador Para Carburador Tipo Pacman Raosa
SUBCATEGORÍA	p387311	Herramientas/None	Herramientas/Jardinería		Desarmador Raosa con Punta Plana y Cruz para Motosierras y Desbrozadoras
SUBCATEGORÍA	p387312	Herramientas/None	Herramientas/Lijadoras		Lijadora Hoja 1/4 Pul 200W Black+Decker Bs200
SUBCATEGORÍA	p387313	Herramientas/None	Herramientas/Lijadoras		Lijadora profesional orbital Black+Decker BS200 5140209-71 naranja 60Hz 200W
SUBCATEGORÍA	p387314	Herramientas/None	Herramientas/Lijadoras		Lijadora Orbital Hoja 1/3 Pul 135W Black+Decker Bdero100 Con Colector de Polvo
SUBCATEGORÍA	p387315	Herramientas/None	Herramientas/Lijadoras		Lijadora Orbital 1/4 De Hoja 200w Bs200-b3 Black+decker - Naranja - 50 Hz
SUBCATEGORÍA	p387316	Herramientas/None	Herramientas/Lijadoras		Lijadora Orbital 1/4 Hoja 200w Black+decker Bs200-b3 Color Naranja Frecuencia 60 Hz
SUBCATEGORÍA	p387317	Herramientas/None	Herramientas/Lijadoras		Lijadora Orbital Black & Decker Eléctrica De 1/4 De Hoja De 2,0 Amperios
SUBCATEGORÍA	p387318	Herramientas/None	Herramientas/Hidrolavadoras		Hidrolavadora Eléctrica, Total, Iusa, 1400 W., 1.9 Hp
SUBCATEGORÍA	p387319	Herramientas/None	Herramientas/Jardinería		Manguera Foy Mang31 Para Hidro Lavadora Hl316 /v Color Negro
SUBCATEGORÍA	p387320	Herramientas/None	Herramientas/Hidrolavadoras		Hidrolavadora Eléctrica 1200 W 127 V 1350 Psi. 5.5 Lt Foy
SUBCATEGORÍA	p387321	Herramientas/None	Herramientas/Hidrolavadoras		Lanza para Hidrolavadora Eléctrica Raosa HP1600 Negra
SUBCATEGORÍA	p387322	Herramientas/None	Herramientas/Llaves y dados		Llave Combinada BGS Technic 1065 de Acero Cromado para Mecánica
SUBCATEGORÍA	p387323	Herramientas/None	Herramientas/Llaves y dados		Llave Combinada BGS Technic de 10 mm en Acero Cromo Vanadio
SUBCATEGORÍA	p387324	Herramientas/None	Herramientas/Llaves y dados		Llave Combinada BGS Technic de 1/2" Pulgada, Cromada y de Acero
SUBCATEGORÍA	p387325	Herramientas/None	Herramientas/Llaves y dados		Llave Combinada Con Matraca 13mm Lion Tools 2940
SUBCATEGORÍA	p387326	Herramientas/None	Herramientas/Llaves y dados		Matraca Reversible 3/8 Cabeza Redonda Lion Tools
SUBCATEGORÍA	p387327	Herramientas/None	Herramientas/Llaves y dados		Llave caño Pittsburgh
SUBCATEGORÍA	p387328	Herramientas/None	Herramientas/Llaves y dados		Juego Llaves Combinadas Pittsburgh Pro Cromo Vanadio
SUBCATEGORÍA	p387329	Herramientas/None	Herramientas/Llaves y dados		Trinquete Profesional De 3/8 De PuLG. Pittsburgh
SUBCATEGORÍA	p387330	Herramientas/None	Herramientas/Llaves y dados		Juego De Llaves Combinadas Trinquete Pittsburgh Cromadas Metricas
SUBCATEGORÍA	p387331	Herramientas/None	Herramientas/Llaves y dados		Juego De Llaves Ajustables Pittsburgh, 3 Piezas Color Silver
SUBCATEGORÍA	p387332	Herramientas/None	Herramientas/Llaves y dados		Rarchet Matraca Pittsburgh De 1/2 Flexible A 360
SUBCATEGORÍA	p387333	Herramientas/None	Herramientas/Llaves y dados		Juego Llaves Combinadas Trinquete Pittsburgh 7 Pzas SAE Cromado
SUBCATEGORÍA	p387334	Herramientas/None	Herramientas/Llaves y dados		Llave Combinada Pittsburgh 44718 Color Plateado Con Acabado 0
SUBCATEGORÍA	p387335	Herramientas/None	Herramientas/Llaves y dados		Matraca Llave Trinquete Flexible Pittsburgh 1/2" Maneral Largo Cromo
SUBCATEGORÍA	p387336	Herramientas/None	Herramientas/Llaves y dados		Juego Llaves Allen T Acero Vanadio Cromado Pittsburgh 8 Pzas
SUBCATEGORÍA	p387337	Herramientas/None	Herramientas/Llaves y dados		Juego Llave Crique Matraca Fija Acero Cromado Pittsburgh 62305
SUBCATEGORÍA	p387338	Herramientas/None	Herramientas/Llaves y dados		Llave Ajustable Extensible Pittsburgh 12" a 16" Acero Cromo-Vanadio
SUBCATEGORÍA	p387339	Herramientas/None	Herramientas/Llaves y dados		Llave Crique Flexible 3/8" 72 Dientes Cromo Vanadio Pittsburgh
SUBCATEGORÍA	p387340	Herramientas/None	Herramientas/Llaves y dados		Juego De Llaves De 7 Piezas Crique Pittsburgh Sae Xtm C
SUBCATEGORÍA	p387341	Herramientas/None	Herramientas/Llaves y dados		Pittsburgh Juego Extensiones Para Matraca 9 Piezas Acero Cromo Vanadio
SUBCATEGORÍA	p387342	Herramientas/None	Herramientas/Juegos de herramientas		Adaptadores de Enchufe Pittsburgh 4 Piezas Acero Cromo Vanadio Marcas Visibilidad
SUBCATEGORÍA	p387343	Herramientas/None	Herramientas/Plomería		Llave Stilson 24" Pittsburgh Aluminio Ligera para Tuberías 7,62 cm
SUBCATEGORÍA	p387344	Herramientas/None	Herramientas/Llaves y dados		Juego de Llaves Extractoras de Pernos Pittsburgh 9pzas 3/8Pulg Golpe
SUBCATEGORÍA	p387345	Herramientas/None	Herramientas/Llaves y dados		Set de Llaves Combinadas Pittsburgh Métricas Acero Cromado 7-19 mm
SUBCATEGORÍA	p387346	Herramientas/None	Herramientas/Llaves y dados		Juego 10 Llaves Hexagonales Allen T Acero Cromo Vanadio Pittsburgh
SUBCATEGORÍA	p387347	Herramientas/None	Herramientas/Llaves y dados		Juego De Llaves Pericas Ajustables 4 Pz Marca Pittsburgh Color Negro
SUBCATEGORÍA	p387348	Herramientas/None	Herramientas/Llaves y dados		Juego Llaves Combinadas Trinquete 7 Piezas Pittsburgh Acero Cr-V
SUBCATEGORÍA	p387349	Herramientas/None	Herramientas/Llaves y dados		Llave Crique Pittsburgh 1/2" Bastón Retráctil Extensible 46cm TPR
SUBCATEGORÍA	p387350	Herramientas/None	Herramientas/Llaves y dados		Ratchet Matraca 1/2 Pittsburgh Industrial Negro Heavy Duty 72 Dientes
SUBCATEGORÍA	p387351	Herramientas/None	Herramientas/Herramientas manuales		Crique con Cabeza Fija Pittsburgh Professional 1/4" de Vanadio Cromo
SUBCATEGORÍA	p387352	Herramientas/None	Herramientas/Llaves y dados		Llave Stilson Pittsburgh 36 PulG Aluminio Liviana Para Tubos 4 PulG
SUBCATEGORÍA	p387353	Herramientas/None	Herramientas/Llaves y dados		Llave Matraca 1/4 Estriada 72 Dientes Pittsburgh Pro Antideslizante
SUBCATEGORÍA	p387354	Herramientas/None	Herramientas/Plomería		Llave De Correa Para Tubería Ajustable 6" Y 4" Pittsburgh Negra
SUBCATEGORÍA	p387355	Herramientas/None	Herramientas/Llaves y dados		Juego De 7 Llaves De Trinquete Ratcheting Pittsburgh Xchws P Color Plateado
SUBCATEGORÍA	p387356	Herramientas/None	Herramientas/Llaves y dados		Llave Stilson Para Tubos De Acero 18'' Uso Rudo Pittsburgh Color Rojo
SUBCATEGORÍA	p387357	Herramientas/None	Herramientas/Llaves y dados		Juego de Llaves Allen Pittsburgh, con Mango en T y Medidas SAE
SUBCATEGORÍA	p387358	Herramientas/None	Herramientas/Llaves y dados		Juego de Llaves Torx 7 Piezas T5-T15 Acero S2 Marca Pittsburgh
SUBCATEGORÍA	p387359	Herramientas/None	Herramientas/Llaves y dados		Juego De Llaves 9 Piezas Estandar Sae Pittsburgh 1/4 - 3/4
SUBCATEGORÍA	p387360	Herramientas/None	Herramientas/Llaves y dados		Llave Abocinada Pittsburgh Pro 62312 Negra Cromada 1/4 y 3/8
SUBCATEGORÍA	p387361	Herramientas/None	Herramientas/Llaves y dados		Llave Matraca Doble Cabezal Flexible 1/4 3/8 PITTSBURGH Cromada 72 Dientes
SUBCATEGORÍA	p387362	Herramientas/None	Herramientas/Llaves y dados		Juego de Llaves Combinadas Pittsburgh Acero Cromado 1/4 a 1/2 Pulgadas
SUBCATEGORÍA	p387363	Herramientas/None	Herramientas/Llaves y dados		Juego Llaves Allen Mixtas SAE Métricas Torx Pittsburgh Acero Cromo
SUBCATEGORÍA	p387364	Herramientas/None	Herramientas/Llaves y dados		Juego Llaves Torx Pittsburgh 9 Piezas 1/4 y 3/8 Pulg Acero Cromo Vanadio
SUBCATEGORÍA	p387365	Herramientas/None	Herramientas/Llaves y dados		Llave Combinada Matraca PROFESIONAL DE PITTSBURGH 1/4" y 3/8" Acero Cromo 7 " 72 Dientes
SUBCATEGORÍA	p387366	Herramientas/None	Herramientas/Llaves y dados		Llave Combinada Multimétrica Pittsburgh para Tuercas Largas, de 12 a 19 mm, de Acero carbono
SUBCATEGORÍA	p387367	Herramientas/None	Herramientas/Llaves y dados		Rachet Matraca 3/8" y 1/4" Con Baston Retractil Extendible Color Rojo Pittsburgh Professional 62312
SUBCATEGORÍA	p387368	Herramientas/None	Herramientas/Llaves y dados		Juego 9 Llaves Allen Hexagonales Milimétrica Calidad Fixtec
SUBCATEGORÍA	p387369	Herramientas/None	Herramientas/Llaves y dados		Llave Francesa 6" Crv Cromado Mango Confort Fixtec
SUBCATEGORÍA	p387370	Herramientas/None	Herramientas/Llaves y dados		Llave Francesa 10 Crv Cromado Mango Confort Fixtec
SUBCATEGORÍA	p387371	Herramientas/None	Herramientas/Llaves y dados		Juego 9 Llaves Allen Hexagonales Milimétrica Largas Fixtec
SUBCATEGORÍA	p387372	Herramientas/None	Herramientas/Llaves y dados		Juego De Llaves Con Ratch Reparación Autos Calidad Fixtec
SUBCATEGORÍA	p387373	Herramientas/None	Herramientas/Llaves y dados		Juego 9 Llaves Allen Punta Bola Milimétrica Calidad Fixtec
SUBCATEGORÍA	p387374	Herramientas/None	Herramientas/Llaves y dados		Llave Ajustable Perico 12 Crv Cromado Mango Confort Fixtec
SUBCATEGORÍA	p387375	Herramientas/None	Herramientas/Llaves y dados		Llave Francesa Perico 8 Crv Cromado Mango Confort Fixtec
SUBCATEGORÍA	p387376	Herramientas/None	Herramientas/Llaves y dados		Kit Juego De 2 Llaves Universal Snap Grip Multiusos Fixtec
SUBCATEGORÍA	p387377	Herramientas/None	Herramientas/Llaves y dados		Juego 9 Llaves Allen Torx Medidas T10-t50 Calidad Fixtec
SUBCATEGORÍA	p387378	Herramientas/None	Herramientas/Llaves y dados		Juego 9 Llaves Allen Torx Medidas T10 - T50 Largas Fixtec
SUBCATEGORÍA	p387379	Herramientas/None	Herramientas/Llaves y dados		Juego De Dados Torx Y E Type 1/2 Fixtec Gris
SUBCATEGORÍA	p387380	Herramientas/None	Herramientas/Llaves y dados		Kit Juego De Llaves Con Matraca Combinadas 7 Piezas Fixtec Plateado
SUBCATEGORÍA	p387381	Herramientas/None	Herramientas/Llaves y dados		Juego Con 3 Llaves De Acero Ajustables 6'' 8'' 10'' Fixtec Plateado
SUBCATEGORÍA	p387382	Herramientas/None	Herramientas/Llaves y dados		Juego De Llaves Combinadas 8 Piezas 6 A 19 Mm Calidad Fixtec
SUBCATEGORÍA	p387383	Herramientas/None	Herramientas/Llaves y dados		Juego De Dados Hexagonales De 1/2 8 Piezas Fixtec Gris Oscuro
SUBCATEGORÍA	p387384	Herramientas/None	Herramientas/Llaves y dados		Juego De 11 Dados Torx De 1/4 Y 3/8 Fixtec Gris
SUBCATEGORÍA	p387385	Herramientas/None	Herramientas/Llaves y dados		Llave 8 En 1 Universal Multiuso Magentica Hoteche
SUBCATEGORÍA	p387386	Herramientas/None	Herramientas/Llaves y dados		Llave Ajustable 10 (perico) Con Grip Industrial Hoteche
SUBCATEGORÍA	p387387	Herramientas/None	Herramientas/Llaves y dados		Llave Combinada Con Matraca Plegable (10mm) Hoteche
SUBCATEGORÍA	p387388	Herramientas/None	Herramientas/Llaves y dados		Llave Mixta C/matraca 24 Mm Hoteche Española - Astriada 24 Mm
SUBCATEGORÍA	p387389	Herramientas/None	Herramientas/Llaves y dados		Llave Mixta C/matraca Flex 19 Mm Hoteche Española Astriada 19mm
SUBCATEGORÍA	p387390	Herramientas/None	Herramientas/Llaves y dados		Juego De 5 Llaves Tipo S De 10 A 19 Mm Hoteche
SUBCATEGORÍA	p387391	Herramientas/None	Herramientas/Llaves y dados		Llave Combinada Cromada Satinada Performance Tool 12 Puntos 5cm 2 Pulgadas
SUBCATEGORÍA	p387392	Herramientas/None	Herramientas/Atornilladores		Kit Destornillador Electrico Repara Celulares iPhone Fixtec
SUBCATEGORÍA	p387393	Herramientas/None	Herramientas/Atornilladores		Juego De 8 Destornilladores Con Mangos Bicolor Fixtec
SUBCATEGORÍA	p387394	Herramientas/None	Herramientas/Atornilladores		Kit Destornillador Ratch Tipo-t 47pzas Profesional Fixtec
SUBCATEGORÍA	p387395	Herramientas/None	Herramientas/Desarmadores y puntas		Kit 7 Desarmadores Precisión Para Laptops Celulares Fixtec Caja
SUBCATEGORÍA	p387396	Herramientas/None	Herramientas/Desarmadores y puntas		Set 6 Desarmadores Cruz Y Planos Iman Crv Industrial Fixtec
SUBCATEGORÍA	p387397	Herramientas/None	Herramientas/Atornilladores		Pack Destornilladores Magnéticos de Precisión Yixoo para Celular y Computadora
SUBCATEGORÍA	p387398	Herramientas/None	Herramientas/Desarmadores y puntas		Kit de Desarmadores de Precisión Yixoo con 115 Puntas Magnéticas (Sí) para Reparar Electrónica
SUBCATEGORÍA	p387399	Herramientas/None	Herramientas/Atornilladores		Kit de Destornilladores Magnéticos de Precisión Yixoo, 32 en 1, para Celulares, Laptops y Electrónic
SUBCATEGORÍA	p387400	Herramientas/None	Herramientas/Desarmadores y puntas		Kit de Desarmadores de Precisión Yixoo con 98 Puntas Magnéticas Intercambiables Para Reparación de C
SUBCATEGORÍA	p387401	Herramientas/None	Herramientas/Desarmadores y puntas		Kit Desarmador Precisión Igad 24 Puntas Imantadas Intercambiables
SUBCATEGORÍA	p387402	Herramientas/None	Herramientas/Desarmadores y puntas		Kit 6 Desarmadores Manuales Aislados 1000v Profesional Igad
SUBCATEGORÍA	p387403	Herramientas/None	Herramientas/Atornilladores		Destornillador Wera Tri-wing 375-0x80mm
SUBCATEGORÍA	p387404	Herramientas/None	Herramientas/Atornilladores		Micro Destornillador Wera Para Tornillos de Ranura
SUBCATEGORÍA	p387405	Herramientas/None	Herramientas/Desarmadores y puntas		Juego de Desarmadores de Precisión Weller con Mango Ergonómico, 6 Unidades
SUBCATEGORÍA	p387406	Herramientas/None	Herramientas/Desarmadores y puntas		Desarmador de Golpe Phillips Expert de 1/4"
SUBCATEGORÍA	p387407	Herramientas/None	Herramientas/Desarmadores y puntas		Desarmador Plano De Golpe 3/16'' X 3'' Truper Expert
SUBCATEGORÍA	p387408	Herramientas/None	Herramientas/Desarmadores y puntas		Juego 6 Desarmadores Santul Metálico Joyero Precisión
SUBCATEGORÍA	p387409	Herramientas/None	Herramientas/Desarmadores y puntas		Juego 6 Desarmadores Santul Plástico Precisión Electrónica
SUBCATEGORÍA	p387410	Herramientas/None	Herramientas/Plomería		Juego De 6 Desarmadores Mango Pvc - 8712 Santul
SUBCATEGORÍA	p387411	Herramientas/None	Herramientas/Plomería		Juego 6 Desarmadores Santul Cruz Y Plano Pvc Magnetizado
SUBCATEGORÍA	p387412	Herramientas/None	Herramientas/Plomería		Juego De 6 Desarmadores Mango De Pvc Santul 6670
SUBCATEGORÍA	p387413	Herramientas/None	Herramientas/Plomería		Desarmador Plano Santul de 5/16" con Mango de PVC
SUBCATEGORÍA	p387414	Herramientas/None	Herramientas/Desarmadores y puntas		Juego 7 Desarmadores Santul Cruz Y Plano Acetato De Golpe
SUBCATEGORÍA	p387415	Herramientas/None	Herramientas/Desarmadores y puntas		Juego De 9 Puntas 2 Pulgadas Santul 7475 Para Desarmador
SUBCATEGORÍA	p387416	Herramientas/None	Herramientas/Plomería		Desarmador Plano 1/4 X 6 Mango De Pvc 6663 Santul
SUBCATEGORÍA	p387417	Herramientas/None	Herramientas/Plomería		Desarmador Plano 3/16 X 4 Mango De Pvc 6660 Santul
SUBCATEGORÍA	p387418	Herramientas/None	Herramientas/Plomería		Desarmador Cruz 3/16 X 6 Mango De Pvc 6666 Santul
SUBCATEGORÍA	p387419	Herramientas/None	Herramientas/Plomería		Juego 2 Desarmadores Santul 1/4 Cruz Y Plano Pvc Trompo
SUBCATEGORÍA	p387420	Herramientas/None	Herramientas/Plomería		Desarmador Cruz 1/4 X 6 Mango De Pvc 6668 Santul
SUBCATEGORÍA	p387421	Herramientas/None	Herramientas/Plomería		Desarmador Cruz 5/16 X 6 Mango De Pvc 6669 Santul
SUBCATEGORÍA	p387422	Herramientas/None	Herramientas/Plomería		Desarmador Cruz 3/16 X 4 Mango De Pvc 6665 Santul
SUBCATEGORÍA	p387423	Herramientas/None	Herramientas/Atornilladores		Amartisan Juego De Destornilladores De 2 Piezas Y 12 Largos
SUBCATEGORÍA	p387424	Herramientas/None	Herramientas/Desarmadores y puntas		Juego De Desarmadores Pittsburgh, 8 Piezas
SUBCATEGORÍA	p387425	Herramientas/None	Herramientas/Atornilladores		Juego de Destornilladores 4 en 1 Pittsburgh
SUBCATEGORÍA	p387426	Herramientas/None	Herramientas/Atornilladores		Juego Destornilladores Torx 6 Piezas Pittsburgh Magnetizados
SUBCATEGORÍA	p387427	Herramientas/None	Herramientas/Desarmadores y puntas		Desarmador Ángulo Recto Matraca Pittsburgh Multipunta 8 Piezas
SUBCATEGORÍA	p387428	Herramientas/None	Herramientas/Atornilladores		Juego Destornilladores Pittsburgh 6 Piezas Punta Magnética Ergonómico
SUBCATEGORÍA	p387429	Herramientas/None	Herramientas/Juegos de herramientas		Juego Herramientas Tapicería PITTSBURGH Automotriz 5 Piezas Acero Inoxidable
SUBCATEGORÍA	p387430	Herramientas/None	Herramientas/Construcción		Juego Destornillador Pittsburgh 4 En 1 Multipunta Mango Goma Varilla 7.25 Pulgadas
SUBCATEGORÍA	p387431	Herramientas/None	Herramientas/Desarmadores y puntas		Juego de Desarmadores Toolman 4 Piezas Punta Plana y Phillips Magnetizadas
SUBCATEGORÍA	p387432	Herramientas/None	Herramientas/Desarmadores y puntas		Juego De Desarmadores Toolman Punta Phillips Y Plana Acero 2 Pzas
SUBCATEGORÍA	p387433	Herramientas/None	Herramientas/Desarmadores y puntas		Juego Desarmadores Toolman T 9500-06C 6 Piezas Punta Plana y Phillips
SUBCATEGORÍA	p387434	Herramientas/None	Herramientas/Pinzas y alicates		Pinza Cortacables Alta Palanca Journeyman Klein Tools
SUBCATEGORÍA	p387435	Herramientas/None	Herramientas/Pinzas y alicates		Pinzas De Presión Profesionales Nariz Larga 9'' 215mm Fixtec
SUBCATEGORÍA	p387436	Herramientas/None	Herramientas/Pinzas y alicates		Pinza de Corte Universal Fixtec de 6 Pulgadas para Electricistas
SUBCATEGORÍA	p387437	Herramientas/None	Herramientas/Pinzas y alicates		Knipex 74 01 140 - Alicate De Alta Potencia Knipex Color Rojo
SUBCATEGORÍA	p387438	Herramientas/None	Herramientas/Herramientas manuales		Knipex  8   3/4-inch Concreters 'nippers
SUBCATEGORÍA	p387439	Herramientas/None	Herramientas/Pinzas y alicates		Alicate de Punta Plana Knipex de Plástico
SUBCATEGORÍA	p387440	Herramientas/None	Herramientas/Pinzas y alicates		Alicates de Lineman Knipex de Apalancamiento Ultraalt
SUBCATEGORÍA	p387441	Herramientas/None	Herramientas/Pinzas y alicates		Alicate de Agarre Knipex para Sujeción Precisa
SUBCATEGORÍA	p387442	Herramientas/None	Herramientas/Pinzas y alicates		Alicate Corte Diagonal Knipex 18cm Fundas Multicomponentes
SUBCATEGORÍA	p387443	Herramientas/None	Herramientas/Herramientas manuales		Knipex Corte Diagonal De Electrónica Color Multi
SUBCATEGORÍA	p387444	Herramientas/None	Herramientas/Pinzas y alicates		Alicate Corte Diagonal De 7'' 1000v (7406180) Knipex
SUBCATEGORÍA	p387445	Herramientas/None	Herramientas/Pinzas y alicates		Alicate Frontal Knipex para Bulones 3mm Modelo 6101200
SUBCATEGORÍA	p387446	Herramientas/None	Herramientas/Pinzas y alicates		Knipex   9-inch Alto Apalancamiento Alicates De Combinacio
SUBCATEGORÍA	p387447	Herramientas/None	Herramientas/Pinzas y alicates		Alicates Knipex de Corte para Cables, de 24.1"
SUBCATEGORÍA	p387448	Herramientas/None	Herramientas/Pinzas y alicates		Alicates de Punta Redonda Knipex de 5.5 Pulgadas
SUBCATEGORÍA	p387449	Herramientas/None	Herramientas/Pinzas y alicates		Pinza Corte Diagonal Knipex 7005160 160mm Acero Cromado
SUBCATEGORÍA	p387450	Herramientas/None	Herramientas/Pinzas y alicates		Pinza Corte Frontal Bisel Knipex 6801180 7'' Acero Inoxidable
SUBCATEGORÍA	p387451	Herramientas/None	Herramientas/Pinzas y alicates		Pinza de Corte Diagonal Maple Tools de 6" para Cable y Alambre
SUBCATEGORÍA	p387452	Herramientas/None	Herramientas/Pinzas y alicates		Pinza miniatura de punta y corte KNOVA KN 320-MIN fabricada en acero cromo-níquel con acabado negro,
SUBCATEGORÍA	p387453	Herramientas/None	Herramientas/Pinzas y alicates		Pinza de corte diagonal de 5″ pulgadas KNOVA KN 305-G fabricado en acero cromo-níquel con mangos de 
SUBCATEGORÍA	p387454	Herramientas/None	Herramientas/Pinzas y alicates		Pinza de corte diagonal industrial de 7 pulgadas KNOVA KN 307‑GTP Fabricada en acero cromo niquel co
SUBCATEGORÍA	p387455	Herramientas/None	Herramientas/Martillos, cinceles y mazos		Martillo Bola Mango Fibra de Vidrio 16 Oz Maple Tools
SUBCATEGORÍA	p387456	Herramientas/None	Herramientas/Martillos, cinceles y mazos		Martillo Chiva 16 oz Uña Curva Maple Tools Mango Hickory Pack 3 Pzs
SUBCATEGORÍA	p387457	Herramientas/None	Herramientas/Martillos, cinceles y mazos		Martillo de Golpe Muerto Yiyitools 1 Libra Antichispas Antirebote Rojo
SUBCATEGORÍA	p387458	Herramientas/None	Herramientas/Martillos, cinceles y mazos		Martillo de Goma Yiyitools con Mango de Fibra Antivibración, 453.6 g
SUBCATEGORÍA	p387459	Herramientas/None	Herramientas/Martillos, cinceles y mazos		Yiyitools Yy-2-005 Martillo De Mazo De Goma Con Mango De Mad
SUBCATEGORÍA	p387460	Herramientas/None	Herramientas/Martillos, cinceles y mazos		Martillo Dead Blow Neiko 02848a De 3 Libras, Color Naranja N
SUBCATEGORÍA	p387461	Herramientas/None	Herramientas/Martillos, cinceles y mazos		Martillo Golpe Muerto Neiko 02846a 1 Libra Cabeza Acero Mango Antideslizante
SUBCATEGORÍA	p387462	Herramientas/None	Herramientas/Martillos, cinceles y mazos		Martillo De Goma 220gr Wadfow
SUBCATEGORÍA	p387463	Herramientas/None	Herramientas/Martillos, cinceles y mazos		Martillo De Maquinista Wadfow Whm1305
SUBCATEGORÍA	p387464	Herramientas/None	Herramientas/Martillos, cinceles y mazos		Martillo Magnetico 600g Wadfow Whm3360
SUBCATEGORÍA	p387465	Herramientas/None	Herramientas/Martillos, cinceles y mazos		Martillo De Albañil 600 G Wadfow Whm3306
SUBCATEGORÍA	p387466	Herramientas/None	Herramientas/Martillos, cinceles y mazos		Martillo Puñeta Y Tirador De Kit De 9 Pz Marca Valley
SUBCATEGORÍA	p387467	Herramientas/None	Herramientas/Martillos, cinceles y mazos		Edward Tools Martillo Mazo Goma 16 Oz Mango Fibra Vidrio Antideslizante
SUBCATEGORÍA	p387468	Herramientas/None	Herramientas/Martillos, cinceles y mazos		Martillo Chiva Pittsburgh Mango Fibra Vidrio 16oz Uña Curva
SUBCATEGORÍA	p387469	Herramientas/None	Herramientas/Martillos, cinceles y mazos		Martillo Bola Pittsburgh 95930 8oz Cabeza Acero Manija Fibra Vidrio
SUBCATEGORÍA	p387470	Herramientas/None	Herramientas/Martillos, cinceles y mazos		Marro Pittsburgh 5 Lb Goma Naranja Neón Para Chasis Automotriz
SUBCATEGORÍA	p387471	Herramientas/None	Herramientas/Martillos, cinceles y mazos		Martillo Marro Goma 4 Lb Naranja Neón Pittsburgh Modelo 41800
SUBCATEGORÍA	p387472	Herramientas/None	Herramientas/Martillos, cinceles y mazos		Martillo Bola De Goma Naranja Neón 1 Lb Pittsburgh 30cm
SUBCATEGORÍA	p387473	Herramientas/None	Herramientas/Martillos, cinceles y mazos		Martillo de Impacto de Goma 3 Lb Pittsburgh Naranja Neón 1360g
SUBCATEGORÍA	p387474	Herramientas/None	Herramientas/Martillos, cinceles y mazos		Pittsburgh Martillo Marro Goma Naranja Neón 2 Lb 30cm Modelo 41797
SUBCATEGORÍA	p387475	Herramientas/None	Herramientas/Martillos, cinceles y mazos		Martillo de Golpe Muerto Pittsburgh 3 Lb con Mango de Plástico
SUBCATEGORÍA	p387476	Herramientas/None	Herramientas/Martillos, cinceles y mazos		Martillo De Tachuelas Pittsburgh Cabeza De Acero 7 Oz Mango De Madera
SUBCATEGORÍA	p387477	Herramientas/None	Herramientas/Martillos, cinceles y mazos		Martillo de Bola 16 oz KNOVA KN 7516-MB Cabeza Acero Alto Carbono Pulida Mango Hickory Antiderrapant
SUBCATEGORÍA	p387478	Herramientas/None	Herramientas/Martillos, cinceles y mazos		Martillo De Bola de 24 oz KN 7524-MB KNOVA con cabeza de acero al alto carbono, Mango hickory de mad
SUBCATEGORÍA	p387479	Herramientas/None	Herramientas/Martillos, cinceles y mazos		Martillo de carpintero de 16 oz KN 7516-MFV KNOVA con mango fibra de vidrio de 33 cm y cabeza de ace
SUBCATEGORÍA	p387480	Herramientas/None	Herramientas/Prensas y sujeción		Prensa Sargento C 3'' Stanley 83-503 Cuerpo Hierro Fundido
SUBCATEGORÍA	p387481	Herramientas/None	Herramientas/Prensas y sujeción		Pack de Prensas F de Acero Shawty de 30 cm para Carpintería, con Ajuste Rápido y Agarre Antideslizan
SUBCATEGORÍA	p387482	Herramientas/None	Herramientas/Prensas y sujeción		Prensa Rápida de Palanca Bessey Acero Forjado Apertura 400mm
SUBCATEGORÍA	p387483	Herramientas/None	Herramientas/Prensas y sujeción		Bessey (cm34dr) Prensa Profunda 3 X 4 1/2
SUBCATEGORÍA	p387485	Herramientas/None	Herramientas/Prensas y sujeción		Bessey Abrazadera Doble Para Sargento De Barra Aprieta Canto
SUBCATEGORÍA	p387486	Herramientas/None	Herramientas/Prensas y sujeción		Prensa Sargento F Bessey SG80M Acero Forjado 800mm Trabajo Pesado
SUBCATEGORÍA	p387487	Herramientas/None	Herramientas/Prensas y sujeción		Prensa Sargento Bessey Barra Tipo F 2.5x12 Pulgadas Ajuste Rápido
SUBCATEGORÍA	p387488	Herramientas/None	Herramientas/Prensas y sujeción		Prensa Tubo 3/4 Bessey BPC-H34 Con Ajuste Rápido Carpintería
SUBCATEGORÍA	p387489	Herramientas/None	Herramientas/Prensas y sujeción		Prensa Sargento F Bessey LM50/10 Apertura 500mm Ajuste Rápido 50cm
SUBCATEGORÍA	p387490	Herramientas/None	Herramientas/Prensas y sujeción		Prensa Angular Bessey WSM9 90 Grados con 7 Tapas para Carpintería
SUBCATEGORÍA	p387491	Herramientas/None	Herramientas/Juegos de herramientas		Mini prensa sargento C Bessey AM4 aluminio plata para bricolaje y modelismo
SUBCATEGORÍA	p387492	Herramientas/None	Herramientas/Prensas y sujeción		Prensa Sargento Esquinera Bessey WS-3+2K Ajuste Rápido Metal Pack 3
SUBCATEGORÍA	p387493	Herramientas/None	Herramientas/Prensas y sujeción		Par De Prensas Para Mesa Bessey Ws-3 Ws-6 S-10 K-body Revo
SUBCATEGORÍA	p387494	Herramientas/None	Herramientas/Prensas y sujeción		Irwin Prensa Con Resorte 9
SUBCATEGORÍA	p387495	Herramientas/None	Herramientas/Prensas y sujeción		Prensa Multiusos Irwin De 2pLG
SUBCATEGORÍA	p387496	Herramientas/None	Herramientas/Pinzas y alicates		Prensa De Mano 59400cd Irwin
SUBCATEGORÍA	p387497	Herramientas/None	Herramientas/Prensas y sujeción		Prensa De Barra 24'' Irwin 1868060
SUBCATEGORÍA	p387498	Herramientas/None	Herramientas/Prensas y sujeción		Prensa Resorte Quick Grip 3 Irwin 58300
SUBCATEGORÍA	p387499	Herramientas/None	Herramientas/Prensas y sujeción		Prensa Sargento Uso Medio 60 Cm Irwin 1964720
SUBCATEGORÍA	p387500	Herramientas/None	Herramientas/Prensas y sujeción		Prensa 9 pulgadas Vice Grip 868223 Irwin Practico
SUBCATEGORÍA	p387501	Herramientas/None	Herramientas/Prensas y sujeción		Prensa De Barra De 20 Cm 8 Sargento Irwin
SUBCATEGORÍA	p387502	Herramientas/None	Herramientas/Prensas y sujeción		Prensa De Barra 12 PuLG Uso Medio Irwin 223112
SUBCATEGORÍA	p387503	Herramientas/None	Herramientas/Prensas y sujeción		Mini Prensa Sargento Rapida 30cm 12 Quickgrip 2006022 Irwin
SUBCATEGORÍA	p387504	Herramientas/None	Herramientas/Prensas y sujeción		Juego De Prensas Irwin Quick-grip Para Carpintería Pinzas
SUBCATEGORÍA	p387505	Herramientas/None	Herramientas/Prensas y sujeción		Prensa sargento tubo Irwin 224134 con ajuste rápido Sí
SUBCATEGORÍA	p387506	Herramientas/None	Herramientas/Prensas y sujeción		Prensa Sargento 30 Cm 12 Inch Sl300 Quickgrip 2005992 Irwin
SUBCATEGORÍA	p387507	Herramientas/None	Herramientas/Prensas y sujeción		Prensa De Barra 15 Cm Presion 272 Kg Irwin 1868054
SUBCATEGORÍA	p387508	Herramientas/None	Herramientas/Prensas y sujeción		Prensa Resorte Irwin Quick-Grip de 2" con Ajuste Rápido
SUBCATEGORÍA	p387509	Herramientas/None	Herramientas/Prensas y sujeción		Prensa De Resorte De 15 Cm 6 Irwin | I6 1868222
SUBCATEGORÍA	p387510	Herramientas/None	Herramientas/Prensas y sujeción		Prensa De Gatillo De 6 PLG Irwin 1964758 4 Pz
SUBCATEGORÍA	p387511	Herramientas/None	Herramientas/Prensas y sujeción		Prensa Rápida IRWIN QUICK-GRIP 1964711 Con Ajuste Rápido 15cm
SUBCATEGORÍA	p387512	Herramientas/None	Herramientas/Prensas y sujeción		Prensa De Resorte Tipo Clamp Metal 3 PuLG Irwin Irw-222803
SUBCATEGORÍA	p387513	Herramientas/None	Herramientas/Prensas y sujeción		Prensas Quick-grip® Medium-duty 24 (60 Cm) Irwin (2005969)
SUBCATEGORÍA	p387514	Herramientas/None	Herramientas/Prensas y sujeción		Prensa Handi-Clamp Irwin Quick-Grip de 2 " con Gatillo de Liberación Rápida
SUBCATEGORÍA	p387515	Herramientas/None	Herramientas/Prensas y sujeción		Sargento Pittsburgh de 24" con Ajuste Rápido
SUBCATEGORÍA	p387516	Herramientas/None	Herramientas/Prensas y sujeción		Sargento C Pittsburgh Modelo 62123 Prensa Carpintería 12 Pulgadas
SUBCATEGORÍA	p387517	Herramientas/None	Herramientas/Prensas y sujeción		Sargento Guia Prensa Clamp 50 PuLG De Aluminio Pittsburgh
SUBCATEGORÍA	p387518	Herramientas/None	Herramientas/Prensas y sujeción		Prensa Esquinera Angular Pittsburgh 63653 Aluminio Aleación 90° Carpintería
SUBCATEGORÍA	p387519	Herramientas/None	Herramientas/Prensas y sujeción		Sargento C Pittsburgh 31255 Para Carpintería Hierro Fundido 3/4 Pul
SUBCATEGORÍA	p387520	Herramientas/None	Herramientas/Prensas y sujeción		Sargento Tipo C Pittsburgh con Ajuste Rápido 6 Pulgadas Acero y Nylon
SUBCATEGORÍA	p387521	Herramientas/None	Herramientas/Prensas y sujeción		Prensa Angular JOYGOD para Carpintería con Ajuste Rápido – Pack de 4 Unidades
SUBCATEGORÍA	p387523	Herramientas/None	Herramientas/Lijadoras		Lijadora Orbital Ridgid Electrica, 5 , 3 Amp
SUBCATEGORÍA	p387524	Herramientas/None	Herramientas/Lijadoras		Ridgid R8606b Gen5x 18 Voltios 5 Pulgadas. Lijadora Orbital
SUBCATEGORÍA	p387525	Herramientas/None	Herramientas/Lijadoras		Lijadora De Banda - Ridgid - De 3inx18in Con Airguard Tecnol
SUBCATEGORÍA	p387526	Herramientas/None	Herramientas/Lijadoras		Lijadora De 1/4 Hojas Ridgid R2501
SUBCATEGORÍA	p387527	Herramientas/None	Herramientas/Lijadoras		Lijadora Orbital Ridgid, Electrica, 6 PuLG, 4 Amp, Vel Var Color Naranja
SUBCATEGORÍA	p387528	Herramientas/None	Herramientas/Hidrolavadoras		HIDROLAVADORA ELECTRICA HUSKY JET145 1450 PSI 1400W.
SUBCATEGORÍA	p387529	Herramientas/None	Herramientas/Hidrolavadoras		Hidrolavadora Eléctrica Husky Power JET140 Amarilla 1.4kW 105bar con Accesorios
SUBCATEGORÍA	p387530	Herramientas/None	Herramientas/Hidrolavadoras		Hidrolavadora Industrial Gasolina 7 Hp Evans HC12L27MG0700TH
SUBCATEGORÍA	p387531	Herramientas/None	Herramientas/Hidrolavadoras		Hidrolavadora Eléctrica Magnet Plus 3hp Evans Hii08l20me300 Negro 60
SUBCATEGORÍA	p387532	Herramientas/None	Herramientas/Hidrolavadoras		Hidrolavadora Eléctrica Evans Hidroclean Box 1800w 2300psi Naranja 60hz
SUBCATEGORÍA	p387533	Herramientas/None	Herramientas/Hidrolavadoras		Hidrolavadora Hobby Clean2 Evans 6lpm 1300psi 1.5hp Naranja 60hz
SUBCATEGORÍA	p387534	Herramientas/None	Herramientas/Hidrolavadoras		Hidrolavadora Eléctrica Evans 2hp 8lpm 1500psi Color Negro
SUBCATEGORÍA	p387535	Herramientas/None	Herramientas/Hidrolavadoras		Hidrolavadora Eléctrica Evans Kb 2hp 120v 8lpm 1500psi Negro 60hz
SUBCATEGORÍA	p387536	Herramientas/None	Herramientas/Hidrolavadoras		Hidrolavadora Evans HC09L32MG0650TH 6.50hp Thunder Bomba Axial 9lpm 3200 Psi
SUBCATEGORÍA	p387537	Herramientas/None	Herramientas/Hidrolavadoras		Hidrolavadora Industrial Evans 3hp Kb Pro 1900psi 8lpm Color Negro
SUBCATEGORÍA	p387538	Herramientas/None	Herramientas/Hidrolavadoras		Hidrolavadora Hobby Clean Evans 6lpm 1600psi 1.5hp Color Naranja
SUBCATEGORÍA	p387539	Herramientas/None	Herramientas/Hidrolavadoras		Hidrolavadora 4en1, Aspiradora, Sopladora Evans Hobby Clean Color Naranja Electrica
SUBCATEGORÍA	p387540	Herramientas/None	Herramientas/Hidrolavadoras		Hidrolavadora Eléctrica Hobby Clean Evans 1200W 1350PSI Color Naranja oscuro
SUBCATEGORÍA	p387541	Herramientas/None	Herramientas/Hidrolavadoras		Hidrolavadora Hidro Clean Evans 1650w 6lpm 1800psi 4 Boquilla Color Naranja Frecuencia 60 Hz
SUBCATEGORÍA	p387542	Herramientas/None	Herramientas/Hidrolavadoras		Hidrolavadora eléctrica Evans KB HI08L15ME200-2P negro de 1.5kW con 1030bar de presión máxima - 60Hz
SUBCATEGORÍA	p387543	Herramientas/None	Herramientas/Juegos de herramientas		Bgs 1878 Opresor / Desmontador De Válvulas Reversible
SUBCATEGORÍA	p387544	Herramientas/None	Herramientas/Lijadoras		Lijadora Orbital 4 1/2 Pulgadas 260w Gladiator Color Gris Oscuro
SUBCATEGORÍA	p387545	Herramientas/None	Herramientas/Lijadoras		Lijadora Roto Orbital Recargable Gladiator Lr 8125/18 C1 Color Gris oscuro
SUBCATEGORÍA	p387546	Herramientas/None	Herramientas/Lijadoras		Lijadora 5 Pul. Roto Orbital 350 W , Gladiator Pro Color Gris Frecuencia 60hz
SUBCATEGORÍA	p387547	Herramientas/None	Herramientas/Lijadoras		Lijadora profesional roto orbital Gladiator LR 605 con sistema velcro gris 60Hz 300W
SUBCATEGORÍA	p387548	Herramientas/None	Herramientas/Juegos de herramientas		Hidrolavadora Profesional Alta Presión 2000 Psi Bgs 852200 Color Azul Frecuencia 60 Hz
SUBCATEGORÍA	p387549	Herramientas/None	Herramientas/Juegos de herramientas		Hidrolavadora industrial alta presión 2400 PSI Bgs 852400-mx color gris frecuencia 60Hz
SUBCATEGORÍA	p387550	Herramientas/None	Herramientas/Hidrolavadoras		Hidrolavadora 2,030 Psi 7hl1700c Bellota Color Rojo
SUBCATEGORÍA	p387551	Herramientas/None	Herramientas/Hidrolavadoras		Hidrolavadora Eléctrica Bellota 7hl1700c 2030 Psi Color Rojo Frecuencia 60 Hz
SUBCATEGORÍA	p387552	Herramientas/None	Herramientas/Hidrolavadoras		Hidrolavadora Eléctrica Bellota 7hl1400c 1,740 Psi Color Rojo Frecuencia 60 Hz
SUBCATEGORÍA	p387553	Herramientas/None	Herramientas/Hidrolavadoras		Hidrolavadora Eléctrica Bellota 7hl1100c 1595 Psi Color Rojo Frecuencia 60 Hz
SUBCATEGORÍA	p387554	Herramientas/None	Herramientas/Hidrolavadoras		Hidrolavadora 1650 W Motor De Carbones Lion Tools 7413 Color Verde Lima Frecuencia 60hz
SUBCATEGORÍA	p387555	Herramientas/None	Herramientas/Hidrolavadoras		Hidrolavadora Eléctrica WEISCO.MX Portátil Verde Lima para Uso Profesional
SUBCATEGORÍA	p387556	Herramientas/None	Herramientas/Escaleras		Escalera Telescópica 3.8 Metros Retráctil Aluminio Plegable Foreman
SUBCATEGORÍA	p387557	Herramientas/None	Herramientas/Escaleras		Escalera Telescópica Foreman Fojc-032 3.2 Mts Color Plateado
SUBCATEGORÍA	p387558	Herramientas/None	Herramientas/Neumáticas		Llave de Impacto Chicago Pneumatic CP7722 Rojo Cabezal Cuadrado
SUBCATEGORÍA	p387559	Herramientas/None	Herramientas/Neumáticas		Destornillador Neumático Chicago Pneumatic CP781 de 1/4"
SUBCATEGORÍA	p387560	Herramientas/None	Herramientas/Neumáticas		Destornillador recto Cp2622 Chicago Pneumatic Shut 1/4
SUBCATEGORÍA	p387561	Herramientas/None	Herramientas/Neumáticas		Zanco Negro Chicago Pneumatic para Llave de Impacto Modelo CA116251
SUBCATEGORÍA	p387562	Herramientas/None	Herramientas/Neumáticas		Pistola De Impacto De 12 Mm Chicago Pneumatic T024587
SUBCATEGORÍA	p387563	Herramientas/None	Herramientas/Neumáticas		Llave de Impacto Neumática Chicago Pneumatic CP734H Potente y Compacta
SUBCATEGORÍA	p387564	Herramientas/None	Herramientas/Neumáticas		Llave de Impacto 1/2" Chicago Pneumatic CP7732 Aire Compacta 450 ft lbs
SUBCATEGORÍA	p387565	Herramientas/None	Herramientas/Brocas		Xiaomi Kit Taladro Inalámbrico 12 Brocas de Acero S2 de Alta Calidad Vástago Extensible Adicional Ba
SUBCATEGORÍA	p387566	Herramientas/None	Herramientas/Sierras		Sierra Circular Eléctrica Chicago Electric Modelo 62448
SUBCATEGORÍA	p387567	Herramientas/None	Herramientas/Herramientas manuales		Aderezador de Muela Chicago 1682, para Muelas de Esmeril
SUBCATEGORÍA	p387568	Herramientas/None	Herramientas/Routers, fresadoras y multiherramientas		Router Chicago Electric 67119 1.103kW
SUBCATEGORÍA	p387569	Herramientas/None	Herramientas/Medición		Tanque De Aire Portátil Central Pneumatic 11 Galones 125 PSI Con Manómetro
SUBCATEGORÍA	p387570	Herramientas/None	Herramientas/Brocas		Broca Diamantada 2-1/2 PuLG 62 Mm Concreto Sacabocados Hilti
SUBCATEGORÍA	p387571	Herramientas/None	Herramientas/Brocas		Broca Rotomartillo Sds Plus 3/8 X 6 Pul Hilti Te-cx Ultimate
SUBCATEGORÍA	p387572	Herramientas/None	Herramientas/Brocas		Broca/ Mecha Taladro 1/2 - 6 Enc. Plus 4 Ptas. Te-cx Hilti
SUBCATEGORÍA	p387573	Herramientas/None	Herramientas/Baterías y cargadores de herramienta		Batería Hilti B22-110 Nuron 5.2ah
SUBCATEGORÍA	p387574	Herramientas/None	Herramientas/Baterías y cargadores de herramienta		Bateria 12v 2.6ah Para Atornillador Hilti Sid 2-a12
SUBCATEGORÍA	p387575	Herramientas/None	Herramientas/Neumáticas		Matraca Neumática 1/2 Phillips CP886H Chicago Pneumatic Mango Ergonómico
SUBCATEGORÍA	p387576	Herramientas/None	Herramientas/Atornilladores		Destornillador de carraca Xiaomi Mi 16-in-1 Ratchet Screwdriver Negro
SUBCATEGORÍA	p387577	Herramientas/None	Herramientas/Martillos, cinceles y mazos		Performance Tool Martillo
SUBCATEGORÍA	p387578	Herramientas/None	Herramientas/Neumáticas		Lijadora neumática Ingersoll Rand modelo 312A
SUBCATEGORÍA	p387579	Herramientas/None	Herramientas/Neumáticas		Lijadora Orbital Neumática Ingersoll Rand 328B Almohadilla 8 Pulgadas
SUBCATEGORÍA	p387580	Herramientas/None	Herramientas/Neumáticas		Lijadora Roto Orbital Ingersoll Rand 311A 6 Pulgadas 10000 RPM
SUBCATEGORÍA	p387581	Herramientas/None	Herramientas/Neumáticas		Ingersoll Rand 315g Edge Series Lijadora De Aire De Linea R
SUBCATEGORÍA	p387582	Herramientas/None	Herramientas/Neumáticas		Lijadora Neumatica De Doble Acción Ingersoll Rand 311g De 6 Pulga
SUBCATEGORÍA	p387583	Herramientas/None	Herramientas/Neumáticas		Ingersoll Rand 317-b - Lijadora De 3 Y 5 , Almohadilla De F
SUBCATEGORÍA	p387584	Herramientas/None	Herramientas/Lijadoras		Lijadora de banda Craftsman CMEW213 roja
SUBCATEGORÍA	p387585	Herramientas/None	Herramientas/Lijadoras		Lijadora Electrica Craftsman 3 Amp Random Color Rojo
SUBCATEGORÍA	p387586	Herramientas/None	Herramientas/Lijadoras		Lijadora Orbital Para Madera Inalámbrica Craftsman Color Rojo/Negro
SUBCATEGORÍA	p387587	Herramientas/None	Herramientas/Lijadoras		Lijadora Orbital Skil 5 Con Recolección De Polvo
SUBCATEGORÍA	p387588	Herramientas/None	Herramientas/Lijadoras		Lijadora De Palma Skil 7232
SUBCATEGORÍA	p387589	Herramientas/None	Herramientas/Lijadoras		Lijadora Orbital Con Caja De Polvo Ciclonica Skil 5 Pulgadas
SUBCATEGORÍA	p387590	Herramientas/None	Herramientas/Lijadoras		Lijadora De Detalles Skil 1amp Incluye 3 Piezas De Papel Lijadora
SUBCATEGORÍA	p387591	Herramientas/None	Herramientas/Lijadoras		Lijadora Orbital Skil Control Presión/// En 3 Días Color Rojo 110v
SUBCATEGORÍA	p387592	Herramientas/None	Herramientas/Lijadoras		Lijadora Orbital De Palma Skil Potencia 200w Rendimiento Color Negro Frecuencia 1
SUBCATEGORÍA	p387593	Herramientas/None	Herramientas/Lijadoras		Lijadora Eléctrica Skil, Multi-funcional, 1.2 Amp, Kit
SUBCATEGORÍA	p387594	Herramientas/None	Herramientas/Lijadoras		Skil | Lijadora De Banda | 6 A | Control De Presión |sandcat Color Rojo
SUBCATEGORÍA	p387595	Herramientas/None	Herramientas/Lijadoras		Lijadora profesional orbital Skil 7232 negro 50Hz/60Hz 200W
SUBCATEGORÍA	p387596	Herramientas/None	Herramientas/Lijadoras		Lijadora De Banda Skil 7640 900w Con Maletín Plástico Color Negro/Rojo Frecuencia 1
SUBCATEGORÍA	p387597	Herramientas/None	Herramientas/Lijadoras		Lijadora Orbital Con Indicador De Presion Skil 7366 Color Negro Frecuencia 50/60 Hz
SUBCATEGORÍA	p387598	Herramientas/None	Herramientas/Lijadoras		Lijadora de Banda Skil Sandcat 7510 con Control de Presión y Microfiltro para Madera
SUBCATEGORÍA	p387599	Herramientas/None	Herramientas/Neumáticas		Lijadora De Disco Chicago Pneumatic Cp870 Roja
SUBCATEGORÍA	p387600	Herramientas/None	Herramientas/Neumáticas		Chicago Pneumatic Cp7200s Mini Kit De Lijadora Orbital Aleat
SUBCATEGORÍA	p387601	Herramientas/None	Herramientas/Neumáticas		Lijadora de Disco Chicago Pneumatic CP7265S, Vertical para Acabados
SUBCATEGORÍA	p387602	Herramientas/None	Herramientas/Neumáticas		Lijadora Orbital Chicago Pneumatic CP3510 5 Pulgadas 12000 RPM 0.21 HP
SUBCATEGORÍA	p387603	Herramientas/None	Herramientas/Neumáticas		Lijadora Roto Orbital Chicago Pneumatic CP7255 con Órbita de 3/16"
SUBCATEGORÍA	p387604	Herramientas/None	Herramientas/Neumáticas		Lijadora De Banda Chicago Pneumatic Cp858 - Banda De 3/8 Pul
SUBCATEGORÍA	p387605	Herramientas/None	Herramientas/Neumáticas		Lijadora Orbital Aire Central Pneumatic Modelo 90115 Con Regulación
SUBCATEGORÍA	p387609	Herramientas/None	Herramientas/Hidrolavadoras		Hidrolavadora Craftsman Electrica, 1900 Psi 1.2 Gpm Color Rojo Frecuencia 0
SUBCATEGORÍA	p387610	Herramientas/None	Herramientas/Material eléctrico		Craftsman Lavadora Eléctrica A Presión, Agua Fría, 2400 Psi, 1.1 Gpm, Con Cable (cmepw2400)
SUBCATEGORÍA	p387611	Herramientas/None	Herramientas/Hidrolavadoras		Hidrolavadora Daewoo 2320 Psi Alta Presión 2100w Inducción Color Naranja Frecuencia No aplica
SUBCATEGORÍA	p387613	Herramientas/None	Herramientas/Hidrolavadoras		Hidrolavadora Eléctrica Powertools de 1200W con 1600 PSI para Autos y Patios
SUBCATEGORÍA	p45911	Instrumentos musicales/None	Instrumentos musicales/Accesorios		Control de Pie PHILIPS ACC2330 de 4 Pedales con Toque de Punta
SUBCATEGORÍA	p46052	Instrumentos musicales/None	Instrumentos musicales/Accesorios		Termostato normalmente cerrado 180° de baquelita
SUBCATEGORÍA	p46053	Instrumentos musicales/None	Instrumentos musicales/Accesorios		Termostato normalmente cerrado 115° de baquelita
SUBCATEGORÍA	p46398	Instrumentos musicales/None	Instrumentos musicales/Accesorios		Puño tipo cross set
SUBCATEGORÍA	p46399	Instrumentos musicales/None	Instrumentos musicales/Accesorios		Puño clasico caqui set
SUBCATEGORÍA	p46402	Instrumentos musicales/None	Instrumentos musicales/Accesorios		Puño clasico rojo set
SUBCATEGORÍA	p46403	Instrumentos musicales/None	Instrumentos musicales/Accesorios		Puño clasico negro set
SUBCATEGORÍA	p60533	Otros/	Otros/Estaciones de energía		Batería de expansión Anker Solix BP2000 GEN 2 Para la Estacion C2000 Gen 2
SUBCATEGORÍA	p86168	Iluminación/None	Iluminación/Tiras LED		MIYIHA Paquete De 10 * 1M Unidades Difus
SUBCATEGORÍA	p86211	Iluminación/None	Iluminación/Tiras LED		MIYIHA Paquete De 5 * 1M Unidades Difuso
