accion	id	de	a	motivo	nombre
SIN SUB	p108033	Juegos de mesa/Otros juegos			Casa de Juego de Fieltro Horizon Group USA 25x41 cm con 20 Accesorios
SIN SUB	p108044	Juegos de mesa/Otros juegos			Set Completo de Tarjetas Flash Little Economists – 8 Libros
SIN SUB	p108045	Juegos de mesa/Otros juegos			Mesa de arena y agua Elitevia 54x29x53 cm rosa con bomba eléctrica
SIN SUB	p108054	Juegos de mesa/Otros juegos			Set de Beer Pong GoPong Flotante con 3 Pelotas y Balsas Inflables
SIN SUB	p108058	Juegos de mesa/Otros juegos			Juego de 4 Pistolas de Agua Eléctricas Funwee con Luz LED y Disparo Automático
SIN SUB	p108077	Juegos de mesa/Otros juegos			CHARM Wixine Pies de Zorro Articulados en Hueso con Garras – 6 g Taxidermia
SIN SUB	p108089	Juegos de mesa/Otros juegos			Pizarra Mágica LCD Tarjetas Flash Español-Ingles Rosa
SIN SUB	p108113	Juegos de mesa/Otros juegos			Globos de Agua Reutilizables DZLUSJ 24 unidades
SIN SUB	p108114	Juegos de mesa/Otros juegos			Juego The Fidget Game Supermarket Squishy Spree 5‑8 años
SIN SUB	p108129	Juegos de mesa/Otros juegos			Alfombrilla de juego STORKY 61 × 36 cm con superficie de goma y bolsa de almacenamiento
SIN SUB	p108144	Juegos de mesa/Otros juegos			Alfombrilla de juego STORKY 61x36 cm con bordes cosidos y base antideslizante
SIN SUB	p108168	Juegos de mesa/Otros juegos			Libro Simon Spotlight: Angelina Ballerina
SIN SUB	p108172	Juegos de mesa/Otros juegos			PUZZLES iDventure Cluepuzzle Caja Maravilla de Alicia
SIN SUB	p108190	Juegos de mesa/Otros juegos			Laberinto de Cuentas de Madera Fisher‑Price – Juguete de Actividad
SIN SUB	p108192	Juegos de mesa/Otros juegos			Pizarra Mágica LEXiBOOK Spider-Man 28 cm
SIN SUB	p108198	Juegos de mesa/Otros juegos			Kit de Excavación Gem Pets Zorro Rojo Rubí - Tesoro
SIN SUB	p108201	Juegos de mesa/Otros juegos			Kit de Excavación Gem Pets: Tesoro de Cachorro Esmeralda Verde
SIN SUB	p108203	Juegos de mesa/Otros juegos			Kit de Excavación Gem Pets Conejo Púrpura Diamante
SIN SUB	p108205	Juegos de mesa/Otros juegos			Kit de Excavación Gem Pets Gato Zafiro Azul Tesoro
SIN SUB	p108217	Juegos de mesa/Otros juegos			Juguete de Agua Lunch Money – Crece un Alce (crecimiento del 600%)
SIN SUB	p108226	Juegos de mesa/Otros juegos			Libro Sterling Ethos 1001: Serie de Tiradas de Tarot
SIN SUB	p108228	Juegos de mesa/Otros juegos			Bolso Tote C&H Solutions 55 cm x 30 cm Negro Mah Jongg
SIN SUB	p108235	Juegos de mesa/Otros juegos			Kit de Identificación de Minerales Colidcolor 13 piezas con lupa de mano y muestras
SIN SUB	p108239	Juegos de mesa/Otros juegos			Libro HarperCollins Biblia del Osito Tiny Bear (La historia del gran amor de Dios)
SIN SUB	p108241	Juegos de mesa/Otros juegos			Bola de latón EISCO con agujero de 25 mm para demostración de péndulo
SIN SUB	p108243	Juegos de mesa/Otros juegos			Libro Shadow Mountain Nando Volumen 4 Cuentos de Perros
SIN SUB	p108244	Juegos de mesa/Otros juegos			Juguete de Baño Waboba Sharky Tiburón 90 mm que Salta en el Agua
SIN SUB	p108263	Juegos de mesa/Otros juegos			Libro Simon & Schuster – Spooky Pookie (Little Pookie)
SIN SUB	p108266	Juegos de mesa/Otros juegos			Set de 6 títeres de dedo estrella de 10 cm en fieltro – ShaoAngDuoMi
SIN SUB	p108270	Juegos de mesa/Otros juegos			Libro HarperCollins Fuerte: Salmo 1 (La historia del gran amor de Dios)
SIN SUB	p108272	Juegos de mesa/Otros juegos			HarperCollins – Primeras Oraciones del Bebé
SIN SUB	p108275	Juegos de mesa/Otros juegos			Scholastic Libro Oficial X-Men: Cómo Dibujar
SIN SUB	p108293	Juegos de mesa/Otros juegos			Soporte para fichas American-Wholesaler Inc. 46 cm Azul zafiro
SIN SUB	p108298	Juegos de mesa/Otros juegos			Corralito Para Bebe Plegable Corral Gimnasio Rosa/Gris
SIN SUB	p108305	Juegos de mesa/Otros juegos			Set de Regalo de Barajas Forage Folk Trilogía
SIN SUB	p108307	Juegos de mesa/Otros juegos			Caja de madera con temática náutica de Shut The Box Game STERLING Games
SIN SUB	p108308	Juegos de mesa/Otros juegos			Globo Celestial EISCO 30 cm 445 cm Alto Estrella Vía Láctea
SIN SUB	p108309	Juegos de mesa/Otros juegos			Biblia HarperCollins Tiny Theologians Rosa
SIN SUB	p108311	Juegos de mesa/Otros juegos			Kit de geología GeLaozee – 13 piezas para identificación de minerales
SIN SUB	p108312	Juegos de mesa/Otros juegos			Alfombrilla de juego Realm Guard 36x61 cm dibujada a mano antideslizante
SIN SUB	p108316	Juegos de mesa/Otros juegos			Kit de Óptica Láser para Aula (Grados 2‑8) RGB LED
SIN SUB	p108321	Juegos de mesa/Otros juegos			Tablero de Galton Dimind 32 cm Modelo de Probabilidad con 17 500 Cuentas
SIN SUB	p108324	Juegos de mesa/Otros juegos			Aparato de demostración del efecto Doppler EISCO 0.8 m 92 dB
SIN SUB	p108342	Juegos de mesa/Otros juegos			ALFOMBRILLA DE JUEGO Gamegenic Altered Trial By Frost 61 × 35 cm
SIN SUB	p108377	Juegos de mesa/Otros juegos			Alfombrilla de juego STORKY 61 cm x 36 cm de goma antideslizante con gato
SIN SUB	p108379	Juegos de mesa/Otros juegos			Cubo Laberinto Actividades 7 En 1 Multicolor
SIN SUB	p108380	Juegos de mesa/Otros juegos			Laberinto De Cuentas 3 Caminos Multicolor
SIN SUB	p108381	Juegos de mesa/Otros juegos			Juego Mesa Equilibrio Linda Rana Rojo
SIN SUB	p108392	Juegos de mesa/Otros juegos			Cartel de emociones Yoink 81 tarjetas – Rincón de calma
SIN SUB	p108400	Juegos de mesa/Otros juegos			Pizarra Mágica LEXiBOOK Pitufos 28 cm
SIN SUB	p108401	Juegos de mesa/Otros juegos			Juego de Construcción de Mazos BANDAI Resident Evil: Mercenarios
SIN SUB	p108403	Juegos de mesa/Otros juegos			Música WARNER BROS Love Is Such a Funny Game
SIN SUB	p108407	Juegos de mesa/Otros juegos			Juego Nintendo Splatoon Raiders: Shooter de Acción
SIN SUB	p108409	Juegos de mesa/Otros juegos			Caballito Montable Mecedora Balance Con Efectossonido Reales  VANLIG | Color Marrón Claro
SIN SUB	p108416	Juegos de mesa/Otros juegos			Globos reutilizables Bunch O Balloons de ZURU paquete de 10
SIN SUB	p108420	Juegos de mesa/Otros juegos			Caja de Ahorro MoliDow de Madera - Bóveda de Efectivo $10000
SIN SUB	p108424	Juegos de mesa/Otros juegos			Libro Careland: Jack McAfghan – Rainbow Bridge
SIN SUB	p108425	Juegos de mesa/Otros juegos			Kit de motor para pista de canicas PlayMonster 10 cm x 8 cm
SIN SUB	p108427	Juegos de mesa/Otros juegos			Rueda de oración tibetana DMtse 38x115 mm juego de 2
SIN SUB	p108430	Juegos de mesa/Otros juegos			Set de Campeones Sneaky PEET de Godtear (Steamforged Games)
SIN SUB	p108432	Juegos de mesa/Otros juegos			Fósiles de dientes de tiburón – Caja de colección Fabrvog y lupa
SIN SUB	p108438	Juegos de mesa/Otros juegos			Pegatina Elsqolro 25 × 17 cm 20 hojas Frutas y Verduras
SIN SUB	p108440	Juegos de mesa/Otros juegos			Bandeja para tarjetas KIHACO 125 × 75 × 45 cm de bambú – juego de 2
SIN SUB	p108446	Juegos de mesa/Otros juegos			Fósiles Fabrvog 4‑5 cm con caja y lupa
SIN SUB	p108451	Juegos de mesa/Otros juegos			Kit de Globos de Agua Kiddie Play 500 unidades con Bomba de Llenado
SIN SUB	p108488	Juegos de mesa/Otros juegos			Libro DELL "El lenguaje de los animales: 7 pasos para comunicarte con los animales"
SIN SUB	p108493	Juegos de mesa/Otros juegos			Squishy Maker Station Doctor Squish Edición exclusiva de Amazon
SIN SUB	p108497	Juegos de mesa/Otros juegos			Kit de modelo de motor Stirling de aire caliente Heligotech con luz LED
SIN SUB	p108498	Juegos de mesa/Otros juegos			Publications International – Juegos de Cerebro “Encuentra al Gato”
SIN SUB	p108499	Juegos de mesa/Otros juegos			Bantam – El libro completo de solitario y juegos de paciencia (225 juegos)
SIN SUB	p108502	Juegos de mesa/Otros juegos			Imanes decorativos Tienda LEAN Pack de 25 caritas sonrientes 25 cm
SIN SUB	p108504	Juegos de mesa/Otros juegos			Libro Clarion: Cuenta Ratones
SIN SUB	p108514	Juegos de mesa/Otros juegos			Plantilla Grande Redonda para Hacer Yo-Yós Clover Fácil de Usar
SIN SUB	p108519	Juegos de mesa/Otros juegos			Libro Marvel: Predator mata el Universo Marvel (Nuevo)
SIN SUB	p108527	Juegos de mesa/Otros juegos			Kit de Construcción Artística Machine Works – Modelo de Motor V8 con Realidad Aumentada
SIN SUB	p108529	Juegos de mesa/Otros juegos			El libro de imágenes de cachorros
SIN SUB	p108532	Juegos de mesa/Otros juegos			Juego de Disc Golf de Escritorio Mini Ediciones Running Press
SIN SUB	p108536	Juegos de mesa/Otros juegos			Libro Thomas Nelson Operación Tiro Truco Dude Perfect Panda
SIN SUB	p108539	Juegos de mesa/Otros juegos			Libro ilustrado de arte popular Clarion Día de Mercado para edades 0-3
SIN SUB	p108542	Juegos de mesa/Otros juegos			Teaching Stones Yellow Door Huellas de Animales de Granja Paquete de 8 Piedras de 8 cm
SIN SUB	p108572	Juegos de mesa/Otros juegos			Placa de Prototipado Elenco 9440C con 3220 Puntos de Contacto
SIN SUB	p108573	Juegos de mesa/Otros juegos			Juego de sobremesa de superhéroes Atomic Mass Marvel Crisis Protocol
SIN SUB	p108579	Juegos de mesa/Otros juegos			Juego The Learning Company Super Solvers Rescate a Medianoche
SIN SUB	p108585	Juegos de mesa/Otros juegos			ZURU - Juguete (339-36589_4894680025981)
SIN SUB	p108599	Juegos de mesa/Otros juegos			Gorra de Seguimiento EEG DIGIPACE 64 Electrodos Sistema 10-20
SIN SUB	p108604	Juegos de mesa/Otros juegos			Herramienta de Plegado Makedo Fold-Roller para Esculpir Cartón
SIN SUB	p108606	Juegos de mesa/Otros juegos			Kit de Rinconcito de Libros DIY Tonecheer Mundo de Vincent con Luz LED
SIN SUB	p108609	Juegos de mesa/Otros juegos			Set de Bolas de Billar Aramith Crown 5.7 cm Magnéticas
SIN SUB	p108620	Juegos de mesa/Otros juegos			Casa para Insectos Lulu Home Hotel de Bichos de Madera 26x9x14 cm
SIN SUB	p108636	Juegos de mesa/Otros juegos			Set de Globos de Agua ABEAMIX con 2 Resorteras y 25 Pelotas Suaves
SIN SUB	p108643	Juegos de mesa/Otros juegos			Libro Ace El Ojo de la Novia de Bedlam Dungeon Crawler
SIN SUB	p108645	Juegos de mesa/Otros juegos			Bolsa de Suerte con Oro Garantizado Bobby Nugget California
SIN SUB	p108648	Juegos de mesa/Otros juegos			Set Completo Brain Challenger miniLUK Beyond123
SIN SUB	p108658	Juegos de mesa/Otros juegos			Libro Running Press Mini Ediciones Itty-Bitty Marquee
SIN SUB	p108668	Juegos de mesa/Otros juegos			Bomba de Agua Exokugo Diseño de Ballena 3 Modos de Rociado Impermeable
SIN SUB	p108673	Juegos de mesa/Otros juegos			Mini Terrario Mi Jardín de Hadas Rincón de Ortigas
SIN SUB	p108681	Juegos de mesa/Otros juegos			Set de juego Popdarts PRO Pack (Rizzle) con ventosa para interiores y exteriores
SIN SUB	p108682	Juegos de mesa/Otros juegos			Set de juego Outdoor Flying Disc Bottle Bash USA con postes y botellas
SIN SUB	p108683	Juegos de mesa/Otros juegos			Juego Foxtail con luces LED para lanzar y atrapar al aire libre
SIN SUB	p108695	Juegos de mesa/Otros juegos			Set de 2 Pistolas de Agua XSHOT Fast-Fill Medianas 700 ml
SIN SUB	p108698	Juegos de mesa/Otros juegos			Set de 4 Pistolas de Agua Super Soaker Mini Dunk-Fill 101 ml
SIN SUB	p108699	Juegos de mesa/Otros juegos			Juego Activo Little Tikes Luz Roja Luz Verde
SIN SUB	p108714	Juegos de mesa/Otros juegos			Craft Kit dazzidoo miniazulejo magnético con 12 imanes para azulejos
SIN SUB	p108715	Juegos de mesa/Otros juegos			Herramienta para atrapar insectos Carson BugView lupa de liberación rápida color verde
SIN SUB	p108721	Juegos de mesa/Otros juegos			Kit de Modelo Musical 3D de Madera Tonecheer Nave Viajera del Viento
SIN SUB	p108729	Juegos de mesa/Otros juegos			Juego de Hockey de Escritorio Running Press Mini Editions
SIN SUB	p108742	Juegos de mesa/Otros juegos			Paquete de 15 Pellets Grandes de Búho Cárabo Pioneer
SIN SUB	p108751	Juegos de mesa/Otros juegos			Flash Cards BLUE PANDA 205 banderas de países del mundo
SIN SUB	p108752	Juegos de mesa/Otros juegos			Microscopio de bolsillo Carson MicroBrite Plus 60x-120x con iluminación LED
SIN SUB	p108763	Juegos de mesa/Otros juegos			Circuito de canicas de madera Golden Age set de 60 piezas
SIN SUB	p108772	Juegos de mesa/Otros juegos			AR Interactive Globe Toy PlayShifu Orboot Earth Explorer
SIN SUB	p108775	Juegos de mesa/Otros juegos			Mini golf de escritorio
SIN SUB	p108776	Juegos de mesa/Otros juegos			Juego de curling de escritorio Running Press Mini Editions
SIN SUB	p108781	Juegos de mesa/Otros juegos			Mini coleccionables MGA's Miniverse Hello Kitty Serie 2 6 unidades
SIN SUB	p108823	Juegos de mesa/Otros juegos			Juego de ensamble Acrobageometrix Educrea
SIN SUB	p108824	Juegos de mesa/Otros juegos			Cilindros de encaje
SIN SUB	p108825	Juegos de mesa/Otros juegos			Laberinto Roller
SIN SUB	p108831	Juegos de mesa/Otros juegos			Pelota inflable 9 Square Castle Sports de 12" verde fluorescente
SIN SUB	p108835	Juegos de mesa/Otros juegos			Kit de arcilla KizDoToy Dino Land de 6 piezas set de modelado de secado al aire
SIN SUB	p108837	Juegos de mesa/Otros juegos			Lienzo para pintar por numero Florero blanco
SIN SUB	p108838	Juegos de mesa/Otros juegos			Lienzo para pintar por numero Romance París
SIN SUB	p108839	Juegos de mesa/Otros juegos			Lienzo para pintar por numero Los girasoles
SIN SUB	p108840	Juegos de mesa/Otros juegos			Lienzo para pintar por numero ojo
SIN SUB	p108841	Juegos de mesa/Otros juegos			Lienzo para pintar por numero La gran manzana
SIN SUB	p108843	Juegos de mesa/Otros juegos			Lienzo para pintar por numero Gallo loco
SIN SUB	p108860	Juegos de mesa/Otros juegos			Juego de ensamble Acrobageometrix
SIN SUB	p108862	Juegos de mesa/Otros juegos			Juego de ensamble Cadenamix
SIN SUB	p108864	Juegos de mesa/Otros juegos			Juego de ensamble Tubicolor
SIN SUB	p108866	Juegos de mesa/Otros juegos			Juego de ensamble Rocket
SIN SUB	p108881	Juegos de mesa/Otros juegos			Conjunto de actividades hand2mind MathLink Cubes Numberblocks 21-30
SIN SUB	p108892	Juegos de mesa/Otros juegos			Mesa de agua y arena Wee Wonders de 3 niveles con sombrilla y juguetes
SIN SUB	p108893	Juegos de mesa/Otros juegos			Kit Rainbow Loom Mighty Rainbow Case con 6000 ligas
SIN SUB	p108896	Juegos de mesa/Otros juegos			Puerta y ventanas de hadas para árbol con decoración que brilla en la oscuridad
SIN SUB	p108900	Juegos de mesa/Otros juegos			Agenda visual HANUSTARS de 60 piezas con bolsa para tareas
SIN SUB	p108905	Juegos de mesa/Otros juegos			Pelotas oficiales GoPong para beer pong paquete de 36 40 mm blancas
SIN SUB	p108909	Juegos de mesa/Otros juegos			Tabla magnética para el entrenamiento para ir al baño Bright Seed Sirenas Brillantes 30x25 cm
SIN SUB	p108913	Juegos de mesa/Otros juegos			Kit de práctica de soldadura tingbowie para entrenamiento en electrónica DIY
SIN SUB	p108918	Juegos de mesa/Otros juegos			Tarro de recompensas para entrenamiento para ir al baño Yoink con 27 fichas
SIN SUB	p108921	Juegos de mesa/Otros juegos			Pulidora de piedras VIYUKI de 3 lb de capacidad kit con motor de 120V
SIN SUB	p108925	Juegos de mesa/Otros juegos			Tangram de madera
SIN SUB	p108926	Juegos de mesa/Otros juegos			Lienzo para pintar ppn búho y luna
SIN SUB	p108927	Juegos de mesa/Otros juegos			Lienzo para pintar ppn aventura espacial
SIN SUB	p108928	Juegos de mesa/Otros juegos			Lienzo para pintar ppn leo el león
SIN SUB	p108929	Juegos de mesa/Otros juegos			Lienzo para pintar ppn pez 1
SIN SUB	p108930	Juegos de mesa/Otros juegos			Lienzo para pintar ppn elefante splash
SIN SUB	p108931	Juegos de mesa/Otros juegos			Lienzo para pintar ppn dinosuario
SIN SUB	p108941	Juegos de mesa/Otros juegos			Juego terapéutico StrongSuit Vibes 2 en 1 de diana emocional
SIN SUB	p108947	Juegos de mesa/Otros juegos			Tapete para juegos STORKY 61 x 36 cm de goma antideslizante de 3 mm de grosor
SIN SUB	p108948	Juegos de mesa/Otros juegos			Juego de tetherball de escritorio Running Press Mini Editions
SIN SUB	p108977	Juegos de mesa/Otros juegos			Rueda traductora de jerga Slang-o-Matic de Dissent Pins 20 x 22 cm
SIN SUB	p108981	Juegos de mesa/Otros juegos			Juego DŌTEKI Multiplayer Battle Pack Heatoru & Arctos
SIN SUB	p108997	Juegos de mesa/Otros juegos			Libro Novela corta «Subtraction» publicado de forma independiente
SIN SUB	p109021	Juegos de mesa/Otros juegos			Lienzo para pintar ppn tres perros
SIN SUB	p109022	Juegos de mesa/Otros juegos			Lienzo para pintar ppn tres gatos
SIN SUB	p109029	Juegos de mesa/Otros juegos			Libro publicado de forma independiente: ¿Preferirías... baloncesto?
SIN SUB	p109051	Juegos de mesa/Otros juegos			Colección temática Holiday Hands Edición 2026 de Mah Jongg
SIN SUB	p109088	Juegos de mesa/Otros juegos			Flotador de Sirena y Avión para Bebés con Pistola de Agua,Asiento Antivuelco de PVC con Diseño de Co
SIN SUB	p109099	Juegos de mesa/Otros juegos			Flotador para Bebés con Sombrilla y Asiento Antivuelco,Cámara de Agua de PVC con Protección Solar, H
SIN SUB	p109109	Juegos de mesa/Otros juegos			Libro Ace: El escenario del fin del mundo de Carl (Dungeon Crawler Carl)
SIN SUB	p109120	Juegos de mesa/Otros juegos			Kit de juguete Timetome Magic Water Elf con 20 geles y 10 moldes
SIN SUB	p109122	Juegos de mesa/Otros juegos			Juego de gato magnético promocional de escritorio-junk
SIN SUB	p109130	Juegos de mesa/Otros juegos			Juego de despedida de soltera Diakos 8 en 1 para 50 invitados
SIN SUB	p109137	Juegos de mesa/Otros juegos			Kit de geodas TruEnergy 20 cristales marroquíes reales 25-38 cm
SIN SUB	p109144	Juegos de mesa/Otros juegos			Kit de juguete Albxiu de elfos de agua mágicos con 22 geles y moldes
SIN SUB	p109154	Juegos de mesa/Otros juegos			Juguete MGA's Miniverse Make It Mini Spring DIY Crafts
SIN SUB	p109157	Juegos de mesa/Otros juegos			Juego de viaje de fichas Big Potato OK Play impermeable
SIN SUB	p109159	Juegos de mesa/Otros juegos			Kit de actividades Blue Marble Aventura Pirata con catalejo
SIN SUB	p109166	Juegos de mesa/Otros juegos			Kit de disección Tiburón Blanco Brillante Blue Marble Anatomía
SIN SUB	p109167	Juegos de mesa/Otros juegos			¿Qué con qué? asociación  de imágenes
SIN SUB	p109169	Juegos de mesa/Otros juegos			Sopa de silabas
SIN SUB	p109174	Juegos de mesa/Otros juegos			Play Space Evenflo versátil 6 paneles ajustables (gris frío)
SIN SUB	p109178	Juegos de mesa/Otros juegos			Baby Trend Lil' Snooze Deluxe III Cozy Mint con capazo
SIN SUB	p109180	Juegos de mesa/Otros juegos			Libro publicado de forma independiente Mi bebé deportista
SIN SUB	p109183	Juegos de mesa/Otros juegos			Providence (Tides of Fortune) - Libro de publicación independiente
SIN SUB	p109193	Juegos de mesa/Otros juegos			Kit Diorama de Animales de la Selva Tropical LuciPaw de 33 Piezas
SIN SUB	p109197	Juegos de mesa/Otros juegos			Mesa Multijuego 6 en 1 VANLIG | Plegable Billar Hockey Tenis Bolos Tejo
SIN SUB	p109228	Juegos de mesa/Otros juegos			Huevos de triops Red Longicaudatus GREEN WATER FARM 200 unidades
SIN SUB	p109238	Juegos de mesa/Otros juegos			Set de juego de arenero John Deere con 5 camiones y tapa
SIN SUB	p109239	Juegos de mesa/Otros juegos			Juego de Hilo Clásico Dan&Darci - Cat's Cradle
SIN SUB	p109241	Juegos de mesa/Otros juegos			BONNYCO Juego de 4 en Raya paquete de 16 mini juegos de mesa de viaje
SIN SUB	p109245	Juegos de mesa/Otros juegos			Ruleta de premios Pionites de 20 cm para mesa con marcador
SIN SUB	p109250	Juegos de mesa/Otros juegos			Libro Ace Dungeon Crawler Carl
SIN SUB	p109251	Juegos de mesa/Otros juegos			Libro This Inevitable Ruin: Dungeon Crawler Carl
SIN SUB	p109255	Juegos de mesa/Otros juegos			Juego de cuencos con fuente para baño y agua Toy PlanToys 5714
SIN SUB	p109256	Juegos de mesa/Otros juegos			Barquitos de baño SplashEZ set flotante de 3 piezas sin moho
SIN SUB	p109261	Juegos de mesa/Otros juegos			Juego de baloncesto de mesa Franklin Sports WNBA Mini Hoop
SIN SUB	p109270	Juegos de mesa/Otros juegos			Libro Ace: A Parade of Horribles (Dungeon Crawler Carl)
SIN SUB	p109273	Juegos de mesa/Otros juegos			ZL-YXL-ZQT
SIN SUB	p109319	Juegos de mesa/Otros juegos			Miniverse Make It Mini Hello Kitty Series 2 de MGA
SIN SUB	p109340	Juegos de mesa/Otros juegos			Tarjetas de conversación TALES Friends Edition 150 tarjetas
SIN SUB	p109346	Juegos de mesa/Otros juegos			Pressman de Tumble Game
SIN SUB	p109353	Juegos de mesa/Otros juegos			Flotador Tipo Asiento con Sombrilla para Bebé - Cámara de Agua con Diseño de Conejo, Antivuelco y Pr
SIN SUB	p109354	Juegos de mesa/Otros juegos			Flotador Tipo Asiento con Sombrilla y Diseño Retro de Piruleta - Cámara de Agua Inflable para Bebés 
SIN SUB	p109368	Juegos de mesa/Otros juegos			Flotador de pato amarillo para bebé con tanque de agua, cinturón de seguridad y base tipo pantalón; 
SIN SUB	p109370	Juegos de mesa/Otros juegos			Reserve WizKids Pocket Eyewitness Cars: hechos al alcance de su mano
SIN SUB	p109383	Juegos de mesa/Otros juegos			Dispositivo de flotación de agua Intex 59220NP Animal Split anillo de natación
SIN SUB	p109424	Juegos de mesa/Otros juegos			Juguete Daruma Otoshi Tomerry de madera tradicional japonesa 22 x 47 cm
SIN SUB	p109434	Juegos de mesa/Otros juegos			Aleta para natación tipo sirena (monofín)
SIN SUB	p109437	Juegos de mesa/Otros juegos			Dardera Magnética Doble Vista
SIN SUB	p109469	Juegos de mesa/Otros juegos			Juego de tiro baloncesto Bluelander, para interiores con bomba y 4 pelotas, material resistente ABS.
SIN SUB	p109475	Juegos de mesa/Otros juegos			Kit Clasico
SIN SUB	p109476	Juegos de mesa/Otros juegos			Kits Maravillas del Mundo
SIN SUB	p109481	Juegos de mesa/Otros juegos			Casita y supermercado​ timbre con luz y
SIN SUB	p109491	Juegos de mesa/Otros juegos			Rc. Gold Edition 500 Pzs, Atardecer en el Océano
SIN SUB	p109493	Juegos de mesa/Otros juegos			Rc. Gold Edition 500 Pzs, Artardecer en el Puerto
SIN SUB	p109499	Juegos de mesa/Otros juegos			Juego de Viajero Estalla Y Salta
SIN SUB	p109502	Juegos de mesa/Otros juegos			Juego de Viajero Torre De Equilibrio
SIN SUB	p109503	Juegos de mesa/Otros juegos			Juego de Viajero Escaleras
SIN SUB	p109505	Juegos de mesa/Otros juegos			Juego de Viajero Sillas En Equilibrio
SIN SUB	p109506	Juegos de mesa/Otros juegos			Juego de Viajero Tangram
SIN SUB	p109507	Juegos de mesa/Otros juegos			Juego de Viajero Rana Saltante
SIN SUB	p109508	Juegos de mesa/Otros juegos			Juego de Viajero Boliche
SIN SUB	p109618	Juegos de mesa/Otros juegos			Juego de bolas magnéticas
SIN SUB	p109619	Juegos de mesa/Otros juegos			Juego de bolas magnéticas verde metálico
SIN SUB	p109620	Juegos de mesa/Otros juegos			Juego de bolas y barras magneticas plata
SIN SUB	p109621	Juegos de mesa/Otros juegos			Casa de Campaña Puerta Plegable 90x120x120 cm Rosa
SIN SUB	p109623	Juegos de mesa/Otros juegos			Juego de bolas magnéticas azul rey
SIN SUB	p109625	Juegos de mesa/Otros juegos			Baby Garage Divertido
SIN SUB	p109629	Juegos de mesa/Otros juegos			Juego De Bolos Infantino Stack N Bowling
SIN SUB	p118299	Videojuegos/Otros accesorios gamer			Kit de Reemplazo de Botones Rowsmau para Xbox 360 Negro
SIN SUB	p118327	Videojuegos/Otros accesorios gamer			Kit de herramientas OSTENT para abrir y desmontar Xbox 360
SIN SUB	p12017	Joyería y bisutería/Otros			Exclusive Niche Design Marine Inspired Golden Seashell & Starfish Jewelry Set Vintage Glam Beach Par
SIN SUB	p12029	Joyería y bisutería/Otros			Radiant Cut Loose Moissanite Stone Brilliant Cut 0.4~5ct Lab Grown Moissanite Diamonds Pass test Wit
SIN SUB	p12036	Joyería y bisutería/Otros			New Luxury Rhinestone Bow Tie High-end Gift Men Women's Fashion Korean British Business Banquet Bowt
SIN SUB	p12048	Joyería y bisutería/Otros			Gold-plated blue spinel square minimalist style jewelry set for women 8*8
SIN SUB	p12060	Joyería y bisutería/Otros			Creative Animal Doctor Brooch Enamel Pins Funny Animal Badge TRUST ME I'M A DOGTOR Brooches Clothes 
SIN SUB	p12097	Joyería y bisutería/Otros			Vintage Blue White Rhinestone Oval Forest Black Brooches For Woman Luxury Brand Jewelry Trending 202
SIN SUB	p12106	Joyería y bisutería/Otros			HNYYX Elegant Gold Color Mesh Flower Hairpin Tassel Head Clips Wedding Bridesmaid Headwear Fashion H
SIN SUB	p12138	Joyería y bisutería/Otros			Heavy industry haute couture pineapple exquisite Seiko brooch
SIN SUB	p12182	Joyería y bisutería/Otros			Gold-plated rose cut fat square premium set main stone 14*14
SIN SUB	p12199	Joyería y bisutería/Otros			Chinese Ethnic Style Bridal Headdress Beautiful Velvet Flower Tassel Red Hair Accessories Hanfu Clot
SIN SUB	p12208	Joyería y bisutería/Otros			Levmoudra Round Crown for Women Queen Crown and Tiara Crystal Rhinestone Princess Tiaras Crowns Wedd
SIN SUB	p12215	Joyería y bisutería/Otros			Dudo Store Bohemian African Crystal Jewelry Set Size US 8 Crystal Fine Body Jewelry Set Shoulers Cus
SIN SUB	p12232	Joyería y bisutería/Otros			Levey Baroque Luxury Crystal Royal Queen Wedding Crown Rhinestone Bride Diadem Pageant Headdress Tia
SIN SUB	p12259	Joyería y bisutería/Otros			Levmoudra Queen Crown and Tiara Pageant Sparkly Rhinestone Wedding Crown Bride Tiaras Princess Full 
SIN SUB	p12271	Joyería y bisutería/Otros			Diana baby Fashion jewelry Dubai 14k Gold Plated Ball Wedding Bride jewelry Sets For Women
SIN SUB	p12318	Joyería y bisutería/Otros			Tibetan Jiu Zi Li Huo Zha Ji Ram 108 prayer beads, Tibetan style hand woven multiple circles, handhe
SIN SUB	p12329	Joyería y bisutería/Otros			Vintage Colorful Rhinestone Koi Brooches For Woman Luxury Trendy Brand Jewelry Retro Style High Qual
SIN SUB	p12345	Joyería y bisutería/Otros			Hip Hop Full Iced Out Multi-Function Round Stainless Steel Fashion Luxury Zircon Quartz Square Wrist
SIN SUB	p12346	Joyería y bisutería/Otros			5 PCS Cultured White Pearl Green Crystal Pave Spacer Beads Connector Jewelry Accessory
SIN SUB	p12352	Joyería y bisutería/Otros			1Pc Fashion Shiny Copper Inlaid Zircon Hip Hop Teeth Grillz Body Jewelry Halloween Tooth Party Essen
SIN SUB	p12353	Joyería y bisutería/Otros			Natural Sultanite Amethyst Jewelry Set Color Change Stone Purify Negative Energy Balance Chakra Spir
SIN SUB	p123653	Videojuegos/Otros accesorios gamer			Videojuego Ubisoft Your Shape para Wii con Cámara de Fitness
SIN SUB	p123674	Videojuegos/Otros accesorios gamer			Accesorio VANJUNN Botón de hombro L/R para Nintendo 3DS
SIN SUB	p123719	Videojuegos/Otros accesorios gamer			Paquete de Cámara y Videojuego Ubisoft Fit in Six para Wii
SIN SUB	p12377	Joyería y bisutería/Otros			Ylaili Italian brass gold plated jewelry set designed by Chinese factory, interlocking large chain f
SIN SUB	p12381	Joyería y bisutería/Otros			Bride Talk Luxury 4PCS Marquise Leaf Tassel CZ Zirconia Bridal Jewelry Set Dubai African Nigerian We
SIN SUB	p12457	Joyería y bisutería/Otros			Bride Talk Stunning 4PCS Full CZ Zirconia Marquise Cut Leaf Jewelry Collection Dubai Nigerian Bridal
SIN SUB	p125137	Otros/Varios			Estuche rígido Fintie para audífonos Sony WH-CH720N / CH520 / XM6 / XM5
SIN SUB	p131242	Muebles/Otros			Sombrilla Jardin Sol Playa Angulo 2.7 m Diametro Exterior Jardimex
SIN SUB	p135072	Juegos de mesa/Otros juegos			Set de Batalla Beyblade X Drop Attack Beystadium
SIN SUB	p135109	Juegos de mesa/Otros juegos			Set De Juegos 30 En 1
SIN SUB	p135130	Juegos de mesa/Otros juegos			Juego De Viaje ¿Qué Soy? Familia
SIN SUB	p135351	Juegos de mesa/Otros juegos			Hedbanz Adulting
SIN SUB	p136615	Deportes y fitness/Otros			Goggle Voit Jr
SIN SUB	p136946	Deportes y fitness/Otros			Cable Candado Mikels CCA 65 Azul
SIN SUB	p136958	Deportes y fitness/Otros			Plataforma de vibración para ejercicio Bio Shaker
SIN SUB	p136997	Deportes y fitness/Otros			Power Legs CV Directo Mejora Circulación y Fortalece Las Piernas
SIN SUB	p137146	Deportes y fitness/Otros			Cuerda Afxports de Salto Con Peso
SIN SUB	p138294	Deportes y fitness/Otros			Guante Under Armour Golf Medal Hombre 1349705-001
SIN SUB	p138295	Deportes y fitness/Otros			Guante Under Armour Golf Iso-Chill Hombre 1370277-100
SIN SUB	p138388	Deportes y fitness/Otros			Manopla Wilson Béisbol 2021 A360 SP13 Unisex WBW10019213
SIN SUB	p138389	Deportes y fitness/Otros			Manopa Wilson Béisbol A360 Carbon 12" Unisex
SIN SUB	p138390	Deportes y fitness/Otros			Manopla Wilson Béisbol A360 Niño
SIN SUB	p138420	Deportes y fitness/Otros			Bat Wilson Béisbol Génesis Niño
SIN SUB	p138768	Deportes y fitness/Otros			Cuerda Capelli Sport Entrenamiento Comfort Handle Unisex CSEF-1002-LP
SIN SUB	p138771	Deportes y fitness/Otros			Cuerda Capelli Sports Entrenamiento Unisex CSEF-1005
SIN SUB	p138772	Deportes y fitness/Otros			Cuerda Wilson Tennis Revolve Spin Unisex
SIN SUB	p139105	Deportes y fitness/Otros			Tablero Spalding Basquetbol Unisex
SIN SUB	p139106	Deportes y fitness/Otros			Tablero Educar Basquetbol Infantil Unisex NL-02J
SIN SUB	p139108	Deportes y fitness/Otros			Mesa Atomic Tejo 9' Platino M01702AW
SIN SUB	p139473	Deportes y fitness/Otros			Hoverboard Hovershoes Moboss S300 Negro/Azul 10 km/h
SIN SUB	p139476	Deportes y fitness/Otros			Hoverboard Bluetooth Moboss A5 M
SIN SUB	p140114	Videojuegos/Otros accesorios gamer			Cámara para Switch 2, Webcam USB Compatible con Switch 2
SIN SUB	p140175	Videojuegos/Otros accesorios gamer			Freno de Mano para Juegos USB, Freno de Mano Progresivo Universal de 64 Bits, Periféricos para Juego
SIN SUB	p140189	Videojuegos/Otros accesorios gamer			Almohadilla de golf para mango de golf periféricos para accesorios de juego de interruptor
SIN SUB	p140195	Videojuegos/Otros accesorios gamer			Cryfokt Freno de Mano USB Ajustable, Periféricos de Juegos de PC de Aleación de Aluminio de 64 Bits 
SIN SUB	p140196	Videojuegos/Otros accesorios gamer			Cryfokt Freno de Mano USB Universal, Periféricos Duraderos para Juegos de PC de 64 Bits para Juegos 
SIN SUB	p140197	Videojuegos/Otros accesorios gamer			Universal 64 Bit USB Handbrake Periférico de Juegos para PC Aleación Aluminio CNC Carreras SIM G25 G
SIN SUB	p140199	Videojuegos/Otros accesorios gamer			Freno de mano USB universal de 64 bits, freno de mano lineal para juegos para PC con, periféricos de
SIN SUB	p140200	Videojuegos/Otros accesorios gamer			Yinhing PC con Freno de Mano USB de 64 Bits para Accesorios de Juegos Profesionales Compatible con T
SIN SUB	p140633	Otros/Varios			50 Bolsas de Aluminio Reutilizables para Congelar y Almacenar Alimentos
SIN SUB	p141713	Otros/Varios			Genérico Juego de 2 Soportes de Pared Ajustables para Smartphones y tabletas (4-12 Pulgadas), Ideal 
SIN SUB	p141789	Otros/Varios			Owine - Adaptador universal para trípode para teléfono celular, compatible con iPhone, Samsung Galax
SIN SUB	p141887	Otros/Varios			Teléfono retro con Bluetooth inalámbrico y auriculares USB para teléfonos celulares a prueba de radi
SIN SUB	p142754	Otros/Varios			Ringke Dual Magnetic Smart Holder Compatible con Accesorios MagSafe [Bisagra Ajustable Multiángulo] 
SIN SUB	p142761	Otros/Varios			Teléfono retro con Bluetooth inalámbrico y auriculares USB para teléfonos celulares a prueba de radi
SIN SUB	p142766	Otros/Varios			ULANZI MT-44B Trípode para Celular,configuración de Doble cámara,150cm
SIN SUB	p142809	Otros/Varios			Refrigeradores de teléfonos móviles for Juegos Accesorios Ventilador refrigeración celulares Recarga
SIN SUB	p142856	Otros/Varios			Microscopio Digital con Pantalla IPS HD de 7 Pulgadas, Lupa amplificación Continua Industrial USB 50
SIN SUB	p143349	Otros/Varios			Retroring for Cell Phones, Auricular Retro USB-C para Celular, Old Fashion Handset, Pick Retro Phone
SIN SUB	p143370	Otros/Varios			Cooler para Celular, Enfriador para Celular Silencioso de Enfriamiento Rápido con Clip y Anillo para
SIN SUB	p143382	Otros/Varios			ULANZI SK-03-1 Trípode para Selfie,162CM,para celulares y cámara Deportiva
SIN SUB	p143415	Otros/Varios			iOttie Easy One Touch Advanced Soporte Universal para salpicadero y Parabrisas con Ventosa para iPho
SIN SUB	p143416	Otros/Varios			Detector EMF, detecta los 3 tipos de radiación electromagnética EMF en 1 medidor EMF para torres cel
SIN SUB	p143484	Otros/Varios			Accesorios de microscopio de laboratorio USB para microscopio digital, lupa para reparación de teléf
SIN SUB	p143700	Otros/Varios			PACKOVE 10 Piezas Herramienta De Apertura De Electrónica De Acero Inoxidable Espátulas Reparación Ce
SIN SUB	p143708	Otros/Varios			Elecrelive 40g Arcilla polimérica luminosa Sprinkles Nail Art Slices 4 colores Sprinkles falsos Roda
SIN SUB	p143759	Otros/Varios			Trituradoras De Tejidos Trituradora De Muestras Celulares con Rango De Velocidad 5000/10000/18000 RP
SIN SUB	p143777	Otros/Varios			Microscopio Observación USB Microscopio digital Lupa de joyería para reparación de teléfonos celular
SIN SUB	p143779	Otros/Varios			Microscopio Observación USB Microscopio digital Lupa de joyería para reparación de teléfonos celular
SIN SUB	p143792	Otros/Varios			Medidor de energía for Redes celulares 4G EM114070 con relé y Base gsm 4G, medidor monofásico, medid
SIN SUB	p143833	Otros/Varios			Mezclador de vórtice, Máquina for romper paredes celulares, 8 tubos de ensayo 2 ml, mezcladores vórt
SIN SUB	p143855	Otros/Varios			Máquina for romper paredes celulares, 8 tubos de ensayo de 2 ml, mezcladores de vórtice MX-C for lev
SIN SUB	p146285	Otros/Varios			Estación de carga inalámbrica 3 en 1 para dispositivo Apple: estación de carga rápida para iPhone y 
SIN SUB	p146571	Otros/Varios			Twelve South HiRise 3 Deluxe, Soporte de Carga inalámbrico Compacto de Lujo Magsafe para iPhone, Air
SIN SUB	p152251	Otros/Varios			Recordatorio Anti -Recordatorio de Sueño, Uso Seguro del Controlador de Batería Portátil Alarma de S
SIN SUB	p152322	Juguetes y bebés/Otros			Máquina de de Voz Ghostface Ghostfa Dispositivo de de Voz Portátil 8 Efectos de Sonido Modulador de 
SIN SUB	p152324	Otros/Varios			Matamoscas Eléctrico Matamoscas Eléctrico con Batería Inalámbrica Asesino de Raquetas de Insectos Po
SIN SUB	p152716	Otros/Varios			Baseus Batería para Magsafe, 5000mAh Bancos de Energía Portátiles para Celular PD 20W con Soporte, p
SIN SUB	p153219	Otros/Varios			Medidor de Voltaje de Batería, Probador de Valor Resistivo Interno, Probador de Batería Portátil par
SIN SUB	p153342	Otros/Varios			Medidor de voltaje de batería, probador de valor resistivo interno, pantalla LCD portátil para bater
SIN SUB	p158126	Otros/Varios			BLUELAND - Tabletas de detergente para ropa, 60 unidades, cápsulas ecológicas sin plástico, hojas, a
SIN SUB	p159371	Otros/Varios			BLUELAND - Tabletas de detergente para ropa, 36 unidades, cápsulas ecológicas sin plástico, hojas, a
SIN SUB	p160152	Otros/Varios			Ferrero Rocher Tabletas De Chocolate Pack Surtido 3 de 90 g
SIN SUB	p166171	Videojuegos/Otros accesorios gamer			Monitor portátil para computadora portátil Tablero digitalizador HDR de 17,3 pulgadas, pantalla táct
SIN SUB	p168995	Videojuegos/Otros accesorios gamer			Monitores portátiles Tablero digitalizador HDR de 17,3 Pulgadas, Pantalla táctil de Dibujo a Mano, r
SIN SUB	p169104	Videojuegos/Otros accesorios gamer			Segunda Pantalla Tablero digitalizador HDR de 17,3 Pulgadas, Pantalla táctil Dibujo a Mano, resoluci
SIN SUB	p174448	Muebles/Otros			YHWKG Gabinete De Audio Hi Fi, Soporte Gabinete De Audio Hi Fi de Piso, con Esquinas Redondeadas y e
SIN SUB	p174781	Videojuegos/Otros accesorios gamer			Kit de Altavoces internos Izquierdo y Derecho para Switch/Switch Lite, repuestos para de Juegos, boc
SIN SUB	p174831	Juguetes y bebés/Otros			Genérico Altavoz De Susto Halloween Reproductor Sonidos con Grito ABS 6 5cm
SIN SUB	p175313	Audífonos/None			Altavoz de Almohada Auriculares Bluetooth para Dormir para Hombre y Mujer, Mini Altavoz de Almohada 
SIN SUB	p175399	Audífonos/None			Altavoz de Almohada Auriculares Bluetooth para Dormir para Hombre y Mujer, Mini Altavoz de Almohada 
SIN SUB	p175942	Videojuegos/Otros accesorios gamer			Bushnell Disc Jockey -Bluetooth -Speaker, Lightweight Disk Golf -Speaker with Distance to Basket -GP
SIN SUB	p1763	Deportes y fitness/Otros			Telémetro de golf CIGMAN CT-1200 de 1312 yardas
SIN SUB	p176421	Videojuegos/Otros accesorios gamer			Bocina de sirena antirrobo, 1K0951605A, 1K8951605A, 12V, 3 pines, STD, 6 meses de garantía, 1 unidad
SIN SUB	p178663	Videojuegos/Otros accesorios gamer			Altavoz Incorporado Altavoz Interno de Repuesto para Consola de Juegos Switch/Lite Kit de Accesorios
SIN SUB	p181280	Otros/Varios			Plástico Auriculares Falso Negro Micrófono para Disfraz
SIN SUB	p181288	Joyería y bisutería/Otros			Audífonos de mariposa decorativos, instalación rápida, metal, abalorios, hebilla, accesorios de clip
SIN SUB	p181317	Joyería y bisutería/Otros			1 par de Elegantes Joyas para Las Orejas en Forma de, Adornos de Clip para Auriculares, para Freecli
SIN SUB	p182555	Videojuegos/Otros accesorios gamer			RIG 900 MAX HS Multi-Platform Dual Wireless Gaming Headset with Bluetooth Officially Licensed for Pl
SIN SUB	p183847	Juguetes y bebés/Otros			Genérico Teclado Antiestres, La Ansiedad con Teclado de 9 Teclas Pastel, Clicker, Teclado de 9 Tecla
SIN SUB	p184980	Muebles/Otros			JOY Worker - Soporte de PC para computadora de pie, soporte de computadora con abrazadera para compu
SIN SUB	p185400	Otros/Varios			Auricular de Teléfono Retro USB C, Receptor de Teléfono Celular de Mano de 3,5 Mm con Cable de Exten
SIN SUB	p186186	Juguetes y bebés/Otros			2 Piezas Teclado Antiestres, Teclado Antiestrés con Luz, Herramienta De Alivio De Estrés para Oficin
SIN SUB	p186319	Juguetes y bebés/Otros			FINYQBET Teclado Antiestres LED 2 Pzas, Llavero 2 en 1 con Giro Suave
SIN SUB	p186322	Juguetes y bebés/Otros			Byhoo Keyboard Fidget, 3 Tipos de Teclado táctil Fidget Toy, Teclado Fidget de Color, Llavero Lineal
SIN SUB	p186452	Videojuegos/Otros accesorios gamer			Orzly - Teclado para juegos color rosa RGB USB con cable arcoíris diseñado para jugadores de PC, PS4
SIN SUB	p186624	Otros/Varios			Universal Travel Keyboard Plus, nuevo teclado portátil Bluetooth dual con retroiluminación de 7 colo
SIN SUB	p1918	Otros/Varios			Tarjeta de seguimiento inteligente ZIKE Z006
SIN SUB	p192249	Otros/Varios			Soporte para Proyector con Ruedas, Soporte para Proyector Tripode con Bandeja para Ratón, Porta Celu
SIN SUB	p193642	Otros/Varios			Bolsas de aluminio para congelar 60 unidades Bolsas de aluminio reutilizables y sellables para almac
SIN SUB	p194252	Otros/Varios			Trípode de soporte para proyector y portátil, 2 estantes para trípode móvil, altura máxima de 47 pul
SIN SUB	p194359	Otros/Varios			Proyector Portátil Full HD WiFi [Pantalla Incluida], Soporte 1080P LED Cine En Casa para Smartphone 
SIN SUB	p194484	Otros/Varios			Soporte para proyector con ruedas, trípode para portátil de 29 a 69 pulgadas con bandeja para mouse,
SIN SUB	p197413	Otros/Varios			Pantalla de proyección portátil pequeña de 60 Pulgadas y 72 Pulgadas con trípode, Pantalla de proyec
SIN SUB	p197416	Otros/Varios			Pantalla de proyección portátil pequeña de 60 Pulgadas y 72 Pulgadas con trípode, Pantalla de proyec
SIN SUB	p20006	Electrodomésticos/Otros			Oven door hinge commercial disinfection cabinet stainless steel door hinge accessories
SIN SUB	p20032	Cargadores y adaptadores/Otros			1pcs New Electric Wrench Adapter, Universal Dual-Purpose Square Shaft Multi-Function Electric Drill 
SIN SUB	p20124	Otros/Varios			Cigar cutter 302 Portable cigar pliers High-end tool cigarette cutter xi3
SIN SUB	p20125	Electrodomésticos/Otros			Special hidden ultra-quiet hydraulic buffer hinge bedroom trap door hinge
SIN SUB	p20181	Deportes y fitness/Otros			Hot-selling new teen adult right-handed baseball softball sliding gloves protective gear
SIN SUB	p20245	Cargadores y adaptadores/Otros			yj22 Cross-border car modification accessories for golf cart steering wheel base adapter connector
SIN SUB	p20398	Cargadores y adaptadores/Otros			Car Tire Pressure Gauge Air Inflator EU Adapter Vehicle Tester LCD Digital Test Inflation Monitoring
SIN SUB	p20604	Cargadores y adaptadores/Otros			2pcs for 936 937 Solder Iron Station Heating Tool Heating Tool Adapter Ceramic Heater Core Heating E
SIN SUB	p20609	Cargadores y adaptadores/Otros			Single Phase, Three Phase 10KW Automatic Voltage Regulator AVR Regulator Board Voltage Regulator Gen
SIN SUB	p20619	Juguetes y bebés/Otros			Light Emitting Diode Wheels Foldable Lightweight Plastic and Steel for 3-10 Years
SIN SUB	p20652	Cargadores y adaptadores/Otros			Brushless generator regulator AVR m40fa640a excitation voltage regulator, universal brushless voltag
SIN SUB	p20658	Cargadores y adaptadores/Otros			9qlTDGC2-3K Customized Single-Phase Voltage Regulator 0-250V Electronics with LCD Display for SVC 50
SIN SUB	p20711	Cargadores y adaptadores/Otros			Hot Sale Three-phase Voltage Regulator 10kva 50kw Voltage Regulator 220v Three Phase Ac Voltage Regu
SIN SUB	p20713	Cargadores y adaptadores/Otros			Generator IG2000 DU20 230V/50Hz Automatic Voltage Regulator 220V Control Circuit Stabilizer IG2600 D
SIN SUB	p207197	Otros/Varios			Robot de Limpieza de Ventanas eléctrico, Robot Limpiador de Ventanas, Control por Control Remoto par
SIN SUB	p20729	Cargadores y adaptadores/Otros			2026 4KW high-power single-phase temperature control switch 220V voltage regulator,  electric furnac
SIN SUB	p20744	Cargadores y adaptadores/Otros			Double Boost Adjustable Frequency, Pulse Circuit Board with Mixing Interface Thyristor Voltage Regul
SIN SUB	p21043	Cargadores y adaptadores/Otros			New Adapter Plate for QIDI Q1-Pro 3D Printer Accessories
SIN SUB	p21277	Muebles/Otros			Adult Event Team Building Table Curling Community Puzzle Casual Table Ice Hockey
SIN SUB	p21350	Muebles/Otros			Portable Folding Wooden Chess Table Outdoor Use Adult and Student Travel Set
SIN SUB	p21396	Muebles/Otros			Hold'em Table Chip Table Chess and Card Room Special Folding Desktop Cloth Mat Color Size Customizab
SIN SUB	p2200	Deportes y fitness/Otros			Máquina lanzapelotas de tenis PONGBOT Pace S Pro
SIN SUB	p223592	Juguetes y bebés/Otros			Jurassic World Máscara Raptor Rebirth Velociraptor  Mandíbula JGG13
SIN SUB	p223595	Juguetes y bebés/Otros			Minecraft Arco Flecha Electrónico Sonidos Juguete Gamer JDJ04
SIN SUB	p223626	Juguetes y bebés/Otros			Reloj Despertador Bluey PP14331BLU
SIN SUB	p223649	Juguetes y bebés/Otros			Casco Electrónico Star Wars Black Series La Venganza de los Sith Comandante Clon Cody G1861
SIN SUB	p223687	Juguetes y bebés/Otros			Spiderman Miles Moráles Máscara para Niños
SIN SUB	p223689	Juguetes y bebés/Otros			Dragon Ball Roleplay Goku 37185
SIN SUB	p233128	Videojuegos/Otros accesorios gamer			TicEaik Wall Mount de para Nintendo Switch 2, Kit de Montaje en Pared Metálico con 1 Porta Controlad
SIN SUB	p233143	Videojuegos/Otros accesorios gamer			HORI Cámara de la Planta Piraña para Nintendo® Switch 2 - Piranha Plant Camera for Nintendo® Switch 
SIN SUB	p233156	Videojuegos/Otros accesorios gamer			Mcbazel Kit de Montaje en Pared de Metal para Nintendo Switch 2
SIN SUB	p233195	Videojuegos/Otros accesorios gamer			Jectse Cámara de Planta de Consola de Juegos Ajuste para Switch 2 Consola Tipo C Interfaz Cámica Web
SIN SUB	p233316	Videojuegos/Otros accesorios gamer			NYI Upgraded 4550mAh HAC-003 Battery Replacement Compatible with Nintendo Switch Console Handhold HA
SIN SUB	p233318	Videojuegos/Otros accesorios gamer			Reemplazo de Pantalla de Switch, Monitor de Pantalla Táctil, HAC‑001 Digitalizador Resistente Al Des
SIN SUB	p233322	Videojuegos/Otros accesorios gamer			Orzly Accessories Kit bundle Compatible with Nintendo Switch OLED Console (NOT 2017 Edition compatib
SIN SUB	p233329	Videojuegos/Otros accesorios gamer			Replacement LCD Display Screen for Switch Lite, Compatible LCD Display Panel Repair Parts, Screen Re
SIN SUB	p233335	Videojuegos/Otros accesorios gamer			Placa de botón lateral izquierdo HDH-SAKYO-01 placa base de juego PCB para consola de llavero, pieza
SIN SUB	p233400	Videojuegos/Otros accesorios gamer			Cleaning Repair Tool Kit for PS4 PS5, Screwdriver Set with TR9 Torx Security Screwdriver PH00 PH0 PH
SIN SUB	p233415	Videojuegos/Otros accesorios gamer			Blu-Rays - Unidad de DVD de repuesto para PlayStation 4 CUH-1200 Series (CUH-1215A/CUH-1215B)
SIN SUB	p233593	Videojuegos/Otros accesorios gamer			Reemplazo de unidad óptica para Sony para PlayStation 5 para PS5 KEM-497AAA, módulo lector de discos
SIN SUB	p233676	Videojuegos/Otros accesorios gamer			Geekria Transparent Cover Plates Compatible with PS5, PlayStation 5 Console Disc Edition, Hard Shock
SIN SUB	p233690	Videojuegos/Otros accesorios gamer			KES-497 PS5 Lente de repuesto láser – Unidad óptica Blu-ray Lente láser única KES-497AAA Reemplazo p
SIN SUB	p233755	Videojuegos/Otros accesorios gamer			NBA BOUNCE Amazon Exclusive with Sticker Sheet - Nintendo Switch
SIN SUB	p233792	Videojuegos/Otros accesorios gamer			The Grinch 2: Saving Christmas Amazon Exclusive Sticker Sheet - Nintendo Switch
SIN SUB	p233806	Videojuegos/Otros accesorios gamer			¡Dos! Battle Cats -Switch ([Bonus incluido] - 1 Tarjeta de serie de bonificación de paquete (conjunt
SIN SUB	p233887	Videojuegos/Otros accesorios gamer			Gradius Origins with Gradius 2 Cover Art (Limited Run Games #279) - for Nintendo Switch
SIN SUB	p234499	Videojuegos/Otros accesorios gamer			Invincible VS Amazon Exclusive Variant Cover - Playstation 5
SIN SUB	p234512	Videojuegos/Otros accesorios gamer			LONGLIV Kit de Accesorios 25 en 1 para Nintendo Switch 2 (2025), que Incluye un Estuche de Transport
SIN SUB	p234525	Videojuegos/Otros accesorios gamer			Kit 33 en 1 de Accesorios para Nintendo Switch 2, Funda Nintendo Switch 2 y Estuche de Transporte Rí
SIN SUB	p234526	Videojuegos/Otros accesorios gamer			ONG NAMO Kit de Accesorios 23 en 1 para Nintendo Switch 2
SIN SUB	p234527	Videojuegos/Otros accesorios gamer			LEGO Game Boy Kit de Construcción de Modelo, Regalo para Jugadores y Fans Adultos de Nintendo, Set C
SIN SUB	p234546	Videojuegos/Otros accesorios gamer			Kit de Accesorios 26 en 1 para Nintendo Switch 2 con Estuche Rígido
SIN SUB	p234549	Videojuegos/Otros accesorios gamer			Kit de Accesorios 26 en 1 para Nintendo Switch 2 (2025), Incluye Funda de Viaje, 2 Protector de Pant
SIN SUB	p234561	Videojuegos/Otros accesorios gamer			GUTIAL Accessories Bundle for Nintendo Switch 2 2025 - Cute Kawaii NS 2 Accessories kit for Grils Bo
SIN SUB	p234573	Videojuegos/Otros accesorios gamer			GeekShare - Juego de Tapas para Botones de cruceta y Agarre para Pulgar compatibles con Switch 2, Pe
SIN SUB	p234593	Videojuegos/Otros accesorios gamer			Switch OLED Sports Accessories Bundle - 10 en 1 Kit de Accesorios de La Familia para Juegos Deportiv
SIN SUB	p234608	Videojuegos/Otros accesorios gamer			Vmingo Kit 36en1 Accesorios Compatibles Nintendo Switch Oled Compartimento Funda Rigida Joycon Trans
SIN SUB	p234610	Videojuegos/Otros accesorios gamer			eXtremeRate Kit de Tiras Decorativas de Reemplazo para Joycon 2, Cubierta Lateral Personalizada, DIY
SIN SUB	p234611	Videojuegos/Otros accesorios gamer			Accessories Kit for Nintendo Switch Lite - YOOWA Accessories Bundle with Carrying Case, Protective C
SIN SUB	p234612	Videojuegos/Otros accesorios gamer			Floating Wall Mount for Nintendo Switch, Black, 7.12"L x 3"W x 2.5"H
SIN SUB	p234620	Videojuegos/Otros accesorios gamer			YOOWA Accessories Bundle for Nintendo Switch OLED Animal Model Crossing 2021 - Accessory kit NS Oled
SIN SUB	p234622	Videojuegos/Otros accesorios gamer			GUTIAL Paquete de accesorios para Nintendo Switch Lite - Lindo kit de accesorios de Kawaii para niña
SIN SUB	p234658	Videojuegos/Otros accesorios gamer			JDGPOKOO Kit de Accesorios 4 en 1 para PSP 1000/2000/3000, Funda de Transporte para PSP 1000, 2000 y
SIN SUB	p234706	Videojuegos/Otros accesorios gamer			CTA Digital SPS4-MFC game console part/accessory Maleta de transporte - Accesorios y piezas de video
SIN SUB	p234732	Videojuegos/Otros accesorios gamer			KESOTO 2Pcs Encendido Botón De Apagado Botón De Disco De DVD Expulsar Clip De Botón De Encendido par
SIN SUB	p234742	Videojuegos/Otros accesorios gamer			Durable Replacement HDD Hard Drive Plastic Cover for Sony for PlayStation 4 Slim/for PS4 Slim Access
SIN SUB	p234772	Videojuegos/Otros accesorios gamer			(Pack of 100) 1.5mm~10mm，Replacement Repair Rubber Conductive Button Pad Keypads Kit，Buttons Repair 
SIN SUB	p234792	Videojuegos/Otros accesorios gamer			3 juegos de almohadillas de botón de silicona conductivas compatibles con Sony Playstation 4 PS4
SIN SUB	p234793	Videojuegos/Otros accesorios gamer			Rubber Feet Plastic Button Screw Cap Cover Set Replacement for Sony PS3 Slim 2000 3000 CECH-20XX CEC
SIN SUB	p234798	Videojuegos/Otros accesorios gamer			Create idea 6PCS Power Eject Button Switch Parts Compatible with Playstation 4 CUH-12XX Console Powe
SIN SUB	p234812	Videojuegos/Otros accesorios gamer			GinTai - Interruptor de botón de expulsión de potencia para Sony PS4 Playstation 4 CUH-1215A SAC-001
SIN SUB	p234818	Videojuegos/Otros accesorios gamer			WC PadZ Pulse Elite - Almohadillas de Cuero PU para PS5 Pulse Elite
SIN SUB	p234833	Videojuegos/Otros accesorios gamer			Alomia 16 Pack Gomitas para thumbstick de Silicona. Gomitas Texturizadas. Compatibles con PS5, Xbox.
SIN SUB	p234837	Videojuegos/Otros accesorios gamer			AKOZLIN Bolso para PS5 / PS5 Pro / PS4,Protección completa
SIN SUB	p234841	Videojuegos/Otros accesorios gamer			Kit de proteccion anti polvi con malla Tapon Anti Polvo Para Ps5 Playstation 5 Pro
SIN SUB	p234850	Videojuegos/Otros accesorios gamer			Almohadillas para Orejas de Repuesto para Sony PS5 Pulse 3D inalámbrico, Accesorios para PlayStation
SIN SUB	p234854	Videojuegos/Otros accesorios gamer			Unidad óptica de Repuesto para para 5 para ps5-497AAA, módulo Lector de Disco para reparación de Con
SIN SUB	p234863	Videojuegos/Otros accesorios gamer			Trunab Gaming Console Backpack Compatible with PS5/PS4/PS4 Pro/PS4 Slim/Xbox One/Xbox One X/Xbox One
SIN SUB	p234865	Videojuegos/Otros accesorios gamer			Trunab Gaming Console Backpack Compatible with PS5/PS4/PS4 Pro/PS4 Slim/Xbox One/Xbox One X, Travel 
SIN SUB	p234872	Videojuegos/Otros accesorios gamer			Transporte for ps5 con Correa Seguridad Anti-Rayones Transporte
SIN SUB	p234873	Videojuegos/Otros accesorios gamer			de Transporte for ps5 con Correa Fija Anti-Rayones de Transporte
SIN SUB	p234878	Videojuegos/Otros accesorios gamer			Sorandy ADP 400er Repuesto de Fuente de Alimentación para Consola Ps5, Unidad de Alimentación de Con
SIN SUB	p234910	Videojuegos/Otros accesorios gamer			Wall Mount for PS5/PS5 Slim/PS5 Pro Console-, Heavy-Duty Steel Bracket for All PS5 Models(Digital an
SIN SUB	p234988	Videojuegos/Otros accesorios gamer			Deal4GO ON/OFF eyect SYNC - Interruptor de botón de encendido para consola Xbox One Slim Console 168
SIN SUB	p234997	Videojuegos/Otros accesorios gamer			AC Adapter for Xbox 360 Console,203W Power Supply Brick with Cord,Replacement Power Brick for Xbox 3
SIN SUB	p235001	Videojuegos/Otros accesorios gamer			Fuente de alimentación Interna, Fuente de alimentación para Consola de Juegos, Fuente de alimentació
SIN SUB	p235023	Videojuegos/Otros accesorios gamer			Deal4GO M1023476-003 - Placa de repuesto para consola Xbox ONE X 1787 M1041049-001
SIN SUB	p235070	Videojuegos/Otros accesorios gamer			Xbox Series X Wall Mount - Metal Wall Mount with Ventilation Design for Xbox Series X
SIN SUB	p235072	Videojuegos/Otros accesorios gamer			Fuente de alimentación Interna, Professional Internal Power Brick Black para Consola Xbox Series S p
SIN SUB	p235169	Videojuegos/Otros accesorios gamer			Hacking the Xbox: An Introduction to Reverse Engineering
SIN SUB	p235296	Videojuegos/Otros accesorios gamer			Kit de Botón Completo de Repuesto para Xbox Series X/S - RT LT RB LB ABXY Juego de Botones de Contro
SIN SUB	p235372	Videojuegos/Otros accesorios gamer			16 en 1 Metal Thumbsticks para Xbox One Elite Series 2, Kits de Accesorios de Reemplazo con Thumbsti
SIN SUB	p235398	Videojuegos/Otros accesorios gamer			Wall Mount for Xbox Series S (Mount the Console & Accessories on Wall Near or Behind TV Left/Right),
SIN SUB	p235400	Videojuegos/Otros accesorios gamer			eXtremeRate 3 en 1 Kits de D-Pads de Metal magnético demontable reemplazable Piezas de Repuesto Vide
SIN SUB	p235404	Videojuegos/Otros accesorios gamer			Universal Under Desk Metal Storage Mount for Xbox Series S/X, PS4 Slim/Pro, Compatible with CPU, UPS
SIN SUB	p235412	Videojuegos/Otros accesorios gamer			Bylitco All Metal Wall and Under Desk Bracket for Xbox Series S ,Mount for XSS,White
SIN SUB	p235415	Videojuegos/Otros accesorios gamer			CDCHGAM 3 in 1 Protection Cover Kit for ROG Xbox Ally X
SIN SUB	p235424	Videojuegos/Otros accesorios gamer			FUNDIARY Wall Mount for Nintendo Switch 2, Metal Wall Mount Kit Shelf Accessories for Switch 2 Conso
SIN SUB	p235446	Videojuegos/Otros accesorios gamer			16-in-1 Soft Dust Proof Plugs Compatible with Switch 2, NUHFUFA Dust Prevention Cover Accessories Ki
SIN SUB	p235461	Videojuegos/Otros accesorios gamer			The Lord of the Tools 2 Set Game Console Power Switch Button with PCB Compatible with Gameboy Pocket
SIN SUB	p235466	Videojuegos/Otros accesorios gamer			Juego de protección para consola Switch 2, juego para interruptor (negro)
SIN SUB	p235467	Videojuegos/Otros accesorios gamer			Deal4GO - Cartuchos de juego con ranura para lector de tarjetas de juego, repuesto para consola Nint
SIN SUB	p235471	Videojuegos/Otros accesorios gamer			Kit de protección para consola Switch 2 para juegos (azul rojo)
SIN SUB	p235481	Videojuegos/Otros accesorios gamer			Akozon Kit de Prueba de Consola de Juegos para Switch 2
SIN SUB	p235482	Videojuegos/Otros accesorios gamer			Tbest Kit de Prueba de Consola de Juegos para Switch 2
SIN SUB	p235487	Videojuegos/Otros accesorios gamer			Wall Mount for Switch 2 Iron Bracket with Card Slots
SIN SUB	p235489	Videojuegos/Otros accesorios gamer			Consolas de juegos Botones de encendido Botones de volumen de repuesto compatibles con Nintendo Swit
SIN SUB	p237112	Muebles/Otros			Literas Individuales y Matrimoniales Estructura Metálica 3 en 1 con
SIN SUB	p237377	Muebles/Otros			KITUL Set de 2 Buros Mesitas de Noche Modernas Minimalistas con Estantes para Recamara, Negro
SIN SUB	p237595	Muebles/Otros			Burós Mesitas de alojamiento redondas Espacio de almacenamiento escondido Iron Neart Standstand Tria
SIN SUB	p245980	Otros/Varios			Mini Reproductor de Música MP3, Reproductor Ultraligero, Batería de Larga Duración, Mini Reproductor
SIN SUB	p245982	Otros/Varios			Mini Reproductor de Música MP3, Reproductor Ultraligero, Batería de Larga Duración, Mini Reproductor
SIN SUB	p246702	Muebles/Otros			Almohadillas de Repuesto para Auriculares Anker Life Q20 Q20 BT, Almohadillas de Cuero Proteico para
SIN SUB	p246703	Videojuegos/Otros accesorios gamer			Vorago Diademas Gamer con Micrófono RGB Alámbrica Almohadillas XL Over Ear Control de Volumen Super 
SIN SUB	p251352	Otros/Varios			Genérico Tapete Antideslizante Multifuncional para Tablero de Auto, Versión Actualizada 2026 con Núm
SIN SUB	p251402	Otros/Varios			2 en 1 Porta Vasos para Auto, Soporte telescópico para teléfono de Coche, Tamaño de Base Ajustable, 
SIN SUB	p251590	Otros/Varios			Juego de 27 accesorios brillantes de auto para mujer, funda para volante de ajuste universal de 38 c
SIN SUB	p253058	Otros/Varios			BONE Soporte Magnético para Teléfono Peloton, Amortiguación y Manejo Fácil con Una Mano, para Bicicl
SIN SUB	p256458	Otros/Varios			Maletero para motocicleta de 65L, maletero universal de aleación de aluminio para motocicleta con re
SIN SUB	p258134	Muebles/Otros			BETAFPV ELRS Cetus X Kit de dron FPV con transmisor de radio LiteRadio 3 VR03 Gafas FPV con grabació
SIN SUB	p260187	Juguetes y bebés/Otros			Altavoz siniestro - Radio de caja de espíritu de caza fantasma | Radio Bluetooth, AM y FM | recargab
SIN SUB	p261075	Otros/Varios			Botella de agua magnética aislada – Botella de acero inoxidable reutilizable con soporte para teléfo
SIN SUB	p261085	Otros/Varios			Botella de agua magnética de 2L con soporte para teléfono compatible con MagSafe, aislada, para bebi
SIN SUB	p261101	Otros/Varios			DASAN - Botella de agua magnética con compartimento de almacenamiento, con almacenamiento para pasti
SIN SUB	p261103	Otros/Varios			Scosche MFMS32 MagicMount - Botella de agua de acero inoxidable de 32 onzas con soporte de montaje p
SIN SUB	p261877	Otros/Varios			Esquirla Marching Band Music Lyre, soporte para teléfono con montaje seguro, soporte ligero para tel
SIN SUB	p262367	Instrumentos musicales/Viento			Metal Drum Tool Tuning Reemplazo Llave Tuner Tools Ajustador Drummers Accesorio Set Herramientas de 
SIN SUB	p262438	Instrumentos musicales/Viento			ébano Natural,Herramientas Bricolaje Personalizadas para Cuchillas en Blanco - Placa Mango Madera pa
SIN SUB	p262493	Instrumentos musicales/Viento			Sudadera con Capucha de Instrumentos Musicales para Hombre | Sudadera Gráfica de Banda | para Músico
SIN SUB	p262841	Instrumentos musicales/Viento			Cuerno original Kosher de Shofar de carnero pulido completo de Israel – Instrumento musical judío fá
SIN SUB	p262867	Instrumentos musicales/Viento			Didgeridoo de bambú (Pintado con bolsa)
SIN SUB	p262876	Instrumentos musicales/Viento			Didgeridoo estéreo compacto, Negro, Negro
SIN SUB	p262929	Instrumentos musicales/Viento			Kudu Shofar | Cuerno Kosher de Israel | Tamaño 27-31 pulgadas
SIN SUB	p262933	Instrumentos musicales/Viento			Cuerno original Kosher de Shofar de carnero pulido completo de Israel – Instrumento musical judío fá
SIN SUB	p262941	Instrumentos musicales/Viento			Juego de Shofar Israel, Shofar de cuerno de Kudu natural, instrumento musical tradicional kosher yem
SIN SUB	p262961	Instrumentos musicales/Viento			Didgeridoo - Madera de teca pintada (51 pulgadas)
SIN SUB	p262962	Instrumentos musicales/Viento			HalleluYAH Kudu Shofar original Kosher semipulido | De Israel
SIN SUB	p262991	Instrumentos musicales/Viento			Shofars Of Shalom Kudu Shofar Horn, original hermoso acabado medio pulido medio natural, fácil de so
SIN SUB	p263024	Instrumentos musicales/Viento			Holy Voice Kosher Kudu Shofar Cuerno de Israel de 28 a 32 pulgadas, tradicional medio pulido Kudu Ye
SIN SUB	p263032	Instrumentos musicales/Viento			Holy Voice Kosher Kudu Shofar Cuerno de Israel – Shofar tradicional de Yemenita semipulido incluye b
SIN SUB	p263061	Instrumentos musicales/Viento			YOMTOV-SHALOM | Kudu Shofar | Shofar para la venta | Kosher de Israel | 35-39 pulgadas
SIN SUB	p263125	Instrumentos musicales/Viento			Holy Voice Kosher Kudu Shofar Cuerno de Israel de 39 a 41 pulgadas – Shofar tradicional medio pulido
SIN SUB	p263248	Instrumentos musicales/Viento			Shofar Kosher Natural de Israel Original I Juego de Cuerno de Shofar Kudu
SIN SUB	p26349	Cargadores y adaptadores/Otros			Nail Art Tools 4 Timers Setting UV Light with EU Plug Adapter Gel Nail Lamp
SIN SUB	p264002	Instrumentos musicales/Viento			Hulusi - Instrumento musical chino tradicional de seda de sándalo rojo (tamaño : llave F) (llave C)
SIN SUB	p264003	Instrumentos musicales/Viento			Cuerno francés intermedio BB/F High F Three F Tres Cuerno Material De Latón De Seis Válvulas Reloj S
SIN SUB	p264228	Otros/Varios			FLYAB Drums Adornos de Navidad, decoración de instrumentos musicales para
SIN SUB	p264319	Instrumentos musicales/Viento			Didgeridoo - Tatuaje de bambú maorí hecho a mano de 48-54 pulgadas, arte musical con tonos ricos, op
SIN SUB	p264350	Instrumentos musicales/Viento			HalleluYAH - Shofar de terciopelo café con versículo de salmos, talla S, se adapta a Shofars de 14 a
SIN SUB	p264354	Instrumentos musicales/Viento			Schofar: Auténtico y Kosher Pulido Ramhorn Shofar de Israel (25,4 cm - 30,5 cm)
SIN SUB	p264451	Instrumentos musicales/Viento			Cuerno original Kosher de Shofar de carnero pulido completo de Israel – Instrumento musical judío fá
SIN SUB	p264466	Instrumentos musicales/Viento			Didgeridoo estéreo compacto, Marrón, Marrón
SIN SUB	p264543	Instrumentos musicales/Viento			HalleluYAH Kudu Shofar original Kosher totalmente pulido de ISRAEL
SIN SUB	p264586	Instrumentos musicales/Viento			YOMTOV-SHALOM | Shofars de Kudu a la venta | Kosher de Israel | Reyes del Shofar | Fábrica original 
SIN SUB	p264598	Instrumentos musicales/Viento			Native American Style Flautas dobles Notas E F (E)
SIN SUB	p264602	Instrumentos musicales/Viento			Gemsbok Oryx Oryex Chofar Shofar Kosher de Israel (64 cm)
SIN SUB	p264623	Instrumentos musicales/Viento			HalleluYAH Kudu Shofar original Kosher medio pulido de ISRAEL
SIN SUB	p264625	Instrumentos musicales/Viento			Juego de Shofar Israel, Shofar de cuerno de Kudu natural, instrumento musical tradicional kosher yem
SIN SUB	p264658	Instrumentos musicales/Viento			HalleluYAH Kudu Shofar original Kosher totalmente pulido | De Israel
SIN SUB	p264722	Instrumentos musicales/Viento			Juego de Flautas de ébano con Cuerpo Duradero, chapadas en Plata, 17 Orificios Abiertos, Instrumento
SIN SUB	p264836	Instrumentos musicales/Viento			Brillante Instrumento Musical | Dorado, Duraro, Viento Metal, para Conciertos
SIN SUB	p265026	Instrumentos musicales/Viento			Cuerno francés intermedio Doble Cuerno Francés F/BB Instrumentos Musicales 4 Válvulas
SIN SUB	p265028	Instrumentos musicales/Viento			Cuerno francés intermedio Las Últimas Hermosas 4 Teclas BB/F Doble Bronce De Latón De Latón Instrume
SIN SUB	p265095	Instrumentos musicales/Viento			Hulusi - Instrumento musical chino tradicional de seda de sándalo rojo (tamaño : llave F) (llave D)
SIN SUB	p265098	Instrumentos musicales/Viento			Hulusi Instrumento musical chino tradicional de seda de calabaza (tamaño : llave B) (llave C)
SIN SUB	p265129	Instrumentos musicales/Viento			Hulusi - Instrumento musical chino tradicional de seda de sándalo rojo (tamaño : llave F) (llave G)
SIN SUB	p265182	Instrumentos musicales/Viento			Instrumento Musical De Cuerno Dorado Lacado De Latón Con Cuerno De Cobre Blanco Plano B Con Accesori
SIN SUB	p265183	Instrumentos musicales/Viento			Cuerno Francés para Principiantes Instrumento Musical De Cuerno Dorado Lacado De Latón Con Cuerno De
SIN SUB	p265188	Instrumentos musicales/Viento			Instrumento de viento metal bajo en si bemol adecuado para interpretación profesional
SIN SUB	p265257	Instrumentos musicales/None			Instrumento musical, Instrumento musical
SIN SUB	p265298	Otros/Varios			s de Instrumento Musical decoraciones 2D de acrílico rosa en forma de
SIN SUB	p265300	Otros/Varios			s de Instrumento Musical decoraciones 2D de acrílico rosa en forma de
SIN SUB	p265325	Otros/Varios			Adornos de Instrumento Musical decoraciones 2D de acrílico rosa en forma de
SIN SUB	p265329	Otros/Varios			Genérico Adornos de Instrumento Musical Bonito corazón Rosa en acrílico 2D
SIN SUB	p265330	Otros/Varios			Adornos de Instrumento Musical Decoraciones 2D de acrílico Rosa en Forma de
SIN SUB	p265339	Otros/Varios			Adornos de Instrumento Musical Decoración para el Hogar en Forma de Corazón
SIN SUB	p265413	Instrumentos musicales/Viento			Chino Hecho a Mano Bambú Negro Hulusi Cucurbitácea Instrumento Musical Étnico Clave de C con la Caja
SIN SUB	p265468	Instrumentos musicales/Viento			Broche de cuerno francés, broche de instrumentos musicales, broche de solapa en forma de cuerno fran
SIN SUB	p265526	Otros/Varios			12 hojas de plantillas de notas musicales para pintura, instrumentos musicales y personal, plantilla
SIN SUB	p265567	Otros/Varios			Guirnalda de fiesta temática para DJ, pancarta de feliz cumpleaños, guirnalda de letrero de fiesta d
SIN SUB	p265636	Otros/Varios			Erosebridal - Juego de 3 piezas para decoración de pared para sala de estar, recámara, flores blanca
SIN SUB	p266983	Videojuegos/Otros accesorios gamer			Cámara Hori Piraña Plant para Nintendo Switch 2 - Cámara Planta Piraña - Accesorio Gamer Oficial
SIN SUB	p266984	Videojuegos/Otros accesorios gamer			Cámara Hori Piraña Plant para Nintendo Switch 2 - Cámara Planta Piraña - Accesorio Gamer Oficial
SIN SUB	p267403	Otros/Varios			Refrigeradores de teléfonos móviles for Juegos Accesorios Ventilador refrigeración celulares Recarga
SIN SUB	p267404	Otros/Varios			Refrigeradores de teléfonos móviles for Juegos Accesorios Ventilador refrigeración celulares Recarga
SIN SUB	p267405	Otros/Varios			Refrigeradores de teléfonos móviles for Juegos Accesorios Ventilador refrigeración celulares Recarga
SIN SUB	p269366	Instrumentos musicales/Viento			SEWACC 100 Unidades Papel Absorbente para Instrumentos de Viento,
SIN SUB	p269367	Instrumentos musicales/Viento			Yamaha YVS-120 Alto Venova Instrumento de viento casual
SIN SUB	p269405	Instrumentos musicales/Viento			Key of C Flate Bitter Bamboo Dizi Instrumento de viento de tradicional chino hecho a mano con bolsa 
SIN SUB	p269457	Instrumentos musicales/Viento			Cojín de silicona suave para el dedo, 5 piezas, accesorios para instrumentos de viento, color negro,
SIN SUB	p269484	Instrumentos musicales/Viento			Técnicas Básicas para Tocar un Instrumento de Viento Metal
SIN SUB	p269496	Instrumentos musicales/Viento			0 Instrumento de Viento
SIN SUB	p269499	Instrumentos musicales/Viento			Jiayouy Herramientas de extracción de abolladuras de aluminio con cabeza de bola de 0,8 a 1 mm para 
SIN SUB	p269507	Instrumentos musicales/Viento			VANDOREN Instrumento de viento (SM602)
SIN SUB	p269518	Instrumentos musicales/Viento			Clip Ajustable Instrumento Viento Portátil Clip Ajustable Instrumento
SIN SUB	p269532	Videojuegos/Otros accesorios gamer			HyperX QuadCast 2 - Micrófono USB para Juegos, transmisión y podcasting, con Controles Integrados, i
SIN SUB	p269723	Instrumentos musicales/Baterías			MTC-5485 Teclado Musical 54 Teclas con 10 Percusiones, 100 Ritmos, 100 Tonos, 10 Canciones Demo, Gra
SIN SUB	p269729	Instrumentos musicales/Baterías			Kaiser Teclado Musical Versátil con 61 Teclas con Luz, 61 Percusiones, 300 Ritmos, 300 Tonos, 21 Can
SIN SUB	p272819	Instrumentos musicales/Baterías			Meinl Tamborim Bolsa - 6" Negro
SIN SUB	p273627	Instrumentos musicales/Baterías			Meinl Pickup Cajon Box Drum con cuerdas internas para efecto de trampa, no fabricado en China, Makah
SIN SUB	p277058	Instrumentos musicales/Viento			Juego Amortiguadores para Rotores de Válvula, 3 Uds Accesorios para Instrumentos de Viento de Latón 
SIN SUB	p277075	Instrumentos musicales/Viento			Music Pottery - Instrumentos de viento nacionales de ocho agujeros, cerámica pequeña, instrumentos a
SIN SUB	p277092	Instrumentos musicales/Viento			Vaguelly 2Pcs Abrazadera Instrumento De Viento Metal Simple
SIN SUB	p277106	Instrumentos musicales/Viento			Instrumento De Viento De Cerámica Portátil De 6 Agujeros Para Principiantes Ideal Para Amantes De La
SIN SUB	p277115	Instrumentos musicales/Viento			Tenglan Key of C Flate Bitter Bamboo Dizi Instrumento de Viento de Tradicional Chino Hecho a Mano co
SIN SUB	p277116	Instrumentos musicales/Viento			BESPORTBLE Cuerda De Elástica para Accesorios De Instrumentos De Viento Compatible Tubos De Cambio p
SIN SUB	p277120	Instrumentos musicales/Viento			TOYANDONA 3piezas Huecos g Grabadora Varilla De Limpieza Para Principiantes Instrumentos De Viento
SIN SUB	p277122	Instrumentos musicales/Viento			Abaodam 15piezas Resortes De Botón Para Prácticos Para Instrumentos De Viento Accesorios y
SIN SUB	p277124	Instrumentos musicales/Viento			Vaguelly Pole Accesory De Resistente Reemplazo Práctico Para Instrumentos De Viento Compatible
SIN SUB	p277171	Instrumentos musicales/Viento			Lazo Elástico para Instrumentos de Viento Negro, Accesorio de Algodón
SIN SUB	p277175	Instrumentos musicales/Viento			5piezas Resortes De Válvula De Agua Para Accesorios De Instrumentos De De Alta Precisión Para Instru
SIN SUB	p277229	Instrumentos musicales/Viento			Instrumento de viento musical para principiante (rosa)
SIN SUB	p277235	Instrumentos musicales/Viento			Zerodeko Instrumento de Viento de Aleación de Cobre Dorada Ligera, Fácil de Transportar y Resistente
SIN SUB	p277236	Instrumentos musicales/Viento			Conjunto Bawu Instrumento de Viento Tradicional G Caja
SIN SUB	p277237	Instrumentos musicales/Viento			Instrumento de Viento de Aleación de Cobre Dorada para Estudiantes y Principiantes, Ligero y Fácil d
SIN SUB	p277241	Instrumentos musicales/Viento			Healifty Instrumento de Viento Ligero y Fácil de Transportar de Aleación de Cobre Dorada para Princi
SIN SUB	p277246	Instrumentos musicales/Viento			Mobestech Instrumento de Viento Instrumento Musical de Aleación de Cobre Dorada Fácil de Operar y Li
SIN SUB	p277253	Instrumentos musicales/Viento			Kisangel Hulusi C Clave Plateado Instrumento de Viento Étnico de Yunnan para Principiantes y Portáti
SIN SUB	p277257	Instrumentos musicales/Viento			Instrumento De Viento De De Cerámica Alto Resina Respetuosa Con El Medio Ambiente Interpretación Mus
SIN SUB	p277258	Instrumentos musicales/Viento			Instrumento de Viento de Cobre Dorado para Principiantes, Ligero
SIN SUB	p277261	Instrumentos musicales/Viento			Kichvoe Instrumento de Viento Ligero Duradero para Principiantes Uso en Bandas Escolares y Orquestas
SIN SUB	p277271	Instrumentos musicales/Viento			Aleación de Cobre Dorado Instrumento de Viento
SIN SUB	p277272	Instrumentos musicales/Viento			Milisten Instrumento Musical Chino Para Principiantes Calabaza Hulusi Para Estudiantes Instrumento D
SIN SUB	p277273	Instrumentos musicales/Viento			Herramienta de Reparación para Instrumentos de Viento, Metal
SIN SUB	p277274	Instrumentos musicales/Viento			Juego de reparación de instrumentos de viento de acero inoxidable incluye 3 esferas de chapa metálic
SIN SUB	p277278	Instrumentos musicales/Viento			caballería, Instrumento de Viento Metal para jóvenes intérpretes, Antiguo
SIN SUB	p277284	Instrumentos musicales/Viento			caballería, Instrumento de Viento Metal para jóvenes intérpretes, Oro
SIN SUB	p277287	Instrumentos musicales/Viento			ibasenice Instrumento de Viento para Principiantes, Instrumento de Viento de Cobre, Agarre Cómodo y 
SIN SUB	p277288	Instrumentos musicales/Viento			Yardwe Herramientas De Reparación De Instrumentos De Viento Accesorios De Reparación Para Instrument
SIN SUB	p277293	Instrumentos musicales/Viento			Instrumento de Viento de Cobre Dorado, Fácil de Manejar, Tono Rico y Potente, Agarre Cómodo, Adecuad
SIN SUB	p277296	Instrumentos musicales/Viento			TOYANDONA 3piezas Core De Para Instrumento De Viento Accesorio De Para Aprendizaje y Práctica Diseño
SIN SUB	p277299	Instrumentos musicales/Viento			TOYANDONA 3piezas De De Reparación Para Instrumentos De Viento Kit De Para Multiusos
SIN SUB	p277300	Instrumentos musicales/Viento			Alasum Instrumento De Viento Con Cubierta De Latón De 4 Piezas
SIN SUB	p277301	Instrumentos musicales/Viento			Instrumento de Viento portátil para Estudiantes avanzados, niños y Profesionales.
SIN SUB	p277303	Instrumentos musicales/Viento			Mini Instrumento de Viento Metal portátil, para Orquesta, Principiantes y niños
SIN SUB	p277304	Instrumentos musicales/Viento			TOYANDONA 4piezas Kit De De Reparación Para Instrumentos De Viento Completo De Para y Horn y Portáti
SIN SUB	p277305	Instrumentos musicales/Viento			Extractor para Instrumentos de Viento Metal Ajustable Profesional
SIN SUB	p277310	Instrumentos musicales/Viento			Extractor para Instrumentos de Viento Metal Negro de Acero Inoxidable
SIN SUB	p277315	Instrumentos musicales/Viento			Extractor para Instrumentos de Viento Metal Pequeño Dorado de Aleación
SIN SUB	p277328	Instrumentos musicales/Viento			Instrumento de Viento Hulusi Verde de Resina Bakelita, si Bemol
SIN SUB	p277330	Instrumentos musicales/Viento			para instrumentos de viento, acero inoxidable
SIN SUB	p277339	Instrumentos musicales/Viento			Instrumento de Viento Chino Hulusi en Clave C, Resina, Diseño Elegante
SIN SUB	p277358	Instrumentos musicales/Viento			Kisangel Conjunto de Instrumento de Viento Bawu Tradicional de Resina, Caja de Almacenamiento, Liger
SIN SUB	p277359	Instrumentos musicales/Viento			Gamuza instrumentos viento Metal – Selmer (Mod.2952) (para lacados) (Color Rosa)
SIN SUB	p277360	Instrumentos musicales/Viento			Hulusi Cuerno de Calabaza B Clave Instrumento de Viento Tradicional Chino con Triple Tono Cobre Chap
SIN SUB	p277383	Instrumentos musicales/Viento			VANDOREN c06p instrumento de viento accesorio
SIN SUB	p277416	Instrumentos musicales/Viento			Instrumento de Viento ABSM con Transposición
SIN SUB	p277419	Instrumentos musicales/Viento			Instrumento de Viento Instrumento Musical Ligero y Fácil de Tocar de Aleación de Cobre Dorada para P
SIN SUB	p277431	Instrumentos musicales/Viento			Instrumento de Viento de Cobre para Principiantes, Dorada
SIN SUB	p277432	Instrumentos musicales/Viento			BESTYASH Instrumento de Viento de Aleación de Cobre Dorada, Fácil de Tocar, Resistente al Óxido, par
SIN SUB	p277434	Instrumentos musicales/Viento			Instrumento Dorado de Cobre para Banda Escolar, Instrumento de Viento
SIN SUB	p277435	Instrumentos musicales/Viento			Instrumento De Viento De Bambú Amargo Adecuado Para Principiantes
SIN SUB	p277436	Instrumentos musicales/Viento			Instrumento de Viento de Aleación de Cobre para Estudiantes y Profesionales, Instrumento Musical Lig
SIN SUB	p277437	Instrumentos musicales/Viento			Instrumento de Viento para Principiantes y Estudiantes de Aleación de Cobre Dorada Instrumento Music
SIN SUB	p277438	Instrumentos musicales/Viento			Instrumento de Viento Liviano Duradero para Principiantes Uso en Bandas y Orquestas Musicales
SIN SUB	p277439	Instrumentos musicales/Viento			Instrumento De Viento De De Escuela Primaria Bambú Amargo Música Tradicional
SIN SUB	p277441	Instrumentos musicales/Viento			Instrumento de Viento de Latón Principiantes para Orquesta Militar
SIN SUB	p277442	Instrumentos musicales/Viento			18 RUTINAS BASICAS: para instrumentos de Viento Metal (interior en color) (Spanish Edition)
SIN SUB	p277445	Instrumentos musicales/Viento			SECFOU Instrumento de Viento Fácil de Tocar y Transportar de Aleación de Cobre Dorada para Principia
SIN SUB	p277447	Instrumentos musicales/Viento			Instrumento de Viento Clásico Hulusi de Calabaza para Principiantes Diseño Duradero y Cómodo con Nud
SIN SUB	p277448	Instrumentos musicales/Viento			Instrumento de Viento de Latón para Banda Escolar, para Principiantes
SIN SUB	p277449	Instrumentos musicales/Viento			Instrumento de Viento de Aleación Dorada, Ligero y Práctico
SIN SUB	p277450	Instrumentos musicales/Viento			de Latón, Instrumento de Viento para Principiantes
SIN SUB	p277451	Instrumentos musicales/Viento			Instrumento de Viento de Latón para Principiantes, Orquesta Militar
SIN SUB	p277452	Instrumentos musicales/Viento			Instrumento de Viento de Latón Instrumento Militar, para Principiantes
SIN SUB	p277453	Instrumentos musicales/Viento			Instrumento de Viento de Latón para Orquesta Militar, para Principiantes
SIN SUB	p277461	Instrumentos musicales/Viento			iplusmile Instrumento de Viento de Aleación de Cobre Dorado, Fácil de Tocar, Adecuado para Principia
SIN SUB	p277462	Instrumentos musicales/Viento			ibasenice Instrumento de Viento para Principiantes y Profesionales de Aleación de Cobre Instrumento 
SIN SUB	p277464	Instrumentos musicales/Viento			Instrumento de Viento de Aleación de Cobre Dorado Ligero para Principiantes
SIN SUB	p277465	Instrumentos musicales/Viento			Milisten de Cobre para Principiantes Instrumento de Viento para Banda Diseño Profesional y Sonido Na
SIN SUB	p277466	Instrumentos musicales/Viento			Beaupretty Instrumento de Viento Hulusi Clásico de Calabaza Porcelana para Principiantes Duradero de
SIN SUB	p277467	Instrumentos musicales/Viento			Herramienta de Instrumentos de Viento de Reparación para Tubo de Latón
SIN SUB	p277468	Instrumentos musicales/Viento			Herramienta de Reparación de Instrumentos de Viento, Metal, Plata
SIN SUB	p277469	Instrumentos musicales/Viento			Herramienta de Reparación para Instrumentos de Viento Plateada de Metal
SIN SUB	p277475	Instrumentos musicales/Viento			Herramienta y Reparación para Compacta Instrumentos de Viento, Metal
SIN SUB	p277477	Instrumentos musicales/Viento			Abaodam Accesorio Reparación Instrumentos Viento Rodillo Deformaciones De Diseño Práctico
SIN SUB	p277481	Instrumentos musicales/Viento			Instrumento de Viento Mini sin Llaves Compacto Instrumento de Viento Mini Material Musical para Prác
SIN SUB	p277487	Instrumentos musicales/Viento			Herramienta de Reparación de Instrumentos de Viento, Kit Metálico
SIN SUB	p277488	Instrumentos musicales/Viento			Herramienta de Reparación de Instrumentos de Viento 1 Set Metal Plata
SIN SUB	p277510	Instrumentos musicales/Viento			Rodillo de Reparación de Instrumentos de Viento W60 de Metal Negro
SIN SUB	p277515	Instrumentos musicales/Viento			Herramienta extractora de metal para tuning de metal, instrumento de viento, instrumento musical, se
SIN SUB	p277516	Instrumentos musicales/Viento			Hulusi Para Principiantes Instrumento De Viento De Profesional Para Adultos Imitación De De Ébano Co
SIN SUB	p277541	Instrumentos musicales/Viento			BESPORTBLE de Cobre Profesional para Principiantes Instrumento de Viento Ligero y Duradero para Estu
SIN SUB	p277553	Instrumentos musicales/Viento			Yanagisawa Instrumento de viento (08043764)
SIN SUB	p277557	Instrumentos musicales/Viento			Accesorios para instrumentos de viento (08043765)
SIN SUB	p277578	Instrumentos musicales/Viento			Instrumento de viento musical indio de bambú natural para principiantes y profesionales
SIN SUB	p277579	Instrumentos musicales/Viento			Instrumento de viento musical indio de bambú natural para principiantes y profesionales
SIN SUB	p277581	Instrumentos musicales/Viento			Instrumento de viento musical indio de bambú natural para principiantes y profesionales
SIN SUB	p277582	Instrumentos musicales/Viento			Instrumento de viento musical indio de bambú natural para principiantes y profesionales
SIN SUB	p277584	Instrumentos musicales/Viento			Instrumento de viento musical indio de bambú natural para principiantes y profesionales
SIN SUB	p277586	Instrumentos musicales/Viento			Instrumento de viento musical indio de bambú natural para principiantes y profesionales
SIN SUB	p277587	Instrumentos musicales/Viento			Instrumento de viento musical indio de bambú natural para principiantes y profesionales
SIN SUB	p277588	Instrumentos musicales/Viento			Instrumento de viento musical indio de bambú natural para principiantes y profesionales
SIN SUB	p277589	Instrumentos musicales/Viento			Instrumento de viento musical indio de bambú natural para principiantes y profesionales
SIN SUB	p277590	Instrumentos musicales/Viento			Instrumento de viento musical indio de bambú natural para principiantes y profesionales
SIN SUB	p277602	Instrumentos musicales/Viento			El Instrumento De Viento Chino Hulusi Es Adecuado Para Conciertos Y Aprendizaje Musical. Hulusi(1)
SIN SUB	p277603	Instrumentos musicales/Viento			El Instrumento De Viento Chino Hulusi Es Adecuado Para Conciertos Y Aprendizaje Musical. Hulusi(2)
SIN SUB	p277611	Instrumentos musicales/Viento			Hulusi Para Principiantes El Hulusi Es Un Instrumento De Viento De Doble Lengüeta Con Un Mecanismo D
SIN SUB	p277613	Instrumentos musicales/Viento			Hulusi Para Principiantes Instrumento De Viento De Con 7 Agujeros Llave Hulusi C De Resina Para Adul
SIN SUB	p277615	Instrumentos musicales/Viento			FLFL Hulusi Hulusi 3 Octaves Gourd Flaute C Clave Patrones Grabados Instrumento De Viento De con Caj
SIN SUB	p277616	Instrumentos musicales/Viento			FLFL Hulusi Instrumento De Viento De Plástico De Seda De Cucurbit.
SIN SUB	p277623	Instrumentos musicales/Viento			Varilla diámetro 2,0-3,2 Ajuste Instrumentos de Viento Plata
SIN SUB	p277629	Instrumentos musicales/Viento			Keenso Instrumentos Musicales, Instrumento de Viento ABS con 10 Tonos, 4 Horas de Reproducción, Idea
SIN SUB	p277638	Instrumentos musicales/Viento			10 Uds Piezas De Hecho A Mano Accesorios Para Instrumentos De Viento Suministros De Accesorios De Tu
SIN SUB	p277650	Instrumentos musicales/Viento			Hulusi para principiantes Instrumento de viento Hulusi con llave en C para principiantes ligero y pr
SIN SUB	p277651	Instrumentos musicales/Viento			Hulusi para principiantes Hulusi plateado con llave en C instrumento de viento duradero para princip
SIN SUB	p277653	Instrumentos musicales/Viento			Instrumento De Viento Con Cuerpo Cobre Chapado En Aluminio Hulusi Tres Tonos Llave C Adecuado Para P
SIN SUB	p277655	Instrumentos musicales/Viento			Instrumento de Viento de Cobre Dorado Ligero, para Principiantes
SIN SUB	p277662	Instrumentos musicales/Viento			Hulusi profesional Instrumento de viento Hulusi con llave en C para principiantes ligero y práctico
SIN SUB	p277663	Instrumentos musicales/Viento			Hulusi para principiantes Instrumento de viento de baquelita Hulusi para principiantes
SIN SUB	p277667	Instrumentos musicales/Viento			Instrumento Musical Waldhorn De Profesional Instrumento De Viento Color Dorado y Negro Para Estudian
SIN SUB	p277671	Instrumentos musicales/Viento			Instrumento De Viento Waldhorn Premium Para Principiantes Manos De Obra Profesional
SIN SUB	p277682	Instrumentos musicales/Viento			Instrumento de viento para principiantes, adultos, amantes de la música, 12 agujeros, 48 tonos, colo
SIN SUB	p277685	Instrumentos musicales/Viento			Bolsa de viaje portátil para instrumentos de viento de lona con acolchado de espuma
SIN SUB	p277689	Instrumentos musicales/Viento			de Cobre para Principiantes Instrumento de Viento Profesional Ligera y Duradera con Timbre Preciso p
SIN SUB	p277694	Instrumentos musicales/Viento			Panpipe De Resina De 18 Tubos Instrumento De Viento Profesional Para Principiantes, Simple (Color : 
SIN SUB	p277696	Instrumentos musicales/Viento			Hulusi Para Principiantes Hulusi En Clave De Fa Y Otros Instrumentos De Viento De Con Accesorios(9)
SIN SUB	p277700	Instrumentos musicales/Viento			Hulusi Para Principiantes Hulusi Un Instrumento De Viento De Tradicional Profesional Es Azul Y
SIN SUB	p277703	Instrumentos musicales/Viento			Hulusi Para Principiantes Baquelita Coloreada Hulusi Con Llave ABS C Un Instrumento De Viento De Ami
SIN SUB	p277704	Instrumentos musicales/Viento			Hulusi Para Principiantes Hulusi Para Adultos Y Principiantes C O B Instrumento De Viento De Natural
SIN SUB	p277705	Instrumentos musicales/Viento			Hulusi Para Principiantes Hulusi Con Llave C Profesional Para Principiantes Que Tocan Instrumentos D
SIN SUB	p277706	Instrumentos musicales/Viento			Hulusi Para Principiantes Baquelita Hulusi De Color Profesional Con Llave C Para Principiantes Un In
SIN SUB	p277708	Instrumentos musicales/Viento			Hulusi Para Principiantes Hulusi En Tecla C O D Adecuado Para Principiantes Instrumento De Viento De
SIN SUB	p277709	Instrumentos musicales/Viento			Hulusi Para Principiantes Instrumento De Viento De Natural Con Llave Plana C O B Para Principiantes 
SIN SUB	p277710	Instrumentos musicales/Viento			Instrumento De Viento Con Cuerpo Cobre Chapado En Aluminio Hulusi Tres Tonos Llave C Adecuado Para P
SIN SUB	p277711	Instrumentos musicales/Viento			Instrumento De Viento Hulusi Porcelana Azul Y Blanca Para Principiantes En Clave C Si Bemol Adultos 
SIN SUB	p277716	Instrumentos musicales/Viento			Hulusi Para Principiantes Instrumento De Viento De Hulusi Hecho A Mano Para Adultos Y Principiantes 
SIN SUB	p277717	Instrumentos musicales/Viento			Hulusi Para Principiantes Instrumento De Viento Hulusi De Tres Notas Desmontable Con Llave Plana Pro
SIN SUB	p277718	Instrumentos musicales/Viento			Instrumento De Viento Con Cuerpo Cobre Chapado En Aluminio Hulusi Tres Tonos Llave C Adecuado Para P
SIN SUB	p277719	Instrumentos musicales/Viento			Instrumento De Viento Tradicional Hulusi Con Llave B/C Adecuado Para Principiantes Para Practicar Y 
SIN SUB	p277720	Instrumentos musicales/Viento			Hulusi Para Principiantes Instrumento De Viento De Profesional De Siete Agujeros Con Llave Plana Hul
SIN SUB	p277721	Instrumentos musicales/Viento			Hulusi Para Principiantes Instrumento De Viento De Hulusi Con Llave Plana C O B Con Acabado Pintado 
SIN SUB	p277722	Instrumentos musicales/Viento			Hulusi Para Principiantes El Hulusi Es Un Instrumento De Viento De Doble Lengüeta Tipo Push Pull En 
SIN SUB	p277727	Instrumentos musicales/Viento			Instrumento musical étnico chino hecho a mano Hulusi de calabaza de bambú para principiantes amantes
SIN SUB	p277747	Instrumentos musicales/Viento			Instrumento de viento musical indio de bambú natural para principiantes y profesionales
SIN SUB	p277748	Instrumentos musicales/Viento			Instrumento de viento musical indio de bambú natural para principiantes y profesionales
SIN SUB	p277750	Instrumentos musicales/Viento			Instrumento de viento musical indio de bambú natural para principiantes y profesionales
SIN SUB	p277751	Instrumentos musicales/Viento			Instrumento de viento musical indio de bambú natural para principiantes y profesionales
SIN SUB	p277753	Instrumentos musicales/Viento			Yamaha Juego de mantenimiento de instrumentos de viento para cuerno YAMAHA KOSHR5 BFKOSHR5
SIN SUB	p277756	Instrumentos musicales/Viento			Instrumento de viento musical indio de bambú natural para principiantes y profesionales
SIN SUB	p277757	Instrumentos musicales/Viento			Instrumento de viento musical indio de bambú natural para principiantes y profesionales
SIN SUB	p277759	Instrumentos musicales/Viento			Instrumento de viento musical indio de bambú natural para principiantes y profesionales
SIN SUB	p277760	Instrumentos musicales/Viento			Instrumento de viento musical indio de bambú natural para principiantes y profesionales
SIN SUB	p277761	Instrumentos musicales/Viento			Instrumento de viento musical indio de bambú natural para principiantes y profesionales
SIN SUB	p277771	Instrumentos musicales/Viento			Instrumento De Viento De 15 Tubos G Key Panpipe Instrumento De Viento De Tradicional Chino Con Bolsa
SIN SUB	p277772	Instrumentos musicales/Viento			Instrumento De Viento De 15 Tubos G Key Panpipe Instrumento De Viento De Tradicional Chino Con Bolsa
SIN SUB	p277809	Instrumentos musicales/Viento			Instrumentos de viento con patrón ciruela/loto rojo dibujados a mano, 4 agujeros, en forma D, adorno
SIN SUB	p277810	Instrumentos musicales/Viento			Instrumentos de viento con patrón ciruela/loto rojo dibujados a mano, 4 agujeros, en forma D, adorno
SIN SUB	p277811	Instrumentos musicales/Viento			IVESON J. - Dream Makers para 10 Instrumentos de Viento Metal (Partitura y Partes)
SIN SUB	p277820	Instrumentos musicales/Viento			French Horn Student: Level 3, Advanced Intermediate;Student Instrumental Course
SIN SUB	p277821	Instrumentos musicales/Viento			Instrumento escolar profesional B de caballería plano dorado para principiantes, caballería, campame
SIN SUB	p277824	Instrumentos musicales/Viento			Hulusi Para Principiantes El Hulusi De Tres Tonos Es Un Instrumento De Viento De Tradicional Profesi
SIN SUB	p277829	Instrumentos musicales/Viento			Instrumento De Viento Étnico Panpipe Para Principiantes Para Aprender A Tocar La Tecla C De 18 Tubos
SIN SUB	p277833	Instrumentos musicales/Viento			Do Mayor Instrumento De Viento Chino Hulusi Hulusi
SIN SUB	p277834	Instrumentos musicales/Viento			Hulusi para principiantes Instrumento de viento profesional Hulusi en Do Mayor
SIN SUB	p277835	Instrumentos musicales/Viento			Hulusi para principiantes Instrumento de viento Hulusi con llave en C color verde
SIN SUB	p277843	Instrumentos musicales/Viento			Instrumento De Viento Profesional Desmontable De Tres Tonos Hulusi G Para Principiantes
SIN SUB	p277845	Instrumentos musicales/Viento			Instrumento De Viento De Desmontable De Tres Tonos Con Llave En G Hulusi
SIN SUB	p277850	Instrumentos musicales/Viento			Tipo De Rendimiento Hulusi Instrumento De Viento De Desmontable De Tres Tonos Con Llave En G Hulusi
SIN SUB	p277852	Instrumentos musicales/Viento			Hulusi profesional Instrumento de viento Hulusi con llave en C color verde
SIN SUB	p277854	Instrumentos musicales/Viento			Hulusi Para Principiantes Instrumento De Viento De Tradicional C Key Hulusi Con Nudo De Cinta
SIN SUB	p277855	Instrumentos musicales/Viento			Hulusi profesional Instrumento de viento Hulusi portátil y duradero para principiantes
SIN SUB	p277857	Instrumentos musicales/Viento			Hulusi para principiantes Instrumento de viento de bambú morado Hulusi en clave de Do
SIN SUB	p277863	Instrumentos musicales/Viento			Instrumento de viento profesional Hulusi en clave de C apto para principiantes
SIN SUB	p277870	Instrumentos musicales/Viento			Mini carpeta de música portátil universal de fácil uso para instrumentos de viento plateados
SIN SUB	p277871	Instrumentos musicales/Viento			Instrumento de Viento en en Tono Bb Instrumento de Viento Material Fenólico Ajustable
SIN SUB	p277880	Instrumentos musicales/Viento			Instrumento De Viento Nacional Para Principiantes, Melodía Plana B De Seda De Calabaza De Bambú Púrp
SIN SUB	p277884	Instrumentos musicales/Viento			Instrumento De Viento Hulusi Con Tecla C Para Adulto Hulusi
SIN SUB	p277890	Instrumentos musicales/Viento			Panpipe 18 Tubos Principiante Profesional Tocando Instrumento De Viento Étnico Nivel De Entrada Espe
SIN SUB	p277892	Instrumentos musicales/Viento			Hulusi para principiantes Instrumento de viento Hulusi portátil y duradero para principiantes
SIN SUB	p277893	Instrumentos musicales/Viento			Hulusi profesional Instrumento de viento de bambú morado Hulusi en clave de Do
SIN SUB	p277894	Instrumentos musicales/Viento			Pan Pipes Instrumento Viento 15 Tubos Panpipes G Clave Principiantes Plástico ABS Panflute Profesion
SIN SUB	p277896	Instrumentos musicales/Viento			Especial De 18 Tubos Mejorados En Color Marrón Y Negro Para Que Los Principiantes Toquen Instrumento
SIN SUB	p277897	Instrumentos musicales/Viento			Hulusi Para Principiantes Hulusi Natural Profesional En C O D Y Otros Instrumentos De Viento De (F k
SIN SUB	p277898	Instrumentos musicales/Viento			Hulusi Para Principiantes Instrumento De Viento Plateado Hulusi Con Llave C Portátil Tradicional Par
SIN SUB	p277899	Instrumentos musicales/Viento			Hulusi Para Principiantes Instrumento De Viento Hulusi Profesional Con Siete Agujeros En Llave C O B
SIN SUB	p277901	Instrumentos musicales/Viento			Tipo De Rendimiento Hulusi Instrumento De Viento Para Adultos Hulusi De Caoba Con Siete Agujeros En 
SIN SUB	p277908	Instrumentos musicales/Viento			Hulusi Para Principiantes Instrumento De Viento De Hulusi Hecho A Mano Para Adultos Y Principiantes 
SIN SUB	p277910	Instrumentos musicales/Viento			Hulusi Para Principiantes Instrumento De Viento De Hulusi Con Llave Plana C O B Con Acabado Pintado 
SIN SUB	p277920	Instrumentos musicales/Viento			Hulusi Para Principiantes Hulusi Un Instrumento De Viento Tradicional Profesional
SIN SUB	p277921	Instrumentos musicales/Viento			Yamaha Trova Instrumento de viento casual
SIN SUB	p277932	Instrumentos musicales/Viento			Instrumento de viento musical indio de bambú natural para principiantes y profesionales
SIN SUB	p277933	Instrumentos musicales/Viento			Instrumento de viento musical indio de bambú natural para principiantes y profesionales
SIN SUB	p277934	Instrumentos musicales/Viento			Instrumento de viento musical indio de bambú natural para principiantes y profesionales
SIN SUB	p277938	Instrumentos musicales/Viento			Pan Pipes Instrumento Viento Instrumento De Viento G De 15 Tonos para Principiantes
SIN SUB	p277946	Instrumentos musicales/Viento			Hulusi Para Principiantes Instrumento De Viento De Natural Con Llave Hulusi C/Bb De Tres Tonos Para 
SIN SUB	p277948	Instrumentos musicales/Viento			Hulusi Para Principiantes Instrumento De Viento Profesional Hulusi Hecho A Mano Con Llave C/Bb Con B
SIN SUB	p277952	Instrumentos musicales/Viento			Hulusi Para Principiantes Instrumento De Viento De Profesional Hulusi Hecho A Mano Con Llave C/Bb Co
SIN SUB	p277957	Instrumentos musicales/Viento			Hulusi Para Principiantes Instrumento De Viento De Profesional Hulusi En Llave C O Bb Adecuado Para 
SIN SUB	p277958	Instrumentos musicales/Viento			Hulusi profesional Instrumento de viento Hulusi para principiantes adultos en tono C(D key)
SIN SUB	p277959	Instrumentos musicales/Viento			Hulusi Para Principiantes Teclas F/G Instrumento De Viento De Profesional De Tres Tonos(F Tone)
SIN SUB	p277961	Instrumentos musicales/Viento			Hulusi para principiantes Instrumento de viento Hulusi para principiantes adultos en tono C(C key)
SIN SUB	p277963	Instrumentos musicales/Viento			Hulusi Para Principiantes Instrumento De Viento De Profesional De Siete Agujeros Hulusi Con Llave C/
SIN SUB	p277965	Instrumentos musicales/Viento			De Bambú De Dos Secciones Instrumento De Viento De Profesional(F)
SIN SUB	p277967	Instrumentos musicales/Viento			Hulusi Para Principiantes Instrumento De Viento Hulusi Profesional De 9 Agujeros En Tecla G O F(Bb k
SIN SUB	p277971	Instrumentos musicales/Viento			Instrumento De Viento Bawu De Soplado Vertical, Que Incluye Caja De Música, 6 Agujeros, Fácil De Toc
SIN SUB	p277972	Instrumentos musicales/Viento			Instrumento De Viento Bawu De Soplado Vertical, Que Incluye Caja De Música, 6 Agujeros, Fácil De Toc
SIN SUB	p277973	Instrumentos musicales/Viento			Instrumento De Viento Bawu De Soplado Vertical, Que Incluye Caja De Música, 6 Agujeros, Fácil De Toc
SIN SUB	p277974	Instrumentos musicales/Viento			Instrumento De Viento Bawu De Soplado Vertical, Que Incluye Caja De Música, 6 Agujeros, Fácil De Toc
SIN SUB	p277976	Instrumentos musicales/Viento			Bawu vertical de sándalo, instrumento de viento para conjunto de escenario para adultos, incluye acc
SIN SUB	p277979	Instrumentos musicales/Viento			Instrumento De Viento Para Adultos Hulusi De Caoba Con Siete Agujeros En Si Bemol Y Llave En C(Type 
SIN SUB	p277990	Instrumentos musicales/Viento			CD LIBRO MOZART 250 ANIVERSARIO 25. M?SICA PARA INSTRUMENTOS DE VIENTO (Mozart) El Pa?s, 2006. OFRT
SIN SUB	p278006	Instrumentos musicales/Viento			Instrumento de viento Hulusi con clave C utilizado para práctica e interpretación
SIN SUB	p278011	Instrumentos musicales/Viento			Instrumento de viento Hulusi en clave de Do y Si bemol para adultos Interpretación profesional
SIN SUB	p278016	Instrumentos musicales/Viento			Mobkid Instrumento De Viento Chino De Seda De Cucurbita Extraíble De Seda De Cucurbitácea De Ébano A
SIN SUB	p278025	Instrumentos musicales/Viento			Instrumento de viento Hulusi con clave en si bemol utilizado para práctica e interpretación
SIN SUB	p278034	Instrumentos musicales/Viento			Hulusi Para Principiantes Principiantes De Hulusi En La Interpretación Profesional De Instrumentos D
SIN SUB	p278035	Instrumentos musicales/Viento			Hulusi Para Principiantes Hulusi Diseñado Profesionalmente Para Tocar Instrumentos De Viento De En S
SIN SUB	p278039	Instrumentos musicales/Viento			Hulusi Para Principiantes Hulusi Un Instrumento De Viento Eléctrico
SIN SUB	p278044	Instrumentos musicales/Viento			Instrumento Hulusi C/Bb Tune Rendimiento Profesional Tipo Redwood B Tune Siete Agujeros Instrumento 
SIN SUB	p278046	Instrumentos musicales/Viento			Hulusi Para Principiantes 2/3 Hulusi Un Instrumento Tradicional De 7 Agujeros Es Un Instrumento De V
SIN SUB	p278047	Instrumentos musicales/Viento			Hulusi Para Principiantes Hulusi Profesional En Instrumento De Viento De Con Llave Bk O Red C O Bb(4
SIN SUB	p278048	Instrumentos musicales/Viento			Hulusi Para Principiantes Instrumentos De Viento De Profesionales Para Adultos Tecla G Y Otros Tonos
SIN SUB	p278052	Instrumentos musicales/Viento			Bawu Vertical De Sándalo, Instrumento De Viento, Adecuado Para Exámenes De Grado/Actuaciones/Acompañ
SIN SUB	p278075	Instrumentos musicales/Viento			Pan Pipes Instrumento Viento 22 Tubos De Plástico ABS Panpipe G Key Panflute Derecha/Izquierda Instr
SIN SUB	p278078	Instrumentos musicales/Viento			Shure WB98H/C Micrófono de Condensador Inalámbrico para Instrumento de Viento
SIN SUB	p278097	Instrumentos musicales/Viento			E Key 20 Tubos PanFlute Instrumento De Viento De Instrumento Musical Tradicional Chino(Color:Left-ha
SIN SUB	p278108	Instrumentos musicales/Viento			Octeto para instrumentos de viento y madera (Spanish Edition)
SIN SUB	p278120	Instrumentos musicales/Viento			Hulusi Para Principiantes Instrumento De Viento De Profesional The Hulusi En Bb O C Key Para Princip
SIN SUB	p278126	Instrumentos musicales/Viento			Hulusi Para Principiantes Instrumento De Viento Desmontable De Rendimiento Profesional Con Llave Hul
SIN SUB	p278132	Instrumentos musicales/Viento			Hulusi Para Principiantes Instrumento De Viento De Desmontable De Estilo Profesional Con Llave Plana
SIN SUB	p278134	Instrumentos musicales/Viento			Hulusi Para Principiantes Instrumento De Viento De Tradicional Desmontable Hulusi De Con Llave C/bB(
SIN SUB	p278135	Instrumentos musicales/Viento			Hulusi Para Principiantes Instrumento De Viento De Tradicional Desmontable Hulusi De Con Llave C/bB(
SIN SUB	p278149	Instrumentos musicales/Viento			Instrumento Sheng De 14 Lengüetas, Un Instrumento De Viento Tradicional Chino, En Clave De D, Con Un
SIN SUB	p278163	Instrumentos musicales/Viento			Instrumento de viento Hulusi de 7 agujeros con clave C adecuado para interpretación profesional(C ke
SIN SUB	p278170	Instrumentos musicales/Viento			Instrumento de viento Hulusi de 7 agujeros con clave C adecuado para interpretación profesional(B fl
SIN SUB	p278171	Instrumentos musicales/Viento			Instrumento de viento Hulusi de siete agujeros con clave C adecuado para interpretación profesional(
SIN SUB	p278174	Instrumentos musicales/Viento			Instrumento de viento Hulusi de siete agujeros con clave C adecuado para interpretación profesional(
SIN SUB	p278189	Instrumentos musicales/Viento			Instrumento De Viento De 17 Teclas De Baquelita Negra Con Teclas Niqueladas
SIN SUB	p278192	Instrumentos musicales/Viento			Cuerno Telescópico De Tres Secciones De Estilo Tibetano,Un Instrumento De Viento Para Animar A Los F
SIN SUB	p278194	Instrumentos musicales/Viento			Hulusi para principiantes Instrumento de viento de Hulusi hecho a mano con ébano apto para adultos
SIN SUB	p278195	Instrumentos musicales/Viento			Instrumento De Viento Profesional Para Puesta En Escena Hulusi Con Tecla F Hulusi
SIN SUB	p278196	Instrumentos musicales/Viento			Instrumento De Viento Profesional Para Puesta En Escena Hulusi Con Tecla F Hulusi Principiantes
SIN SUB	p278200	Instrumentos musicales/Viento			Instrumento De Viento De Con Llave En C De 17 Agujeros Con Llave En C De Plata Niquelada
SIN SUB	p278203	Instrumentos musicales/Viento			Instrumento De Viento Profesional Para Puesta En Escena Hulusi Con Tecla F Hulusi Profesional
SIN SUB	p278207	Instrumentos musicales/Viento			FLFL Hulusi Los Estudiantes De Instrumentos De Viento De Hulusi Realizan A La De Tres Tonos Hulusi
SIN SUB	p278209	Instrumentos musicales/Viento			Instrumento de viento de bambú Panpipe G Key hecho a mano Folk Musicales Dizi Instrumento (color: ma
SIN SUB	p278211	Instrumentos musicales/Viento			Hulusi profesional Instrumento de viento de Hulusi hecho a mano con ébano apto para adultos
SIN SUB	p278212	Instrumentos musicales/Viento			Grabadoras Grabadora de Rendimiento de Banda Profesional, Grabadora de Estilo Barroco de 8 Orificios
SIN SUB	p278256	Instrumentos musicales/Viento			Hulusi Para Principiantes C/D Key Hulusi Rendimiento Profesional Para Principiantes Y Adultos Instru
SIN SUB	p278257	Instrumentos musicales/Viento			Hulusi Para Principiantes Hulusi De Siete Y Nueve Hoyos Son Instrumentos De Viento En Tonalidad Do O
SIN SUB	p278258	Instrumentos musicales/Viento			Hulusi Para Principiantes Practique Con Un Hulusi De Nueve Agujeros En Tecla F Profesional Y Otros I
SIN SUB	p278317	Instrumentos musicales/Viento			Amarillo 25 Tubos C Key Pan Pipes Instrumento De Viento De Instrumento Musical Tradicional Chino (Co
SIN SUB	p278320	Instrumentos musicales/Viento			25 Tubos C/G Llave PanFlute Pan Pipes Instrumento De Viento De Instrumento Musical Tradicional Chino
SIN SUB	p278328	Instrumentos musicales/Viento			Hulusi Para Principiantes Instrumento De Viento De Profesional Siete Agujeros Cinco Teclas Hulusi Ma
SIN SUB	p278336	Instrumentos musicales/Viento			Hulusi Para Principiantes BB/C Key Rosewood Hulusi Profesional Adulto Principiante Instrumento De Vi
SIN SUB	p278338	Instrumentos musicales/Viento			Instrumento De Viento De De Estilo Vintage De Baquelita En Do Alto
SIN SUB	p278340	Instrumentos musicales/Viento			Hulusi Para Principiantes Instrumento De Viento De Profesional De Tres Notas Hulusi Con Tecla C/D Ba
SIN SUB	p278351	Instrumentos musicales/Viento			Mano Izquierda Derecha C Llave Pan Pipes Hecho A Mano Instrumento De Viento De 22 Tubos (Color : Lef
SIN SUB	p278374	Instrumentos musicales/Viento			Hulusi Para Principiantes Instrumento De Viento De Profesional Portátil Tradicional Hulusi En Tono C
SIN SUB	p278388	Instrumentos musicales/Viento			Instrumento De Viento Ébano Dos Teclas Y Siete Agujeros Hulusi Profesional(C)
SIN SUB	p278390	Instrumentos musicales/Viento			Instrumento De Viento Hulusi Profesional Orientado A Adultos, Tono Puro, Fácil De Tocar, Incluye Caj
SIN SUB	p278392	Instrumentos musicales/Viento			Hulusi Para Principiantes El Instrumento De Viento Profesional El Hulusi De Siete Agujeros Y Cinco T
SIN SUB	p278418	Instrumentos musicales/Viento			Instrumento De Viento Ébano Dos Teclas Y Siete Agujeros Hulusi Principiantes(C)
SIN SUB	p278419	Instrumentos musicales/Viento			Instrumento De Viento Ébano Dos Teclas Y Siete Agujeros Hulusi(C)
SIN SUB	p278423	Instrumentos musicales/Viento			Instrumento de viento metal plateado en si bemol para principiantes
SIN SUB	p278429	Instrumentos musicales/Viento			B/D/F/G Tono Hulusi Instrumento De Viento De Chino Profesional De 7 Hoyos Chino Hulusi(G)
SIN SUB	p278431	Instrumentos musicales/Viento			Instrumento De Viento Metal Bb B Profesional Con Guantes Para Que Los Principiantes Puedan Tocar Fác
SIN SUB	p278437	Instrumentos musicales/Viento			Hulusi De 9 Hoyos, Un Instrumento De Viento Utilizado Para Enseñar Y Tocar, Con Un Hermoso Tono,G#
SIN SUB	p278450	Instrumentos musicales/Viento			Instrumento Sheng De 14 Lengüetas, Un Instrumento De Viento Tradicional Chino, En Clave De D, Con Un
SIN SUB	p278471	Instrumentos musicales/Viento			Hulusi, un instrumento de viento tradicional chino, utilería para escenario,Plum blossom bamboo,B fl
SIN SUB	p278581	Otros/Varios			AKASO Palo Selfie Invisible 120CM para Cámara Deportiva
SIN SUB	p278747	Otros/Varios			AKASO Palo de Selfie Trípode con empuñadura Flotante para Cámara Deportiva
SIN SUB	p278766	Otros/Varios			AKASO Palo de Selfie con Trípode 60CM Selfie Stick para cámara Deportiva
SIN SUB	p279135	Otros/Varios			Lente de la cámara del teléfono Celular, Lente de telefoto con Zoom de Enfoque Largo 20X con Soporte
SIN SUB	p279187	Otros/Varios			Green FUSION - 3 piezas de repuesto para lente de cámara trasera ultra trasera para Galaxy S25 con h
SIN SUB	p279437	Otros/Varios			GVM Teleprompter portátil para iPad, tablet, smartphone y cámaras réflex digitales, kit de telepromp
SIN SUB	p279438	Otros/Varios			Teleprompter portátil A10 para teléfonos inteligentes y cámaras réflex digitales con soporte para te
SIN SUB	p279455	Muebles/Otros			Bolsa para cámara con cordón, bolsa de piel café con interior protector, cómodas bolsas de almacenam
SIN SUB	p279522	Otros/Varios			Palo Selfie Tripode con Luces, 170CM Tripode para Movil con Control Remoto Bluetooth, 360° Rotación 
SIN SUB	p279649	Otros/Varios			170cm Trípode para Cámara/Celular Aluminio con Bolsa de Viaje y Mando
SIN SUB	p281096	Otros/Varios			Varilla Extensible de 36.22 Pulgadas, Palo Selfie Invisible Compatible con cámaras de acción, Ideal 
SIN SUB	p281099	Otros/Varios			Soporte de Succión de Leva, Cámara de Copa Potente para Automóvil con Soporte para Teléfono de 9 Cm 
SIN SUB	p281140	Otros/Varios			ULANZI MT88 ClipMate Trípode para cámara,Palo Selfie con Correa Adhesiva
SIN SUB	p281278	Otros/Varios			Fotopro Tripie Flexible, Trípie para Celular, Trípode Camara, Tripode Movil con Adaptador Universal,
SIN SUB	p281409	Otros/Varios			NEEWER TP38 Trípode Móvil y Cámara, Palo Selfie Extensible de Metal 15"
SIN SUB	p284953	Videojuegos/Otros accesorios gamer			Western Digital WD 6 TB My Passport HDD portátil USB 3.0 con Software para gestión de Dispositivos, 
SIN SUB	p287386	Iluminación/None			Partphoner W-5437 - Unidad - 1 Negro
SIN SUB	p294068	Juegos de mesa/Otros juegos			Bananagrams Juegos de mesa
SIN SUB	p295619	Otros/Varios			Juegos para exteriores, patio y playa, para adultos y para la familia, perfectos para el patio trase
SIN SUB	p296268	Otros/Varios			Herramientas de dibujo, maniquí posible, figures de dibujo modelo 2pcs 5.91 pulgadas de acción femen
SIN SUB	p296716	Otros/Varios			Modelo de anatomía de Torso Humano de 78 cm (1 Pieza), Herramienta educativa Unisex de tamaño 1/2 Na
SIN SUB	p296751	Otros/Varios			Vaguelly Portavasos Negro para Carriola con Soporte para Teléfono, de PP Instalación Rápida y Agarre
SIN SUB	p296815	Otros/Varios			Bandeja universal para cochecito de bebé con soporte profundo para tazas y soporte para teléfono, de
SIN SUB	p296861	Otros/Varios			Soporte para tazas y teléfono compatible solo con el sistema de viaje todo en uno original de Doona 
SIN SUB	p296864	Otros/Varios			Bandeja de aperitivos compatible con Nuna, universal para carriola con soporte para tazas y soporte 
SIN SUB	p296875	Otros/Varios			Bandeja de aperitivos compatible con Nuna Mockingbird, bandeja ajustable para aperitivos, con soport
SIN SUB	p30668	Muebles/Otros			Soporte Para Laptop Portátil Qzgyoool
SIN SUB	p30669	Muebles/Otros			Soporte Para Laptop de Aluminio Plegable Antideslizante
SIN SUB	p30726	Electrodomésticos/Otros			Tabla Para Cortar Alimentos Ibili Plástico HDPE 38cm
SIN SUB	p30727	Electrodomésticos/Otros			Tabla Para Cortar Weber
SIN SUB	p30728	Electrodomésticos/Otros			Set de 4 Tablas Para Picar Vanance con Base
SIN SUB	p30752	Joyería y bisutería/Otros			Billetera para Hombre con Tarjetero RFID Marrón
SIN SUB	p30753	Joyería y bisutería/Otros			Billetera para Hombre Timberland
SIN SUB	p30754	Joyería y bisutería/Otros			Billetera para Hombre Bifold Lacoste Azul
SIN SUB	p30755	Joyería y bisutería/Otros			Cinturón para Hombre Steve Madden Casual
SIN SUB	p30756	Joyería y bisutería/Otros			Paraguas Sombrilla Automática Estampado Floral Verde
SIN SUB	p30856	Electrodomésticos/Otros			Juego de Vajilla Gibson Home Zuma Redonda 16 Piezas Gris
SIN SUB	p30857	Electrodomésticos/Otros			Juego de Vajilla Melamina Webbylee 10 Piezas Gris
SIN SUB	p30863	Electrodomésticos/Otros			Juego de Jarra de Agua Libbey Alaska 5 Piezas
SIN SUB	p30864	Electrodomésticos/Otros			Jarra de Agua Plástico Transparente 1.5L Good & Cool
SIN SUB	p30865	Electrodomésticos/Otros			Jarra de Agua de Vidrio Ámbar 77oz con Manija AEFPOYMXU
SIN SUB	p310006	Deportes y fitness/Otros			Báscula de pesca, controlador de pesaje de peces, digital portátil para pesca, herramienta ideal par
SIN SUB	p310126	Muebles/Otros			Bodily Autonomy in 19th Century American Women’s Writing: A Cornucopia of Pharmacopoeia (Routledge R
SIN SUB	p310127	Muebles/Otros			Creative Writing and Wellbeing: Research, Theory, and Practice Beyond Words (Routledge Interdiscipli
SIN SUB	p310207	Muebles/Otros			My Period My Power: A Simple Guide to Body Literacy, Cycle Syncing & Daily Health Tracking
SIN SUB	p310411	Otros/Varios			Immunocal Paquete de Abundancia | 2 Immunocal + 4 Platinum | Precursor de Glutatión | Soporte Avanza
SIN SUB	p311829	Otros/Varios			Sillón Masajeador de Cuerpo Completo, Gravedad Cero, Gris y Blanco, Cuero Sintético, con Panel Tácti
SIN SUB	p311845	Otros/Varios			HPC POLO Sillón de Masaje Reclinable con Gravedad Cero, Pantalla Táctil, LED Ambiental, Soporte para
SIN SUB	p311888	Otros/Varios			Genérico Silla de Masaje 4D para Todo el Cuerpo, Multifunción para Hogar, Relajación de Cuello, Homb
SIN SUB	p312332	Otros/Varios			Aire Acondicionado PortáTil Aces,Ventilador De Torre Silencioso De Escritorio,Carga USB,3 Velocidade
SIN SUB	p312526	Otros/Varios			Aecooly Ventilador para Celular USB C Potente 17000RPM 4 Velocidades
SIN SUB	p314366	Otros/Varios			Aire Acondicionado,Ventilador de Escritorio,Aire Acondicionado de Escritorio Mini 3 Engranajes Vient
SIN SUB	p316184	Otros/Varios			Enfriador Magnético Teléfono, Ventilador USB Bajo Ruido, Enfriador de Teléfono Celular RGB, Incluye 
SIN SUB	p316238	Otros/Varios			2 Abanicos de Mosca para Mesas, Ventiladores de Comida, Abanicos para Repeler Mosquitos, Ventiladore
SIN SUB	p316599	Otros/Varios			Namolit Ventilador portátil de Mesa con Cuello de Mano con ángulo Ajustable de 90° Batería de 3600 m
SIN SUB	p316606	Otros/Varios			Namolit Ventilador portátil de Mesa con Cuello de Mano con ángulo Ajustable de 90° Batería de 3600 m
SIN SUB	p321689	Otros/Varios			Bobinadora circular LY 890, controlador TNC-910H, extractor de alambre calefactor, pesca, anillo mag
SIN SUB	p321690	Otros/Varios			Máquina bobinadora, Bobinadora circular LY 890, controlador TNC-910H, extractor de alambre calefacto
SIN SUB	p322287	Deportes y fitness/Otros			Beavorty Juego de Marcador de Bolas de Golf con Rotulador y Plantilla para Alineación, Herramienta L
SIN SUB	p322700	Otros/Varios			PACKOVE Llaveros De Voleibol Portátiles 3 Piezas Llaveros Decorativos para Mochilas Bolsos Llaves de
SIN SUB	p323396	Deportes y fitness/Otros			Brrnoo Entrenador de Pelotas de Tenis, Herramienta de Entrenamiento única con Rebote de Zócalo, Prác
SIN SUB	p32412	Otros/Varios			Equipo de Supervivencia Portátil para Aventureros Negro
SIN SUB	p32480	Otros/Varios			Navaja Multiusos de Aluminio Aksi Plateada
SIN SUB	p32481	Otros/Varios			Navaja Multiusos 21 Funciones Tipo Suiza Mikels Plateada
SIN SUB	p32482	Otros/Varios			Navaja Multiusos Plegable Milwaukee 48-22-1530 Roja
SIN SUB	p32483	Otros/Varios			Navaja Multiusos Victorinox Huntsman Camo (15 Herramientas)
SIN SUB	p32484	Otros/Varios			Navaja Multiusos Deslizable Klein Tools 44301 Naranja
SIN SUB	p32485	Otros/Varios			Navaja Multiusos Victorinox Signature Negra (7 Herramientas)
SIN SUB	p32486	Otros/Varios			Navaja Multiusos Plegable Klein Tools 44131 Naranja/Negro
SIN SUB	p32487	Otros/Varios			Navaja Multiusos Swiza Allmatt 12 Funciones Negra
SIN SUB	p32488	Otros/Varios			Navaja Multiusos Swiza Negra 7 Funciones para Camping
SIN SUB	p325353	Muebles/Otros			Patines de doble hilera de graffitis blancos, zapatillas de patinaje duraderas y cómodas para niños 
SIN SUB	p32562	Otros/Varios			Brújula Cartográfica Coghlan's 8162 para Camping y Senderismo
SIN SUB	p325784	Deportes y fitness/Otros			Alomejor Brújula Geológica de Alta Precisión, Herramienta de Navegación Compacta y Portátil para Sen
SIN SUB	p32596	Electrodomésticos/Otros			Secadora de Ropa Portátil Mini con Control
SIN SUB	p326127	Otros/Varios			Orejeras Antiruido Para Niños,Orejeras De Protección Auditiva Para El Aprendizaje Del Sueño Para Niñ
SIN SUB	p326251	Otros/Varios			Exquisite Gaming: Cable Guy COD Zombie Ghost - Phone/Controller Holder, Compatible con PS5, Xbox Ser
SIN SUB	p326265	Otros/Varios			191cm Monopie/Tripie para Camara Fotografica con Soporte para Celular&Mando
SIN SUB	p326484	Deportes y fitness/Otros			Equipo de ejercicio sentado con ventosa tipo abdomen, máquina de pérdida de peso, ayuda para el hoga
SIN SUB	p32675	Otros/Varios			Estación Meteorológica Inalámbrica WiFi
SIN SUB	p32676	Otros/Varios			Estación Meteorológica Analógica
SIN SUB	p326836	Deportes y fitness/Otros			Estirador de Piernas, Mejora Flexibilidad y Rango de Movimiento, Herramienta de Entrenamiento para L
SIN SUB	p32711	Otros/Varios			Caja Fuerte de Seguridad para el Hogar 2.05 Pies
SIN SUB	p327858	Otros/Varios			Entrenador De Torsión Y Estiramiento para La Columna, Equipo De Gimnasio En Casa De Bajo Impacto, Ca
SIN SUB	p32903	Otros/Varios			Cámara Térmica de Imágenes para Android
SIN SUB	p32921	Otros/Varios			Estación de Carga Múltiple Dock5 5 Puertos + Pad Inalámbrico
SIN SUB	p329661	Otros/Varios			Espejo de Maquillaje con Luz LED, Triptico Trifold de 3 Paneles con Aumento 5X, 3 Tonos de Luz Regul
SIN SUB	p329937	Muebles/Otros			600 Piezas Tips para Uñas Soft Gel - 12 Tamaños - Soft Gel Tips Para Uñas Diferentes Modelos, Press 
SIN SUB	p330225	Muebles/Otros			Mobiliario para equipamiento de salón con asiento redondo de PU acolchado y soporte firme para terra
SIN SUB	p33036	Otros/Varios			Detector de Metales Manual Portátil de Seguridad
SIN SUB	p331332	Otros/Varios			LICAEVEY Reposabrazos para Uñas para Tecnología de Uñas con Soporte Giratorio para Teléfono, Reposam
SIN SUB	p331345	Otros/Varios			Reposabrazos para Uñas con Soporte de Celular Forma de U
SIN SUB	p331354	Otros/Varios			HURRISE Reposabrazos para Uñas, Reposabrazos para Manicura para Tecnología de Uñas, Reposabrazos par
SIN SUB	p331405	Otros/Varios			JODSONE Reposabrazos de manicura en forma de U rosa para técnicos de uñas con soporte para teléfono 
SIN SUB	p33177	Otros/Varios			Candado Biométrico con Huella Digital Lockit (Set de 3 Piezas)
SIN SUB	p335910	Otros/Varios			Conair Reflections - Espejo de Maquillaje con iluminación LED, Aumento de 1 x 10 x con Soporte para 
SIN SUB	p33611	Joyería y bisutería/Otros			Mancuernillas Thot Ra Figura De Boton Gemelos E-623 Plateado
SIN SUB	p33612	Joyería y bisutería/Otros			Solviora Mancuernillas Gemelos Para Star Wars Stormtrooper Hombre, Gemelos De Camisa, Adecuados Para
SIN SUB	p33614	Joyería y bisutería/Otros			Gemelos Colleras Star Wars Stormtrooper Blanco Traje Camisa
SIN SUB	p33616	Joyería y bisutería/Otros			Mancuernillas Thot Ra Canguro Gemelos Para Camisa D-044 Plateado
SIN SUB	p338024	Otros/Varios			Lookourway Animal And Pet Themed Feather Flag 12-feet
SIN SUB	p339130	Domótica y hogar inteligente/None			Caja de Control Automática SensoMax VentDepot para Grifo Inductivo Blanca
SIN SUB	p34011	Juguetes y bebés/Otros			Cyc Cocina Juguete Princesas Luz Y Sonido Accesorios Niña
SIN SUB	p34012	Juguetes y bebés/Otros			Mi Cocina / Juguete / Ch Color Rosa/lila
SIN SUB	p34119	Muebles/Otros			Mueble Gabinete de Almacenamiento Organizador para Inodoro Lombardia
SIN SUB	p34203	Muebles/Otros			Espejo Cuerpo Completo Rectangular Negro 125x45cm De Pie y Pared Decoramex
SIN SUB	p344268	Otros/Varios			Alfombrillas de calefacción USB de 5 V, calentador eléctrico, cobija eléctrica, textura de fieltro p
SIN SUB	p350724	Otros/Varios			Weewooday 20 Enchufes de Sublimación Soportes de Agarre de Teléfono en Blanco Agarre de Teléfono Ple
SIN SUB	p350896	Cargadores y adaptadores/Otros			MHCOZY aplicación Tuya Adaptador USB micro WIFI, Interruptor de Toma Inteligente de 5-12 V CC, Contr
SIN SUB	p353571	Joyería y bisutería/Otros			piezas de latón sólido con cierre de hebilla de candado con tornillos, cerradura de pecho vintage pa
SIN SUB	p356267	Joyería y bisutería/Otros			Yosoo Health Gear Mini con Pantalla LED de 4 Piezas, Mini para Interiores con Atenuador 1W 5V LED Re
SIN SUB	p357564	Muebles/Otros			Aparador con Almacenamiento de Cocinao con Cajón,moderno Blanco
SIN SUB	p358207	Muebles/Otros			Mesitas Auxiliares Juego de Madera Maciza de Pino y Rattan, Blanco
SIN SUB	p359386	Muebles/Otros			EDITORES MEXICANOS UNIDOS |Una habitación propia |Virginia Woolf |Grandes de la literatura |Pasta Bl
SIN SUB	p359392	Muebles/Otros			Editores Mexicanos Unidos |el Proceso |franz Kafka |grandes de la Literatura |pasta Blanda
SIN SUB	p359393	Muebles/Otros			EMU |Siddhartha |Hermann Hesse |Grandes de la literatura | Pasta blanda
SIN SUB	p359403	Muebles/Otros			EDITORES MEXICANOS UNIDOS |Kokoro |La amistad y la traición |Natsume Soseki |Grandes de la literatur
SIN SUB	p361419	Muebles/Otros			Isla Organizador Aparador de Isla Cocina Madera con 3 cajones y 2 Puertas Almacenamiento Independien
SIN SUB	p361542	Muebles/Otros			Organizar Aparador de Madera con encimera for té/café, Almacenamiento bajo Puertas y cajones Acceder
SIN SUB	p366539	Otros/Varios			Veemoon Tela Autoadhesiva para Manualidades Gris Forro para Joyería Cajas Regalo Mobiliario y Proyec
SIN SUB	p369091	Instrumentos musicales/Viento			Micrófono Inalámbrico TUOMO 2.4G para Instrumentos de Viento y Cuerda
SIN SUB	p369093	Instrumentos musicales/Viento			Shure Blx14/b98 Sistema Inalámbrico P/instrumento De Viento. Color Negro
SIN SUB	p369094	Instrumentos musicales/Viento			Samson Micrófono De Instrumento De Viento Hm40 Con Conecto. Color Verde Oscuro
SIN SUB	p369365	Videojuegos/Otros accesorios gamer			Tarjeta Expansion Almacenamiento Seagate Para Xbox Series
SIN SUB	p369629	Iluminación/None			Aksi AKS-118022 Blanco
SIN SUB	p369630	Iluminación/None			Aksi AKS-117951 Blanco
SIN SUB	p369631	Iluminación/None			Aksi ANKARA - ROCK - Unidad - 1 Plateado
SIN SUB	p369635	Iluminación/None			Aksi 118002 1 110/220 V Color blanco
SIN SUB	p370260	Iluminación/None			Laitled 1091-Lu012wib02x2
SIN SUB	p370296	Iluminación/None			Geopower LF-6CN - 1 - Negro
SIN SUB	p370297	Iluminación/None			Geopower LE-010X6 Pack 6 Negro
SIN SUB	p371789	Mascotas/None			Soul Pets 22 Pulgadas Negro
SIN SUB	p379818	Herramientas/None			Energy CSA40/1/16 1.5 - Cian 60 Hz
SIN SUB	p382923	Herramientas/None			Truper Modelo D4990 3 16
SIN SUB	p386056	Herramientas/None			Bosch Heavy Duty
SIN SUB	p386912	Herramientas/None			Wera - - Kraftform Kompakt Vde 17 Universal 1 Buscador De . Color Negro
SIN SUB	p387689	Otros/Varios			Accesorio De Anillo Magnético Mophie Zagg Ring Snap 360 Black - Venta Internacional.
SIN SUB	p387777	Otros/Varios			Adaptador De Liberación Rápida Smallrig 4611 Para Trípode Para Teléfono - Venta Internacional.
SIN SUB	p387875	Otros/Varios			Almohada De Cuello De Cisne Moko Lazy Con Soporte Para Teléfono Móvil Para Dispositivos De 4 A 11 Añ
SIN SUB	p387906	Otros/Varios			Aro de Luz 8" Eo Safe Imports Esi-4520 color Negro USB con Soporte para Celular
SIN SUB	p387907	Otros/Varios			Aro de Luz Eo Safe Imports ESI-4517 color Negro 12" USB con Soporte para Celular
SIN SUB	p387908	Otros/Varios			Aro de Luz Led 10'' Bluelander Negro con Soporte para Celular
SIN SUB	p387909	Otros/Varios			Aro De Luz Led 10 Pulgadas 26 Cm Comerliv Con Tripié De Escritorio Portatil Soporte Celular Negro Tr
SIN SUB	p387910	Otros/Varios			Aro de Luz LED Archy 10" + Tripie 2 m con Soporte de Teléfono
SIN SUB	p387911	Otros/Varios			Aro De Luz Led Archy 12'' + Tripie 2 M Con Soporte De Teléfono
SIN SUB	p387935	Otros/Varios			Barra De Extensión Para Trípode Pellking 2 En 1 Para Selfies 1 6 M Con Clip - Venta Internacional.
SIN SUB	p388154	Otros/Varios			Botas De Lluvia De Silicona Originales Fred Reboot Con Soporte Para Teléfono Rojas - Venta Internaci
SIN SUB	p388669	Otros/Varios			Carga Super Rápida Banco De Emergía Con Soporte Plegable Compatible Con Iphone 15/15 Pro Y Iphone 14
SIN SUB	p388672	Otros/Varios			Carga Super Rápida Magnético Inalámbrico Con Soporte Plegable Compatible Con Iphone 16/15/15 Pro Y I
SIN SUB	p389985	Otros/Varios			Cartera Para Teléfono Popsockets Con Anillo Magnético De Agarre Expandible - Venta Internacional.
SIN SUB	p390244	Otros/Varios			Cochecito De Cuello De Cisne Woleyi Con Soporte Para Teléfono Para Cochecito De Bebé - Venta Interna
SIN SUB	p390272	Otros/Varios			Control Recargable Bluetooth Android Soporte Para Celular
SIN SUB	p390282	Otros/Varios			Correa Para El Pecho Y Soporte Para La Cabeza Para Teléfonos Y Cámaras De Acción - Venta Internacion
SIN SUB	p390314	Otros/Varios			Empuñadura Magnética Para Teléfono Ugreen Para Soporte De Teléfono Magsafe - Venta Internacional.
SIN SUB	p390326	Otros/Varios			Enfriador De Teléfono Whynotry 48 W Refrigeración Líquida Magnética 68 G - Venta Internacional.
SIN SUB	p390331	Otros/Varios			Espejo Retrovisor De Coche Kelofam Con Soporte Para Iphone Ipad - Venta Internacional.
SIN SUB	p390332	Otros/Varios			Esr Para Magsafe Sticker 360, Anillo Magnético Magsafe (halolock), Paquete De 2 Anillos Magnéticos, 
SIN SUB	p390536	Otros/Varios			Funny Parenting Mom Life Popsocket Grip - Soporte Para Iphone 11 - Venta Internacional.
SIN SUB	p390538	Videojuegos/Otros accesorios gamer			Gatillos Celular Belug Con 4 Botones + Dedales Gamer Negro
SIN SUB	p390539	Videojuegos/Otros accesorios gamer			Gatillos Celular Con 4 Botones + Dedales Gamer Lab.g Negro
SIN SUB	p390540	Videojuegos/Otros accesorios gamer			Gatillos Celular Lab.g Con 4 Botones + Dedales Gamer Negro
SIN SUB	p390663	Otros/Varios			Kit De Parabrisas Nite Ize Steelie Con Soporte Magnético Para Teléfono Celular - Venta Internacional
SIN SUB	p390670	Otros/Varios			Kit De Vloggin, Micrófono Con Tripie De Mano, Luz De Relleno Y Soporte Para Celular
SIN SUB	p390673	Videojuegos/Otros accesorios gamer			Kit Gatillos Celular Belug Sarafox F6 Con 4 Botones + Dedales Gamer Negro
SIN SUB	p390674	Videojuegos/Otros accesorios gamer			Kit Gatillos Celular Con 4 Botones + Dedales Gamer Eo Safe Imports Esi-10017-1 Gris
SIN SUB	p390678	Otros/Varios			Kit Motorizado Bluetooth Slider Joby Swing De Soporte Para Teléfono - Venta Internacional.
SIN SUB	p390713	Otros/Varios			Luz De Video Con Soporte De Teléfono Y Clip De Luz Regulable Cri 80 + 3 Modos De Luz Del Teléfono Co
SIN SUB	p390744	Otros/Varios			Mini Ventilador Para Teléfono Celular Baieasy Usb C Y Puerto Lightning (paquete De 6) - Venta Intern
SIN SUB	p390750	Otros/Varios			Monópode De Golf Precisionmaster Record Swing Con Soporte Para Teléfono - Venta Internacional.
SIN SUB	p390829	Otros/Varios			Phone Grip Popsockets A Base De Plantas Con Soporte Para Teléfono Color Azul Eléctrico - Venta Inter
SIN SUB	p390830	Otros/Varios			Phone Grip Popsockets A Base De Plantas Con Soporte Para Teléfono Helecho - Venta Internacional.
SIN SUB	p390833	Otros/Varios			Phone Grip Popsockets Para Magsafe Con Soporte Para Iphone - Venta Internacional.
SIN SUB	p390878	Otros/Varios			Porta Celular Eo Safe Imports Esi-21729 Plateado
SIN SUB	p390879	Otros/Varios			Porta Celular Green Leaf 18-1540 Ajustable Flexible para Auto
SIN SUB	p390880	Otros/Varios			Porta Celular Marca Condor 191224-002 Negro
SIN SUB	p390881	Otros/Varios			Porta Celular Marca Condor 191224-498 Café
SIN SUB	p390882	Otros/Varios			Porta Celular Negro
SIN SUB	p390883	Otros/Varios			Porta Celular Nine West Nyp568543 Negro Sintético Para Mujer
SIN SUB	p390884	Otros/Varios			Porta Celular Universal Con Cubierta Set
SIN SUB	p390885	Otros/Varios			Porta Celular Universal Set
SIN SUB	p390886	Otros/Varios			Porta Celular W Capsule Ackalecgos3cw Multicolor Textil Para Mujer
SIN SUB	p391090	Otros/Varios			Ring Light Evershop Con Trípode Con Soporte Para Iphone 10» Color Negro - Venta Internacional.
SIN SUB	p391092	Otros/Varios			Ring Light Para Vlogs De 10.3 Pulgadas Con Soporte Y Soporte Para Teléfono Rgb - Venta Internacional
SIN SUB	p391093	Otros/Varios			Ring Light Stally 12.3 Con Soporte De 75 Cm Y 2 Soportes Para Teléfono - Venta Internacional.
SIN SUB	p391094	Otros/Varios			Ring Light Ubeesize 10 Con Soporte De Teléfono Para Iphone - Venta Internacional.
SIN SUB	p391095	Otros/Varios			Ring Light Ubeesize 12 Con Soporte Para Trípode De 74 Cm Ipad Y Soporte Para Teléfono - Venta Intern
SIN SUB	p391096	Otros/Varios			Ring Light Ubesize De 14 Pulgadas Plegable Con Soporte Para Trípode De 62 Pulgadas Para Iphone - Ven
SIN SUB	p391097	Otros/Varios			Ring Light Vimose De 10.5 Pulgadas Con Soporte Y Soporte Para Teléfono Color Negro - Venta Internaci
SIN SUB	p391519	Otros/Varios			Soporte De Teléfono Neewer Para Cámara Dual Dji Osmo Pocket 3 - Venta Internacional.
SIN SUB	p391710	Otros/Varios			Soporte Magnético Para Teléfono Coolpow Para Bicicletas Magsafe - Venta Internacional.
SIN SUB	p391996	Otros/Varios			Soporte Para Teléfono Ajustable, Soporte Para Cámara Web Eo Safe Imports Esi-10269 Negro
SIN SUB	p392361	Otros/Varios			Soporte Para Vaso De Coche, Soporte Para Teléfono Miracase Universal 2023 Mejorado - Venta Internaci
SIN SUB	p392424	Otros/Varios			Soporte Universal Para Vasos Jsaux Para Teléfono Y Tableta - Venta Internacional.
SIN SUB	p392450	Otros/Varios			Tapón Para Botella De Refresco Popgrip Pixar Up Grape Para Soporte De Teléfono - Venta Internacional
SIN SUB	p392454	Otros/Varios			Tarjetero Cartera Magnética Piel Magsafe Soporte Para Iphone
SIN SUB	p392455	Otros/Varios			Tarjetero Magsafe Wallet Esr Aura 5 Con Soporte Para Iphone - Venta Internacional.
SIN SUB	p392467	Otros/Varios			Teléfono Vimose 62 Con Trípode Y Selfie Stick Para Iphone Xs Max - Venta Internacional.
SIN SUB	p392469	Otros/Varios			Televisor Del Siglo Xx Con Empuñadura Para Teléfono Móvil Bob's Burgers Magsafe - Venta Internaciona
SIN SUB	p392482	Otros/Varios			Tripié para Celular o Cámara Digital de Aluminio Steren Mov-049 Gris
SIN SUB	p392490	Otros/Varios			Trípode De Cámara Joilcan 68 Soporte Para Tabletas Y Cámaras De Teléfonos - Venta Internacional.
SIN SUB	p392491	Otros/Varios			Trípode De Cámara Kraftgeek Magsafe Selfie Stick Remote De 168 Cm - Venta Internacional.
SIN SUB	p392492	Otros/Varios			Trípode De Cámara Zikzok 75 Para Teléfono Celular Con Control Remoto Inalámbrico - Venta Internacion
SIN SUB	p392504	Otros/Varios			Trípode Joilcan 67 Para Cámara Teléfono Y Tableta Con Control Remoto - Venta Internacional.
SIN SUB	p392510	Otros/Varios			Trípode Para Cámara Moft Con Soporte Multiángulo Para Teléfono Color Amarillo - Venta Internacional.
SIN SUB	p392511	Otros/Varios			Trípode Para Cámara Telesin Selfie Stick 15-40 Cm Extensible - Venta Internacional.
SIN SUB	p392544	Otros/Varios			Trípode Para Teléfono Victiv Soporte Para Cámara De 71 Pulgadas Con Control Remoto Y Soporte - Venta
SIN SUB	p392592	Otros/Varios			Ventilador Enfriador De Celular Ventilador Rgb Eo Safe Imports Esi-17945 Multicolor
SIN SUB	p392596	Otros/Varios			Ventilador Enfriador Para Celular Universal Recargable Eo Safe Imports Esi-17946 Negro
SIN SUB	p392599	Otros/Varios			Ventilador Para Celular Eo Safe Imports Esi-22679 Gris
SIN SUB	p392600	Otros/Varios			Ventilador para Teléfono Móvil Eo Safe Imports Blanco
SIN SUB	p392601	Otros/Varios			Ventilador para Teléfono Móvil Eo Safe Imports Negro
SIN SUB	p392602	Otros/Varios			Ventosa Magnética De Silicona Con Soporte Para Iphone Sonix - Venta Internacional.
SIN SUB	p392603	Otros/Varios			Ventosa Magnética De Silicona Con Soporte Para Iphone Sonix - Venta Internacional.
SIN SUB	p392604	Otros/Varios			Ventosa Magnética De Silicona Con Soporte Para Iphone Sonix - Venta Internacional.
SIN SUB	p392605	Otros/Varios			Ventosa Magnética De Silicona Con Soporte Para Iphone Sonix - Venta Internacional.
SIN SUB	p398093	Otros/Varios			Iconos Y Citas Del Programa De Televisión Oven Mitt Ukonic Friends Color Negro - Venta Internacional
SIN SUB	p399672	Otros/Varios			Lunch Box Tote Toynk, Lata De Metal, Estilo Retro, Programa Oficial De Televisión - Venta Internacio
SIN SUB	p401834	Otros/Varios			Plantilla Generic Cuerpo De Perro Yorkie Plástico Mylar Blanco Para Decoración Y Aerografía Con - Ve
SIN SUB	p401835	Otros/Varios			Plantilla Generic Para Decoración De Cuerpo De Perro Yorkie En Plástico Mylar Blanco - Venta Interna
SIN SUB	p402237	Muebles/Otros			Rodillo De Madera Bene Casa Oak Con Cómodas Asas - Venta Internacional.
SIN SUB	p403239	Instrumentos musicales/Viento			Set De Regalo Para Flautas De Champán Paris Hilton En Forma De Corazón 160 Ml 2 Unidades - Venta Int
SIN SUB	p403490	Otros/Varios			Soporte para Huevos de Refrigerador Blanco
SIN SUB	p403491	Otros/Varios			Soporte Para Huevos Luckore 40 Huevos 2 Niveles Para Nevera - Venta Internacional.
SIN SUB	p403492	Otros/Varios			Soporte Para Huevos Mesrosa Para Nevera Con Capacidad Para 36 Huevos Con Tapa - Venta Internacional.
SIN SUB	p403493	Otros/Varios			Soporte Para Huevos Para Nevera Mshomely 60 2 Capas Transparente Sin Bpa - Venta Internacional.
SIN SUB	p403494	Otros/Varios			Soporte Para Huevos Roskdeewat Para Nevera Con Tapa Apilable 28 Huevos - Venta Internacional.
SIN SUB	p403495	Otros/Varios			Soporte Para Huevos Roskdeewat Para Nevera Con Tapa Apilable 42 Huevos - Venta Internacional.
SIN SUB	p403496	Otros/Varios			Soporte Para Huevos Sotfamily Para Nevera 28 Huevos De Gran Tamaño - Venta Internacional.
SIN SUB	p404813	Muebles/Otros			Tela Polar Generic Marfil Rollo 20 Yardas Ancho 152 Cm Suave Y Cómoda - Venta Internacional.
SIN SUB	p407247	Videojuegos/Otros accesorios gamer			Cámara De Juegos Sony Playstation 4 Cámara Para Ps4 Vr Gaming - Venta Internacional.
SIN SUB	p407248	Videojuegos/Otros accesorios gamer			Cámara de Video Hori Super Mario de Planta Piraña para Nintendo Switch 2
SIN SUB	p407249	Videojuegos/Otros accesorios gamer			Cámara Hori para Nintendo Switch 2 Piraña
SIN SUB	p407250	Videojuegos/Otros accesorios gamer			Cámara Sony Hd Para Playstation 5 Ps5
SIN SUB	p407251	Videojuegos/Otros accesorios gamer			Cámara USB-C para Nintendo Switch 2
SIN SUB	p407259	Videojuegos/Otros accesorios gamer			Capuchones De Repuesto Para Palanca Analógica Ostent Para Nintendo Wii U Paquete De 6 - Venta Intern
SIN SUB	p407391	Videojuegos/Otros accesorios gamer			Castlevania: Dominus Collection - Portrait Of Ruin Cover Ps5
SIN SUB	p408087	Muebles/Otros			Correa De Cabeza Vr Vznek Para Meta Quest 3s/3/2 Cómoda Y Ajustable - Venta Internacional.
SIN SUB	p408090	Videojuegos/Otros accesorios gamer			Cover Trasero Extremerate Playvital Para Nintendo Switch - Verde - Venta Internacional.
SIN SUB	p409403	Videojuegos/Otros accesorios gamer			Kit Accesorios Nintendo Switch Oled Knwell Rfca34 34 Piezas Azul/rojo
SIN SUB	p409419	Videojuegos/Otros accesorios gamer			Kit De 25 Accesorios Para Nintendo Switch No Incluye Consolas Eo Safe Imports Esi-8091-1 Multicolor
SIN SUB	p409426	Videojuegos/Otros accesorios gamer			Kit De Accesorios 2 En 1 Para Nintendo Switch 2 Atom Games
SIN SUB	p409428	Videojuegos/Otros accesorios gamer			Kit De Accesorios Dobe Fomis Electrónico Para Nintendo Switch 2 Con Base De Carga Rgb Y Estuche De -
SIN SUB	p409429	Videojuegos/Otros accesorios gamer			Kit De Accesorios Fyoung Para Playstation Portal Ps5 Negro - Venta Internacional.
SIN SUB	p409430	Videojuegos/Otros accesorios gamer			Kit De Accesorios Gersker Para Nintendo Switch 2 Con Base De Carga Estuche De Transporte Grips - Ven
SIN SUB	p409431	Videojuegos/Otros accesorios gamer			Kit De Accesorios Nintendo Switch Oled Orzly Ice White - Venta Internacional.
SIN SUB	p409432	Videojuegos/Otros accesorios gamer			Kit De Accesorios Orzly Para Nintendo Switch Jet Black - Venta Internacional.
SIN SUB	p409433	Videojuegos/Otros accesorios gamer			Kit De Accesorios Para Nintendo Switch 2 Atom Games
SIN SUB	p409434	Videojuegos/Otros accesorios gamer			Kit De Accesorios Para Nintendo Switch Lite 15 En 1 Verde
SIN SUB	p409435	Videojuegos/Otros accesorios gamer			Kit De Accesorios Para Nintendo Switch Lite Bolsa Eo Safe Imports Esi-14452-1 Naranja
SIN SUB	p409436	Videojuegos/Otros accesorios gamer			Kit De Accesorios Para Playstation Portal Klipdasse 13 En 1 - Venta Internacional.
SIN SUB	p409437	Videojuegos/Otros accesorios gamer			Kit De Accesorios Spican Switch 2 Para Nintendo Switch 2 - Venta Internacional.
SIN SUB	p409438	Videojuegos/Otros accesorios gamer			Kit De Accesorios Yoowa Para Nintendo Switch Lite Con Estuche De Transporte Y Almacenamiento - Venta
SIN SUB	p409441	Videojuegos/Otros accesorios gamer			Kit De Agarre Scuf Pro Triggers Rojo Para Controles Inalámbricos De Xbox - Venta Internacional.
SIN SUB	p409445	Instrumentos musicales/Baterías			Kit De Baterías Kastar Psp-110h 3 Piezas Con Cargador Usb Doble Para Psp - Venta Internacional.
SIN SUB	p409452	Videojuegos/Otros accesorios gamer			Kit De Dirección Thrustmaster Simtask Con Pinza Para Ps Xbox Pc - Venta Internacional.
SIN SUB	p409459	Videojuegos/Otros accesorios gamer			Kit de Inicio Verbatim Nintendo Switch Vb99801 color Negro
SIN SUB	p409481	Videojuegos/Otros accesorios gamer			Kit De Montaje En Pared Hideit Mounts Para Ps5 Pro Y Ps5 Original - Venta Internacional.
SIN SUB	p409484	Videojuegos/Otros accesorios gamer			Kit De Robots Nintendo Labo Toy-con 02 Para Nintendo Switch - Venta Internacional.
SIN SUB	p409499	Otros/Varios			Kit De Teclado Ratón Bluetooth Lab.g + Soporte Para Tableta Negro
SIN SUB	p411149	Videojuegos/Otros accesorios gamer			Nintendo Switch Nintendo Con Pantalla Lcd Joy‑con De 6,2 Pulgadas En Azul Neón Y Rojo Neón - Venta I
SIN SUB	p411201	Videojuegos/Otros accesorios gamer			Palanca de Velocidades Logitech Driving Force 941-000119 color Negro para XBOX ONE y PC
SIN SUB	p411219	Videojuegos/Otros accesorios gamer			Pantalla Lcd Joy‑con De 6.2 Pulgadas Para Nintendo Switch, Color Gris - Venta Internacional.
SIN SUB	p411234	Videojuegos/Otros accesorios gamer			Paquete De Accesorios Fintie Nintendo Switch 10 En 1 Con Funda Y Más - Venta Internacional.
SIN SUB	p411236	Videojuegos/Otros accesorios gamer			Paquete De Accesorios Fyoung Para Nintendo Switch 2 Con Estuche Base De Carga Vidrios Templados - Ve
SIN SUB	p411240	Videojuegos/Otros accesorios gamer			Paquete De Accesorios Orzly Para Nintendo Switch Lite Con Funda Y Más - Venta Internacional.
SIN SUB	p411241	Videojuegos/Otros accesorios gamer			Paquete De Accesorios Satisfye Para Switch Lite Con Empuñadura Ergonómica Y Funda Protectora 3 - Ven
SIN SUB	p412050	Videojuegos/Otros accesorios gamer			Reserva Del Videojuego Diablo Iv (ps5) + Light Bearer Mount - Venta Internacional.
SIN SUB	p412461	Videojuegos/Otros accesorios gamer			Sticker Generic Digital Edition Para Ps5 - Venta Internacional.
SIN SUB	p412533	Videojuegos/Otros accesorios gamer			Tarjeta de Acceso Xbox Live Gold Online de 12 Meses
SIN SUB	p412534	Videojuegos/Otros accesorios gamer			Tarjeta De Captura Elgato Hd60 X 1080p60 Hdr10 O 4k30 Para Ps5, Ps4 - Venta Internacional.
SIN SUB	p412550	Videojuegos/Otros accesorios gamer			Tarjeta FC 26 Estándar Código Original Para Xbox One Y Series S/X
SIN SUB	p412551	Videojuegos/Otros accesorios gamer			Tarjeta Fisica Forza Horizon 6 Standard Edition Xbox Series/pc
SIN SUB	p412673	Videojuegos/Otros accesorios gamer			Teclado Bluetooth Inalámbrico Timovo Rgb Para Controlador Ps5 - Venta Internacional.
SIN SUB	p413428	Otros/Varios			Teclado Sablute Large Print Con Cable Reposamuñecas Y Soporte Para Teléfono - Venta Internacional.
SIN SUB	p414081	Videojuegos/Otros accesorios gamer			Videojuego Disney Classic Games Collection Ps4: El Libro De La Selva, Aladdin Y El Rey León - Venta 
SIN SUB	p414623	Videojuegos/Otros accesorios gamer			Videojuego Silver Lining Interactive Tiny Bookshop Para Playstation 5 Con Banda Sonora Y Libro - Ven
SIN SUB	p414633	Videojuegos/Otros accesorios gamer			Videojuego Skybound La Conclusión De Clementine Xbox One Con Nuevo Sistema De Cámara
SIN SUB	p420810	Herramientas/None			iGoto PKm 80 - Rojo 750
SIN SUB	p420825	Herramientas/None			Truper 12113 - Negro
SIN SUB	p427771	Autos, bicicletas y motos/None			Cable Rca Audiobahn Arca450f 5 Metros Conectores Rca Tipo L Car Audio
SIN SUB	p427772	Autos, bicicletas y motos/None			Cable Rca Audiobahn Arca609f 6.10 Metros Conectores Rca Tipo L Car Audio
SIN SUB	p427773	Autos, bicicletas y motos/None			Cable Rca Audiobahn Arca609gb 6.1 Metros Conectores Rca Tipo L Para Car Audio
SIN SUB	p427774	Autos, bicicletas y motos/None			Cable Rca Audiobahn Arca900f 9 Metros Conectores Rca Tipo L Car Audio
SIN SUB	p427783	Cámaras y fotografía/None			Camara 400x8 Tr87 Nyco
SIN SUB	p427785	Cámaras y fotografía/None			Cámara Auto-vox Solar Inalámbrica Hd 1080p 5 Pulgadas - Venta Internacional.
SIN SUB	p427787	Cámaras y fotografía/None			Cámara Coolcrazy 4k Delantera Y Trasera Con Sensor Starvis Gps Wifi - Venta Internacional.
SIN SUB	p427789	Cámaras y fotografía/None			Cámara De Respaldo Inalámbrica Solar Auto-vox Monitor Hd 6 Pulgadas - Venta Internacional.
SIN SUB	p427791	Cámaras y fotografía/None			Cámara De Visión Trasera Bosch Para Dodge Challenger - Venta Internacional.
SIN SUB	p427793	Cámaras y fotografía/None			Cámara Eléctrica Trq Del Lado Del Pasajero Para Honda Civic Sedan 2014-2015 Negro Con Montaje De - V
SIN SUB	p427802	Cámaras y fotografía/None			Cámara Vantrue N4s Con Wi-fi Y Gps Para Auto Triple Canal Starvis 2 - Venta Internacional.
SIN SUB	p43	Joyería y bisutería/Otros			Mancuernillas Pegasus Acero Inoxidable 316L
SIN SUB	p434801	Autos, bicicletas y motos/None			Libro De Registro De Kilometraje Independently Published Para Vehículos Comerciales Y Personales - V
SIN SUB	p436313	Cámaras y fotografía/None			Llanta Para Moto Sin Camara 120/70-17 6pr Calle Tt 150z 200z Spitfire
SIN SUB	p437567	Autos, bicicletas y motos/None			Medio Rango 8 Plg Monster Smc802 1200w
SIN SUB	p437568	Autos, bicicletas y motos/None			Medio Rango Audiopipe Apmp-620cf 6.5 Plg 250 Watts Marino
SIN SUB	p437569	Autos, bicicletas y motos/None			Medio Rango Audiopipe Apmp1044cff De 10 Pulgadas 400 Watts
SIN SUB	p437570	Autos, bicicletas y motos/None			Medio Rango De 8'' Mtx Audio - Pro Audio/open Show Rtx88 (individual)
SIN SUB	p437571	Autos, bicicletas y motos/None			Medio Rango Nano 8pulg Open Show Alto Spl Steelpro Negro
SIN SUB	p437572	Autos, bicicletas y motos/None			Medio Rango Quantum Audio 300 W 6.5" Negro
SIN SUB	p437573	Autos, bicicletas y motos/None			Medio Rango Rockford Fosgate Pps4-10 700 Watts 10 Pulg Punch Pro Series (venta Individual)
SIN SUB	p437574	Autos, bicicletas y motos/None			Medios Rangos con Driver Orion 6x9 Plg Cxt6952 1400w Pack
SIN SUB	p437640	Cámaras y fotografía/None			Monitor De Pantalla Fijo Y Cámara Eo Safe Imports Esi-8750-1 Negro
SIN SUB	p438394	Autos, bicicletas y motos/None			Organización Plegable Belug Caja De Almacenamiento De Vehículos Negro
SIN SUB	p438739	Autos, bicicletas y motos/None			Par De Medio Rango Bala Open Show 6.5 Spm.654b Soundstream
SIN SUB	p438740	Autos, bicicletas y motos/None			Par De Medio Rango Driver Open Show 8 Spm.804c Soundstream
SIN SUB	p438741	Autos, bicicletas y motos/None			Par de Medio Rango Nano 6.5 Pulgadas Open Show Alto SPL Steelpro
SIN SUB	p438746	Autos, bicicletas y motos/None			Par Medio Rango Driver Open Show 6.5 Spm.654t Soundstream
SIN SUB	p438747	Autos, bicicletas y motos/None			Par Medio Rango Driver Open Show 6x9 Spm.694c Soundstream
SIN SUB	p438749	Autos, bicicletas y motos/None			Par Medios Rangos Con Driver Orion 6x9 Plg Cxt6954 1400w
SIN SUB	p438789	Autos, bicicletas y motos/None			Rastreador Gps Planetgps Jupiter Magnético Impermeable Para Vehículos - Venta Internacional.
SIN SUB	p44	Joyería y bisutería/Otros			Mancuernillas KFLK Diseño Dinosaurio
SIN SUB	p446200	Autos, bicicletas y motos/None			Sensor De Oxígeno Bosch Premium Para Vehículos - Venta Internacional.
SIN SUB	p44937	Videojuegos/Otros accesorios gamer			Caja de Botones SIM-PANEL Gen 2 (Diseño Horizontal)
SIN SUB	p45043	Otros/Varios			Dispositivo de Seguimiento UltrA CatcheR Rocket Balloon con Pilas AA
SIN SUB	p45215	Otros/Varios			Localizador Xiaomi Tag - 1PZ
SIN SUB	p45372	Otros/Varios			Esterilizador UV-C Dipak LED portátil recargable color blanco
SIN SUB	p45409	Otros/Varios			Traductor Inteligente con Reconocimiento de Voz.Dispositivo de Traducción Preciso sin Conexión a Int
SIN SUB	p45566	Instrumentos musicales/None			Solo de Julian Vaughn Music
SIN SUB	p455828	Autos, bicicletas y motos/None			Set De Medios Infinity Primus Pr9610cs 6x9 Pulgadas 300w
SIN SUB	p455839	Cámaras y fotografía/None			Silenciador Flowmaster Flow Fx Con Cámara 2.50'' Entrada/salida De Acero Inoxidable - Venta Internac
SIN SUB	p455840	Cámaras y fotografía/None			Silenciador Flowmaster Flow Fx Con Cámara 3.00'' Entrada/salida Acero Inoxidable - Venta Internacion
SIN SUB	p455841	Cámaras y fotografía/None			Silenciador Flowmaster Serie Super 10 Cámara 3.00'' Entrada/salida - Venta Internacional.
SIN SUB	p455842	Cámaras y fotografía/None			Silenciador Flowmaster Super 10 Serie Cámara Acero Inoxidable 409 - Venta Internacional.
SIN SUB	p45585	Instrumentos musicales/Amplificadores			Tubo de vacío Electro-Harmonix 12AY7/6072A
SIN SUB	p455882	Autos, bicicletas y motos/None			Steren Rastreador/localizador Gps Para Vehículos Gps-1100
SIN SUB	p456000	Teclados/None			Alarma De Puerta Inalámbrica Sabre Elite Con Alarma De 120 Db Y Teclado - Venta Internacional.
SIN SUB	p456079	Mascotas/None			Almohada Tipo Hámster Lunics para Embarazo y Lactancia con Funda Gris Oxford
SIN SUB	p456080	Mascotas/None			Almohada Tipo Hámster Lunics para Embarazo y Lactancia con Funda Gris Plata
SIN SUB	p456323	Muebles/Otros			Baby Bouncer Bright Starts, Cómoda Y Relajante, Vibraciones De 0 A 6 M - Venta Internacional.
SIN SUB	p456378	Mascotas/None			Biberon Pigeon Flexible Standard 240ml/8oz Decorado Conejo Color Rosa Anticólicos 4m+
SIN SUB	p45645	Instrumentos musicales/Amplificadores			Amplificador SounDigital EVOPS 800.4 800W RMS 4 canales
SIN SUB	p456487	Cámaras y fotografía/None			Cámara De Coche Dohonest V9 De 7 Pulgadas Hd 1080p Orientada Hacia Atrás - Venta Internacional.
SIN SUB	p456515	Muebles/Otros			Cangurera Ergonómica Cómoda Con Rejilla Eo Safe Imports Esi-21086 Gris
SIN SUB	p456516	Muebles/Otros			Cangurera Ergonómica Suave Cómoda Eo Safe Imports Esi-21085 Gris
SIN SUB	p45655	Instrumentos musicales/Amplificadores			Amplificador IEM Kadence PEM-01 con entrada XLR/TRS cableada – Blanco
SIN SUB	p45678	Instrumentos musicales/Amplificadores			Pedal de efectos Electro-Harmonix LPB-3 Amplificador de potencia lineal
SIN SUB	p456901	Joyería y bisutería/None			Cobertores De Pezón Boboduck De Plata Esterlina Xl Para Lactancia - Venta Internacional.
SIN SUB	p45695	Instrumentos musicales/Amplificadores			Cámara de Reverberación Accutronics 8AB2D1A 3 Resortes Decaimiento Medio
SIN SUB	p457060	Muebles/Otros			Conjunto Gerber Sudadera Azul Cómoda Niño 2 A 5 Años
SIN SUB	p457102	Joyería y bisutería/None			Cortauñas Para Bebés Simba De Acero Al Carbono Chapado En Oro Con Lima De Uñas - Venta Internacional
SIN SUB	p457142	Mascotas/None			Cubre Portabebé Conejo Cuadros
SIN SUB	p457170	Mascotas/None			Diademas Para Bebé Con Orejas De Conejo Modelo Rosa
SIN SUB	p457229	Muebles/Otros			Extractor De Leche Manual Lansinoh Con Cómoda Brida De 150 Ml - Venta Internacional.
SIN SUB	p457258	Herramientas/None			Herramienta De Medición Del Tamaño De Bridas Para Pezones Momcozy - Venta Internacional.
SIN SUB	p457288	Instrumentos musicales/None			Instrumento Musical Electrónico Otamatone Kirby Pink Star Hero - Venta Internacional.
SIN SUB	p457289	Instrumentos musicales/None			Instrumento Musical Electrónico Otamatone Maywa Denki White - Venta Internacional.
SIN SUB	p457400	Mascotas/None			Kit De Alimentación Por Sonda Reddoudou Para Cachorros Recién Nacidos 8 Fr Con Jeringas De 20 Ml - V
SIN SUB	p457425	Mascotas/None			Koolbaby Mordedera Guante Silicona Modelo Mascota 6-12 Meses
SIN SUB	p457533	Mascotas/None			Mameluco Baby Kisses 1340-24 Blanco con Azul Conejo con Gorro Bordado
SIN SUB	p457537	Mascotas/None			Mameluco con Gorro Bordado Conejo Gris
SIN SUB	p457538	Mascotas/None			Mameluco con Gorro Bordado Conejo Gris
SIN SUB	p457539	Mascotas/None			Mameluco con Gorro Bordado Conejo Gris
SIN SUB	p457540	Mascotas/None			Mameluco con Gorro Bordado Conejo Gris
SIN SUB	p457594	Muebles/Otros			Manta Elástica para Bebé Mushie Extra Suave y Cómoda - Venta Internacional
SIN SUB	p457696	Mascotas/None			Niños Mascota Red Malla Seguridad Para Escaleras Balcones Eo Safe Imports Esi-15850 Blanco
SIN SUB	p457746	Mascotas/None			Paño Baño Bebé Gerber Gatito Azul 12×12 Cm Algodón Suave
SIN SUB	p457747	Mascotas/None			Paño Baño Gatito Gerber Bebé 12×12 Cm Rosa Algodón
SIN SUB	p457776	Instrumentos musicales/Viento			Piezas Para Extractor De Leche Moomentaneous Flautas Ovaladas De 19mm - Venta Internacional.
SIN SUB	p458065	Muebles/Otros			Sandalias Las Cuatas Zapateria para Bebé Niña
SIN SUB	p458066	Muebles/Otros			Sandalias Las Cuatas Zapateria para Bebé Niña
SIN SUB	p458123	Instrumentos musicales/None			Set De Instrumentos Musicales Kidz Toyz Bluey De 4 Piezas - Venta Internacional.
SIN SUB	p45819	Instrumentos musicales/Amplificadores			Sistema de PA Gigaphone G100S Amplificador de Voz Portátil de 30W
SIN SUB	p458290	Mascotas/None			Sonaja Mordedera Harlene Con Forma De Gato Para Bebé 0 A 12 Meses - Venta Internacional.
SIN SUB	p458334	Suplementos/None			Suplemento Alimenticio D-vi-solución 10 ml
SIN SUB	p458337	Otros/Varios			Tabletas Detergentes Momcozy Para Lavadora De Biberones 200 Tabletas - Venta Internacional.
SIN SUB	p458410	Mascotas/None			Vaso Entrenador Para Bebé Antiderrames Perros 12 Onzas Nuby10268pe
SIN SUB	p458436	Mascotas/None			Vaso Para Meriendas Skip Hop Gato Para Bebé 220 Ml - Venta Internacional.
SIN SUB	p45847	Instrumentos musicales/Amplificadores			Sistema de PA Norwii Mini Amplificador de Voz Bluetooth 4000mAh
SIN SUB	p458539	Herramientas/None			Accesorio Antipolvo Para Herramientas De Corte De Paneles De Yeso Dewalt Dce555dc - Venta Internacio
SIN SUB	p458551	Herramientas/None			Accesorio Oscilante Para Herramientas Black+decker Matrix Bdcmto - Venta Internacional.
SIN SUB	p458555	Herramientas/None			Accesorio Para Cinturón De Herramientas Occidental Leather 5026 Utility Loop - Venta Internacional.
SIN SUB	p458591	Autos, bicicletas y motos/None			Adaptador Coaxial Rg6 Vce En Ángulo Recto Tipo F, Paquete De 2 - Venta Internacional.
SIN SUB	p458595	Herramientas/None			Adaptador De Barra Rompe-trinquetes, Herramienta De Alto Rendimiento W32137 - Venta Internacional.
SIN SUB	p458710	Herramientas/None			Aireador de Césped BELUG Zapatos Herramienta Eficaz Verde
SIN SUB	p458773	Autos, bicicletas y motos/None			Almohadilla De Mano 3m Scotch-brite 7447 Muy Fina 6 X 9 Cm Paquete De 30 - Venta Internacional.
SIN SUB	p458774	Autos, bicicletas y motos/None			Almohadilla De Pulido De Vidrio Spta, 5 Unidades, 125 Mm, Para Limpiar Ventanas De Automóviles - Ven
SIN SUB	p458779	Autos, bicicletas y motos/None			Almohadillas Abrillantadoras Avid Power De 15 Cm 5 Unidades Para Pulir Automóviles - Venta Internaci
SIN SUB	p458781	Autos, bicicletas y motos/None			Almohadillas de Lana SPTA de 6 Pulgadas para Pulidora de Automóviles - Venta Internacional
SIN SUB	p458784	Autos, bicicletas y motos/None			Almohadillas De Pulido De Lana Spta De 3 Pulgadas (76 Mm) Para Pulidora De Automóviles - Venta Inter
SIN SUB	p458785	Autos, bicicletas y motos/None			Almohadillas De Pulido De Lana Spta De 5 Pulgadas (125 Mm) Para Pulidora De Automóviles - Venta Inte
SIN SUB	p458786	Autos, bicicletas y motos/None			Almohadillas De Pulido De Lana Spta De 6 Pulgadas (150 Mm) Para Pulidora De Automóviles - Venta Inte
SIN SUB	p458788	Autos, bicicletas y motos/None			Almohadillas De Pulido Spta Fptfs3-mix Para Pulidoras De Automóviles - Venta Internacional.
SIN SUB	p458790	Autos, bicicletas y motos/None			Almohadillas De Pulido Spta Spta0010set Para Pulidora De Automóviles - Venta Internacional.
SIN SUB	p458791	Autos, bicicletas y motos/None			Almohadillas De Pulido Spta Xbp123m58 Para Detalles De Automóviles (32 Unidades) - Venta Internacion
SIN SUB	p458797	Autos, bicicletas y motos/None			Almohadillas Pulidoras De Lana Spta De 150 Mm Para Pulidora De Automóviles De 6 Pulgadas - Venta Int
SIN SUB	p458803	Joyería y bisutería/None			Amoladora Angular Con Solapa Dewalt Dw8329 Circonita De Grano 60 Pulgadas - Venta Internacional.
SIN SUB	p45906	Instrumentos musicales/Amplificadores			Amplificador de Audífonos Mackie HM-400 con 12 Salidas para Rack
SIN SUB	p459062	Herramientas/None			Arnés Dr.tough Marrón Coyote Con Tirantes Acolchados Para Cinturón De Herramientas - Venta Internaci
SIN SUB	p45918	Instrumentos musicales/Amplificadores			Amplificador de Audífonos SAMSON QH4 Estéreo de 4 Canales
SIN SUB	p459201	Herramientas/None			Bandeja Organizadora Para Cajas De Herramientas Flyvole Para Baúl De Herramientas Rodante (60 Unidad
SIN SUB	p459202	Herramientas/None			Bandeja Organizadora Para Herramientas Craftsman Con Cierre Magnético - Venta Internacional.
SIN SUB	p459204	Herramientas/None			Bandeja Para Herramientas Dewalt Tough System 2.0 Dwst08110 Shallow - Venta Internacional.
SIN SUB	p459205	Herramientas/None			Bandeja Para Herramientas Ladder Little Giant Accessory Modelo 15047-002 - Venta Internacional.
SIN SUB	p459206	Herramientas/None			Bandeja Para Herramientas Y Piezas Crawford Polipropileno Azul 14 8 Cm Paquete De 1 - Venta Internac
SIN SUB	p459209	Autos, bicicletas y motos/None			Barra De Arcilla Ipely Para Lavado De Automóviles Paquete De 4 Unidades 100 G - Venta Internacional.
SIN SUB	p459269	Herramientas/None			Base Guía De Herramientas Recortada Dewalt Oem 389460-00 Dw660 - Venta Internacional.
SIN SUB	p459306	Joyería y bisutería/None			Bisagra Biaungdo Para Caja De Joyería Y Clóset 24 Piezas - Venta Internacional.
SIN SUB	p459324	Domótica y hogar inteligente/None			Bloqueo De Entrada Sin Llave Con Teclado Kwikset Smartcode 917 Níquel Satinado - Venta Internacional
SIN SUB	p459325	Domótica y hogar inteligente/None			Bloqueo Electrónico De Palanca Con Entrada Sin Llave Kwikset 917 - Venta Internacional.
SIN SUB	p459326	Herramientas/None			Bluepoint Bp-302a La Herramienta Accionada Por Polvo Más Silenciosa De 0.27 Cal - Venta Internaciona
SIN SUB	p459332	Herramientas/None			Bobina Para Herramientas Pry Bar The Mighty Bar Lt Titanio - Venta Internacional.
SIN SUB	p459353	Herramientas/None			Bolsa De Guardabarros Delantero Para Motocicleta Kemimoto De 1,5 L Con Bolsa Enrollable Para Herrami
SIN SUB	p459417	Herramientas/None			Bolsa De Lona Con Cierre Klein Tools 5140 Para Herramientas, Paquete De 4 - Venta Internacional.
SIN SUB	p459418	Herramientas/None			Bolsa Enrollable Para Herramientas Foxerino Heavy Duty Negra - Venta Internacional.
SIN SUB	p459420	Herramientas/None			Bolsa Herramientas Electricista Eo Safe Imports Multicolor
SIN SUB	p459427	Herramientas/None			Bolsa Organizadora De Herramientas Astliho Plegable Con 2 Bolsas Para Él - Venta Internacional.
SIN SUB	p459428	Herramientas/None			Bolsa Organizadora De Herramientas Enrollable Con Bolsillos Desmontables Ryker Bag - Venta Internaci
SIN SUB	p459429	Herramientas/None			Bolsa Organizadora De Herramientas Enrollable Uup Color Verde - Venta Internacional.
SIN SUB	p459430	Herramientas/None			Bolsa Organizadora De Herramientas Fastech Impermeable De 14 Pulgadas, Amarilla - Venta Internaciona
SIN SUB	p459431	Herramientas/None			Bolsa Organizadora De Herramientas Ironcube De Lona Encerada Impermeable - Venta Internacional.
SIN SUB	p459432	Herramientas/None			Bolsa Organizadora De Herramientas The Ryker Bag Bolsa Enrollable Para Herramientas - Venta Internac
SIN SUB	p459435	Herramientas/None			Bolsa Para Contratistas De Herramientas Milwaukee Soft Side, 16 X 9,5 X 11 Cm - Venta Internacional.
SIN SUB	p459510	Herramientas/None			Bolsa Utilitaria Impermeable Ticonn 1680d Oxford Para Herramientas (paquete De 6) - Venta Internacio
SIN SUB	p459512	Herramientas/None			Bolsas Para Herramientas De 16 Pulgadas Modelo Rojo
SIN SUB	p459513	Herramientas/None			Bolsas Para Herramientas Ticonn 1680d Oxford Impermeables Paquete De 9 - Venta Internacional.
SIN SUB	p459514	Herramientas/None			Bolsas Para Herramientas Ticonn 9 Unidades Impermeables Modelo Oxford 1680d - Venta Internacional.
SIN SUB	p459515	Herramientas/None			Bolsas Para Herramientas Workpro 12, Bolsas Pequeñas De Alta Resistencia, 7 X 12 Pulgadas, Paquete D
SIN SUB	p459534	Autos, bicicletas y motos/None			Bomba De Residuos Portátil Para Vehículos Recreativos Flojet 18555-000a 12 V Con Manguera De Jardín 
SIN SUB	p459538	Autos, bicicletas y motos/None			Bomba Destapacaños Con Manómetro Integrado (aire Comprimido) Modelo Multicolor
SIN SUB	p459658	Autos, bicicletas y motos/None			Botella Hidráulica Jack Dna Motoring 25t/25,000 Kg Para Vehículo - Venta Internacional.
SIN SUB	p459659	Autos, bicicletas y motos/None			Botella Hidráulica Jack Vevor 50 Ton/110231 Libras Para Reparación De Automóviles - Venta Internacio
SIN SUB	p459660	Autos, bicicletas y motos/None			Botella Hidráulica Jack Vevor De 12 Toneladas/24000 Libras Para Reparación De Automóviles - Venta In
SIN SUB	p45974	Instrumentos musicales/Amplificadores			Amplificador de audífonos ART HeadAmp4 de 4 salidas estéreo
SIN SUB	p45976	Instrumentos musicales/Amplificadores			DAC USB HiBy FC4 MQA DSD512 PCM 768 kHz con amplificador y pantalla OLED
SIN SUB	p45993	Instrumentos musicales/Amplificadores			Amplificador de audio Pyle PTA66BT.5 Bluetooth de 6 canales y 600 W
SIN SUB	p46008	Instrumentos musicales/Amplificadores			Amplificador de voz inalámbrico Norwii 15 W Bluetooth 5200 mAh
SIN SUB	p46009	Instrumentos musicales/Amplificadores			Amplificador de voz inalámbrico Norwii 15W Bluetooth 5200mAh
SIN SUB	p46017	Instrumentos musicales/Amplificadores			Amplificador de voz inalámbrico Avantree VoxAmp Duo 30W 14 h
SIN SUB	p460209	Instrumentos musicales/Viento			Broca Irwin Speedbor Para Madera Con Tres Flautas 1 6 Cm X 10 Cm - Venta Internacional.
SIN SUB	p46108	Instrumentos musicales/Amplificadores			Amplificador profesional cuoperh 600w rms sl-6000
SIN SUB	p46139	Instrumentos musicales/Amplificadores			Amplificador profesional cuoperh 2800w rms k-30
SIN SUB	p46140	Instrumentos musicales/Amplificadores			Amplificador profesional cuoperh 2 canales x 130w rms e-2000
SIN SUB	p46141	Instrumentos musicales/Amplificadores			Amplificador profesional cuoperh 3000w rms k-40
SIN SUB	p46142	Instrumentos musicales/Amplificadores			Amplificador profesional cuoperh 2200w rms sl-22000
SIN SUB	p46147	Instrumentos musicales/Amplificadores			Amplificador DAC portátil CriNear Protocol Max con PEQ de 10 bandas
SIN SUB	p46152	Instrumentos musicales/Amplificadores			Amplificador de potencia comercial Sound Town STCA360-6Z 360W
SIN SUB	p46155	Instrumentos musicales/Amplificadores			Amplificador profesional cuoperh 2 canales x 250w rms e-4000
SIN SUB	p46156	Instrumentos musicales/Amplificadores			Amplificador profesional cuoperh 1800w rms sl-18000
SIN SUB	p46157	Instrumentos musicales/Amplificadores			Amplificador profesional cuoperh 800w rms sl-8000
SIN SUB	p46158	Instrumentos musicales/Amplificadores			Amplificador profesional cuoperh 1200w rms sl-12000
SIN SUB	p46159	Instrumentos musicales/Amplificadores			Amplificador profesional cuoperh 2600w rms sl-26000
SIN SUB	p46160	Instrumentos musicales/Amplificadores			Amplificador profesional cuoperh 1600w rms sl-16000
SIN SUB	p46185	Instrumentos musicales/Amplificadores			Amplificador profesional cuoperh 4 canales x 300w rms 4cm6000
SIN SUB	p46186	Instrumentos musicales/Amplificadores			Amplificador profesional cuoperh 4 canales x 150w rms 4cm2000
SIN SUB	p46197	Deportes y fitness/Otros			Whistle Fox 40 Pearl negro
SIN SUB	p46206	Instrumentos musicales/Baterías			Cajón OnStage OnStage RDF2000 de espuma para cajón tipo rack de 2U
SIN SUB	p46207	Instrumentos musicales/Baterías			Cajón tipo rack OnStage OnStage Locking 2U (RDL2000) negro
SIN SUB	p46211	Instrumentos musicales/Baterías			Cajón OnStage RDF4000 de espuma para cajón tipo rack de 4U
SIN SUB	p46218	Instrumentos musicales/Baterías			Cajón tipo rack OnStage con cierre en el escenario 4U (RDL4000) color negro
SIN SUB	p46370	Instrumentos musicales/Amplificadores			Amplificador HOTONE Pulze Mini BT Modelado 5W con App
SIN SUB	p46372	Instrumentos musicales/Amplificadores			Amplificador para Instrumento Musical Yamaha THR5A Mini Acústico
SIN SUB	p46569	Instrumentos musicales/Amplificadores			Amplificador Backstage Pro 1960 Watts Rms Cs-20000 de 2 Canales
SIN SUB	p46729	Instrumentos musicales/Amplificadores			Backstage Amplificador De Potencia Mx4
SIN SUB	p46732	Instrumentos musicales/Baterías			New Beat para percusiones NBMP9USB color negro
SIN SUB	p46741	Instrumentos musicales/Amplificadores			Backstage Amplificador 1600 Watts Rms Cs-16000 2 Canales
SIN SUB	p46745	Instrumentos musicales/Amplificadores			Backstage Amplificador Hasta 550w Cs-6000 2 Canales
SIN SUB	p46752	Instrumentos musicales/Amplificadores			Amplificador de potencia Backstage Hcf-pro-40
SIN SUB	p46758	Instrumentos musicales/Amplificadores			Backstage CS-8000 Amplificador
SIN SUB	p46760	Instrumentos musicales/Amplificadores			BACKSTAGE amplificador CS-12000 color negro
SIN SUB	p46840	Instrumentos musicales/Amplificadores			Amplificador crown De 2 Canales XLS2002
SIN SUB	p46895	Instrumentos musicales/Amplificadores			Amplificador XTI2002
SIN SUB	p47028	Instrumentos musicales/Amplificadores			Micro Pedal Two Stones PRE-AMP MOOER
SIN SUB	p47124	Instrumentos musicales/Baterías			Banco redondo DW-CP-5100
SIN SUB	p54397	Videojuegos/Otros accesorios gamer			Teclado inalámbrico Chatpad Megadream para Xbox One con conector de 35 mm
SIN SUB	p54398	Videojuegos/Otros accesorios gamer			Placa de circuito de botones y alimentación USB-C para Xbox Elite 2 1797
SIN SUB	p54399	Videojuegos/Otros accesorios gamer			Reemplazo de palancas analógicas magnéticas cóncavas cortas para Xbox
SIN SUB	p54677	Videojuegos/Otros accesorios gamer			Mount & Blade 2: Bannerlord - Xbox Series X
SIN SUB	p55241	Videojuegos/Otros accesorios gamer			Cobertura para palanca analógica Setex negro 20 mm (bajo) / 11 mm (alto)
SIN SUB	p55295	Videojuegos/Otros accesorios gamer			Warrior of My Own – Libro autoeditado
SIN SUB	p55492	Videojuegos/Otros accesorios gamer			Amplificador de audífonos Hyperkin Siren para PS4 con cable
SIN SUB	p55806	Videojuegos/Otros accesorios gamer			Juego de Almohadillas de Botón de Goma OSTENT para Sony PSP 1000
SIN SUB	p56257	Videojuegos/Otros accesorios gamer			Kit de accesorios RTop 23 en 1 para Nintendo Switch
SIN SUB	p56274	Videojuegos/Otros accesorios gamer			Setex - Pack de 2 agarres para palanca analógica Joy‑Con negro
SIN SUB	p56280	Videojuegos/Otros accesorios gamer			Kit de Accesorios WEILE Switch 2 16‑en‑1
SIN SUB	p56316	Videojuegos/Otros accesorios gamer			Pantalla táctil A-MIND para Nintendo Switch + Kit de herramientas
SIN SUB	p56334	Videojuegos/Otros accesorios gamer			Kit de Modificación Intec Gaming N64 para Switch – Batería de larga duración
SIN SUB	p56340	Videojuegos/Otros accesorios gamer			Control Remoto Armor3 Nu+ Wii/WiiU Blanco
SIN SUB	p56352	Videojuegos/Otros accesorios gamer			Amiibo Capcom Magai Magado Monster Hunter Rise
SIN SUB	p56534	Videojuegos/Otros accesorios gamer			Kit de Modificación Intec Gaming Fighting Stick para Arcade1Up Switch
SIN SUB	p56549	Videojuegos/Otros accesorios gamer			Tarjeta generadora de emulador Amiibo Bilimily para Switch 3DS y Wii
SIN SUB	p56575	Videojuegos/Otros accesorios gamer			Motor de vibración Rumble de reemplazo para Nintendo Switch
SIN SUB	p56649	Videojuegos/Otros accesorios gamer			Kit de reemplazo de tornillos completo de 40 piezas para Nintendo Switch
SIN SUB	p56748	Videojuegos/Otros accesorios gamer			Paquete de accesorios Satisfye ZenGrip Ronin Slim blanco
SIN SUB	p56922	Videojuegos/Otros accesorios gamer			PDP Rock Candy Wired
SIN SUB	p56926	Videojuegos/Otros accesorios gamer			PowerA Enhanced Wired Pikachu Electric
SIN SUB	p56935	Videojuegos/Otros accesorios gamer			Kit PowerA Nintendo Switch Lite Hyrule
SIN SUB	p56960	Videojuegos/Otros accesorios gamer			Joy Con Neon Rojo Azul
SIN SUB	p57156	Videojuegos/Otros accesorios gamer			Cámara Hori Piraña Plant para Nintendo Switch 2 - Cámara Planta Piraña - Accesorio Gamer Oficial
SIN SUB	p57405	Videojuegos/Otros accesorios gamer			Umurangi Generation Deluxe Kit
SIN SUB	p57442	Videojuegos/Otros accesorios gamer			Swi Button Button Up!
SIN SUB	p57671	Videojuegos/Otros accesorios gamer			Kit de accesorios 2 en 1 para nintendo switch 2 atom games
SIN SUB	p57673	Videojuegos/Otros accesorios gamer			Kit de accesorios para nintendo switch 2 atom games
SIN SUB	p57700	Videojuegos/Otros accesorios gamer			Hori - Cámara USB - Nintendo Switch 2
SIN SUB	p57703	Videojuegos/Otros accesorios gamer			Cámara - Nintendo Switch 2
SIN SUB	p57711	Videojuegos/Otros accesorios gamer			Cámara Hori para Nintendo Switch 2
SIN SUB	p57982	Videojuegos/Otros accesorios gamer			Cámara Nintendo Switch 2 Negra
SIN SUB	p58739	Videojuegos/Otros accesorios gamer			Kit de reparación de discos Level Play 50 ml para CD/DVD/Blu‑ray
SIN SUB	p58741	Videojuegos/Otros accesorios gamer			Teclado TiMOVO RGB Inalámbrico para Xbox 147 × 53 × 4 cm
SIN SUB	p58923	Videojuegos/Otros accesorios gamer			Palanca Logitech G Gaming para G29/G920 Reacondicionada
SIN SUB	p58988	Videojuegos/Otros accesorios gamer			eXtremeRate RISE4 Plus MAX Remap Kit con Clicky Kit para ps5 Modelo BDM-030/040/050 Tope Gatillos & 
SIN SUB	p58994	Videojuegos/Otros accesorios gamer			playvital Kit de Agarre para Steam Deck，Set de Almohadilla Mejora del Botón Trasero para Steam Deck,
SIN SUB	p59042	Videojuegos/Otros accesorios gamer			NintendoJoy Con Neon Rojo AzulACC SWITCH JOY CON L R NEON MX ROJO AZUL
SIN SUB	p59065	Videojuegos/Otros accesorios gamer			NintendoJoy Con Morado/NaranjaACC JOY CON L R NEON MORADO NEON NARANJA
SIN SUB	p59497	Videojuegos/Otros accesorios gamer			Auricular gamer Megadream de un solo oído con cable 50 mm micrófono
SIN SUB	p59510	Videojuegos/Otros accesorios gamer			Kit de accesorios Bionik BNK-9083 Pro para PS5
SIN SUB	p59691	Videojuegos/Otros accesorios gamer			Reemplazo de puerto USB Tipo-C para consola PS5
SIN SUB	p59736	Videojuegos/Otros accesorios gamer			Kit de accesorios Orzly para PlayStation Portal blanco
SIN SUB	p62744	Muebles/Otros			Maxeco Ind Azul
SIN SUB	p63236	Muebles/Otros			Cochón En Caja Dormimundo Toronto King Size
SIN SUB	p63237	Muebles/Otros			Cochón Dormimundo En Caja Toronto Queen Size
SIN SUB	p66613	Muebles/Otros			Napnest Matimonial
SIN SUB	p67095	Muebles/Otros			Sala Alton 5 plazas Gris Claro
SIN SUB	p67138	Muebles/Otros			Sala Modular  Modelo Catania 2 2 E - Chocolate
SIN SUB	p67156	Muebles/Otros			Sala San Antonio 5 plazas Gris
SIN SUB	p67160	Muebles/Otros			Sala  Modelo Catania 3 2 1 - Chocolate
SIN SUB	p67896	Muebles/Otros			Sala Gris Oxford Easy Living 2,2 Kumo
SIN SUB	p67985	Muebles/Otros			Sala Esquina Easy Living Tulum Beige
SIN SUB	p68321	Muebles/Otros			Sala Modular para Exterior Teras Natural Kessa Muebles
SIN SUB	p68322	Muebles/Otros			Sala Chaise Lounge Selene Rosa Kessa Muebles
SIN SUB	p68323	Muebles/Otros			Sala Chaise Lounge Selene Azul Kessa Muebles
SIN SUB	p68324	Muebles/Otros			Sala Chaise Lounge Juvela Cafe Kessa Muebles
SIN SUB	p68325	Muebles/Otros			Sala Chaise Lounge Izquierdo Roselia Beige Kessa Muebles
SIN SUB	p68326	Muebles/Otros			Sala Chaise Lounge Izquierdo Roselia Azul Kessa Muebles
SIN SUB	p68327	Muebles/Otros			Sala Chaise Lounge Derecha Runa Azul Kessa Muebles
SIN SUB	p68328	Muebles/Otros			Sala Chaise Lounge Derecha Runa Beige Kessa Muebles
SIN SUB	p68437	Muebles/Otros			Carrito Auxiliar Estética Multiuso 4 Estantes Con Pasamanoz, Color Rosa
SIN SUB	p69193	Muebles/Otros			Ilios Innova | Mueble Organizador Multiusos Blanco Moderno con Puertas Push to Open, Diseño Futurist
SIN SUB	p70781	Muebles/Otros			Furnirturer Estantes y Buffeteras Freesia
SIN SUB	p70782	Muebles/Otros			Furnirturer Estantes y Buffeteras Ranger
SIN SUB	p70784	Muebles/Otros			Furnirturer Estantes y Buffeteras Keyon
SIN SUB	p80643	Joyería y bisutería/Otros			Caja de Joyería Musical Mini Treasures Harry Potter
SIN SUB	p80761	Joyería y bisutería/Otros			Moneda de Recuperación Simply Minimal 26 Años con Purpurina
SIN SUB	p80808	Joyería y bisutería/Otros			Cordón de cuentas The Beadsmith 70 m TEX210 05 mm Tropical
SIN SUB	p80849	Joyería y bisutería/Otros			Etiqueta SilenTags Transparente con Brillo Dorado
SIN SUB	p80855	Joyería y bisutería/Otros			Kit de joyería Imaginovelty 1920 piezas con cuentas de amazonita
SIN SUB	p80858	Joyería y bisutería/Otros			Caja de joyería portátil Homde de terciopelo 16 × 13 × 8 cm
SIN SUB	p80859	Joyería y bisutería/Otros			Kit de Perforación de Orejas Fanmayhe 43 Piezas Desechables Plateado
SIN SUB	p80872	Joyería y bisutería/Otros			Moneda de Cristal Plateada con Brillo Simply Minimal 34 mm
SIN SUB	p80882	Joyería y bisutería/Otros			Cuentas rosquilla Justinstones 30 mm mixtas (paquete de 12/24)
SIN SUB	p80887	Joyería y bisutería/Otros			Rosario HanlinCC 52 cm con Cuentas de Hematita y Caja de Regalo
SIN SUB	p80899	Joyería y bisutería/Otros			Moneda de Recuperación Simply Minimal 2 Años con Purpurina
SIN SUB	p80927	Joyería y bisutería/Otros			Set de regalo Rieltec de manta de sirena para niñas de 5‑12 años con brillo nocturno
SIN SUB	p80941	Joyería y bisutería/Otros			Conjunto de Zapatos de Princesa Mastom para Niñas
SIN SUB	p80945	Joyería y bisutería/Otros			Accesorios para Sandalias Jibbitz Crocs Unisex 100 Piezas, Multicolor
SIN SUB	p81053	Joyería y bisutería/Otros			Arrancadas Mujer Elegante Plata 925 Rosa
SIN SUB	p81125	Joyería y bisutería/Otros			Etiqueta PATYZON 10 cm × 13 cm Regalo de Vino para Jubilación – Pack de 2
SIN SUB	p81134	Joyería y bisutería/Otros			Cepillo de Joyas Shinery de Cerdas Suaves y Precisión
SIN SUB	p81137	Joyería y bisutería/Otros			Alhajeros Organizadores Para Joyería Color Rosa
SIN SUB	p81142	Joyería y bisutería/Otros			Aro Gacimy chapado en oro de 14K – 20 mm
SIN SUB	p81146	Joyería y bisutería/Otros			Extensor de joyería VANBARIS 5 10 y 15 cm – Set de 3 piezas
SIN SUB	p81153	Joyería y bisutería/Otros			Caja abatible de madera para joyería Muchly 96 × 32 × 37 cm
SIN SUB	p81159	Joyería y bisutería/Otros			Porta-púas de Cuero Rústico CestAntiQ
SIN SUB	p81160	Joyería y bisutería/Otros			Libro Dutton Decadence (Serie Nia Simone Bijou)
SIN SUB	p81164	Joyería y bisutería/Otros			Cordón para Cuello POCKT Otoño
SIN SUB	p81165	Joyería y bisutería/Otros			Correa para el cuello a cuadros POCKT 445 cm x 2 cm
SIN SUB	p81168	Joyería y bisutería/Otros			Aro Ana Luisa Doble 14K Baño de Oro
SIN SUB	p81169	Joyería y bisutería/Otros			Kit de Anillas Abiertas para Manualidades Handyman Crafts 1000 piezas Dorado
SIN SUB	p81199	Joyería y bisutería/Otros			Kit de Estiramiento para Piercing de Oreja VCMART 14G-00G
SIN SUB	p81203	Joyería y bisutería/Otros			Set de Gemelos HAWSON 6 Piezas Negro y Plata con Caja de Regalo
SIN SUB	p81233	Joyería y bisutería/Otros			Cordón POCKT Rojo Menta Azul Floral 44.5 cm
SIN SUB	p81234	Joyería y bisutería/Otros			Rosario de Intercesión San Benito en Madera Maciza Azul
SIN SUB	p81313	Joyería y bisutería/Otros			Juego Set Nudo de Bruja Chapa de Oro 18k EH124
SIN SUB	p81339	Joyería y bisutería/Otros			Violadores Oro Amarillo 14K
SIN SUB	p81348	Joyería y bisutería/Otros			Conjunto de joyería Butterfly Love Pearl
SIN SUB	p81443	Joyería y bisutería/Otros			Protector Jewelry Shield EUROTOOL botella de 15 ml
SIN SUB	p81498	Joyería y bisutería/Otros			Misterio Vírgen de Guadalupe 21cm cobertura Plateada Chapa de Oro 18K Horoz EH618
SIN SUB	p81501	Joyería y bisutería/Otros			Misterio San Judas Tadeo 18cm Chapa de Oro florentino de 18K Horoz EH616
SIN SUB	p81502	Joyería y bisutería/Otros			Misterio Vírgen de Juquila 18cm Chapa de Oro florentino de 18K Horoz EH617
SIN SUB	p81518	Joyería y bisutería/Otros			Correa ajustable para anteojos deportivos Boelley cordón de 75 cm 6 piezas
SIN SUB	p81532	Joyería y bisutería/Otros			Juego Joyería de 3 piezas para Mujer Color Plata
SIN SUB	p81649	Joyería y bisutería/Otros			Pastillero Semanal Nicole Lee Con Cierre Emotion SS26
SIN SUB	p81654	Joyería y bisutería/Otros			5pzs Joyería Cristal para Mujer Color Plateado
SIN SUB	p81871	Joyería y bisutería/Otros			Kit de gemas para dientes Loeland DIY Crystals Jewelry Set
SIN SUB	p81893	Joyería y bisutería/Otros			Correa de muñeca Anne Klein para Apple iPhone de mujer tono dorado
SIN SUB	p81912	Joyería y bisutería/Otros			Alfileres para solapa con luz corporal parpadeante Dice Blinkee
SIN SUB	p81914	Joyería y bisutería/Otros			Trébol sin iluminación Beads Blinkee paquete de 12
SIN SUB	p81920	Joyería y bisutería/Otros			Caja rectangular de vidrio con bisagras Creative Gifts International
SIN SUB	p81964	Joyería y bisutería/Otros			Paquete de soluciones limpiadoras para joyas Connoisseurs Premium Ed.
SIN SUB	p81966	Joyería y bisutería/Otros			Paño de pulir CONNOISSEURS Premium Edition extra grande
SIN SUB	p81968	Joyería y bisutería/Otros			Cubiertas para pezones CAKES Body Grippy Circle Silicone Honey
SIN SUB	p82029	Joyería y bisutería/Otros			Correctores reutilizables que no se muestran: secretos de la moda de Hollywood
SIN SUB	p82078	Joyería y bisutería/Otros			Tinte para cuero Angelus Flexible para zapatos botas y bolsos 90 ml naranja
SIN SUB	p82081	Joyería y bisutería/Otros			Tinte Flexible para Cuero Angelus Amarillo 90 ml con Aplicador
SIN SUB	p82278	Joyería y bisutería/Otros			Bandeja Organizadora de Piel Sintética con Diseño de Gato - Decoración para Mesa de Centro o Entrada
SIN SUB	p82300	Joyería y bisutería/Otros			Joya de plata corazón termocrómico MXXVY-005 Heart15 Corazón en plata fina
SIN SUB	p82306	Joyería y bisutería/Otros			Joya plata fotoluminiscente MXXKR-002 Clear02 Joya plata s925 elegante
SIN SUB	p82385	Joyería y bisutería/Otros			Rosa Joya Termocrómica S925 MXXTQ-004 Rose01 Rosa Termocrómica Plata S925
SIN SUB	p82391	Joyería y bisutería/Otros			Joya rosa Termocrómico S925 MXXTQ-002 Rose01 Rosa Termocrómica Plata S925
SIN SUB	p85815	Otros/Varios			Tubo de Espectro EISCO Xenón (Xe) 26 cm
SIN SUB	p85820	Otros/Varios			Tubo de Espectro EISCO Hidrógeno (H) 26 cm
SIN SUB	p85822	Otros/Varios			Tubo de Espectro EISCO Argón (Ar) 26 cm
SIN SUB	p85824	Deportes y fitness/Otros			Flotadores iluminados Thill 13 cm color amarillo
SIN SUB	p86804	Otros/Varios			Pack 2 Lamparas Uv Trampa Mata Msquitos
SIN SUB	p86841	Otros/Varios			Exterminador de Insectos USB MXEPZ-001 ZapPurple Atrapa Mosquitos
SIN SUB	p86847	Otros/Varios			Exterminadora Antimosquitos USB MXEPZ-002 ZapPurple Atrapa Mosquitos
SIN SUB	p86848	Otros/Varios			Lamparas MXEPZ-003 ZapPurple Atrapa Mosquitos
SIN SUB	p94505	Otros/Varios			Lana Berroco Lanas Light 78136 Carbón
SIN SUB	p96027	Otros/Varios			Toallas de mano desechables Kleenex 60 hojas blancas 1 capa
SIN SUB	p96280	Otros/Varios			Batería Vital 18 Piezas Negro
SIN SUB	p96293	Otros/Varios			Kit-cilindro 30kg – con regulador y manguera 2mts
SIN SUB	p96315	Otros/Varios			T- Fal Batería Talent 9 Piezas
SIN SUB	p96323	Otros/Varios			Cilindro 9kg válvula tradicional – kit con regulador y manguera reforzada
SIN SUB	p96325	Otros/Varios			Cilindro 4kg – kit compacto multiusos + manguera 2mts
SIN SUB	p96334	Otros/Varios			Trompo Bluelander Para Tacos Al Pastor 64 x 40 x 50 cm
SIN SUB	p96335	Otros/Varios			Bascula Industrial Bluelander Digital y Plegable 110 V de 300 Kilogramos
SIN SUB	p96343	Otros/Varios			Báscula Comercial Stay Elit Recargable Hasta 40kg Negocio
SIN SUB	p96345	Otros/Varios			Báscula Digital Comercial, 40 kg / 2g Precisión, Puerto USB, BAR-8RS
SIN SUB	p96348	Otros/Varios			Tuff stuff espuma limpiador multiusos hogar
SIN SUB	p96351	Otros/Varios			Calentador de mantequilla CLEABANKE 2 piezas 142 ml cerámica
SIN SUB	p96362	Otros/Varios			Soplete Sterno Culinary de Doble Llama Recargable
SIN SUB	p96377	Otros/Varios			Funda para parrilla Coleman 135 cm negra para plancha de 4 quemadores
SIN SUB	p96383	Otros/Varios			Cubo para Palomitas Hutzler Rojo Grande
SIN SUB	p96390	Otros/Varios			Cesto para vapor de verduras SAYFINE Plegable 23 cm‑25 cm
SIN SUB	p96391	Otros/Varios			Envase de alimentos Spare Essentials 110 unidades 22 x 15 x 4 cm
SIN SUB	p96398	Otros/Varios			Funda para parrilla Coleman 142 cm × 157 cm negra
SIN SUB	p96414	Otros/Varios			Toalla HONEST WEAVE 69 cm Pack de 12 Algodón Orgánico
SIN SUB	p96418	Otros/Varios			Cazuelas Souper Cubes 13 cm Arándano – Pack de 2
SIN SUB	p96420	Otros/Varios			Toalla Infinitee Xclusives 38x64 cm Algodón Verde
SIN SUB	p96425	Otros/Varios			EcoStrong Removedor de manchas y olores para mascotas 946 ml – Santal Woods
SIN SUB	p96426	Otros/Varios			Tijeras Gidli de Acero Inoxidable con Garantía de Por Vida
SIN SUB	p96445	Otros/Varios			Juego de 4 toallas Homaxy de algodón 33 × 71 cm blanco
SIN SUB	p96460	Otros/Varios			Molino Eléctrico para Café SK-3026 200W 75 g Blanco
SIN SUB	p96462	Otros/Varios			Balanza inteligente Smart Weigh 199 kg x 56 g USB‑C
SIN SUB	p96466	Otros/Varios			Popotes Dakoufish reutilizables de 33 cm – Pack de 12 7 colores
SIN SUB	p96468	Otros/Varios			Pesas de Fermentación Country Trading Co. 69 cm (4 unidades)
SIN SUB	p96470	Otros/Varios			Exprimidor a Vapor Cooks Standard 28 L Acero Inoxidable
SIN SUB	p96474	Otros/Varios			Delantal Serrenf Pack de 2 babero ajustable y 2 bolsillos
SIN SUB	p96481	Otros/Varios			Kit de Limpieza Roobi Breville Espresso Completo
SIN SUB	p96488	Otros/Varios			Arrocera COOK WITH COLOR 06 L 300 W azul pizarra
SIN SUB	p96495	Otros/Varios			Bolsas para Alimentos Palksky 20 cm x 86 cm 200 piezas con Pegatinas
SIN SUB	p96496	Otros/Varios			Bolsas de Almacenamiento de Alimentos NKLEI 10 × 15 cm Holográficas Pack de 100
SIN SUB	p96497	Otros/Varios			Bolsas de basura simplehuman 200 unidades 16‑18 L blancas con cordón
SIN SUB	p96500	Otros/Varios			Limpiador de Frutas Fabenix Rotatorio con Purificador de Iones OH
SIN SUB	p96508	Otros/Varios			Caja de recetas ZICOTO 16x13x12 cm capacidad para 250 tarjetas
SIN SUB	p96523	Otros/Varios			Plancha de camping Coghlan's 42 × 25 cm antiadherente de cerámica
SIN SUB	p96526	Otros/Varios			Limpiadora a Vapor Alta Presión 2 L con Accesorios para Hogar
SIN SUB	p96527	Otros/Varios			Kit de decoración de pasteles Kootek 253 piezas de aleación de aluminio
SIN SUB	p96530	Otros/Varios			Toallitas para mascotas POOPH eliminadoras de olores - 100 unidades
SIN SUB	p96536	Otros/Varios			Limpiador de pajillas YOUCOX 30 cm 10 unidades reutilizables
SIN SUB	p96540	Otros/Varios			Juego de 8 piezas medidoras plegables de silicona GRANDFORT
SIN SUB	p96547	Otros/Varios			Utensilios Cocktail Bar Kit 23 Piezas 750ml Plateado
SIN SUB	p96564	Otros/Varios			Molinos De Sal Molinos De Sal Y Pimienta 2 Pzs Negro
SIN SUB	p96566	Otros/Varios			Molino Manual con Manivela para Nixtamal y Granos, de Acero Ajustable Gris
SIN SUB	p96573	Otros/Varios			Prensa Manual Para Tortillas Gris
SIN SUB	p96587	Otros/Varios			Bolsas para pan Cupplation 46 cm x 10 cm x 46 cm paquete de 40
SIN SUB	p96591	Otros/Varios			Prensa de Ajo Global Digitronix de Aleación de Zinc Plateada
SIN SUB	p96594	Otros/Varios			Envoltura de alimentos EcoDispose 36 cm x 41 cm 500 unidades
SIN SUB	p96596	Otros/Varios			Inserto para Vapor Anolon Classic de Acero Inoxidable
SIN SUB	p96600	Otros/Varios			Bolsas de basura simplehuman 200 uds 10-12 L blancas con cordón
SIN SUB	p96602	Otros/Varios			Rollos de sellado al vacío FoodSaver 28 cm × 48 m – Pack de 3
SIN SUB	p96610	Otros/Varios			Juego de Tijeras OTOTO Boo-tiful Crew - Decoración de Halloween
SIN SUB	p96612	Otros/Varios			Carpeta de Recetas ZICOTO 9.5x8.5" Tarjetas Impermeables
SIN SUB	p96613	Otros/Varios			Alfombrilla de barra XieNie 30x15 cm Antideslizante de PVC negra
SIN SUB	p96614	Otros/Varios			Cepillo limpiador de pajillas KINGSEM 12 piezas 2‑25 mm 16‑25 cm
SIN SUB	p96616	Otros/Varios			Ambientador Febreze Tropical Blend 235 ml - Pack de 2
SIN SUB	p96620	Otros/Varios			Guantes para Barbacoa PepperMate 100 unidades 10 mil descartables
SIN SUB	p96631	Otros/Varios			Encendedor tipo chimenea Char-Griller 30 cm con liberación rápida
SIN SUB	p96632	Otros/Varios			Spa Purge de Natural Chemistry 1 L Paquete Individual
SIN SUB	p96634	Otros/Varios			Cobertura para Parrilla Royal Gourmet 136 cm Resistente al Agua Negra
SIN SUB	p96637	Otros/Varios			Rejas de Parrilla QuliMetal 47 cm para Weber Genesis II E-410/E-415
SIN SUB	p96639	Otros/Varios			Set de 4 delantales impermeables loteaf 78 × 67 cm con 2 bolsillos
SIN SUB	p96642	Otros/Varios			Desodorante adhesivo Earth Ninja con aroma a océano
SIN SUB	p96644	Otros/Varios			Centrifugador de Ensaladas NPJGKY 45 L Manual
SIN SUB	p96646	Otros/Varios			Herramienta de huevo newyolk (2 unidades) - Removedor de chalaza y cáscara
SIN SUB	p96648	Otros/Varios			Brochetas metálicas EMMZ de 42 cm (paquete de 8) planas para barbacoa
SIN SUB	p96649	Otros/Varios			FUNNEL Trybuy Sistema de Drenaje de Grasa Trasero para Blackstone 36"/28"/22"/17"
SIN SUB	p96652	Otros/Varios			Centrifugadora de ensaladas Shatomo 53 qt verde con base antideslizante
SIN SUB	p96653	Otros/Varios			Plancha Grimate 43 × 33 cm Antiadherente con Manijas
SIN SUB	p96654	Otros/Varios			Kit Ahumador de Whiskey Smoky Crafts – Virutas de Madera y Pistola
SIN SUB	p96655	Otros/Varios			Centrifugador de Ensaladas Brieftons 63 cuartos Manual
SIN SUB	p96657	Otros/Varios			Exprimidor Chef'n FreshForce Blanco para Limones
SIN SUB	p96658	Otros/Varios			Desgranador de Maíz LLIEIFQ de Acero Inoxidable con Mango Largo
SIN SUB	p96666	Otros/Varios			Balanza Digital de Laboratorio Bonvoisin 500 g con resolución de 0001 g
SIN SUB	p96672	Otros/Varios			Abre Latas Dext Color Turquesa con Anilla y Agarre Fácil
SIN SUB	p96674	Otros/Varios			Set de 2 dispensadores de cereales Snapware 57 L para almacenamiento de alimentos
SIN SUB	p96677	Otros/Varios			Bolsas de Almacenamiento de Alimentos Ziploc 30 Unidades 38 × 15 cm
SIN SUB	p96678	Otros/Varios			JGO Ekco mod. Ivystone 29180 3.0 mm 20 26 30 cm Aluminio Duraflon Stone de 6 Capas Mango de Baquelit
SIN SUB	p96681	Otros/Varios			Set de pala para pizza YUNNO 20 cm + cepillo de 26 pulgadas
SIN SUB	p96695	Otros/Varios			Paellera ZENDEU 34 cm de acero al carbono esmaltado – 6 raciones
SIN SUB	p96712	Otros/Varios			Báscula Taylor 31 cm Esmerilada Marroquí Transparente/Gris
SIN SUB	p96716	Otros/Varios			Encendedores de fuego Wufoty 80 piezas 08 kg cera natural
SIN SUB	p96718	Otros/Varios			Virutas de Madera Shop Square 27 kg Paquete de 4 de Mesquite 100 % Natural
SIN SUB	p96719	Otros/Varios			Virutas de Madera Shop Square 14 kg Pack de 4 para Ahumador de Pacana
SIN SUB	p96722	Otros/Varios			Barras Flavorizer Terefour para Weber Genesis II Serie 300
SIN SUB	p96723	Otros/Varios			Limpiador y Pulidor CRC HydroForce para Acero Inoxidable 591 ml (aerosol)
SIN SUB	p96727	Otros/Varios			Báscula de Plataforma Rhino, 150 kg / 50g kg, Superficie Antiderrapante, Función TARA y Pesaje de An
SIN SUB	p96728	Otros/Varios			Cucharilla medidora de café CoaGu 15 ml juego de 2 acero inoxidable
SIN SUB	p96730	Otros/Varios			Cobertor para Parrilla Coleman 127‑137 cm Negro de Alta Resistencia
SIN SUB	p96734	Otros/Varios			Delantal TOSHE de 3 Bolsillos Resistente al Agua y Algodón para Chef
SIN SUB	p96735	Otros/Varios			Delantal TOSHE de cintura con 3 bolsillos resistente a gotas de agua algodón
SIN SUB	p96737	Otros/Varios			Delantal TOSHE de algodón con 3 bolsillos y resistencia a salpicaduras
SIN SUB	p96738	Otros/Varios			Cobertura para Parrilla Cloakman Pit Boss Laredo 1000 130x65x110 cm
SIN SUB	p96740	Otros/Varios			Delantal TOSHE de 3 Bolsillos Resistente a Salpicaduras de Algodón
SIN SUB	p96741	Otros/Varios			Delantal TOSHE de 3 Bolsillos Resistente al Agua – Algodón
SIN SUB	p96745	Otros/Varios			Paellera ZENDEU de 30 cm de acero al carbono esmaltado – 4 raciones
SIN SUB	p96746	Otros/Varios			Trapeador Microfibra, Cubeta con Pedal, Color Rojo/Blanco
SIN SUB	p96749	Otros/Varios			Kit de Encendedor Weber con Botón Pulsador
SIN SUB	p96750	Otros/Varios			Delantal TOSHE de algodón resistente a salpicaduras con 3 bolsillos
SIN SUB	p96753	Otros/Varios			Rejillas para Parrilla COGRICHBF Nexgrill 720-0896B (Pack de 3)
SIN SUB	p96759	Otros/Varios			Cubierta para Tanque de Propano Weber 9 kg con Logo – Accesorio de Parrilla
SIN SUB	p96769	Otros/Varios			Toallitas húmedas GOJO 130 unidades por cubo - Toallas de limpieza rápida
SIN SUB	p96771	Otros/Varios			Delantal INMTIE de Lona Encerada Gris tallas M a XXL
SIN SUB	p96772	Otros/Varios			Bolsas de compra aisladas WhoseBags 18 L negras pack de 2
SIN SUB	p96788	Otros/Varios			Pala de pizza Outset 46 × 36 cm bambú color caqui extra grande
SIN SUB	p96789	Otros/Varios			Bolsas de basura CUSHIO 15 unidades con borde reforzado – súper resistentes
SIN SUB	p96791	Otros/Varios			Exprimidor de Vapor Cook N Home 11 Qt Acero Inoxidable
SIN SUB	p96797	Otros/Varios			Caja Bento YANLIFY 21x15x5 cm 4 Compartimentos Rosa
SIN SUB	p96799	Otros/Varios			Brochetas extensibles CORQUE 81 cm paquete de 8 multicolores
SIN SUB	p96801	Otros/Varios			Soporte para toalla de papel CHIKESI autoadhesivo dorado - 1 unidad
SIN SUB	p96803	Otros/Varios			Almacenamiento de alimentos Rubbermaid 350/820 ml Pack de 4 con compartimentos divididos
SIN SUB	p96806	Otros/Varios			Toallas Amazon Basics 38 × 64 cm – Pack de 6 en algodón orgánico
SIN SUB	p96812	Otros/Varios			Kit de Germinación Masontops – 2 Paquetes de Semillas Incluidos
SIN SUB	p96819	Otros/Varios			Libro de recetas Rileys & Co 215 × 28 cm Verde (en blanco)
SIN SUB	p96825	Otros/Varios			Caja de Recetas Rileys & Co 175 × 125 × 78 cm Cítricos – 50 Tarjetas
SIN SUB	p96827	Otros/Varios			Dealusy 100 unidades de cajas transparentes de plástico resistente para pasteles
SIN SUB	p96832	Otros/Varios			Placa de control digital FlameEngine P-1205 compatible
SIN SUB	p96836	Otros/Varios			Cobertura para Parrilla Mont Alpi MABi805 Impermeable y Resistente a los Rayos UV
SIN SUB	p96840	Otros/Varios			Pajillas BIO AGAVE 825" de fibras de agave biodegradable 2400 uds
SIN SUB	p96844	Otros/Varios			Matraz EISCO de 1000 ml de vidrio borosilicato con base plana
SIN SUB	p96845	Otros/Varios			Báscula de Pesaje TIMEMORE Basic 3 Temporizador para Café USB-C
SIN SUB	p96853	Otros/Varios			Encendedor de Carbón Total Control EFS‑Z para Big Green Egg
SIN SUB	p96854	Otros/Varios			Bolsa de transporte para plancha BLACKSTONE 43 cm negra
SIN SUB	p96858	Otros/Varios			Matraz volumétrico EISCO 10 ml Clase A ±0020 ml con tapón de vidrio
SIN SUB	p96859	Otros/Varios			Delantal EISCO Pequeño 69 cm x 76 cm Negro de Caucho
SIN SUB	p96866	Otros/Varios			Matraz Erlenmeyer EISCO de 1000 mL con cuello estrecho de vidrio borosilicato 3.3
SIN SUB	p96869	Otros/Varios			Virutas de Madera WITANHURST Pack de 4 Piezas - Variedad de Pera y Manzana
SIN SUB	p96870	Otros/Varios			Matraz volumétrico EISCO 5 ml Clase A ±0020 ml con tapón de vidrio
SIN SUB	p96871	Otros/Varios			Piedra de aplanado Suehiro 2B006 #280 206x53x27 mm
SIN SUB	p96883	Otros/Varios			Tijeras KYOCERA de 7 cm con hojas de cerámica de zirconia
SIN SUB	p96886	Otros/Varios			Tijeras KUNIFU Desmontables Multiuso - Azul
SIN SUB	p96887	Otros/Varios			Tijeras KUNIFU Desmontables Todo Uso Morado
SIN SUB	p96892	Otros/Varios			Tijeras Multiusos de Cerámica KYOCERA 7 cm
SIN SUB	p96898	Otros/Varios			Fregadora giratoria Fanttik sin cable IPX7 con pantalla LED blanca
SIN SUB	p96899	Otros/Varios			Tijeras KUNIFU Desmontables de Uso General - Negro
SIN SUB	p96901	Otros/Varios			Bolsas de maceración Bellamei 2 pzas 41x28 cm / 46x41 cm malla fina
SIN SUB	p96906	Otros/Varios			Bolsas de elaboración Eselect 28 cm paquete de 100 unidades de malla de algodón
SIN SUB	p96907	Otros/Varios			Arrocera BLACK+DECKER 4 L con Canasta para Vapor – Acabado Piedra
SIN SUB	p96910	Otros/Varios			Paellera Magefesa de 30 cm 4 raciones acero al carbono
SIN SUB	p96927	Otros/Varios			Deshuesador de cerezas Fanlory 7 en 1 multi‑funcional
SIN SUB	p96929	Otros/Varios			Pinchos Kadden 20 unidades 9 cm resistentes al calor
SIN SUB	p96936	Otros/Varios			Gancho de Almacenamiento Command (2 unidades 11 kg)
SIN SUB	p96939	Otros/Varios			Glad Mini Redondos de 118 ml – Pack de 8 para Almacenamiento de Alimentos
SIN SUB	p96943	Otros/Varios			Alfombrilla de silicona para hornear Mimekitchen 66 × 41 cm antiadherente y resistente al calor
SIN SUB	p96947	Otros/Varios			Enfriador de latas BrüMate Trio 12/16 oz Agave azul a prueba de fugas
SIN SUB	p96956	Otros/Varios			Prensa de Galletas Hosetim con 8 puntas y 13 discos de acero inoxidable
SIN SUB	p96958	Otros/Varios			Desodorizante y descomponedor de residuos enzimático Walex Bio-Pak 50 unidades
SIN SUB	p96959	Otros/Varios			Toallitas Kimberly-Clark 37 × 42 cm 140 por caja – 15 cajas
SIN SUB	p96963	Otros/Varios			Cortapizzas Joseph Joseph Duo con protector de cuchilla
SIN SUB	p96964	Otros/Varios			Aguja Premium Timeless CORAVIN para sistemas Coravin Timeless
SIN SUB	p96967	Otros/Varios			Máquina de Pasta Fante's 23x11x15 cm para Cavatelli
SIN SUB	p96968	Otros/Varios			Almacenamiento de alimentos Anyday 2 unidades 473 ml de vidrio (Kale)
SIN SUB	p96969	Otros/Varios			Balanza de alimentos Escali 22x15x4 cm 5 kg blanca digital
SIN SUB	p96971	Otros/Varios			Cepillo Removedor de Hilos de Maíz THE FRYOILSAVER COMPANY 25x8x5 cm
SIN SUB	p96977	Otros/Varios			Paellera Magefesa de 20 cm de acero al carbono ligera
SIN SUB	p96989	Otros/Varios			Cobertura para Parrilla Nexgrill 140 cm x 57 cm x 112 cm Negra
SIN SUB	p96993	Otros/Varios			Bolsas resellables sailorsunny 75 × 11 cm rosa con perro – paquete de 50
SIN SUB	p96994	Otros/Varios			Paellera Magefesa de 38 cm de acero esmaltado – 8 raciones
SIN SUB	p97001	Otros/Varios			Funda para parrilla Traeger FLATROCK BAC749 de vinilo
SIN SUB	p97007	Otros/Varios			Cubierta del capó de la parrilla: parrilla eléctrica Weber Lumin
SIN SUB	p97009	Otros/Varios			Cera Protectora para Superficies FLITZ FB-TS010-100 Paquete de 2g
SIN SUB	p97011	Otros/Varios			Limpiador Urnex para Cápsulas K-Cup 5 unidades para máquinas Keurig 2.0
SIN SUB	p97017	Otros/Varios			Matraz EISCO 2000 ml Clase A ±05 ml con tapón de vidrio
SIN SUB	p97018	Otros/Varios			Réplica de Baguette de Sésamo de 48 cm – Pan Falso GiftYou
SIN SUB	p97020	Otros/Varios			Cepillo para parrilla Nexgrill 48 cm de nailon paquete de 2
SIN SUB	p97021	Otros/Varios			Virutas de Madera de Cereza Shop Square 27 kg (Pack de 4) 100 % Natural
SIN SUB	p97022	Otros/Varios			Parrilla/Cazoleta de Cenizas MECO para parrilla Aussie/Americana
SIN SUB	p97023	Otros/Varios			Tijeras SofGrip 19 cm Mango de Goma
SIN SUB	p97026	Otros/Varios			Tostonera Casita 9 cm × 2 cm × 19 cm Naranja
SIN SUB	p97035	Otros/Varios			Balanza Digital de Envío Selegere 10 kg/1 g Recargable Plateado Negro
SIN SUB	p97036	Otros/Varios			Exprimidor de Silicona con Forma de Pasta Monkey Business
SIN SUB	p97038	Otros/Varios			Bolsas de filtro de té Chielor 30 piezas 25x20 cm algodón reutilizable
SIN SUB	p97045	Otros/Varios			Adaptador T POWER 12V 10A GMG P-1001 100-240V
SIN SUB	p97058	Otros/Varios			Balanza de Grúa Digital Kongsen 300 kg Azul
SIN SUB	p97064	Otros/Varios			Protector Estufa Quemador Parrilla Reutilizable 10psc Plateado/Negro
SIN SUB	p97065	Otros/Varios			Alfombra De Silicona Para Hornear No Adhesiva 5 Piezas Marrón
SIN SUB	p97067	Otros/Varios			Bolsas para almuerzo CulinWare 4 lb de capacidad paquete de 500 unidades blancas
SIN SUB	p97070	Otros/Varios			Limpiador de Alfombras Resolve 946 ml Especialista para Mascotas con Gatillo
SIN SUB	p97072	Otros/Varios			Juego de Vapor Imusa 28 Qt y 10 Qt Aluminio Plateado
SIN SUB	p97073	Otros/Varios			Recambio de pulidor de cuero SHARPAL 25 × 150 mm (1 pieza)
SIN SUB	p97074	Otros/Varios			Cesta de vapor LAIHIFA 16-26 cm Acero inoxidable expandible
SIN SUB	p97077	Otros/Varios			Bolsas para almuerzo CulinWare 12 × 8 × 25 cm 500 unidades 4 lb
SIN SUB	p97079	Otros/Varios			Cesta Giratoria Universal de Acero Inoxidable TURBRO para Parrilla
SIN SUB	p97081	Otros/Varios			Plancha COZEER 43 cm × 33 cm de Acero Inoxidable Antiadherente
SIN SUB	p97082	Otros/Varios			Limpiador de Líneas de Cerveza Bar‑King 6 pzas 05 oz cada una
SIN SUB	p97085	Otros/Varios			Prensa para Plancha BLACKSTONE Plegable OTG
SIN SUB	p97087	Otros/Varios			Galleta Goldilocks Polvorón UBE 30 uds. 2 bolsas
SIN SUB	p97098	Otros/Varios			Bolsas de Almacenamiento de Alimentos Stasher 4 Unidades Reutilizables de Silicona
SIN SUB	p97109	Otros/Varios			Juego de 10 bolsas de papas LOVYNO 74 × 99 cm coloridas reutilizables
SIN SUB	p97110	Otros/Varios			Saco de Patata LOVYNO 74x99 cm Pack de 20 Multicolor
SIN SUB	p97120	Otros/Varios			Tabletas de limpieza Caffenu DeLonghi 10 unidades de 14 g cada una
SIN SUB	p97122	Otros/Varios			Polvo de Limpieza Caffenu 900 g para Máquinas de Espresso
SIN SUB	p97132	Otros/Varios			Pantallas de limpieza para plancha AmerCareRoyal 10 cm × 14 cm (paquete de 400)
SIN SUB	p97151	Otros/Varios			Removedor de membrana de costilla Concons de acero inoxidable naranja
SIN SUB	p97162	Otros/Varios			Kit de vapor de bambú Dasoguy 30 cm con forros y utensilios
SIN SUB	p97163	Otros/Varios			Bolsa de snack congelable PackIt 23 cm x 10 cm Ice Cream Critters
SIN SUB	p97175	Otros/Varios			Pellets de carbón Royal Oak 136 kg con mesquite para parrilla
SIN SUB	p97182	Otros/Varios			AG-OLLEL202EP
SIN SUB	p97183	Otros/Varios			Decantador Signature Edition VANLIG | Ripon Revolver & Grenade Glasses
SIN SUB	p97187	Otros/Varios			Decantador Signature Edition: VANLIG Brent Revolver & Grenade Glasses
SIN SUB	p97190	Otros/Varios			Kit de Piedras para Whisky Cork VANLIG | Enfriadores Naturales Reutilizables en Estuche de Lujo
SIN SUB	p97196	Otros/Varios			Alfombrilla de silicona para recoger el goteo del grifo - Diseño mejor
SIN SUB	p97262	Otros/Varios			IMUSA BAM-10007 Jumbo Tostonera, Natural - Pataconera de Bambú, Prensa
SIN SUB	p97380	Otros/Varios			Set de minigafas Silver Buffalo Disney Vintage Minnie Mouse
SIN SUB	p97436	Otros/Varios			Set de Sushi Silver Buffalo Disney Buscando a Nemo Azul
SIN SUB	p97518	Otros/Varios			Set de Sushi Silver Buffalo Hello Kitty con Moño Rojo
SIN SUB	p97537	Otros/Varios			Set de Sushi Retro de 3 piezas Silver Buffalo Scooby Doo
SIN SUB	p97556	Otros/Varios			Barril de Envejecimiento THOUSAND OAKS 3L con Soporte y Grifo
SIN SUB	p97566	Otros/Varios			Pajillas de plástico TREEHAC 23 cm Jumbo anchas y coloridas 700 piezas
SIN SUB	p97667	Otros/Varios			Tenedores Hefty ECOSAVE Compostables 24 unidades
SIN SUB	p97685	Otros/Varios			Protectores de calor Cazzon 18 cm Mezcla Marrón 5 uds. con cesta incluida
SIN SUB	p97717	Otros/Varios			Cubertería CAMBRIDGE 45 piezas acabado satinado dorado servicio para 8
SIN SUB	p97733	Otros/Varios			Juego de 6 platillos de 10 cm The Mask El Turko
SIN SUB	p97755	Otros/Varios			Bolsas de elaboración Eselect 28 cm (paquete de 25) malla de algodón
SIN SUB	p97831	Otros/Varios			Cucharilla para mantequilla Le Creuset Heritage Riviera
SIN SUB	p97857	Otros/Varios			Matraz EISCO 1000 ml de vidrio borosilicato cónico con brazo lateral
SIN SUB	p97858	Otros/Varios			Palillos agitadores de café OULIGET 185 cm color marrón - paquete de 100
SIN SUB	p97861	Otros/Varios			Pajillas de Papel OULIGET 40 Unidades con Forma de Limón
SIN SUB	p97869	Otros/Varios			Juego de 16 bolsas para vino aromeili – Funda protectora reutilizable
SIN SUB	p97897	Otros/Varios			Matraz EISCO de 2000 ml de vidrio borosilicato con vertedor
SIN SUB	p97909	Otros/Varios			Posavasos Algodón Antideslizante Duradero+soporte 12 Pzs Negro
SIN SUB	p97977	Otros/Varios			Tapones para Bebidas STIXTOGO 19 cm Negro Pack de 2000 unidades
SIN SUB	p97992	Otros/Varios			Glass Riedel Grape Martini y Cocktail Diamond 200 ml (paquete de 2)
SIN SUB	p98034	Otros/Varios			Bolsa de Vino TBITON 40.º Cumpleaños Lino de Algodón Beige
SIN SUB	p98040	Otros/Varios			Tapa Thermos Bubba 950 ml Opal Shimmer de Doble Sorbo
SIN SUB	p98115	Otros/Varios			Base giratoria Ateco de plástico blanco de 30 cm
SIN SUB	p98160	Otros/Varios			Palitos agitadores de madera AmerCareRoyal 18 cm biodegradables 10 000 uds
SIN SUB	p98180	Otros/Varios			Salvamantel Magnético de Madera Dura STAUB Resistente al Calor
SIN SUB	p98183	Otros/Varios			Pinchos de Bambú Handy Housewares 10 cm Paquete de 600
SIN SUB	p98187	Otros/Varios			Líquido para Cigarrillo Electrónico Flavour Blaster Neutral 10 ml
SIN SUB	p98192	Otros/Varios			Set Ultimate Bar Caddy de 120 piezas con Popotes Flexibles y Palitos Mezcladores
SIN SUB	p98197	Otros/Varios			Palitos de Bambú Handy Housewares 10 cm Paquete de 1200
SIN SUB	p98218	Otros/Varios			Juego de 8 Tablas de Pizarra Negra Yousonew 30x18 cm
SIN SUB	p98225	Otros/Varios			Soporte para Goteo de Café Makidar de Acero Inoxidable Negro
SIN SUB	p98233	Otros/Varios			Kit de Inicio Easy Fermenter con 3 Tapas y 3 Pesas para Fermentación de 3 L
SIN SUB	p98312	Otros/Varios			Juego de Té Lenox Butterfly Meadow de 8 Piezas para 2 Personas
SIN SUB	p98321	Otros/Varios			Palillos FOFAYU de Metal 5 Pares Multicolor Acero Inoxidable 235 cm
SIN SUB	p98329	Otros/Varios			Cesta Ovalada Cuisinox de Acero Inoxidable 22x15 cm
SIN SUB	p98366	Otros/Varios			Popotes Flexibles ALINK Paquete de 500 19.7 cm x 0.6 cm
SIN SUB	p98444	Otros/Varios			Juego de 3 Bowls Corelle Livingware 828 ml Clásico con Borde Negro
SIN SUB	p98447	Otros/Varios			Fundas de silicona Brieftons 6 unidades aislantes antideslizantes
SIN SUB	p98451	Otros/Varios			Set de 3 Bowls Corelle Livingware Country Cottage 828 ml
SIN SUB	p98455	Otros/Varios			Juego de 2 Bowls para Servir Corelle Bella Faenza de 1 cuarto
SIN SUB	p98796	Otros/Varios			Fuente para Servir STAUB de Cerámica 29 cm Cereza
SIN SUB	p98908	Otros/Varios			Juego de té de 3 piezas Royal Albert 1920 Spring Meadow 20 cm
SIN SUB	p98915	Otros/Varios			Tea for One Royal Albert Old Country Roses de porcelana ósea
SIN SUB	p98958	Otros/Varios			Hervidor de cuello de cisne Barista Warrior 12 L negro mate
SIN SUB	p98966	Otros/Varios			Tamiz de malla fina BlendWell Gold de acero inoxidable
SIN SUB	p98981	Otros/Varios			Bol de vidrio para matcha Britegleam con textura y pico vertedor
SIN SUB	p98999	Otros/Varios			Dispensador de café Royal Genuss de 22 L de acero inoxidable con bomba
SIN SUB	p99032	Otros/Varios			Infusor de té Teabloom de acero inoxidable pequeño diseño geométrico
SIN SUB	p99391	Otros/Varios			Biberón Thermos Baby de acero inoxidable de 300 ml con aislamiento al vacío
