accion	id	de	a	motivo	nombre
SIN SUB	p103032	Instrumentos musicales/Baterías			Masajeador de percusión Thumper Sport de tejido profundo con mango largo
SIN SUB	p103130	Instrumentos musicales/Baterías			Pistola de masaje RENPHO Masajeador de percusión portátil de tejido profundo
SIN SUB	p108033	Juegos de mesa/Otros juegos			Casa de Juego de Fieltro Horizon Group USA 25x41 cm con 20 Accesorios
SIN SUB	p108044	Juegos de mesa/Otros juegos			Set Completo de Tarjetas Flash Little Economists – 8 Libros
SIN SUB	p108045	Juegos de mesa/Otros juegos			Mesa de arena y agua Elitevia 54x29x53 cm rosa con bomba eléctrica
SIN SUB	p108054	Juegos de mesa/Otros juegos			Set de Beer Pong GoPong Flotante con 3 Pelotas y Balsas Inflables
SIN SUB	p108058	Juegos de mesa/Otros juegos			Juego de 4 Pistolas de Agua Eléctricas Funwee con Luz LED y Disparo Automático
SIN SUB	p108077	Juegos de mesa/Otros juegos			CHARM Wixine Pies de Zorro Articulados en Hueso con Garras – 6 g Taxidermia
SIN SUB	p108089	Juegos de mesa/Otros juegos			Pizarra Mágica LCD Tarjetas Flash Español-Ingles Rosa
SIN SUB	p108104	Juegos de mesa/Otros juegos			Tarjetas de Bingo Reutilizables para Noche de Película Romántica XOXO Parents
SIN SUB	p108113	Juegos de mesa/Otros juegos			Globos de Agua Reutilizables DZLUSJ 24 unidades
SIN SUB	p108114	Juegos de mesa/Otros juegos			Juego The Fidget Game Supermarket Squishy Spree 5‑8 años
SIN SUB	p108129	Juegos de mesa/Otros juegos			Alfombrilla de juego STORKY 61 × 36 cm con superficie de goma y bolsa de almacenamiento
SIN SUB	p108144	Juegos de mesa/Otros juegos			Alfombrilla de juego STORKY 61x36 cm con bordes cosidos y base antideslizante
SIN SUB	p108168	Juegos de mesa/Otros juegos			Libro Simon Spotlight: Angelina Ballerina
SIN SUB	p108172	Juegos de mesa/Otros juegos			PUZZLES iDventure Cluepuzzle Caja Maravilla de Alicia
SIN SUB	p108190	Juegos de mesa/Otros juegos			Laberinto de Cuentas de Madera Fisher‑Price – Juguete de Actividad
SIN SUB	p108192	Juegos de mesa/Otros juegos			Pizarra Mágica LEXiBOOK Spider-Man 28 cm
SIN SUB	p108198	Juegos de mesa/Otros juegos			Kit de Excavación Gem Pets Zorro Rojo Rubí - Tesoro
SIN SUB	p108201	Juegos de mesa/Otros juegos			Kit de Excavación Gem Pets: Tesoro de Cachorro Esmeralda Verde
SIN SUB	p108203	Juegos de mesa/Otros juegos			Kit de Excavación Gem Pets Conejo Púrpura Diamante
SIN SUB	p108205	Juegos de mesa/Otros juegos			Kit de Excavación Gem Pets Gato Zafiro Azul Tesoro
SIN SUB	p108217	Juegos de mesa/Otros juegos			Juguete de Agua Lunch Money – Crece un Alce (crecimiento del 600%)
SIN SUB	p108226	Juegos de mesa/Otros juegos			Libro Sterling Ethos 1001: Serie de Tiradas de Tarot
SIN SUB	p108228	Juegos de mesa/Otros juegos			Bolso Tote C&H Solutions 55 cm x 30 cm Negro Mah Jongg
SIN SUB	p108235	Juegos de mesa/Otros juegos			Kit de Identificación de Minerales Colidcolor 13 piezas con lupa de mano y muestras
SIN SUB	p108239	Juegos de mesa/Otros juegos			Libro HarperCollins Biblia del Osito Tiny Bear (La historia del gran amor de Dios)
SIN SUB	p108241	Juegos de mesa/Otros juegos			Bola de latón EISCO con agujero de 25 mm para demostración de péndulo
SIN SUB	p108243	Juegos de mesa/Otros juegos			Libro Shadow Mountain Nando Volumen 4 Cuentos de Perros
SIN SUB	p108244	Juegos de mesa/Otros juegos			Juguete de Baño Waboba Sharky Tiburón 90 mm que Salta en el Agua
SIN SUB	p108263	Juegos de mesa/Otros juegos			Libro Simon & Schuster – Spooky Pookie (Little Pookie)
SIN SUB	p108266	Juegos de mesa/Otros juegos			Set de 6 títeres de dedo estrella de 10 cm en fieltro – ShaoAngDuoMi
SIN SUB	p108270	Juegos de mesa/Otros juegos			Libro HarperCollins Fuerte: Salmo 1 (La historia del gran amor de Dios)
SIN SUB	p108272	Juegos de mesa/Otros juegos			HarperCollins – Primeras Oraciones del Bebé
SIN SUB	p108275	Juegos de mesa/Otros juegos			Scholastic Libro Oficial X-Men: Cómo Dibujar
SIN SUB	p108293	Juegos de mesa/Otros juegos			Soporte para fichas American-Wholesaler Inc. 46 cm Azul zafiro
SIN SUB	p108298	Juegos de mesa/Otros juegos			Corralito Para Bebe Plegable Corral Gimnasio Rosa/Gris
SIN SUB	p108302	Juegos de mesa/Otros juegos			Kit de Magia Mindbender +100 Trucos y Tutoriales en Video
SIN SUB	p108305	Juegos de mesa/Otros juegos			Set de Regalo de Barajas Forage Folk Trilogía
SIN SUB	p108307	Juegos de mesa/Otros juegos			Caja de madera con temática náutica de Shut The Box Game STERLING Games
SIN SUB	p108308	Juegos de mesa/Otros juegos			Globo Celestial EISCO 30 cm 445 cm Alto Estrella Vía Láctea
SIN SUB	p108309	Juegos de mesa/Otros juegos			Biblia HarperCollins Tiny Theologians Rosa
SIN SUB	p108311	Juegos de mesa/Otros juegos			Kit de geología GeLaozee – 13 piezas para identificación de minerales
SIN SUB	p108312	Juegos de mesa/Otros juegos			Alfombrilla de juego Realm Guard 36x61 cm dibujada a mano antideslizante
SIN SUB	p108316	Juegos de mesa/Otros juegos			Kit de Óptica Láser para Aula (Grados 2‑8) RGB LED
SIN SUB	p108321	Juegos de mesa/Otros juegos			Tablero de Galton Dimind 32 cm Modelo de Probabilidad con 17 500 Cuentas
SIN SUB	p108324	Juegos de mesa/Otros juegos			Aparato de demostración del efecto Doppler EISCO 0.8 m 92 dB
SIN SUB	p108342	Juegos de mesa/Otros juegos			ALFOMBRILLA DE JUEGO Gamegenic Altered Trial By Frost 61 × 35 cm
SIN SUB	p108344	Juegos de mesa/Otros juegos			Calendario Pandasaurus Games 365 Adventures: The Dungeon
SIN SUB	p108345	Juegos de mesa/Otros juegos			Calendario Pandasaurus Games Cthulhu 1926 (2026)
SIN SUB	p108362	Juegos de mesa/Otros juegos			Juego de Laberinto 3D Perplexus Star Wars – Mandaloriano
SIN SUB	p108377	Juegos de mesa/Otros juegos			Alfombrilla de juego STORKY 61 cm x 36 cm de goma antideslizante con gato
SIN SUB	p108379	Juegos de mesa/Otros juegos			Cubo Laberinto Actividades 7 En 1 Multicolor
SIN SUB	p108380	Juegos de mesa/Otros juegos			Laberinto De Cuentas 3 Caminos Multicolor
SIN SUB	p108381	Juegos de mesa/Otros juegos			Juego Mesa Equilibrio Linda Rana Rojo
SIN SUB	p108384	Juegos de mesa/Otros juegos			Marcadores de Bingo Power Dot 55 ml surtidos - Pack de 12
SIN SUB	p108392	Juegos de mesa/Otros juegos			Cartel de emociones Yoink 81 tarjetas – Rincón de calma
SIN SUB	p108400	Juegos de mesa/Otros juegos			Pizarra Mágica LEXiBOOK Pitufos 28 cm
SIN SUB	p108401	Juegos de mesa/Otros juegos			Juego de Construcción de Mazos BANDAI Resident Evil: Mercenarios
SIN SUB	p108403	Juegos de mesa/Otros juegos			Música WARNER BROS Love Is Such a Funny Game
SIN SUB	p108407	Juegos de mesa/Otros juegos			Juego Nintendo Splatoon Raiders: Shooter de Acción
SIN SUB	p108409	Juegos de mesa/Otros juegos			Caballito Montable Mecedora Balance Con Efectossonido Reales  VANLIG | Color Marrón Claro
SIN SUB	p108416	Juegos de mesa/Otros juegos			Globos reutilizables Bunch O Balloons de ZURU paquete de 10
SIN SUB	p108420	Juegos de mesa/Otros juegos			Caja de Ahorro MoliDow de Madera - Bóveda de Efectivo $10000
SIN SUB	p108424	Juegos de mesa/Otros juegos			Libro Careland: Jack McAfghan – Rainbow Bridge
SIN SUB	p108425	Juegos de mesa/Otros juegos			Kit de motor para pista de canicas PlayMonster 10 cm x 8 cm
SIN SUB	p108427	Juegos de mesa/Otros juegos			Rueda de oración tibetana DMtse 38x115 mm juego de 2
SIN SUB	p108430	Juegos de mesa/Otros juegos			Set de Campeones Sneaky PEET de Godtear (Steamforged Games)
SIN SUB	p108432	Juegos de mesa/Otros juegos			Fósiles de dientes de tiburón – Caja de colección Fabrvog y lupa
SIN SUB	p108433	Juegos de mesa/Otros juegos			Juego LCG de Fantasy Flight Games – Brotherhood Without Banners
SIN SUB	p108438	Juegos de mesa/Otros juegos			Pegatina Elsqolro 25 × 17 cm 20 hojas Frutas y Verduras
SIN SUB	p108440	Juegos de mesa/Otros juegos			Bandeja para tarjetas KIHACO 125 × 75 × 45 cm de bambú – juego de 2
SIN SUB	p108446	Juegos de mesa/Otros juegos			Fósiles Fabrvog 4‑5 cm con caja y lupa
SIN SUB	p108451	Juegos de mesa/Otros juegos			Kit de Globos de Agua Kiddie Play 500 unidades con Bomba de Llenado
SIN SUB	p108488	Juegos de mesa/Otros juegos			Libro DELL "El lenguaje de los animales: 7 pasos para comunicarte con los animales"
SIN SUB	p108493	Juegos de mesa/Otros juegos			Squishy Maker Station Doctor Squish Edición exclusiva de Amazon
SIN SUB	p108495	Juegos de mesa/Otros juegos			Libro Running Press Mini Editions – Sombrero Seleccionador de Harry Potter
SIN SUB	p108497	Juegos de mesa/Otros juegos			Kit de modelo de motor Stirling de aire caliente Heligotech con luz LED
SIN SUB	p108498	Juegos de mesa/Otros juegos			Publications International – Juegos de Cerebro “Encuentra al Gato”
SIN SUB	p108499	Juegos de mesa/Otros juegos			Bantam – El libro completo de solitario y juegos de paciencia (225 juegos)
SIN SUB	p108502	Juegos de mesa/Otros juegos			Imanes decorativos Tienda LEAN Pack de 25 caritas sonrientes 25 cm
SIN SUB	p108504	Juegos de mesa/Otros juegos			Libro Clarion: Cuenta Ratones
SIN SUB	p108514	Juegos de mesa/Otros juegos			Plantilla Grande Redonda para Hacer Yo-Yós Clover Fácil de Usar
SIN SUB	p108516	Juegos de mesa/Otros juegos			Consejo al Amanecer – Juego de deducción social (tablero)
SIN SUB	p108519	Juegos de mesa/Otros juegos			Libro Marvel: Predator mata el Universo Marvel (Nuevo)
SIN SUB	p108527	Juegos de mesa/Otros juegos			Kit de Construcción Artística Machine Works – Modelo de Motor V8 con Realidad Aumentada
SIN SUB	p108529	Juegos de mesa/Otros juegos			El libro de imágenes de cachorros
SIN SUB	p108532	Juegos de mesa/Otros juegos			Juego de Disc Golf de Escritorio Mini Ediciones Running Press
SIN SUB	p108536	Juegos de mesa/Otros juegos			Libro Thomas Nelson Operación Tiro Truco Dude Perfect Panda
SIN SUB	p108539	Juegos de mesa/Otros juegos			Libro ilustrado de arte popular Clarion Día de Mercado para edades 0-3
SIN SUB	p108542	Juegos de mesa/Otros juegos			Teaching Stones Yellow Door Huellas de Animales de Granja Paquete de 8 Piedras de 8 cm
SIN SUB	p108572	Juegos de mesa/Otros juegos			Placa de Prototipado Elenco 9440C con 3220 Puntos de Contacto
SIN SUB	p108573	Juegos de mesa/Otros juegos			Juego de sobremesa de superhéroes Atomic Mass Marvel Crisis Protocol
SIN SUB	p108579	Juegos de mesa/Otros juegos			Juego The Learning Company Super Solvers Rescate a Medianoche
SIN SUB	p108585	Juegos de mesa/Otros juegos			ZURU - Juguete (339-36589_4894680025981)
SIN SUB	p108599	Juegos de mesa/Otros juegos			Gorra de Seguimiento EEG DIGIPACE 64 Electrodos Sistema 10-20
SIN SUB	p108604	Juegos de mesa/Otros juegos			Herramienta de Plegado Makedo Fold-Roller para Esculpir Cartón
SIN SUB	p108606	Juegos de mesa/Otros juegos			Kit de Rinconcito de Libros DIY Tonecheer Mundo de Vincent con Luz LED
SIN SUB	p108609	Juegos de mesa/Otros juegos			Set de Bolas de Billar Aramith Crown 5.7 cm Magnéticas
SIN SUB	p108620	Juegos de mesa/Otros juegos			Casa para Insectos Lulu Home Hotel de Bichos de Madera 26x9x14 cm
SIN SUB	p108623	Juegos de mesa/Otros juegos			Pistola de Agua Super Soaker Minecraft Glow Squid
SIN SUB	p108636	Juegos de mesa/Otros juegos			Set de Globos de Agua ABEAMIX con 2 Resorteras y 25 Pelotas Suaves
SIN SUB	p108643	Juegos de mesa/Otros juegos			Libro Ace El Ojo de la Novia de Bedlam Dungeon Crawler
SIN SUB	p108645	Juegos de mesa/Otros juegos			Bolsa de Suerte con Oro Garantizado Bobby Nugget California
SIN SUB	p108648	Juegos de mesa/Otros juegos			Set Completo Brain Challenger miniLUK Beyond123
SIN SUB	p108658	Juegos de mesa/Otros juegos			Libro Running Press Mini Ediciones Itty-Bitty Marquee
SIN SUB	p108668	Juegos de mesa/Otros juegos			Bomba de Agua Exokugo Diseño de Ballena 3 Modos de Rociado Impermeable
SIN SUB	p108673	Juegos de mesa/Otros juegos			Mini Terrario Mi Jardín de Hadas Rincón de Ortigas
SIN SUB	p108677	Juegos de mesa/Otros juegos			Toy Learning Resources Peekaboo Learning Farm 10 piezas
SIN SUB	p108681	Juegos de mesa/Otros juegos			Set de juego Popdarts PRO Pack (Rizzle) con ventosa para interiores y exteriores
SIN SUB	p108682	Juegos de mesa/Otros juegos			Set de juego Outdoor Flying Disc Bottle Bash USA con postes y botellas
SIN SUB	p108683	Juegos de mesa/Otros juegos			Juego Foxtail con luces LED para lanzar y atrapar al aire libre
SIN SUB	p108695	Juegos de mesa/Otros juegos			Set de 2 Pistolas de Agua XSHOT Fast-Fill Medianas 700 ml
SIN SUB	p108698	Juegos de mesa/Otros juegos			Set de 4 Pistolas de Agua Super Soaker Mini Dunk-Fill 101 ml
SIN SUB	p108699	Juegos de mesa/Otros juegos			Juego Activo Little Tikes Luz Roja Luz Verde
SIN SUB	p108714	Juegos de mesa/Otros juegos			Craft Kit dazzidoo miniazulejo magnético con 12 imanes para azulejos
SIN SUB	p108715	Juegos de mesa/Otros juegos			Herramienta para atrapar insectos Carson BugView lupa de liberación rápida color verde
SIN SUB	p108721	Juegos de mesa/Otros juegos			Kit de Modelo Musical 3D de Madera Tonecheer Nave Viajera del Viento
SIN SUB	p108729	Juegos de mesa/Otros juegos			Juego de Hockey de Escritorio Running Press Mini Editions
SIN SUB	p108742	Juegos de mesa/Otros juegos			Paquete de 15 Pellets Grandes de Búho Cárabo Pioneer
SIN SUB	p108751	Juegos de mesa/Otros juegos			Flash Cards BLUE PANDA 205 banderas de países del mundo
SIN SUB	p108752	Juegos de mesa/Otros juegos			Microscopio de bolsillo Carson MicroBrite Plus 60x-120x con iluminación LED
SIN SUB	p108763	Juegos de mesa/Otros juegos			Circuito de canicas de madera Golden Age set de 60 piezas
SIN SUB	p108772	Juegos de mesa/Otros juegos			AR Interactive Globe Toy PlayShifu Orboot Earth Explorer
SIN SUB	p108775	Juegos de mesa/Otros juegos			Mini golf de escritorio
SIN SUB	p108776	Juegos de mesa/Otros juegos			Juego de curling de escritorio Running Press Mini Editions
SIN SUB	p108781	Juegos de mesa/Otros juegos			Mini coleccionables MGA's Miniverse Hello Kitty Serie 2 6 unidades
SIN SUB	p108782	Juegos de mesa/Otros juegos			Juego de serpientes de goma para bromas ANABIUP 3 piezas con cuerda y clip
SIN SUB	p108823	Juegos de mesa/Otros juegos			Juego de ensamble Acrobageometrix Educrea
SIN SUB	p108824	Juegos de mesa/Otros juegos			Cilindros de encaje
SIN SUB	p108825	Juegos de mesa/Otros juegos			Laberinto Roller
SIN SUB	p108831	Juegos de mesa/Otros juegos			Pelota inflable 9 Square Castle Sports de 12" verde fluorescente
SIN SUB	p108835	Juegos de mesa/Otros juegos			Kit de arcilla KizDoToy Dino Land de 6 piezas set de modelado de secado al aire
SIN SUB	p108837	Juegos de mesa/Otros juegos			Lienzo para pintar por numero Florero blanco
SIN SUB	p108838	Juegos de mesa/Otros juegos			Lienzo para pintar por numero Romance París
SIN SUB	p108839	Juegos de mesa/Otros juegos			Lienzo para pintar por numero Los girasoles
SIN SUB	p108840	Juegos de mesa/Otros juegos			Lienzo para pintar por numero ojo
SIN SUB	p108841	Juegos de mesa/Otros juegos			Lienzo para pintar por numero La gran manzana
SIN SUB	p108843	Juegos de mesa/Otros juegos			Lienzo para pintar por numero Gallo loco
SIN SUB	p108860	Juegos de mesa/Otros juegos			Juego de ensamble Acrobageometrix
SIN SUB	p108862	Juegos de mesa/Otros juegos			Juego de ensamble Cadenamix
SIN SUB	p108864	Juegos de mesa/Otros juegos			Juego de ensamble Tubicolor
SIN SUB	p108866	Juegos de mesa/Otros juegos			Juego de ensamble Rocket
SIN SUB	p108881	Juegos de mesa/Otros juegos			Conjunto de actividades hand2mind MathLink Cubes Numberblocks 21-30
SIN SUB	p108892	Juegos de mesa/Otros juegos			Mesa de agua y arena Wee Wonders de 3 niveles con sombrilla y juguetes
SIN SUB	p108893	Juegos de mesa/Otros juegos			Kit Rainbow Loom Mighty Rainbow Case con 6000 ligas
SIN SUB	p108896	Juegos de mesa/Otros juegos			Puerta y ventanas de hadas para árbol con decoración que brilla en la oscuridad
SIN SUB	p108898	Juegos de mesa/Otros juegos			Juego WHAT DO YOU MEME? Family Pets Only Edition
SIN SUB	p108900	Juegos de mesa/Otros juegos			Agenda visual HANUSTARS de 60 piezas con bolsa para tareas
SIN SUB	p108905	Juegos de mesa/Otros juegos			Pelotas oficiales GoPong para beer pong paquete de 36 40 mm blancas
SIN SUB	p108909	Juegos de mesa/Otros juegos			Tabla magnética para el entrenamiento para ir al baño Bright Seed Sirenas Brillantes 30x25 cm
SIN SUB	p108913	Juegos de mesa/Otros juegos			Kit de práctica de soldadura tingbowie para entrenamiento en electrónica DIY
SIN SUB	p108918	Juegos de mesa/Otros juegos			Tarro de recompensas para entrenamiento para ir al baño Yoink con 27 fichas
SIN SUB	p108921	Juegos de mesa/Otros juegos			Pulidora de piedras VIYUKI de 3 lb de capacidad kit con motor de 120V
SIN SUB	p108925	Juegos de mesa/Otros juegos			Tangram de madera
SIN SUB	p108926	Juegos de mesa/Otros juegos			Lienzo para pintar ppn búho y luna
SIN SUB	p108927	Juegos de mesa/Otros juegos			Lienzo para pintar ppn aventura espacial
SIN SUB	p108928	Juegos de mesa/Otros juegos			Lienzo para pintar ppn leo el león
SIN SUB	p108929	Juegos de mesa/Otros juegos			Lienzo para pintar ppn pez 1
SIN SUB	p108930	Juegos de mesa/Otros juegos			Lienzo para pintar ppn elefante splash
SIN SUB	p108931	Juegos de mesa/Otros juegos			Lienzo para pintar ppn dinosuario
SIN SUB	p108934	Juegos de mesa/Otros juegos			Bingo para Noche de Película XOXO Parents set de 4 tarjetas reutilizables
SIN SUB	p108941	Juegos de mesa/Otros juegos			Juego terapéutico StrongSuit Vibes 2 en 1 de diana emocional
SIN SUB	p108947	Juegos de mesa/Otros juegos			Tapete para juegos STORKY 61 x 36 cm de goma antideslizante de 3 mm de grosor
SIN SUB	p108948	Juegos de mesa/Otros juegos			Juego de tetherball de escritorio Running Press Mini Editions
SIN SUB	p108977	Juegos de mesa/Otros juegos			Rueda traductora de jerga Slang-o-Matic de Dissent Pins 20 x 22 cm
SIN SUB	p108981	Juegos de mesa/Otros juegos			Juego DŌTEKI Multiplayer Battle Pack Heatoru & Arctos
SIN SUB	p108991	Juegos de mesa/Otros juegos			Estandarte de activación deluxe Bolton CMON
SIN SUB	p108995	Juegos de mesa/Otros juegos			Game of Thrones LCG Fantasy Flight: La caída de Astapor
SIN SUB	p108997	Juegos de mesa/Otros juegos			Libro Novela corta «Subtraction» publicado de forma independiente
SIN SUB	p109021	Juegos de mesa/Otros juegos			Lienzo para pintar ppn tres perros
SIN SUB	p109022	Juegos de mesa/Otros juegos			Lienzo para pintar ppn tres gatos
SIN SUB	p109029	Juegos de mesa/Otros juegos			Libro publicado de forma independiente: ¿Preferirías... baloncesto?
SIN SUB	p109051	Juegos de mesa/Otros juegos			Colección temática Holiday Hands Edición 2026 de Mah Jongg
SIN SUB	p109088	Juegos de mesa/Otros juegos			Flotador de Sirena y Avión para Bebés con Pistola de Agua,Asiento Antivuelco de PVC con Diseño de Co
SIN SUB	p109099	Juegos de mesa/Otros juegos			Flotador para Bebés con Sombrilla y Asiento Antivuelco,Cámara de Agua de PVC con Protección Solar, H
SIN SUB	p109109	Juegos de mesa/Otros juegos			Libro Ace: El escenario del fin del mundo de Carl (Dungeon Crawler Carl)
SIN SUB	p109120	Juegos de mesa/Otros juegos			Kit de juguete Timetome Magic Water Elf con 20 geles y 10 moldes
SIN SUB	p109122	Juegos de mesa/Otros juegos			Juego de gato magnético promocional de escritorio-junk
SIN SUB	p109123	Juegos de mesa/Otros juegos			Mini coleccionables MGA's Miniverse Make It Mini Café Serie 6
SIN SUB	p109130	Juegos de mesa/Otros juegos			Juego de despedida de soltera Diakos 8 en 1 para 50 invitados
SIN SUB	p109137	Juegos de mesa/Otros juegos			Kit de geodas TruEnergy 20 cristales marroquíes reales 25-38 cm
SIN SUB	p109144	Juegos de mesa/Otros juegos			Kit de juguete Albxiu de elfos de agua mágicos con 22 geles y moldes
SIN SUB	p109154	Juegos de mesa/Otros juegos			Juguete MGA's Miniverse Make It Mini Spring DIY Crafts
SIN SUB	p109157	Juegos de mesa/Otros juegos			Juego de viaje de fichas Big Potato OK Play impermeable
SIN SUB	p109159	Juegos de mesa/Otros juegos			Kit de actividades Blue Marble Aventura Pirata con catalejo
SIN SUB	p109166	Juegos de mesa/Otros juegos			Kit de disección Tiburón Blanco Brillante Blue Marble Anatomía
SIN SUB	p109167	Juegos de mesa/Otros juegos			¿Qué con qué? asociación  de imágenes
SIN SUB	p109169	Juegos de mesa/Otros juegos			Sopa de silabas
SIN SUB	p109173	Juegos de mesa/Otros juegos			Centro de guardería Playard Pamo Babe Deluxe con capazo gris
SIN SUB	p109174	Juegos de mesa/Otros juegos			Play Space Evenflo versátil 6 paneles ajustables (gris frío)
SIN SUB	p109178	Juegos de mesa/Otros juegos			Baby Trend Lil' Snooze Deluxe III Cozy Mint con capazo
SIN SUB	p109180	Juegos de mesa/Otros juegos			Libro publicado de forma independiente Mi bebé deportista
SIN SUB	p109183	Juegos de mesa/Otros juegos			Providence (Tides of Fortune) - Libro de publicación independiente
SIN SUB	p109193	Juegos de mesa/Otros juegos			Kit Diorama de Animales de la Selva Tropical LuciPaw de 33 Piezas
SIN SUB	p109197	Juegos de mesa/Otros juegos			Mesa Multijuego 6 en 1 VANLIG | Plegable Billar Hockey Tenis Bolos Tejo
SIN SUB	p109198	Juegos de mesa/Otros juegos			Mesa Multijuegos 4 En 1 VANLIG | Futbolito Hockey Billar Ping Pong
SIN SUB	p109228	Juegos de mesa/Otros juegos			Huevos de triops Red Longicaudatus GREEN WATER FARM 200 unidades
SIN SUB	p109238	Juegos de mesa/Otros juegos			Set de juego de arenero John Deere con 5 camiones y tapa
SIN SUB	p109239	Juegos de mesa/Otros juegos			Juego de Hilo Clásico Dan&Darci - Cat's Cradle
SIN SUB	p109241	Juegos de mesa/Otros juegos			BONNYCO Juego de 4 en Raya paquete de 16 mini juegos de mesa de viaje
SIN SUB	p109245	Juegos de mesa/Otros juegos			Ruleta de premios Pionites de 20 cm para mesa con marcador
SIN SUB	p109250	Juegos de mesa/Otros juegos			Libro Ace Dungeon Crawler Carl
SIN SUB	p109251	Juegos de mesa/Otros juegos			Libro This Inevitable Ruin: Dungeon Crawler Carl
SIN SUB	p109255	Juegos de mesa/Otros juegos			Juego de cuencos con fuente para baño y agua Toy PlanToys 5714
SIN SUB	p109256	Juegos de mesa/Otros juegos			Barquitos de baño SplashEZ set flotante de 3 piezas sin moho
SIN SUB	p109261	Juegos de mesa/Otros juegos			Juego de baloncesto de mesa Franklin Sports WNBA Mini Hoop
SIN SUB	p109270	Juegos de mesa/Otros juegos			Libro Ace: A Parade of Horribles (Dungeon Crawler Carl)
SIN SUB	p109273	Juegos de mesa/Otros juegos			ZL-YXL-ZQT
SIN SUB	p109319	Juegos de mesa/Otros juegos			Miniverse Make It Mini Hello Kitty Series 2 de MGA
SIN SUB	p109340	Juegos de mesa/Otros juegos			Tarjetas de conversación TALES Friends Edition 150 tarjetas
SIN SUB	p109346	Juegos de mesa/Otros juegos			Pressman de Tumble Game
SIN SUB	p109353	Juegos de mesa/Otros juegos			Flotador Tipo Asiento con Sombrilla para Bebé - Cámara de Agua con Diseño de Conejo, Antivuelco y Pr
SIN SUB	p109354	Juegos de mesa/Otros juegos			Flotador Tipo Asiento con Sombrilla y Diseño Retro de Piruleta - Cámara de Agua Inflable para Bebés 
SIN SUB	p109368	Juegos de mesa/Otros juegos			Flotador de pato amarillo para bebé con tanque de agua, cinturón de seguridad y base tipo pantalón; 
SIN SUB	p109369	Juegos de mesa/Otros juegos			Card Game Chronicle Books Dotes y coqueteos de Jane Austen
SIN SUB	p109370	Juegos de mesa/Otros juegos			Reserve WizKids Pocket Eyewitness Cars: hechos al alcance de su mano
SIN SUB	p109383	Juegos de mesa/Otros juegos			Dispositivo de flotación de agua Intex 59220NP Animal Split anillo de natación
SIN SUB	p109424	Juegos de mesa/Otros juegos			Juguete Daruma Otoshi Tomerry de madera tradicional japonesa 22 x 47 cm
SIN SUB	p109434	Juegos de mesa/Otros juegos			Aleta para natación tipo sirena (monofín)
SIN SUB	p109437	Juegos de mesa/Otros juegos			Dardera Magnética Doble Vista
SIN SUB	p109469	Juegos de mesa/Otros juegos			Juego de tiro baloncesto Bluelander, para interiores con bomba y 4 pelotas, material resistente ABS.
SIN SUB	p109475	Juegos de mesa/Otros juegos			Kit Clasico
SIN SUB	p109476	Juegos de mesa/Otros juegos			Kits Maravillas del Mundo
SIN SUB	p109481	Juegos de mesa/Otros juegos			Casita y supermercado​ timbre con luz y
SIN SUB	p109485	Juegos de mesa/Otros juegos			Palitos Chinos Cilindricos
SIN SUB	p109489	Juegos de mesa/Otros juegos			Rc. Gold Edition 500 Pzs, Dulce Vida
SIN SUB	p109490	Juegos de mesa/Otros juegos			Rc. Gold Edition 500 Pzs, Casa en el Muelle
SIN SUB	p109491	Juegos de mesa/Otros juegos			Rc. Gold Edition 500 Pzs, Atardecer en el Océano
SIN SUB	p109492	Juegos de mesa/Otros juegos			Rc. Gold Edition 500 Pzs, San Francisco
SIN SUB	p109493	Juegos de mesa/Otros juegos			Rc. Gold Edition 500 Pzs, Artardecer en el Puerto
SIN SUB	p109498	Juegos de mesa/Otros juegos			Rc. Gold Edition 500 Pzs, Atardecer en la Toscana
SIN SUB	p109499	Juegos de mesa/Otros juegos			Juego de Viajero Estalla Y Salta
SIN SUB	p109501	Juegos de mesa/Otros juegos			Rc. Gold Edition 500 Pzs, Gran Canal, Venecia
SIN SUB	p109502	Juegos de mesa/Otros juegos			Juego de Viajero Torre De Equilibrio
SIN SUB	p109503	Juegos de mesa/Otros juegos			Juego de Viajero Escaleras
SIN SUB	p109504	Juegos de mesa/Otros juegos			Juego de Viajero Bingo
SIN SUB	p109505	Juegos de mesa/Otros juegos			Juego de Viajero Sillas En Equilibrio
SIN SUB	p109506	Juegos de mesa/Otros juegos			Juego de Viajero Tangram
SIN SUB	p109507	Juegos de mesa/Otros juegos			Juego de Viajero Rana Saltante
SIN SUB	p109508	Juegos de mesa/Otros juegos			Juego de Viajero Boliche
SIN SUB	p109509	Juegos de mesa/Otros juegos			Rc. Gold Edition 500 Pzs, Dulcería
SIN SUB	p109614	Juegos de mesa/Otros juegos			Play Doh: Lata de Play Doh Aleatorio
SIN SUB	p109618	Juegos de mesa/Otros juegos			Juego de bolas magnéticas
SIN SUB	p109619	Juegos de mesa/Otros juegos			Juego de bolas magnéticas verde metálico
SIN SUB	p109620	Juegos de mesa/Otros juegos			Juego de bolas y barras magneticas plata
SIN SUB	p109621	Juegos de mesa/Otros juegos			Casa de Campaña Puerta Plegable 90x120x120 cm Rosa
SIN SUB	p109623	Juegos de mesa/Otros juegos			Juego de bolas magnéticas azul rey
SIN SUB	p109625	Juegos de mesa/Otros juegos			Baby Garage Divertido
SIN SUB	p109629	Juegos de mesa/Otros juegos			Juego De Bolos Infantino Stack N Bowling
SIN SUB	p117957	Audífonos/None			Posee 2 auriculares. agenda para 20 cont
SIN SUB	p118299	Videojuegos/Otros accesorios gamer			Kit de Reemplazo de Botones Rowsmau para Xbox 360 Negro
SIN SUB	p118327	Videojuegos/Otros accesorios gamer			Kit de herramientas OSTENT para abrir y desmontar Xbox 360
SIN SUB	p12017	Joyería y bisutería/Otros			Exclusive Niche Design Marine Inspired Golden Seashell & Starfish Jewelry Set Vintage Glam Beach Par
SIN SUB	p12029	Joyería y bisutería/Otros			Radiant Cut Loose Moissanite Stone Brilliant Cut 0.4~5ct Lab Grown Moissanite Diamonds Pass test Wit
SIN SUB	p12036	Joyería y bisutería/Otros			New Luxury Rhinestone Bow Tie High-end Gift Men Women's Fashion Korean British Business Banquet Bowt
SIN SUB	p12048	Joyería y bisutería/Otros			Gold-plated blue spinel square minimalist style jewelry set for women 8*8
SIN SUB	p12060	Joyería y bisutería/Otros			Creative Animal Doctor Brooch Enamel Pins Funny Animal Badge TRUST ME I'M A DOGTOR Brooches Clothes 
SIN SUB	p12097	Joyería y bisutería/Otros			Vintage Blue White Rhinestone Oval Forest Black Brooches For Woman Luxury Brand Jewelry Trending 202
SIN SUB	p12106	Joyería y bisutería/Otros			HNYYX Elegant Gold Color Mesh Flower Hairpin Tassel Head Clips Wedding Bridesmaid Headwear Fashion H
SIN SUB	p12138	Joyería y bisutería/Otros			Heavy industry haute couture pineapple exquisite Seiko brooch
SIN SUB	p12182	Joyería y bisutería/Otros			Gold-plated rose cut fat square premium set main stone 14*14
SIN SUB	p12199	Joyería y bisutería/Otros			Chinese Ethnic Style Bridal Headdress Beautiful Velvet Flower Tassel Red Hair Accessories Hanfu Clot
SIN SUB	p12208	Joyería y bisutería/Otros			Levmoudra Round Crown for Women Queen Crown and Tiara Crystal Rhinestone Princess Tiaras Crowns Wedd
SIN SUB	p12215	Joyería y bisutería/Otros			Dudo Store Bohemian African Crystal Jewelry Set Size US 8 Crystal Fine Body Jewelry Set Shoulers Cus
SIN SUB	p12232	Joyería y bisutería/Otros			Levey Baroque Luxury Crystal Royal Queen Wedding Crown Rhinestone Bride Diadem Pageant Headdress Tia
SIN SUB	p12259	Joyería y bisutería/Otros			Levmoudra Queen Crown and Tiara Pageant Sparkly Rhinestone Wedding Crown Bride Tiaras Princess Full 
SIN SUB	p12271	Joyería y bisutería/Otros			Diana baby Fashion jewelry Dubai 14k Gold Plated Ball Wedding Bride jewelry Sets For Women
SIN SUB	p12318	Joyería y bisutería/Otros			Tibetan Jiu Zi Li Huo Zha Ji Ram 108 prayer beads, Tibetan style hand woven multiple circles, handhe
SIN SUB	p12329	Joyería y bisutería/Otros			Vintage Colorful Rhinestone Koi Brooches For Woman Luxury Trendy Brand Jewelry Retro Style High Qual
SIN SUB	p12345	Joyería y bisutería/Otros			Hip Hop Full Iced Out Multi-Function Round Stainless Steel Fashion Luxury Zircon Quartz Square Wrist
SIN SUB	p12346	Joyería y bisutería/Otros			5 PCS Cultured White Pearl Green Crystal Pave Spacer Beads Connector Jewelry Accessory
SIN SUB	p12352	Joyería y bisutería/Otros			1Pc Fashion Shiny Copper Inlaid Zircon Hip Hop Teeth Grillz Body Jewelry Halloween Tooth Party Essen
SIN SUB	p12353	Joyería y bisutería/Otros			Natural Sultanite Amethyst Jewelry Set Color Change Stone Purify Negative Energy Balance Chakra Spir
SIN SUB	p123653	Videojuegos/Otros accesorios gamer			Videojuego Ubisoft Your Shape para Wii con Cámara de Fitness
SIN SUB	p123674	Videojuegos/Otros accesorios gamer			Accesorio VANJUNN Botón de hombro L/R para Nintendo 3DS
SIN SUB	p123719	Videojuegos/Otros accesorios gamer			Paquete de Cámara y Videojuego Ubisoft Fit in Six para Wii
SIN SUB	p12377	Joyería y bisutería/Otros			Ylaili Italian brass gold plated jewelry set designed by Chinese factory, interlocking large chain f
SIN SUB	p12381	Joyería y bisutería/Otros			Bride Talk Luxury 4PCS Marquise Leaf Tassel CZ Zirconia Bridal Jewelry Set Dubai African Nigerian We
SIN SUB	p12457	Joyería y bisutería/Otros			Bride Talk Stunning 4PCS Full CZ Zirconia Marquise Cut Leaf Jewelry Collection Dubai Nigerian Bridal
SIN SUB	p125137	Otros/Varios			Estuche rígido Fintie para audífonos Sony WH-CH720N / CH520 / XM6 / XM5
SIN SUB	p126643	Baterías portátiles/None			Banco de Energía Portátil con Iluminación LED y Reproductor de Música
SIN SUB	p131241	Muebles/Otros			Kit 4 Piezas Sombrilla Con Angulo Jardin Playa 2.7 Metros Jardimex
SIN SUB	p131242	Muebles/Otros			Sombrilla Jardin Sol Playa Angulo 2.7 m Diametro Exterior Jardimex
SIN SUB	p135048	Juegos de mesa/Otros juegos			Set Spidey and his Amazing Friends Delfín Ciclónico
SIN SUB	p135072	Juegos de mesa/Otros juegos			Set de Batalla Beyblade X Drop Attack Beystadium
SIN SUB	p135109	Juegos de mesa/Otros juegos			Set De Juegos 30 En 1
SIN SUB	p135130	Juegos de mesa/Otros juegos			Juego De Viaje ¿Qué Soy? Familia
SIN SUB	p135282	Juegos de mesa/Otros juegos			Juego Cardinal Torre Equilibrio Básica
SIN SUB	p135349	Juegos de mesa/Otros juegos			Clasicos Cardinal Palillos
SIN SUB	p135351	Juegos de mesa/Otros juegos			Hedbanz Adulting
SIN SUB	p136615	Deportes y fitness/Otros			Goggle Voit Jr
SIN SUB	p136946	Deportes y fitness/Otros			Cable Candado Mikels CCA 65 Azul
SIN SUB	p136954	Deportes y fitness/Otros			Trampolín Sparta 12 Pies ATRSPA0004
SIN SUB	p136956	Deportes y fitness/Otros			Trampolín Sparta 10 Pies ATRSPA0003
SIN SUB	p136957	Deportes y fitness/Otros			Trampolín Sparta 8 Pies ATRSPA0002
SIN SUB	p136958	Deportes y fitness/Otros			Plataforma de vibración para ejercicio Bio Shaker
SIN SUB	p136988	Deportes y fitness/Otros			Maquina Remadora Plegable Contador 4 Niveles Indoor Gym Centurfit
SIN SUB	p136995	Deportes y fitness/Otros			Banco Step Fitness Gym Multiposicion Fitness 3 Niveles Centurfit
SIN SUB	p136997	Deportes y fitness/Otros			Power Legs CV Directo Mejora Circulación y Fortalece Las Piernas
SIN SUB	p137007	Deportes y fitness/Otros			Remadora Magnética Plegable Sparta Rowpower
SIN SUB	p137146	Deportes y fitness/Otros			Cuerda Afxports de Salto Con Peso
SIN SUB	p138294	Deportes y fitness/Otros			Guante Under Armour Golf Medal Hombre 1349705-001
SIN SUB	p138295	Deportes y fitness/Otros			Guante Under Armour Golf Iso-Chill Hombre 1370277-100
SIN SUB	p138388	Deportes y fitness/Otros			Manopla Wilson Béisbol 2021 A360 SP13 Unisex WBW10019213
SIN SUB	p138389	Deportes y fitness/Otros			Manopa Wilson Béisbol A360 Carbon 12" Unisex
SIN SUB	p138390	Deportes y fitness/Otros			Manopla Wilson Béisbol A360 Niño
SIN SUB	p138420	Deportes y fitness/Otros			Bat Wilson Béisbol Génesis Niño
SIN SUB	p138768	Deportes y fitness/Otros			Cuerda Capelli Sport Entrenamiento Comfort Handle Unisex CSEF-1002-LP
SIN SUB	p138771	Deportes y fitness/Otros			Cuerda Capelli Sports Entrenamiento Unisex CSEF-1005
SIN SUB	p138772	Deportes y fitness/Otros			Cuerda Wilson Tennis Revolve Spin Unisex
SIN SUB	p139105	Deportes y fitness/Otros			Tablero Spalding Basquetbol Unisex
SIN SUB	p139106	Deportes y fitness/Otros			Tablero Educar Basquetbol Infantil Unisex NL-02J
SIN SUB	p139108	Deportes y fitness/Otros			Mesa Atomic Tejo 9' Platino M01702AW
SIN SUB	p139473	Deportes y fitness/Otros			Hoverboard Hovershoes Moboss S300 Negro/Azul 10 km/h
SIN SUB	p139476	Deportes y fitness/Otros			Hoverboard Bluetooth Moboss A5 M
SIN SUB	p139957	Teclados/None			Tosuny Teclado español, Teclado español con 78 Teclas, Mini portátil con Cable, Ultrafino, silencios
SIN SUB	p140114	Videojuegos/Otros accesorios gamer			Cámara para Switch 2, Webcam USB Compatible con Switch 2
SIN SUB	p140175	Videojuegos/Otros accesorios gamer			Freno de Mano para Juegos USB, Freno de Mano Progresivo Universal de 64 Bits, Periféricos para Juego
SIN SUB	p140189	Videojuegos/Otros accesorios gamer			Almohadilla de golf para mango de golf periféricos para accesorios de juego de interruptor
SIN SUB	p140195	Videojuegos/Otros accesorios gamer			Cryfokt Freno de Mano USB Ajustable, Periféricos de Juegos de PC de Aleación de Aluminio de 64 Bits 
SIN SUB	p140196	Videojuegos/Otros accesorios gamer			Cryfokt Freno de Mano USB Universal, Periféricos Duraderos para Juegos de PC de 64 Bits para Juegos 
SIN SUB	p140197	Videojuegos/Otros accesorios gamer			Universal 64 Bit USB Handbrake Periférico de Juegos para PC Aleación Aluminio CNC Carreras SIM G25 G
SIN SUB	p140199	Videojuegos/Otros accesorios gamer			Freno de mano USB universal de 64 bits, freno de mano lineal para juegos para PC con, periféricos de
SIN SUB	p140200	Videojuegos/Otros accesorios gamer			Yinhing PC con Freno de Mano USB de 64 Bits para Accesorios de Juegos Profesionales Compatible con T
SIN SUB	p140633	Otros/Varios			50 Bolsas de Aluminio Reutilizables para Congelar y Almacenar Alimentos
SIN SUB	p140634	Cocina y comedor/None			Revestimientos Antideslizantes de Gabinetes de Cocina, 30x600 cm（Gris）
SIN SUB	p140939	Electrodomésticos/None			Oster Planchas GCSTCS2002P - Morado/Blanco
SIN SUB	p140940	Electrodomésticos/None			Taurus Planchas Etna M91810020 - Azul
SIN SUB	p140946	Electrodomésticos/None			Extractor Purificador Sanaire Milano Isla Negro Mate con Control Remoto
SIN SUB	p140959	Electrodomésticos/None			Cocina Supra 4Q-H-TA color acero con puerta ciega
SIN SUB	p141110	Cámaras de seguridad/None			TP-Link Tapo H100 Hub & Chime, Blanco
SIN SUB	p141129	Cámaras de seguridad/None			Dahua X-SPANS color blanco
SIN SUB	p141135	Cámaras de seguridad/None			Placa De Seguridad Ring
SIN SUB	p141149	Cámaras de seguridad/None			Ojo® Kits De Seguridad Visión Nocturna Audio Bidireccional
SIN SUB	p141183	Impresoras/None			Epson C11CK57301 - Negro
SIN SUB	p141307	Domótica y hogar inteligente/None			Control Inteligente Infrarrojos Tecnolite Chief Wifi 1.5w Ne
SIN SUB	p141713	Otros/Varios			Genérico Juego de 2 Soportes de Pared Ajustables para Smartphones y tabletas (4-12 Pulgadas), Ideal 
SIN SUB	p141789	Otros/Varios			Owine - Adaptador universal para trípode para teléfono celular, compatible con iPhone, Samsung Galax
SIN SUB	p141887	Otros/Varios			Teléfono retro con Bluetooth inalámbrico y auriculares USB para teléfonos celulares a prueba de radi
SIN SUB	p142754	Otros/Varios			Ringke Dual Magnetic Smart Holder Compatible con Accesorios MagSafe [Bisagra Ajustable Multiángulo] 
SIN SUB	p142761	Otros/Varios			Teléfono retro con Bluetooth inalámbrico y auriculares USB para teléfonos celulares a prueba de radi
SIN SUB	p142766	Otros/Varios			ULANZI MT-44B Trípode para Celular,configuración de Doble cámara,150cm
SIN SUB	p142809	Otros/Varios			Refrigeradores de teléfonos móviles for Juegos Accesorios Ventilador refrigeración celulares Recarga
SIN SUB	p142856	Otros/Varios			Microscopio Digital con Pantalla IPS HD de 7 Pulgadas, Lupa amplificación Continua Industrial USB 50
SIN SUB	p143349	Otros/Varios			Retroring for Cell Phones, Auricular Retro USB-C para Celular, Old Fashion Handset, Pick Retro Phone
SIN SUB	p143370	Otros/Varios			Cooler para Celular, Enfriador para Celular Silencioso de Enfriamiento Rápido con Clip y Anillo para
SIN SUB	p143382	Otros/Varios			ULANZI SK-03-1 Trípode para Selfie,162CM,para celulares y cámara Deportiva
SIN SUB	p143415	Otros/Varios			iOttie Easy One Touch Advanced Soporte Universal para salpicadero y Parabrisas con Ventosa para iPho
SIN SUB	p143416	Otros/Varios			Detector EMF, detecta los 3 tipos de radiación electromagnética EMF en 1 medidor EMF para torres cel
SIN SUB	p143484	Otros/Varios			Accesorios de microscopio de laboratorio USB para microscopio digital, lupa para reparación de teléf
SIN SUB	p143700	Otros/Varios			PACKOVE 10 Piezas Herramienta De Apertura De Electrónica De Acero Inoxidable Espátulas Reparación Ce
SIN SUB	p143708	Otros/Varios			Elecrelive 40g Arcilla polimérica luminosa Sprinkles Nail Art Slices 4 colores Sprinkles falsos Roda
SIN SUB	p143777	Otros/Varios			Microscopio Observación USB Microscopio digital Lupa de joyería para reparación de teléfonos celular
SIN SUB	p143779	Otros/Varios			Microscopio Observación USB Microscopio digital Lupa de joyería para reparación de teléfonos celular
SIN SUB	p143792	Otros/Varios			Medidor de energía for Redes celulares 4G EM114070 con relé y Base gsm 4G, medidor monofásico, medid
SIN SUB	p143833	Otros/Varios			Mezclador de vórtice, Máquina for romper paredes celulares, 8 tubos de ensayo 2 ml, mezcladores vórt
SIN SUB	p143855	Otros/Varios			Máquina for romper paredes celulares, 8 tubos de ensayo de 2 ml, mezcladores de vórtice MX-C for lev
SIN SUB	p145205	Audífonos/None			Starkey- Cargador estándar prémium para audífonos Evolv AI, Livio Edge AI, Livio AI, Livio RIC y Mus
SIN SUB	p145259	Audífonos/None			Starkey Cargador estándar premium para Evolv AI, Livio Edge AI, Livio AI, Licio RIC y MUSE IQ. Audíf
SIN SUB	p146238	Baterías portátiles/None			WHOOP Cargador básico 5.0/MG – Cargador portátil y Resistente al Agua.
SIN SUB	p146285	Otros/Varios			Estación de carga inalámbrica 3 en 1 para dispositivo Apple: estación de carga rápida para iPhone y 
SIN SUB	p146571	Otros/Varios			Twelve South HiRise 3 Deluxe, Soporte de Carga inalámbrico Compacto de Lujo Magsafe para iPhone, Air
SIN SUB	p147492	Cargadores y adaptadores/			Repuesto para soporte de cargador 75105 para luz de flujo compatible con linterna recargable Streaml
SIN SUB	p147557	Cargadores y adaptadores/			Belkin Extensor de alimentación de 4 Puertos, Compatible con Dispositivos USB-C y USB-A, Apple iPhon
SIN SUB	p148002	Baterías portátiles/None			Cargador de Litio de 12V para Ryobi CB120L CB121L BPL-1220 L1212R CD100 130503001 130503005 (no para
SIN SUB	p148522	Audífonos/None			WiTalk-CB Cargador de 10 bahías para auriculares de intercomunicación WiTalk y Hub WiTalk-BP
SIN SUB	p148732	Baterías portátiles/None			Cargador Portátil de Emergencia Mini con Cables Integrados y Chip Inteligente, Alimentado por Baterí
SIN SUB	p148804	Baterías portátiles/None			Powerbanks - Cortocircuitos de sobrecarga de 22,5 W para uso familiar seguro, bancos de energía port
SIN SUB	p148908	Cargadores y adaptadores/			DONGPUCUN Fuente de alimentación de 12V de repuesto para batería Milwaukee M-12 con enchufe de pared
SIN SUB	p149449	Baterías portátiles/None			Shargeek Banco de energía de 300 W, cargador portátil para portátil de
SIN SUB	p149707	Baterías portátiles/None			Cortadores de cables de carraca de batería portátiles para 50 mm, 65 mm, 75 mm, cobre y aluminio, co
SIN SUB	p150093	Otros/			Banco energía 2000W 2123Wh Fuente de alimentación de batería Lifepo4, con Salida CA Onda sinusoidal 
SIN SUB	p150110	Otros/			Banco energía 2000W 2123Wh Fuente de alimentación de batería Lifepo4, con Salida CA Onda sinusoidal 
SIN SUB	p150806	Baterías portátiles/			Arrancador de batería de Auto portátil 12V con Linterna LED, Power Bank y Carga rápida USB, Jumper p
SIN SUB	p151483	Baterías portátiles/			Batería de fosfato de Hierro y Litio de 24V, batería de Litio portátil para Exteriores de 6Ah 12Ah 2
SIN SUB	p151843	Lavadoras/			Fregadora de pisos comercial portátil, máquina para pisos para una limpieza eficiente, cepillo doble
SIN SUB	p151999	Lavadoras/			Mini fregadora de Suelos Profesional, ultracompacta y portátil, diseño inalámbrico, batería de 120 M
SIN SUB	p152324	Otros/Varios			Matamoscas Eléctrico Matamoscas Eléctrico con Batería Inalámbrica Asesino de Raquetas de Insectos Po
SIN SUB	p152422	Baterías portátiles/None			Oumefar Banco de Energía del Panel, Carga Rápida PD3.0 con Material ABS y Pantalla en Tiempo Real, p
SIN SUB	p152548	Baterías portátiles/None			memzuoix - mouse inalámbrico de 2,4 G, 1400 DPI para computadora con receptor USB, mouse inalámbrico
SIN SUB	p152716	Otros/Varios			Baseus Batería para Magsafe, 5000mAh Bancos de Energía Portátiles para Celular PD 20W con Soporte, p
SIN SUB	p152921	Audífonos/None			Auriculares para motocicleta Q58 Max comunicación simultánea de dos personas a 500M compartir música
SIN SUB	p153219	Otros/Varios			Medidor de Voltaje de Batería, Probador de Valor Resistivo Interno, Probador de Batería Portátil par
SIN SUB	p153315	Baterías portátiles/None			Radio portátil con cargador portátil integrado y enchufe en pared o batería
SIN SUB	p153342	Otros/Varios			Medidor de voltaje de batería, probador de valor resistivo interno, pantalla LCD portátil para bater
SIN SUB	p154637	Lavadoras/			Fregadora de pisos comercial portátil, máquina para pisos para una limpieza eficiente, cepillo doble
SIN SUB	p154648	Lavadoras/			Fregadora de Pisos Comercial portátil, máquina para Pisos para una Limpieza eficiente, Cepillo Doble
SIN SUB	p154849	Lavadoras/			Mini fregadora de Suelos Profesional, ultracompacta y portátil, diseño inalámbrico, batería de 120 M
SIN SUB	p155314	Baterías portátiles/None			Banco de energía de batería USB de emergencia compacto portátil 4 pilas AA
SIN SUB	p155430	Teclados/None			Keyboard for P20T 11 3147 07W4K6 7W4K6 laptops
SIN SUB	p156755	Teclados/None			C-Type Keyboard Cover for Predator G9-591-72F3 laptops
SIN SUB	p157520	Teclados/None			Keyboard with Backlight for laptops UX510U, UX510, V510UX, V510UX7200
SIN SUB	p157536	Teclados/None			For 0F8DGT 14-Inch Laptop Top Cover with Backlit Keyboard and touchpad, Suitable for 5420 and 5425 l
SIN SUB	p157717	Otros/Varios			Asixxsix Protector Universal de Silicona a Prueba de Golpes para Tableta //, Soporte Ajustable, Fund
SIN SUB	p157794	Otros/Varios			Asixxsix Protector Universal de Silicona a Prueba de Golpes para Tableta //, Soporte Ajustable, Fund
SIN SUB	p157884	Audífonos/None			MoKo - Bolsa para tablet de 9 a 11 pulgadas y 12.9 pulgadas, funda de transporte para iPad y portáti
SIN SUB	p158019	Teclados/			Teclado Mecánico, 83 Teclas RGB Teclado Mecánico Inalámbrico Bluetooth con Soporte para Tableta, Tec
SIN SUB	p158325	Televisores/None			XPPen Artist Pro 16(Gen 2) Tableta Gráfica con Pantalla 16 Pulgadas QHD,Tableta de Dibujo Digital co
SIN SUB	p159379	Televisores/None			XPPen Artist Pro 14(Gen 2) Tableta Gráfica con Pantalla 14 Pulgadas,Tableta de Dibujo Digital con Mo
SIN SUB	p159550	Teclados/None			RCA Viking Pro Flagship Black Edition 10.1 Touchscreen 2 In 1 Tablet Laptop, Detachable Keyboard, Fr
SIN SUB	p160352	Teclados/None			RCA Viking Pro Blue Edition 10 Inch Touchscreen 2 In 1 Tablet Laptop (Quad-Core Processor, 32G stora
SIN SUB	p160619	Baterías portátiles/None			Cargador portátil de aleación de Aluminio para teléfono móvil o Tableta, con Interruptor de protecci
SIN SUB	p160667	Baterías portátiles/None			Cargador portátil de aleación de Aluminio para teléfono móvil o Tableta, con Interruptor de protecci
SIN SUB	p160929	Otros/Varios			Asixxsix Protector Universal de Silicona a Prueba de Golpes para Tableta //, Soporte Ajustable, Fund
SIN SUB	p161336	Cocina y comedor/None			Caballete De Mesa Ajustable para Mamá, Soporte Versátil para Libros De Cocina, Libros De Texto Y Tab
SIN SUB	p161436	Baterías portátiles/None			Cargador portátil de aleación de Aluminio para teléfono móvil o Tableta, con Interruptor de protecci
SIN SUB	p161616	Televisores/None			MaxxBass - Altavoz Bluetooth inalámbrico, 30 W, compatible con teléfono celular, computadora, tablet
SIN SUB	p163712	Audífonos/None			Secador de Audífonos Apagado Automático Y Eliminación Silenciosa De Humedad
SIN SUB	p165571	Audífonos/None			Auriculares y monitores internos Mackie, controlador híbrido dual (MP-240)
SIN SUB	p170655	Televisores/None			ASHATA 1 par de Altavoces de TV de Repuesto para Television UN40F5500 UN40F6200 UN46F5500 UN46F6400
SIN SUB	p172717	Televisores/None			Altavoz de televisión LCD, 2 Piezas Altavoz de TV 8 Ohm 10W multifunción para televisión
SIN SUB	p174537	Televisores/None			Q Acoustics 5040 - Altavoz de Piso Blanco Satinado (un Solo Altavoz Orden, Dos Unidades), Sistema es
SIN SUB	p174781	Videojuegos/Otros accesorios gamer			Kit de Altavoces internos Izquierdo y Derecho para Switch/Switch Lite, repuestos para de Juegos, boc
SIN SUB	p175184	Televisores/None			Altavoces de Repuesto 6Ω 10W para TV UN40F5500 UN40F6200 UN46F5500 UN46F6400, Altavoz de Completa co
SIN SUB	p175942	Videojuegos/Otros accesorios gamer			Bushnell Disc Jockey -Bluetooth -Speaker, Lightweight Disk Golf -Speaker with Distance to Basket -GP
SIN SUB	p1763	Deportes y fitness/Otros			Telémetro de golf CIGMAN CT-1200 de 1312 yardas
SIN SUB	p176421	Videojuegos/Otros accesorios gamer			Bocina de sirena antirrobo, 1K0951605A, 1K8951605A, 12V, 3 pines, STD, 6 meses de garantía, 1 unidad
SIN SUB	p178452	Blancos y ropa de cama/			Naturepedic Serenade Colchón orgánico – Colchón híbrido firme Queen con bocinas envueltas para mayor
SIN SUB	p178663	Videojuegos/Otros accesorios gamer			Altavoz Incorporado Altavoz Interno de Repuesto para Consola de Juegos Switch/Lite Kit de Accesorios
SIN SUB	p178806	Audífonos/None			IA Auriculares traducción, 144 Idiomas, 40 Horas– Negro
SIN SUB	p178919	Audífonos/None			Auriculares para Dormir orientación Lateral para Dormir, Evita el Mal Funcionamiento Ultraligero 2,1
SIN SUB	p178931	Audífonos/None			Decibullz - Cord?n para Auriculares Personalizado
SIN SUB	p179461	Audífonos/None			Lamborghini Auriculares Huracan Borealis
SIN SUB	p179486	Audífonos/None			Sony - Serie ZX Audífonos estéreo (Rosa)
SIN SUB	p179507	Audífonos/None			XIAOMI Tipo-C - Auriculares, Color Blanco
SIN SUB	p179632	Audífonos/None			Auriculares Abiertos con Cámara Inteligente De 8MP, IP54 Agua (#C)
SIN SUB	p179654	Audífonos/None			Audífonos Sennheiser HD 400S
SIN SUB	p179697	Audífonos/None			Lamborghini Auriculares Huracan Noctis
SIN SUB	p179738	Audífonos/None			Logitech H540 - Auriculares con micrófono
SIN SUB	p179897	Audífonos/None			MARSHAL - Modo de auriculares tipo canal Mike- (blackandwhite) MODEBLACKANDWHITE Japón usado l
SIN SUB	p179903	Audífonos/None			Audífonos Sennheiser HD 450BT
SIN SUB	p179905	Audífonos/None			Star Wars The Black Series Carson Teva, Auriculares electrónicos Premium con LED y efectos de sonido
SIN SUB	p180108	Audífonos/None			Nuevos Auriculares Microsoft Surface 2 - Gris Claro
SIN SUB	p180158	Audífonos/None			Bowers & Wilkins Px7 S2 Auriculares - Negro, FP42927
SIN SUB	p180179	Audífonos/None			Timekettle Auriculares W4 Pro Ai Interpreter, Traducción de Voz Bidireccional en Tiempo Real (Gris)
SIN SUB	p180203	Audífonos/None			Dyson Zone™ 376062-01 - Auriculares con cancelación de Ruido (ultraazul/Azul de Prusia)
SIN SUB	p180215	Audífonos/None			Timekettle W4 Audífonos Traductores para Hablar en Lugares Ruidosos, Dorado
SIN SUB	p180220	Audífonos/None			Audio-Technica ATHM50XENSO LE Auriculares Negro
SIN SUB	p180250	Audífonos/None			Audífonos Sennheiser HD 450BT, Blanco
SIN SUB	p180253	Audífonos/None			Bowers & Wilkins Px7 S2 Auriculares - Azul, FP42935
SIN SUB	p180299	Audífonos/None			Jabra Evolve2 65 Auriculares
SIN SUB	p180324	Televisores/None			Avantree Quartet 2 - Juego de Auriculares y transmisores inalámbricos compatibles con Bluetooth para
SIN SUB	p180331	Audífonos/None			Nuevos Auriculares Microsoft Surface 2 - Negro Mate
SIN SUB	p180361	Audífonos/None			Focal Listen Professional - Auriculares Circulares con Espalda Cerrada, Color Negro
SIN SUB	p180370	Audífonos/None			Bowers & Wilkins Px8 Auriculares - Negro
SIN SUB	p180378	Audífonos/None			Audífonos Sennheiser HD 620S
SIN SUB	p180383	Audífonos/None			Bowers & Wilkins Px8 Auriculares - Bronceado
SIN SUB	p180403	Audífonos/None			Auriculares Focal AZURYS
SIN SUB	p180451	Audífonos/None			Steven Slate Audio VSX - Auriculares de modelado - Edición Platinum
SIN SUB	p180479	Audífonos/None			LINSOUL THIEAUDIO Cypher Flagship - Auriculares con controlador dinámico
SIN SUB	p180489	Audífonos/None			Auriculares sloflo MS001GM
SIN SUB	p180560	Audífonos/None			Sony WFG700NW - Auriculares (3 pares cada uno)
SIN SUB	p180574	Audífonos/None			V-MODA M-200 ANC - Auriculares híbridos con cancelación de Ruido, Color Negro Mate
SIN SUB	p180599	Audífonos/None			AUDIFONOS BATHYS BT - Dune
SIN SUB	p180600	Audífonos/None			Focal AUDIFONOS BATHYS BT - Negro Intenso
SIN SUB	p180603	Audífonos/None			AUDIFONOS BATHYS BT Focal
SIN SUB	p180606	Audífonos/None			AUDIFONOS Focal HADENYS
SIN SUB	p180627	Audífonos/None			Retekess TA003 Auriculares para Fiestas silenciosas(1-20)
SIN SUB	p180640	Audífonos/None			Sennheiser 505795 Audífonos, Color Negro
SIN SUB	p180649	Audífonos/None			Sennheiser EW-D ME3 Juego de Auriculares dinámicos (R1-6), Negro
SIN SUB	p180670	Audífonos/None			Sennheiser HMD 26 Auriculares de transmisión supra-aural de doble oreja
SIN SUB	p180773	Audífonos/None			Jabra Evolve 80 - Auriculares estéreo
SIN SUB	p180774	Audífonos/None			Rand McNally RDY528020226 Cleardryve 200 Premium - Auriculares con cancelación de Ruido con Bluethoo
SIN SUB	p180868	Audífonos/None			Focal AUDIFONOS BATHYS BT - Dune + Auriculares AZURYS
SIN SUB	p180870	Audífonos/None			Focal AUDIFONOS BATHYS BT - Dune AUDIFONOS BATHYS BT - Negro Intenso
SIN SUB	p180888	Audífonos/None			Soundnetic SN09 - Auriculares estéreo desechables, color negro, 500 unidades, 1 unidad
SIN SUB	p180891	Audífonos/None			Final Audio Design SONOROUS IV Hi Fidelity Auriculares de Alta fidelidad, Color Negro
SIN SUB	p180897	Audífonos/None			Bowers & Wilkins & # xFF08; B & W & # xFF09; P9 Firma Auriculares
SIN SUB	p180906	Audífonos/None			HEDD HEDDphone AMT - Auriculares de conductor
SIN SUB	p180944	Audífonos/None			Bose Conversation Enhancing Auriculares Negro (770341-0010)
SIN SUB	p180961	Audífonos/None			Audiopark Audífonos Ear Koko 10 -Negro
SIN SUB	p181017	Audífonos/None			Fitness Bundle - 10 auriculares + 1 transmisor silencioso disco paquete (fiesta de 3 canales)
SIN SUB	p181047	Audífonos/None			Audeze ASY-1039 auricular / audífono accesorio Cinta - Accesorio para auriculares (Cinta, Audeze, LC
SIN SUB	p181058	Audífonos/None			Disco silencioso - discotecas silencioso e Bundl de fiesta (de 25 auriculares + 3 transmisores)
SIN SUB	p181072	Audífonos/None			Minihub Eartec HUB7SMXD, base doble, sistema para 7 personas, incluye 6 audífonos individuales ultra
SIN SUB	p181096	Audífonos/None			Accsoon - Como - Incluye UN Auricular Host y Ocho Auriculares remotos - Diseño ergonómico - Alcance 
SIN SUB	p181136	Audífonos/None			SHURE KSE1500 Sistema de auriculares electrostáticos
SIN SUB	p181142	Audífonos/None			Cisco Auriculares CS-T10-WM-L-K9= Blanco - Marca EAN: 0889728565592
SIN SUB	p181143	Audífonos/None			Pioneer Auriculares estéreo (se-master1)
SIN SUB	p181259	Audífonos/None			Auriculares de reducción de ruido de fábrica con reducción de ruido y reducción de ruido de trabajo 
SIN SUB	p181280	Audífonos/None			Plástico Auriculares Falso Negro Micrófono para Disfraz
SIN SUB	p181295	Audífonos/None			Auriculares suaves de diseño ergonómico para auriculares Huawei AM61 para auriculares de uso repetid
SIN SUB	p181304	Audífonos/None			Reemplazo de Micrófono de Juego para G733, Micrófono de Reducción de Ruido Desmontable con Brazo Fle
SIN SUB	p181314	Audífonos/None			HearClear Tamaño 10 PR230 - Baterías para audífonos (12 baterías)
SIN SUB	p181318	Audífonos/None			Balacoo Cordón Antipérdida Para Audífonos Clip De Soporte Protector Bte De Silicona Adultos Activida
SIN SUB	p181362	Audífonos/None			Auriculares Xiaomi Type-C, Color Negro
SIN SUB	p181466	Audífonos/None			Audífonos Plugfones PLG1st-001 -Amarillo
SIN SUB	p181673	Audífonos/None			OBEST Auriculares de Traducción de Lenguaje AI para Negocios y Aprendizaje
SIN SUB	p181703	Audífonos/None			Sony ZX110NC - Auriculares con cancelación de ruido, versión internacional (sin garantía)
SIN SUB	p181716	Audífonos/None			Skullcandy Audifonos con Micrófono Xtplyo Mod. S2WIHX-449 Rosa
SIN SUB	p181973	Audífonos/None			Baseus Bowie Mh1 - Auriculares Adaptables con Cancelaci?n de Ruido Activa, Anc H?brido Adaptativo en
SIN SUB	p182008	Audífonos/None			Auriculares Abiertos con Cámara Inteligente De 8 MP (#B)
SIN SUB	p182027	Audífonos/None			Jabra Audífonos con microfono 5393-829-309 -Negro
SIN SUB	p182116	Audífonos/None			Fanmusic Truthear x crinacle Zero:Red de Doble dinámica Rojo en Auriculares para la Oreja con 0.78 2
SIN SUB	p182134	Audífonos/None			Cane Creek 40 Auriculares - ZS44/ZS56 Negro
SIN SUB	p182188	Audífonos/None			Sennheiser HD 400U - Auriculares con Mando a Distancia Inteligente, Color Negro
SIN SUB	p182239	Audífonos/None			Reloop AMS‐RHP‐10‐Overol RHP 10 - Auriculares Profesionales Overol con un oído con Driver de neodimi
SIN SUB	p182247	Audífonos/None			Auriculares Abiertos Con Cámara 8MP, Traducción IA, Video EIS, BT 5.3 (BK)
SIN SUB	p182265	Audífonos/None			Timekettle M3 Audífonos Traductores en Tiempo Real, Negro
SIN SUB	p182319	Audífonos/None			Marley Audífonos Positive Vibration Frecuency House of Dorados
SIN SUB	p182437	Audífonos/None			Baseus Inspire XP1 - Auriculares adaptables con cancelación de ruido, sonido de Bose, Dolby Audio, A
SIN SUB	p182470	Audífonos/None			Audífonos Sennheiser Momentum Sport Graphito
SIN SUB	p182505	Audífonos/None			Sennheiser Audífonos Accentum Clip (Crema)
SIN SUB	p182511	Audífonos/None			Rode NTH-100M - Auriculares Profesionales con micrófono para Auriculares
SIN SUB	p182532	Audífonos/None			para TDH39 y DD45 Audiómetro Auriculares Transductores de Aire Auriculares Auriculares
SIN SUB	p182551	Audífonos/None			TV Ears 5.0 - Sistema de Auriculares Digitales, Negro
SIN SUB	p182555	Videojuegos/Otros accesorios gamer			RIG 900 MAX HS Multi-Platform Dual Wireless Gaming Headset with Bluetooth Officially Licensed for Pl
SIN SUB	p182563	Audífonos/None			OpenNote OpenNote - Auriculares para tomar notas y grabadora de voz
SIN SUB	p182566	Audífonos/None			Sony Audífonos WH-CH720N Noise Canceling Azul + Audífonos WH-CH720N Rosa
SIN SUB	p182625	Audífonos/None			Sony Audifonos ULT Wear Negro + Verde (Bundle)
SIN SUB	p182629	Audífonos/None			Audio-Technica BPHS1 - Auriculares estéreo con micrófono cardioide dinámico, color negro, ajustable
SIN SUB	p182665	Audífonos/None			HeiL Audífonos PROSET-3 -
SIN SUB	p182708	Audífonos/None			Sennheiser Amperior - Auriculares, Color Plateado
SIN SUB	p182716	Televisores/None			Sennheiser Consumer Audio RS 5200 - Auriculares inalámbricos Digitales para Escuchar televisión, Col
SIN SUB	p182727	Audífonos/None			Jabra Perform 75 Auriculares
SIN SUB	p182772	Audífonos/None			Auriculares de traducción
SIN SUB	p182795	Audífonos/None			Auriculares de Juego con 7.1 Sonido Envolvente, un Auricular con micrófono de cancelación de Ruido Y
SIN SUB	p182811	Audífonos/None			HOSA Mogan Eio-BG-at, Elite Ice - Auriculares omnidireccionales de Audio, Color Beige
SIN SUB	p182825	Audífonos/None			Sony Moda Auriculares, Color Negro
SIN SUB	p182845	Audífonos/None			Zildjian Alchem-E PerfectTune Auriculares - Sandstorm
SIN SUB	p182848	Audífonos/None			Sony WHULT900N/B ULT Auriculares con cancelación de Ruido con Soporte para Auriculares y 4 Puertos
SIN SUB	p182855	Audífonos/None			Logitech Zone 900 Auriculares
SIN SUB	p182871	Audífonos/None			Auriculares resistentes NASCAR enlazables detrás de la cabeza para fanáticos de carreras, radios de 
SIN SUB	p182915	Audífonos/None			Bose Auriculares Ultra Abiertos Audio Inmersivo OpenAudio 48h Azul + Puesta Sol
SIN SUB	p182929	Audífonos/None			Dyson Zone™ Auriculares con cancelación de Ruido
SIN SUB	p182947	Audífonos/None			Telex Airman 8+ ANR - Auriculares dobles GA
SIN SUB	p182956	Audífonos/None			Audio-Technica BPHS2Ca - Auriculares estéreo de transmisión
SIN SUB	p182981	Audífonos/None			Sony Outdoor Monitor Auriculares para Apple con llamadas manos libres | mdr-zx700ip
SIN SUB	p182993	Audífonos/None			Telex Airman 8 ANR - Auriculares dobles GA
SIN SUB	p183163	Audífonos/None			Hamilton Val – U – Pack Escucha de CD Center Número de Auriculares: Seis
SIN SUB	p183164	Audífonos/None			Kenwood, KHS-10-BH, auriculares reductores de ruido, detrás de la cabeza
SIN SUB	p183214	Audífonos/None			Auriculares, Auriculares del Juego, Audio de Alta resolución, bajo Profundo, Tierras de Espuma de Me
SIN SUB	p183228	Audífonos/None			Hamilton Buhl - Auriculares personales, 160 Unidades
SIN SUB	p183258	Audífonos/None			Sennheiser SL Dw-4-Us R - Juego de Auriculares para Cabeza (Incluye Cabezal SL 1, Montaje en Rack)
SIN SUB	p183267	Audífonos/None			Genérico Audífonos intraóseos KD100 con micrófono, Negro
SIN SUB	p183270	Audífonos/None			Auriculares ligeros con cancelación de ruido y micrófono para dormir cómodos durante 24 horas, perfe
SIN SUB	p183292	Audífonos/None			Stylos BOCSTY200 Audífonos Stsaua1B, Negro, 1.2 m
SIN SUB	p183376	Audífonos/None			Auriculares con micrófono: auriculares para computadora de 3,5 mm, auricula
SIN SUB	p183381	Audífonos/None			Auriculares estéreo de color aleatorio, diseño ligero y portátil, mejora la música, compatibilidad u
SIN SUB	p183388	Audífonos/None			Auriculares con micrófono integrado para correr o ciclismo, 3,5 mm
SIN SUB	p183491	Audífonos/None			GANAZONO Correa para Audífono Antipérdida para Personas Mayores, Soporte para Audífonos Bte, Color, 
SIN SUB	p183572	Audífonos/None			Logitech Ultimate Ears 600vi Noise-Isolating Audífonos - Dark Silver
SIN SUB	p183597	Audífonos/None			Audifonos Pulsera Moda 2019 Wraps Clasic (AZUL)
SIN SUB	p183627	Audífonos/None			JVC HAFX103MW Xtreme Xplosives Series - Auriculares con mando a distancia y micrófono blanco (HAFX10
SIN SUB	p183630	Audífonos/None			Auriculares para Google Pixel 11/11 Pro/11 Pro XL/10A/10/10Pro XL/9A/9/9Pro
SIN SUB	p183653	Audífonos/None			Srhythm Auriculares híbridos con cancelación de Ruido NiceComfort 35
SIN SUB	p183809	Teclados/None			Bettdow KF001 Teclado Gaming USB Type-C con Ñ, 98 Teclas, Rosa
SIN SUB	p183868	Teclados/			Teclado Gamer Cableado ATTACK SHARK R82 HE 75%, Interruptor Magnético, Tasa de Sondeo 8000Hz,Tecnolo
SIN SUB	p184552	Cámaras y fotografía/			Creative Live! CAM Sync V3 2K QHD Cámara Web USB con Zoom Digital 4X (4 Modos de Zoom de Gran Angula
SIN SUB	p184600	Cámaras y fotografía/			WYRESTORM - Cámara Web 4K con Seguimiento de IA, 120° FOV Gran Angular, Encuadre automático, 90 fps,
SIN SUB	p184980	Muebles/Otros			JOY Worker - Soporte de PC para computadora de pie, soporte de computadora con abrazadera para compu
SIN SUB	p184994	Teclados/None			excovip Alfombrilla de Ratón para C++ 31.4x11.7x0.07 Pulgadas Extended Large Cheat Sheet Mousepad PC
SIN SUB	p185334	Televisores/None			MR25GA Magic Remote compatible con televisores LG, incluye AI, puntero y voz, 2025 (MR25GA)
SIN SUB	p185383	Audífonos/None			Genérico Auriculares con Cambio de Cara Giratorio Reducción Ruido y Batería Duradera Diseño Divertid
SIN SUB	p185400	Otros/Varios			Auricular de Teléfono Retro USB C, Receptor de Teléfono Celular de Mano de 3,5 Mm con Cable de Exten
SIN SUB	p185411	Audífonos/None			lyrlody Auriculares de Radio con Micrófono Auriculares de Radio con Arete para SL1K SL2K SL2M SL2M S
SIN SUB	p185413	Audífonos/None			Auriculares para Dormir orientación Lateral para Dormir, Evita el Mal Funcionamiento Ultraligero 2,1
SIN SUB	p185435	Audífonos/None			Partes Express Mini estéreo auriculares livianos con 121,92 cm Cable
SIN SUB	p185452	Audífonos/None			Auriculares Walkie Talkie Air Conduit, 2-Pin Conducto Acústico Auricular Auricular, Cabezal K Univer
SIN SUB	p185502	Audífonos/None			Ekids LLC Super Mario Bros - Auriculares múltiples (MO140)
SIN SUB	p185531	Audífonos/None			PDP Auriculares con micrófono por cable AIRLITE: Radiant Racers Para Nintendo Switch, Nintendo Switc
SIN SUB	p185532	Audífonos/None			JVC - Auriculares de Silicona con Paquete de Papel, Sonido Potente, Ajuste cómodo y Seguro, Piezas d
SIN SUB	p185538	Audífonos/None			NE70 - Auriculares de traducción de IA en tiempo real, compatible con 165 idiomas, traductor de idio
SIN SUB	p185577	Audífonos/			weishan Micrófono desmontable para auriculares Bose QuietComfort 35 II (QC35 II) y Quiet Comfort 35 
SIN SUB	p185594	Audífonos/None			August EPG100L - Auriculares estéreo de Sonido Envolvente con cancelación de Ruido con micrófono Aju
SIN SUB	p185601	Audífonos/None			NE70 - Auriculares de traducción de IA en tiempo real, compatible con 165 idiomas, traductor de idio
SIN SUB	p185663	Audífonos/None			Kit de Audio Portero con 2 Auriculares y Frente de Calle
SIN SUB	p185738	Audífonos/None			Srhythm Auriculares NiceComfort 95 con Cancelación de Ruido Adaptativa
SIN SUB	p185765	Audífonos/None			Auriculares originales originales originales para Pod Pro 3ª generación, modelo A3063 A3064 3065, so
SIN SUB	p185817	Audífonos/None			Shure Auriculares aislantes de Sonido SE215SPE-A edición Especial Transformer Graphics Lucent Blue S
SIN SUB	p185850	Audífonos/None			Auriculares de conducción de aire para audición, transductores de aire, auriculares para DD45 y TDH3
SIN SUB	p185875	Audífonos/None			TDH39 DD45 Auriculares transductores de aire para auriculares (auriculares THD39)
SIN SUB	p185920	Audífonos/None			Jabra Evolve2 65 Auriculares
SIN SUB	p185929	Audífonos/None			Nacon RIG 900 MAX HX - Auriculares para Videojuegos
SIN SUB	p185941	Audífonos/None			Telex Airman 7+ Auriculares pasivos
SIN SUB	p185952	Audífonos/None			Anfier A9S - Auriculares de traducción de IA en tiempo real, dispositivo de traducción de idiomas Ch
SIN SUB	p185973	Audífonos/None			ITO DUNU x KOTO - Auriculares de colaboración
SIN SUB	p186002	Audífonos/None			Essonio Auriculares para Dormir de 53 dB, reducción de Ruido de Alta frecuencia, Matriz de 8 micrófo
SIN SUB	p186018	Audífonos/None			Camden EC1 Preamplificador de micrófono y mezclador de auriculares
SIN SUB	p186020	Televisores/None			Hollyland Solidcom C1 Pro - Auriculares estéreo inalámbricos ENC Full Duplex de 1000 pies con auricu
SIN SUB	p186035	Audífonos/None			Auriculares con micrófono for Juegos, computadora, USB, 7.1 Canales, for Comer Pollo, Graves potente
SIN SUB	p186053	Audífonos/None			Tinz AI - Auriculares de grabación de voz
SIN SUB	p186055	Audífonos/None			Compatible con dji Neo y 2, Auriculares con Pantalla ultragrande for una Experiencia de Vuelo inmers
SIN SUB	p186063	Audífonos/None			Auriculares for Juegos, Auriculares con Auriculares for Juegos envolventes de cancelación de Ruido f
SIN SUB	p186074	Audífonos/None			Audeze Maxwell - Juego de Auriculares Inal?mbricos
SIN SUB	p186105	Audífonos/None			AI Interpreter Hub entidad Independiente Dispositivo de Auriculares de traductor de Idiomas simultán
SIN SUB	p186112	Audífonos/None			eartec hub6d | Ultralite – 6 sistema de doble auriculares con hub Transceptor
SIN SUB	p186120	Audífonos/None			Focal Clear MG Auriculares Profesionales Abiertos con Soporte y Funda, Color Rojo
SIN SUB	p186142	Audífonos/None			Caja de música Fonógrafo portátil Funcional Maleta Tocadiscos Grabadora y Conector para Auriculares 
SIN SUB	p186155	Audífonos/None			Audeze LCD-5 - Auriculares con tapa abierta
SIN SUB	p186196	Teclados/None			070 Teclado Teclado Mini Teclado Teclado Portátil USB con Cable Teclado Portátil de 78 Teclas Mini T
SIN SUB	p186203	Teclados/			Oumefar Teclado Inalámbrico, Mini I8 Flying Mouse 92 Teclas 2.4GHz Touchpad Teclas de Control Multim
SIN SUB	p186236	Teclados/None			Teclado de Silicona Enrollable, Totalmente Sellado, Silencioso, Suave, Ligero, Portátil, USB, con Ca
SIN SUB	p186250	Teclados/None			Sanpyl Mini Teclado, Teclado con Cable USB Portátil 78 Teclas Mini de ComputeráRa Portátil de Escrit
SIN SUB	p186332	Teclados/None			Bettdow KF001 Teclado Gaming USB Type-C con Ñ, 98 Teclas, Negro
SIN SUB	p186344	Teclados/			Teclado Y Mouse Inalámbricos, Teclado Membrana 2.4 G Recargable, con Receptor USB, Combinación De Te
SIN SUB	p186413	Teclados/			Dpofirs Teclado Retroiluminado con Letra Grande, Fácil de Ver y Escribir, con Cable de 104 Teclas, E
SIN SUB	p186452	Videojuegos/Otros accesorios gamer			Orzly - Teclado para juegos color rosa RGB USB con cable arcoíris diseñado para jugadores de PC, PS4
SIN SUB	p186472	Teclados/None			Macally Pequeño Teclado con Cable USB para Mac y Windows - 78 Teclas de Tijera, 13 accesos directos 
SIN SUB	p186505	Teclados/			Teclado y Mouse Español Inalámbrico, Keyboard y Ratón 2.4 GHz, Teclado de Máquina de Escribir Inalám
SIN SUB	p186563	Teclados/			zezelife 【Español Ñ】 Teclado Magnético iPad Air 10.9"/Pro 11, Bluetooth Dual, Soporte Magnético Móvi
SIN SUB	p186574	Teclados/			ATTACK SHARK M36 HE Teclado para juegos de disparo rápido, interruptores magnéticos de efecto pasill
SIN SUB	p186603	Teclados/None			Adesso Teclado Mini USB 87 Teclas con Touchpad Integrado 7 Teclas Multimedia Acabado Metálico 104 Te
SIN SUB	p186624	Otros/Varios			Universal Travel Keyboard Plus, nuevo teclado portátil Bluetooth dual con retroiluminación de 7 colo
SIN SUB	p186663	Teclados/			Teclado Gamer Cableado ATTACK SHARK R82 HE 75%, Interruptor Magnético,Tasa de Sondeo 8000Hz,Tecnolog
SIN SUB	p186677	Teclados/			ATTACK SHARK Teclado Gamer Cableado R82 HE 75%,Interruptor Magnético,Tasa de Sondeo 8000Hz,Tecnologí
SIN SUB	p186713	Teclados/			ATTACK SHARK RK86 RGB 75% Teclado mecánico de Junta inalámbrica,Bluetooth5.0/2.4G / USB-C 82 Teclas 
SIN SUB	p186722	Teclados/			Teclado Mecánico, 83 Teclas RGB Teclado Mecánico Inalámbrico Bluetooth con Soporte para Tableta, Tec
SIN SUB	p186883	Teclados/			Magic Keyboard Español para Samsung Galaxy Tab S10+ Plus/S9+ Plus/S9 FE+ Plus/S8+ Plus/S7+ Plus/S7 F
SIN SUB	p187012	Teclados/			KB Covers Pro Tools Teclado de aluminio retroiluminado de acceso directo para PC con Windows - Más d
SIN SUB	p187032	Teclados/			KB Covers Pro Tools Teclado de aluminio retroiluminado de acceso directo para Mac, más de 150 teclas
SIN SUB	p187047	Teclados/			nuphy Air60 HE Teclado Gamer magnético cableado, 61 Teclas Rapid Trigger, Formato Compacto 60%, Actu
SIN SUB	p187194	Teclados/None			Teclado de montaje en rack de 1U con panel táctil, conexión USB/PS2, cajón de teclado de 99 teclas, 
SIN SUB	p187214	Teclados/			MCHOSE Teclado de Aluminio Ace 68 Turbo para Deportes electrónicos con Efecto Hall y Cable para Jueg
SIN SUB	p187225	Teclados/None			Pulsar Gaming Gears PCMK 3HE TKL Teclado para Gaming JIS, diseño japonés, 91 Teclas, Interruptor mag
SIN SUB	p187267	Teclados/None			HP Elite x2 G8 Premium Keyboard (55G42AA) - Conectividad de Acoplamiento - Interfaz Pogo Pin - Resis
SIN SUB	p187314	Audífonos/None			Yamaha P-SRE283 Teclado 61 Teclas Con Audifonos y Funda para transportar comódamente
SIN SUB	p187336	Teclados/			AZERON Keyzen - Teclado con 32 teclas totalmente mapeables, palanca de mando con efecto salón de 360
SIN SUB	p187338	Teclados/			AZERON Keyzen - Teclado con 32 teclas totalmente mapeables, palanca de mando Elite de efecto salón d
SIN SUB	p187342	Audífonos/None			Yamaha P-SRE283 Teclado de 5 octavas (61 teclas) con Banco y Audifonos.
SIN SUB	p187372	Teclados/			nuphy Field75 HE V2 Teclado Gamer 75% 83 Teclas con Perilla, 8000 Hz Polling Rate, Hot-Swap, Rapid T
SIN SUB	p187412	Audífonos/None			Yamaha P-SRE283 Paquete de teclado premium de 61 teclas con fuente de alimentación, soporte atornill
SIN SUB	p187452	Teclados/None			Logickeyboard Retroiluminado 'Astra2' Diseñado para la edición en Adobe Premiere Pro en Mac • p/n LK
SIN SUB	p187498	Teclados/None			Apple Magic Keyboard Touch ID Español + Magic Trackpad Negro (Bundle)
SIN SUB	p187499	Teclados/None			AZERON Cyborg ll Keypad Bundle – Teclado programable para jugar con una sola mano para PC, joystick 
SIN SUB	p187653	Teclados/None			AZERON Cyborg ll - Teclado programable para juegos con una sola mano para PC, joystick salón Effect 
SIN SUB	p187657	Teclados/None			AZERON Cyborg ll - Paquete de teclado programable de una mano para jugar en PC, joystick de efecto H
SIN SUB	p187716	Domótica y hogar inteligente/			Caja Fuerte Empotrada En El Cajón del Armario | Lector De Huellas Dactilares Biométrico Y Teclado Di
SIN SUB	p189038	Teclados/None			Marada Universal Flight Racing Simulator Stand,Hold Mouse and Keyboard
SIN SUB	p189225	Teclados/None			Logitech 967300 Cordless MX Duo Keyboard & Mouse ( PC / Mac )
SIN SUB	p189252	Teclados/None			Metal-encased Industrial Keyboard and Mouse, Made of 304 Stainless Steel, Waterproof and Dustproof, 
SIN SUB	p189259	Teclados/None			IIC T6 Intrinsically Safe Explosion-Proof Stainless Steel Industrial Trackball Mouse and Keyboard Co
SIN SUB	p189269	Teclados/None			Stainless Steel Desktop Explosion-Proof Keyboard, Trackball Mouse, Industrial-Grade Keyboard(USB)
SIN SUB	p1918	Otros/Varios			Tarjeta de seguimiento inteligente ZIKE Z006
SIN SUB	p191915	Redes/None			Kit Wifi Mercusys Halo H70x(2-pack)
SIN SUB	p191953	Almacenamiento/None			Disco Rigido Synology Hat3310-12t Plateado
SIN SUB	p192023	Deportes y fitness/None			Liga Wilson WLT800F Tensión Fuerte Verde Lima Entrenamiento
SIN SUB	p192024	Deportes y fitness/None			Liga De Tensión Media Wilson Para Entrenamiento LT800M
SIN SUB	p192249	Otros/Varios			Soporte para Proyector con Ruedas, Soporte para Proyector Tripode con Bandeja para Ratón, Porta Celu
SIN SUB	p193642	Otros/Varios			Bolsas de aluminio para congelar 60 unidades Bolsas de aluminio reutilizables y sellables para almac
SIN SUB	p193801	Refrigeradores/			Midea MDRT580MTM46W Refrigerador Top Mount Smart Sensor Bru Steel 15 Pies Cúbicos
SIN SUB	p194252	Otros/Varios			Trípode de soporte para proyector y portátil, 2 estantes para trípode móvil, altura máxima de 47 pul
SIN SUB	p194359	Otros/Varios			Proyector Portátil Full HD WiFi [Pantalla Incluida], Soporte 1080P LED Cine En Casa para Smartphone 
SIN SUB	p194484	Otros/Varios			Soporte para proyector con ruedas, trípode para portátil de 29 a 69 pulgadas con bandeja para mouse,
SIN SUB	p194648	Proyectores y accesorios/			Missyou Holograma 3D, Ventilador HolográFico 3D De Pantalla De Publicidad De 50cm, Biblioteca De 700
SIN SUB	p194853	Proyectores y accesorios/			Diseño de montaje rápido – no necesita herramientas – Jumbo 120 pulgadas 16: 9 portátil para exterio
SIN SUB	p197413	Otros/Varios			Pantalla de proyección portátil pequeña de 60 Pulgadas y 72 Pulgadas con trípode, Pantalla de proyec
SIN SUB	p197416	Otros/Varios			Pantalla de proyección portátil pequeña de 60 Pulgadas y 72 Pulgadas con trípode, Pantalla de proyec
SIN SUB	p20006	Electrodomésticos/Otros			Oven door hinge commercial disinfection cabinet stainless steel door hinge accessories
SIN SUB	p20010	Impresión 3D/			WZ-1pc Replacement Upright Electric Heater Motor YJ61-16 220VAC 28W Raditor Motor Warm Air Blower He
SIN SUB	p20032	Cargadores y adaptadores/Otros			1pcs New Electric Wrench Adapter, Universal Dual-Purpose Square Shaft Multi-Function Electric Drill 
SIN SUB	p20124	Otros/Varios			Cigar cutter 302 Portable cigar pliers High-end tool cigarette cutter xi3
SIN SUB	p201245	Lavadoras/			U11 Mini estantes para lavadora y secadora, 3 niveles de almacenamiento y organizador de lavandería,
SIN SUB	p20125	Electrodomésticos/Otros			Special hidden ultra-quiet hydraulic buffer hinge bedroom trap door hinge
SIN SUB	p201250	Lavadoras/			U11 Mini estantes para lavadora y secadora, 3 niveles de almacenamiento y organizador de lavandería,
SIN SUB	p20181	Deportes y fitness/Otros			Hot-selling new teen adult right-handed baseball softball sliding gloves protective gear
SIN SUB	p20187	Deportes y fitness/Otros			#Suitable ForElectric Pulley Lifter Ascent And Descent Device Rope Climber CCD Electric Ascent And D
SIN SUB	p20188	Deportes y fitness/Otros			Pulley Over Knot Safety Lock Rock Climbing Cross Hoisting Cableway Zipline Emergency Rescue Side Boa
SIN SUB	p202419	Otros/			Lavadora De Paneles Fotovoltaicos De Doble Cabezal, Cepillo Giratorio De Limpieza con Varilla De Ext
SIN SUB	p20245	Cargadores y adaptadores/Otros			yj22 Cross-border car modification accessories for golf cart steering wheel base adapter connector
SIN SUB	p202604	Otros/			HONGHCL Plumero Extensible para Limpieza - 5 en 1 Plumeros Telarañas con 250cm/98.5in Palo de Ajuste
SIN SUB	p20398	Cargadores y adaptadores/Otros			Car Tire Pressure Gauge Air Inflator EU Adapter Vehicle Tester LCD Digital Test Inflation Monitoring
SIN SUB	p20604	Cargadores y adaptadores/Otros			2pcs for 936 937 Solder Iron Station Heating Tool Heating Tool Adapter Ceramic Heater Core Heating E
SIN SUB	p20609	Cargadores y adaptadores/Otros			Single Phase, Three Phase 10KW Automatic Voltage Regulator AVR Regulator Board Voltage Regulator Gen
SIN SUB	p20619	Juguetes y bebés/Otros			Light Emitting Diode Wheels Foldable Lightweight Plastic and Steel for 3-10 Years
SIN SUB	p20652	Cargadores y adaptadores/Otros			Brushless generator regulator AVR m40fa640a excitation voltage regulator, universal brushless voltag
SIN SUB	p20658	Cargadores y adaptadores/Otros			9qlTDGC2-3K Customized Single-Phase Voltage Regulator 0-250V Electronics with LCD Display for SVC 50
SIN SUB	p206617	Electrodomésticos/			Robot De Limpieza De Vidrio Inteligente, con Doble Rociador De Agua+Tanque De Agua Grande De 70 Ml, 
SIN SUB	p20711	Cargadores y adaptadores/Otros			Hot Sale Three-phase Voltage Regulator 10kva 50kw Voltage Regulator 220v Three Phase Ac Voltage Regu
SIN SUB	p20713	Cargadores y adaptadores/Otros			Generator IG2000 DU20 230V/50Hz Automatic Voltage Regulator 220V Control Circuit Stabilizer IG2600 D
SIN SUB	p207197	Otros/Varios			Robot de Limpieza de Ventanas eléctrico, Robot Limpiador de Ventanas, Control por Control Remoto par
SIN SUB	p20729	Cargadores y adaptadores/Otros			2026 4KW high-power single-phase temperature control switch 220V voltage regulator,  electric furnac
SIN SUB	p207311	Electrodomésticos/			Hutt Robot de Limpieza automática de Ventanas A1, 4 pulverizadores de Agua mejorados y 6000 PA de Al
SIN SUB	p20744	Cargadores y adaptadores/Otros			Double Boost Adjustable Frequency, Pulse Circuit Board with Mixing Interface Thyristor Voltage Regul
SIN SUB	p21043	Cargadores y adaptadores/Otros			New Adapter Plate for QIDI Q1-Pro 3D Printer Accessories
SIN SUB	p21272	Muebles/Otros			Mobile puzzle table flip adjustment large desktop multi-function advanced desktop storage box availa
SIN SUB	p21277	Muebles/Otros			Adult Event Team Building Table Curling Community Puzzle Casual Table Ice Hockey
SIN SUB	p21350	Muebles/Otros			Portable Folding Wooden Chess Table Outdoor Use Adult and Student Travel Set
SIN SUB	p21390	Muebles/Otros			Indoor Curling Board Game Fun Team Building Training Game Synthetic Ice Curling Set
SIN SUB	p21396	Muebles/Otros			Hold'em Table Chip Table Chess and Card Room Special Folding Desktop Cloth Mat Color Size Customizab
SIN SUB	p21399	Muebles/Otros			Solid wood egg table dedicated advanced square chess and card poker mahjong modern simple leisure  F
SIN SUB	p2200	Deportes y fitness/Otros			Máquina lanzapelotas de tenis PONGBOT Pace S Pro
SIN SUB	p223592	Juguetes y bebés/Otros			Jurassic World Máscara Raptor Rebirth Velociraptor  Mandíbula JGG13
SIN SUB	p223595	Juguetes y bebés/Otros			Minecraft Arco Flecha Electrónico Sonidos Juguete Gamer JDJ04
SIN SUB	p223612	Juguetes y bebés/Otros			Lámpara Zorro Minecraft  PP9472MCF
SIN SUB	p223613	Juguetes y bebés/Otros			Lámpara Minecraft TNT con Luz y Sonido PP8080MCF
SIN SUB	p223614	Juguetes y bebés/Otros			Lámpara The Mandalorian The Child PP7335MAN
SIN SUB	p223620	Juguetes y bebés/Otros			Lámpara Icon Panda PP13276MCF
SIN SUB	p223625	Juguetes y bebés/Otros			Lámpara Bluey con Sonido PP14334BLU
SIN SUB	p223626	Juguetes y bebés/Otros			Reloj Despertador Bluey PP14331BLU
SIN SUB	p223644	Juguetes y bebés/Otros			Lámpara Acrílica Super Mario PP8023NN
SIN SUB	p223649	Juguetes y bebés/Otros			Casco Electrónico Star Wars Black Series La Venganza de los Sith Comandante Clon Cody G1861
SIN SUB	p223687	Juguetes y bebés/Otros			Spiderman Miles Moráles Máscara para Niños
SIN SUB	p223689	Juguetes y bebés/Otros			Dragon Ball Roleplay Goku 37185
SIN SUB	p233128	Videojuegos/Otros accesorios gamer			TicEaik Wall Mount de para Nintendo Switch 2, Kit de Montaje en Pared Metálico con 1 Porta Controlad
SIN SUB	p233143	Videojuegos/Otros accesorios gamer			HORI Cámara de la Planta Piraña para Nintendo® Switch 2 - Piranha Plant Camera for Nintendo® Switch 
SIN SUB	p233156	Videojuegos/Otros accesorios gamer			Mcbazel Kit de Montaje en Pared de Metal para Nintendo Switch 2
SIN SUB	p233195	Videojuegos/Otros accesorios gamer			Jectse Cámara de Planta de Consola de Juegos Ajuste para Switch 2 Consola Tipo C Interfaz Cámica Web
SIN SUB	p233316	Videojuegos/Otros accesorios gamer			NYI Upgraded 4550mAh HAC-003 Battery Replacement Compatible with Nintendo Switch Console Handhold HA
SIN SUB	p233322	Videojuegos/Otros accesorios gamer			Orzly Accessories Kit bundle Compatible with Nintendo Switch OLED Console (NOT 2017 Edition compatib
SIN SUB	p233329	Videojuegos/Otros accesorios gamer			Replacement LCD Display Screen for Switch Lite, Compatible LCD Display Panel Repair Parts, Screen Re
SIN SUB	p233335	Videojuegos/Otros accesorios gamer			Placa de botón lateral izquierdo HDH-SAKYO-01 placa base de juego PCB para consola de llavero, pieza
SIN SUB	p233400	Videojuegos/Otros accesorios gamer			Cleaning Repair Tool Kit for PS4 PS5, Screwdriver Set with TR9 Torx Security Screwdriver PH00 PH0 PH
SIN SUB	p233415	Videojuegos/Otros accesorios gamer			Blu-Rays - Unidad de DVD de repuesto para PlayStation 4 CUH-1200 Series (CUH-1215A/CUH-1215B)
SIN SUB	p233593	Videojuegos/Otros accesorios gamer			Reemplazo de unidad óptica para Sony para PlayStation 5 para PS5 KEM-497AAA, módulo lector de discos
SIN SUB	p233676	Videojuegos/Otros accesorios gamer			Geekria Transparent Cover Plates Compatible with PS5, PlayStation 5 Console Disc Edition, Hard Shock
SIN SUB	p233690	Videojuegos/Otros accesorios gamer			KES-497 PS5 Lente de repuesto láser – Unidad óptica Blu-ray Lente láser única KES-497AAA Reemplazo p
SIN SUB	p233706	Audífonos/None			Wall Mount de Pared PS5/PS5 Slim y PS5 Pro, Soporte PS5/Slim/Pro con Ventilador de 3 Velocidades de 
SIN SUB	p233755	Videojuegos/Otros accesorios gamer			NBA BOUNCE Amazon Exclusive with Sticker Sheet - Nintendo Switch
SIN SUB	p233792	Videojuegos/Otros accesorios gamer			The Grinch 2: Saving Christmas Amazon Exclusive Sticker Sheet - Nintendo Switch
SIN SUB	p233806	Videojuegos/Otros accesorios gamer			¡Dos! Battle Cats -Switch ([Bonus incluido] - 1 Tarjeta de serie de bonificación de paquete (conjunt
SIN SUB	p233887	Videojuegos/Otros accesorios gamer			Gradius Origins with Gradius 2 Cover Art (Limited Run Games #279) - for Nintendo Switch
SIN SUB	p234499	Videojuegos/Otros accesorios gamer			Invincible VS Amazon Exclusive Variant Cover - Playstation 5
SIN SUB	p234512	Videojuegos/Otros accesorios gamer			LONGLIV Kit de Accesorios 25 en 1 para Nintendo Switch 2 (2025), que Incluye un Estuche de Transport
SIN SUB	p234525	Videojuegos/Otros accesorios gamer			Kit 33 en 1 de Accesorios para Nintendo Switch 2, Funda Nintendo Switch 2 y Estuche de Transporte Rí
SIN SUB	p234526	Videojuegos/Otros accesorios gamer			ONG NAMO Kit de Accesorios 23 en 1 para Nintendo Switch 2
SIN SUB	p234527	Videojuegos/Otros accesorios gamer			LEGO Game Boy Kit de Construcción de Modelo, Regalo para Jugadores y Fans Adultos de Nintendo, Set C
SIN SUB	p234546	Videojuegos/Otros accesorios gamer			Kit de Accesorios 26 en 1 para Nintendo Switch 2 con Estuche Rígido
SIN SUB	p234549	Videojuegos/Otros accesorios gamer			Kit de Accesorios 26 en 1 para Nintendo Switch 2 (2025), Incluye Funda de Viaje, 2 Protector de Pant
SIN SUB	p234561	Videojuegos/Otros accesorios gamer			GUTIAL Accessories Bundle for Nintendo Switch 2 2025 - Cute Kawaii NS 2 Accessories kit for Grils Bo
SIN SUB	p234573	Videojuegos/Otros accesorios gamer			GeekShare - Juego de Tapas para Botones de cruceta y Agarre para Pulgar compatibles con Switch 2, Pe
SIN SUB	p234593	Videojuegos/Otros accesorios gamer			Switch OLED Sports Accessories Bundle - 10 en 1 Kit de Accesorios de La Familia para Juegos Deportiv
SIN SUB	p234608	Videojuegos/Otros accesorios gamer			Vmingo Kit 36en1 Accesorios Compatibles Nintendo Switch Oled Compartimento Funda Rigida Joycon Trans
SIN SUB	p234610	Videojuegos/Otros accesorios gamer			eXtremeRate Kit de Tiras Decorativas de Reemplazo para Joycon 2, Cubierta Lateral Personalizada, DIY
SIN SUB	p234611	Videojuegos/Otros accesorios gamer			Accessories Kit for Nintendo Switch Lite - YOOWA Accessories Bundle with Carrying Case, Protective C
SIN SUB	p234612	Videojuegos/Otros accesorios gamer			Floating Wall Mount for Nintendo Switch, Black, 7.12"L x 3"W x 2.5"H
SIN SUB	p234620	Videojuegos/Otros accesorios gamer			YOOWA Accessories Bundle for Nintendo Switch OLED Animal Model Crossing 2021 - Accessory kit NS Oled
SIN SUB	p234622	Videojuegos/Otros accesorios gamer			GUTIAL Paquete de accesorios para Nintendo Switch Lite - Lindo kit de accesorios de Kawaii para niña
SIN SUB	p234658	Videojuegos/Otros accesorios gamer			JDGPOKOO Kit de Accesorios 4 en 1 para PSP 1000/2000/3000, Funda de Transporte para PSP 1000, 2000 y
SIN SUB	p234706	Videojuegos/Otros accesorios gamer			CTA Digital SPS4-MFC game console part/accessory Maleta de transporte - Accesorios y piezas de video
SIN SUB	p234732	Videojuegos/Otros accesorios gamer			KESOTO 2Pcs Encendido Botón De Apagado Botón De Disco De DVD Expulsar Clip De Botón De Encendido par
SIN SUB	p234742	Videojuegos/Otros accesorios gamer			Durable Replacement HDD Hard Drive Plastic Cover for Sony for PlayStation 4 Slim/for PS4 Slim Access
SIN SUB	p234772	Videojuegos/Otros accesorios gamer			(Pack of 100) 1.5mm~10mm，Replacement Repair Rubber Conductive Button Pad Keypads Kit，Buttons Repair 
SIN SUB	p234792	Videojuegos/Otros accesorios gamer			3 juegos de almohadillas de botón de silicona conductivas compatibles con Sony Playstation 4 PS4
SIN SUB	p234793	Videojuegos/Otros accesorios gamer			Rubber Feet Plastic Button Screw Cap Cover Set Replacement for Sony PS3 Slim 2000 3000 CECH-20XX CEC
SIN SUB	p234798	Videojuegos/Otros accesorios gamer			Create idea 6PCS Power Eject Button Switch Parts Compatible with Playstation 4 CUH-12XX Console Powe
SIN SUB	p234812	Videojuegos/Otros accesorios gamer			GinTai - Interruptor de botón de expulsión de potencia para Sony PS4 Playstation 4 CUH-1215A SAC-001
SIN SUB	p234818	Videojuegos/Otros accesorios gamer			WC PadZ Pulse Elite - Almohadillas de Cuero PU para PS5 Pulse Elite
SIN SUB	p234833	Videojuegos/Otros accesorios gamer			Alomia 16 Pack Gomitas para thumbstick de Silicona. Gomitas Texturizadas. Compatibles con PS5, Xbox.
SIN SUB	p234837	Videojuegos/Otros accesorios gamer			AKOZLIN Bolso para PS5 / PS5 Pro / PS4,Protección completa
SIN SUB	p234841	Videojuegos/Otros accesorios gamer			Kit de proteccion anti polvi con malla Tapon Anti Polvo Para Ps5 Playstation 5 Pro
SIN SUB	p234850	Videojuegos/Otros accesorios gamer			Almohadillas para Orejas de Repuesto para Sony PS5 Pulse 3D inalámbrico, Accesorios para PlayStation
SIN SUB	p234854	Videojuegos/Otros accesorios gamer			Unidad óptica de Repuesto para para 5 para ps5-497AAA, módulo Lector de Disco para reparación de Con
SIN SUB	p234863	Videojuegos/Otros accesorios gamer			Trunab Gaming Console Backpack Compatible with PS5/PS4/PS4 Pro/PS4 Slim/Xbox One/Xbox One X/Xbox One
SIN SUB	p234865	Videojuegos/Otros accesorios gamer			Trunab Gaming Console Backpack Compatible with PS5/PS4/PS4 Pro/PS4 Slim/Xbox One/Xbox One X, Travel 
SIN SUB	p234872	Videojuegos/Otros accesorios gamer			Transporte for ps5 con Correa Seguridad Anti-Rayones Transporte
SIN SUB	p234873	Videojuegos/Otros accesorios gamer			de Transporte for ps5 con Correa Fija Anti-Rayones de Transporte
SIN SUB	p234878	Videojuegos/Otros accesorios gamer			Sorandy ADP 400er Repuesto de Fuente de Alimentación para Consola Ps5, Unidad de Alimentación de Con
SIN SUB	p234910	Videojuegos/Otros accesorios gamer			Wall Mount for PS5/PS5 Slim/PS5 Pro Console-, Heavy-Duty Steel Bracket for All PS5 Models(Digital an
SIN SUB	p234958	Audífonos/None			Mcbazel - Ventilador de refrigeración RGB solo para consola Xbox Series X con soporte para auricular
SIN SUB	p234988	Videojuegos/Otros accesorios gamer			Deal4GO ON/OFF eyect SYNC - Interruptor de botón de encendido para consola Xbox One Slim Console 168
SIN SUB	p234997	Videojuegos/Otros accesorios gamer			AC Adapter for Xbox 360 Console,203W Power Supply Brick with Cord,Replacement Power Brick for Xbox 3
SIN SUB	p235001	Videojuegos/Otros accesorios gamer			Fuente de alimentación Interna, Fuente de alimentación para Consola de Juegos, Fuente de alimentació
SIN SUB	p235023	Videojuegos/Otros accesorios gamer			Deal4GO M1023476-003 - Placa de repuesto para consola Xbox ONE X 1787 M1041049-001
SIN SUB	p235070	Videojuegos/Otros accesorios gamer			Xbox Series X Wall Mount - Metal Wall Mount with Ventilation Design for Xbox Series X
SIN SUB	p235072	Videojuegos/Otros accesorios gamer			Fuente de alimentación Interna, Professional Internal Power Brick Black para Consola Xbox Series S p
SIN SUB	p235169	Videojuegos/Otros accesorios gamer			Hacking the Xbox: An Introduction to Reverse Engineering
SIN SUB	p235296	Videojuegos/Otros accesorios gamer			Kit de Botón Completo de Repuesto para Xbox Series X/S - RT LT RB LB ABXY Juego de Botones de Contro
SIN SUB	p235372	Videojuegos/Otros accesorios gamer			16 en 1 Metal Thumbsticks para Xbox One Elite Series 2, Kits de Accesorios de Reemplazo con Thumbsti
SIN SUB	p235398	Videojuegos/Otros accesorios gamer			Wall Mount for Xbox Series S (Mount the Console & Accessories on Wall Near or Behind TV Left/Right),
SIN SUB	p235400	Videojuegos/Otros accesorios gamer			eXtremeRate 3 en 1 Kits de D-Pads de Metal magnético demontable reemplazable Piezas de Repuesto Vide
SIN SUB	p235404	Videojuegos/Otros accesorios gamer			Universal Under Desk Metal Storage Mount for Xbox Series S/X, PS4 Slim/Pro, Compatible with CPU, UPS
SIN SUB	p235412	Videojuegos/Otros accesorios gamer			Bylitco All Metal Wall and Under Desk Bracket for Xbox Series S ,Mount for XSS,White
SIN SUB	p235415	Videojuegos/Otros accesorios gamer			CDCHGAM 3 in 1 Protection Cover Kit for ROG Xbox Ally X
SIN SUB	p235424	Videojuegos/Otros accesorios gamer			FUNDIARY Wall Mount for Nintendo Switch 2, Metal Wall Mount Kit Shelf Accessories for Switch 2 Conso
SIN SUB	p235446	Videojuegos/Otros accesorios gamer			16-in-1 Soft Dust Proof Plugs Compatible with Switch 2, NUHFUFA Dust Prevention Cover Accessories Ki
SIN SUB	p235461	Videojuegos/Otros accesorios gamer			The Lord of the Tools 2 Set Game Console Power Switch Button with PCB Compatible with Gameboy Pocket
SIN SUB	p235466	Videojuegos/Otros accesorios gamer			Juego de protección para consola Switch 2, juego para interruptor (negro)
SIN SUB	p235467	Videojuegos/Otros accesorios gamer			Deal4GO - Cartuchos de juego con ranura para lector de tarjetas de juego, repuesto para consola Nint
SIN SUB	p235471	Videojuegos/Otros accesorios gamer			Kit de protección para consola Switch 2 para juegos (azul rojo)
SIN SUB	p235481	Videojuegos/Otros accesorios gamer			Akozon Kit de Prueba de Consola de Juegos para Switch 2
SIN SUB	p235482	Videojuegos/Otros accesorios gamer			Tbest Kit de Prueba de Consola de Juegos para Switch 2
SIN SUB	p235487	Videojuegos/Otros accesorios gamer			Wall Mount for Switch 2 Iron Bracket with Card Slots
SIN SUB	p235489	Videojuegos/Otros accesorios gamer			Consolas de juegos Botones de encendido Botones de volumen de repuesto compatibles con Nintendo Swit
SIN SUB	p236322	Televisores/None			Mueble para TV Minimalista con EstanteríA De 3 Niveles, Mesa para TV Centro de Entretenimiento para 
SIN SUB	p237112	Muebles/Otros			Literas Individuales y Matrimoniales Estructura Metálica 3 en 1 con
SIN SUB	p237377	Muebles/Otros			KITUL Set de 2 Buros Mesitas de Noche Modernas Minimalistas con Estantes para Recamara, Negro
SIN SUB	p237595	Muebles/Otros			Burós Mesitas de alojamiento redondas Espacio de almacenamiento escondido Iron Neart Standstand Tria
SIN SUB	p238595	Televisores/None			Repisas Flotantes para TV 120 cm - Mueble Flotante para TV con 2 Estantes Abiertos, Repisa Pared Mon
SIN SUB	p240186	Teclados/None			4Tune Escritorio para Oficina Techni Mobili | Con 3 Puertos USB | Gaveta para Archivo, Panel para Im
SIN SUB	p240637	Equipo comercial/			Zebra ZD220t (versión actualizada de Zebra GC420t) impresora térmica de escritorio para etiquetas de
SIN SUB	p243346	Muebles/Otros			Juego de 2 sillones Modernos de Piel sintética, Color café Retro
SIN SUB	p243418	Muebles/Otros			DUOMAY - Juego de 2 sillones Modernos de Piel sintética, Color café
SIN SUB	p244498	Muebles/Otros			Cubre Sillones de 2 Plazas Gris Oscuro
SIN SUB	p246702	Muebles/Otros			Almohadillas de Repuesto para Auriculares Anker Life Q20 Q20 BT, Almohadillas de Cuero Proteico para
SIN SUB	p246703	Videojuegos/Otros accesorios gamer			Vorago Diademas Gamer con Micrófono RGB Alámbrica Almohadillas XL Over Ear Control de Volumen Super 
SIN SUB	p246706	Baterías portátiles/None			Cargador portátil de aleación de Aluminio para teléfono móvil o Tableta, con Interruptor de protecci
SIN SUB	p246716	Autos, bicicletas y motos/None			Fuente de alimentación DC regulable para prueba cargador batería motor
SIN SUB	p247362	Autos, bicicletas y motos/None			para Ryobi 18v JUMP STARTER, para arrancar automóviles, camiones, tractores (la batería NO está incl
SIN SUB	p247851	Muebles/Otros			Balacoo 6piezas Bandas Absorbentes para Cascos De Seguridad De Material De Toalla Cómodas y Reutiliz
SIN SUB	p249461	Autos, bicicletas y motos/None			Turtle Wax Removedor y Reparador de Rayones para Automóviles
SIN SUB	p249574	Cocina y comedor/None			Bolsa para Bicicleta Impermeable, Bolsa Bicicleta Cuadro con Pantalla Táctil, Funda de Soporte para 
SIN SUB	p249746	Autos, bicicletas y motos/None			Texa Navigator TXT MULTIHUB 2 | Escáner Profesional Multimarca para Autos, Camiones, Maquinaria y Mo
SIN SUB	p249860	Autos, bicicletas y motos/None			Yosoo Health Gear - Bomba de freno trasera, cilindro maestro de freno trasero, cilindro maestro tras
SIN SUB	p249949	Autos, bicicletas y motos/None			Top 10x10 Motocicletas: Las 100 Motos Más Representativas de la Historia
SIN SUB	p250486	Autos, bicicletas y motos/None			NOCO BT27S Charola de baterías de Grupo para baterías de vehículos Marinos y vehículos recreativos, 
SIN SUB	p250523	Autos, bicicletas y motos/None			Camco Caja de Batería Doble para Vehículos Recreativos, Polímero Resistente a la Corrosión, 55375
SIN SUB	p250693	Autos, bicicletas y motos/None			Kimiss 160W/12V Altavoz para Autom?vil
SIN SUB	p251352	Otros/Varios			Genérico Tapete Antideslizante Multifuncional para Tablero de Auto, Versión Actualizada 2026 con Núm
SIN SUB	p251402	Otros/Varios			2 en 1 Porta Vasos para Auto, Soporte telescópico para teléfono de Coche, Tamaño de Base Ajustable, 
SIN SUB	p251423	Autos, bicicletas y motos/None			Adaptador de Pistola de Lavado de Alta Presión de 1/4 Pulgadas, Antioxidante y Antidecoloración, se 
SIN SUB	p251538	Autos, bicicletas y motos/None			LUCITEX 5 Lts - Fino Shampoo para Autos y Camiones Rinde Hasta 500 Litros Suave y Fino para Limpiar 
SIN SUB	p251590	Otros/Varios			Juego de 27 accesorios brillantes de auto para mujer, funda para volante de ajuste universal de 38 c
SIN SUB	p251604	Autos, bicicletas y motos/None			Hot Wheels City, Pista Lavado de Autos Mega Tiburón con Vehículo Color Reveal y Función de Cambio de
SIN SUB	p251687	Autos, bicicletas y motos/None			Compustar CS932-A Sistema de seguridad de vehículo AP de 1 vía
SIN SUB	p251843	Autos, bicicletas y motos/None			Viper 2-way sistema de seguridad del vehículo 3305 V - Negro - 1 unidad - REMOTO
SIN SUB	p252542	Autos, bicicletas y motos/None			Barrera De Estacionamiento De Autos Poste Entrada De Vehículos Garaje Bolardo De Seguridad,Llaves Y 
SIN SUB	p252622	Autos, bicicletas y motos/None			Cabina de Pintura Inflable con Soplo - Carpa Portátil de 4x2.5x2.5M para Autos y Motocicletas - Perf
SIN SUB	p252654	Autos, bicicletas y motos/None			Cabina de Pintura Inflable Portátil con Soplador - Carpa de Pintura de Autos y Motocicletas 7x4x2.5M
SIN SUB	p252714	Autos, bicicletas y motos/None			Máquina de lavado de autos sin contacto de un solo brazo de 360°, lavadora de alta presión, sin esco
SIN SUB	p253058	Otros/Varios			BONE Soporte Magnético para Teléfono Peloton, Amortiguación y Manejo Fácil con Una Mano, para Bicicl
SIN SUB	p253183	Deportes y fitness/			Pedal Ejercitador Bicicleta, Doble Acción para Brazos y Piernas,Bicicleta Resistencia Ajustable, Equ
SIN SUB	p255630	Autos, bicicletas y motos/None			CHICIRIS Perno Hueco para Interruptor de Luz Trasera, Compatible con Freno Hidráulico Universal M10 
SIN SUB	p255635	Autos, bicicletas y motos/None			Interruptor de apagado universal, parada de emergencia con cordón de amarre, interruptor de motor pa
SIN SUB	p255646	Autos, bicicletas y motos/None			Motocicletas En Acción (Motorcycles on the Go)
SIN SUB	p255658	Autos, bicicletas y motos/None			Interruptor de Parada del Motor, Interruptor de Apagado del Motor de Emergencia con Amarre de Cable 
SIN SUB	p255685	Autos, bicicletas y motos/None			Manual Electricidad de Motocicletas: Fundamentos básicos, electrónica, reparación, mantenimiento
SIN SUB	p255712	Autos, bicicletas y motos/None			Guantes de piel de cabra para motocicletas, motocicletas, deportes de motor, visualización táctil re
SIN SUB	p255795	Autos, bicicletas y motos/None			MOTOCICLETAS Comportamiento dinámico y diseño de chasis: el arte y la ciencia
SIN SUB	p255829	Autos, bicicletas y motos/None			Mantenimiento y Servicio Profesional de Motocicletas: Manuales Técnicos Profesionales (Biblioteca pr
SIN SUB	p255838	Autos, bicicletas y motos/None			Electricidad y Electrónica de Motocicletas: Manuales Técnicos Profesionales (Biblioteca profesional 
SIN SUB	p255947	Autos, bicicletas y motos/None			REPARACIÓN MECÁNICA DE MOTOCICLETAS
SIN SUB	p255958	Autos, bicicletas y motos/None			TMVG0026 – Electricidad y electrónica para motocicletas
SIN SUB	p256022	Autos, bicicletas y motos/None			Electricidad y electrónica para motocicletas (Spanish Edition)
SIN SUB	p256034	Autos, bicicletas y motos/None			TMVG0026 – Electricidad y electrónica para motocicletas (Spanish Edition)
SIN SUB	p256297	Autos, bicicletas y motos/None			MOTOCICLETAS Comportamiento dinámico y diseño de chasis: el arte y la ciencia (Spanish Edition)
SIN SUB	p256334	Autos, bicicletas y motos/None			Motocicletas
SIN SUB	p256359	Autos, bicicletas y motos/None			Zen e Arte da Manutenção de Motocicletas
SIN SUB	p256364	Autos, bicicletas y motos/None			Manutencao De Motocicletas Em Figuras
SIN SUB	p256436	Autos, bicicletas y motos/None			CHIFUN Barras de choque superiores de protección del motor para CRF 1100L CRF1100L Africa Twin Adven
SIN SUB	p256458	Otros/Varios			Maletero para motocicleta de 65L, maletero universal de aleación de aluminio para motocicleta con re
SIN SUB	p256517	Autos, bicicletas y motos/None			VEVOR Plataforma Elevadora para Motocicletas 41,5 x 35 cm Elevador de Motos Hidráulicos de Tijera Ca
SIN SUB	p256530	Autos, bicicletas y motos/None			Motocicletas Motor y Caja de Cambios
SIN SUB	p256551	Autos, bicicletas y motos/None			Reparacion de motocicletas
SIN SUB	p256553	Autos, bicicletas y motos/None			Motocicletas y ciclomotores
SIN SUB	p256559	Autos, bicicletas y motos/None			CUBE BOOKS-MOTOCICLETAS
SIN SUB	p256702	Autos, bicicletas y motos/None			Motocicletas
SIN SUB	p256705	Autos, bicicletas y motos/None			Conduccion deportiva de motocicletas (Motor)
SIN SUB	p256719	Autos, bicicletas y motos/None			Backrest de motocicletas compatible con V400 V650 Classic Models 1998-2013
SIN SUB	p256721	Autos, bicicletas y motos/None			Hell's Angels: The Strange and Terrible Saga of the Outlaw - Bandas para motocicletas
SIN SUB	p256748	Autos, bicicletas y motos/None			Guardería de barro de motocicletas delantera frontal de 19 pulgadas compatible con Flhtk Ultra Custo
SIN SUB	p256850	Autos, bicicletas y motos/None			Bloque de Cilindros de 94 mm Compatible con Motocicletas DR-Z400, LTZ400, K3-L2 y KLX400
SIN SUB	p256933	Otros/			Stealth Cam - Paquete de baterías solares duraderas Sol-Pak, panel de energía solar de 12 V, batería
SIN SUB	p257092	Audífonos/None			Mini Radio Digital FM, Reproductor de Música de Radio FM de 1,1 Pulgadas con Auriculares, Búsqueda A
SIN SUB	p257161	Teclados/None			Radio Digital Am FM SW Portátil, Receptor de Banda Completa con Reloj Despertador, Memoria de Emisor
SIN SUB	p257322	Domótica y hogar inteligente/			Tecnolite Connect - Cámara de Monitoreo Inteligente WiFi Interiores, Altavoz y Micrófono, Visión Noc
SIN SUB	p257334	Mascotas/			Noorio - Cámara de seguridad interior 2K con WiFi de 5 GHz, cámara de mascotas con inclinación panor
SIN SUB	p257405	Domótica y hogar inteligente/			LICAEVEY Cámara WiFi Oculta con Enchufe USB, Cámara de Seguridad HD 720P con Detección de Movimiento
SIN SUB	p257415	Cargadores y adaptadores/Otros			Cámara espía con cargador USB WiFi, mini cámara oculta inalámbrica, seguridad para el hogar
SIN SUB	p257663	Autos, bicicletas y motos/None			Dioche A02yyuw A0Sensor de Distancia Ultrasónico Detector de Estacionamiento de Garaje a Prueba de A
SIN SUB	p257681	Autos, bicicletas y motos/None			Sensor de Distancia Ultrasónico DC3.3V-5V IP67 Protección Impermeable Detector de Vehículos Sensor d
SIN SUB	p257707	Teclados/None			Fockety Controlador De Cámara Domo PTZ, Controlador Joystick 2D Para Cámaras IP Y Analógicas Con Ent
SIN SUB	p257772	Teclados/None			Sistemas de Alarma para el Hogar Alarma para Puerta de Garaje 24 × 13 × 3 de Alarma para Puerta 3 Co
SIN SUB	p257919	Domótica y hogar inteligente/			Tuya WiFi Dimmer Switch 2 Gang Dimmer Light Switch Panel Táctil APP Control Remoto Funciona con Home
SIN SUB	p258041	Redes/			TP-Link TL-WPA7817 Kit Powerline, AV1000Mbps y AX1500Mbps sobre WiFi 6 Dual Band, sin enchufe, Homep
SIN SUB	p258062	Autos, bicicletas y motos/None			for adaptador for coaxial SMA-TNC para y Router for adaptador
SIN SUB	p258067	Autos, bicicletas y motos/None			Cable Adaptador Coaxial Tipo N Rg316 de Cobre para Routers y
SIN SUB	p258084	Cargadores y adaptadores/Otros			TP-Link TL-WA850RE Repetidor de WiFi Extensor de Cobertura Inalámbrico Universal, 300Mbps + TL-WN725
SIN SUB	p258090	Televisores/None			Amplificador WiFi USB 300Mbps 2.4GHz, Repetidor Inalámbrico Portátil para Smart TV con RJ45, Modos A
SIN SUB	p258134	Muebles/Otros			BETAFPV ELRS Cetus X Kit de dron FPV con transmisor de radio LiteRadio 3 VR03 Gafas FPV con grabació
SIN SUB	p258169	Impresoras/None			Paquete con impresora para smartphone Fuji Mini Link 3 color blanco arcilla + paquete de película Fu
SIN SUB	p258173	Impresoras/None			Fujifilm Instax Mini Link 3 - Impresora para Smartphone - Rosa
SIN SUB	p258176	Impresoras/None			Fujifilm Instax Mini Link 3 Google Pixel Special Edition - Impresora para Smartphone - Rosa
SIN SUB	p258178	Impresoras/None			Fujifilm Instax Mini Link 2 - Impresora para Smartphone - Azul Espacial
SIN SUB	p258186	Impresoras/None			Fujifilm Instax Mini Link 3 - Impresora para Smartphone - Blanco arcilloso
SIN SUB	p258277	Otros/			Panel de carga solar de 5 W 5 V de polisilicio portátil IP65 resistente a la intemperie con salida T
SIN SUB	p258351	Otros/			Cable de extensión solar de 10 paneles de calibre 6 pies, 10 AWG (6 mm²) alambre PV SJZ SUN RUN alam
SIN SUB	p259199	Otros/			Medidor solar UT673PV, probador de seguidores solares de paneles fotovoltaicos, probador de potencia
SIN SUB	p259862	Audífonos/None			Changor Auricular Walkie Talkie, ABS Negro con Cancelación de Ruido, Auriculares Multifuncionales de
SIN SUB	p259876	Audífonos/None			Auriculares Walkie Talkie Cómodos y duraderos no fáciles de Perder Transmisión de señal Estable, Son
SIN SUB	p259886	Audífonos/None			Auriculares Walkie Talkie, Auricular Universal de Tubo acústico de 2 Pines con tecla PTT, Auriculare
SIN SUB	p259888	Audífonos/None			ASHATA Auriculares con micrófono para Radio XPR Series, MTP3100, DEP550
SIN SUB	p259900	Audífonos/None			Auricular Walkie Talkie con Micrófono con Botón PTT, Manos Libres en Forma de G Auriculares de Radio
SIN SUB	p259941	Audífonos/None			Walkie Talkie Auricular 1 Pin 2.5mm Radio de Dos Vías Auriculares Proceso de Galvanoplastia para T10
SIN SUB	p259996	Audífonos/None			SWDSTP - Mini radio FM portátil AM, radio personal con excelente recepción, visualización LCD de sin
SIN SUB	p260025	Audífonos/None			CALIDAKA - Audífonos Auriculares de Radio FM Portátiles con Visualización LCD, Reducción de Ruido, A
SIN SUB	p260097	Audífonos/None			ICSTATION - Kit de soldadura de radio FM, kit de radio DIY con luces LED intermitentes FM 76-108 MHz
SIN SUB	p260122	Audífonos/None			Auriculares con micrófono manos libres Midland AVP1 VOX para radios portátiles Midland - Paquete de 
SIN SUB	p260157	Autos, bicicletas y motos/None			SiriusXM SXWB1V1 Tour Dock & Play Radio con 360L, Base para vehículos PowerConnect y Bluetooth
SIN SUB	p260256	Autos, bicicletas y motos/None			Radio portátil President Jerry FCC Am/FM con Sistema de Carga de vehículo, Perfecta para el Guerrero
SIN SUB	p260540	Autos, bicicletas y motos/None			Retro Manufacturing HI-304-68-78 Hermosa Radio de Ajuste Directo para vehículo clásico (Botones faci
SIN SUB	p260626	Autos, bicicletas y motos/None			RetroSound Hermosa - Radio de ajuste directo para vehículos clásicos, cara y botones cromados y bise
SIN SUB	p260649	Audífonos/None			Mini Receptor de Radio portátil Recargable, Radio FM de Bolsillo con retroiluminación LCD, Antena re
SIN SUB	p260807	Autos, bicicletas y motos/None			DYLF-105 Tipo de radios Vehículo Prensa Jack Presión Fuerza Sensor de impacto Sensor de celda de car
SIN SUB	p260859	Autos, bicicletas y motos/None			Ruedas Supermoto Radios de aluminio de 17 pulgadas compatibles con motocicletas Yamaha YZ125 YZF125 
SIN SUB	p260899	Autos, bicicletas y motos/None			DYLF-105 Tipo de radios Vehículo Prensa Jack Presión Fuerza Sensor de impacto Sensor de celda de car
SIN SUB	p261032	Herramientas/None			Juego de 2 Atomizador de Agua, 300ml Pulverizador de Agua Antiderrames
SIN SUB	p261075	Otros/Varios			Botella de agua magnética aislada – Botella de acero inoxidable reutilizable con soporte para teléfo
SIN SUB	p261085	Otros/Varios			Botella de agua magnética de 2L con soporte para teléfono compatible con MagSafe, aislada, para bebi
SIN SUB	p261101	Otros/Varios			DASAN - Botella de agua magnética con compartimento de almacenamiento, con almacenamiento para pasti
SIN SUB	p261103	Otros/Varios			Scosche MFMS32 MagicMount - Botella de agua de acero inoxidable de 32 onzas con soporte de montaje p
SIN SUB	p261877	Otros/Varios			Esquirla Marching Band Music Lyre, soporte para teléfono con montaje seguro, soporte ligero para tel
SIN SUB	p261987	Teclados/None			Paquete de 8 cables de instrumento de guitarra de 20 pies, 1/4 pulgadas, TS recto a recto, cable de 
SIN SUB	p262079	Cámaras y fotografía/None			Shure BLX14/B98 - Sistema Inalámbrico de micrófono para Instrumento de Viento
SIN SUB	p262097	Audífonos/None			Instrumento musical electrónico Suzuki Omnichord OM-108 Sintesizador Digital de Acordes Cítara Acomp
SIN SUB	p262117	Teclados/None			Streichfett Negro - Teclado MIDI USB
SIN SUB	p262130	Teclados/None			Elektron Analog Heat +FX - Efecto analógico para instrumentos de teclado
SIN SUB	p262177	Teclados/None			Soporte de partitura para teclado y música, piezas de instrumentos musicales, portátil, adecuado par
SIN SUB	p262249	Instrumentos musicales/Baterías			Instrumentos De Percusión Para Adultos,Instrumento de Percusión con Sonido Latino,Herramienta para E
SIN SUB	p262318	Teclados/None			driver midi lotmusic Worlde TUNA PANDA MINI 25 teclas teclado USB portátil Midi con 8 RGB retroilumi
SIN SUB	p262321	Teclados/None			Coolmusic - Teclado AMP 30 W amplificador de monitor personal con amplificador de tambor eléctrico, 
SIN SUB	p262364	Instrumentos musicales/Baterías			Accesorios de percusión para bajos, tambor de fieltro, martillo de fieltro, piezas de repuesto para 
SIN SUB	p262367	Instrumentos musicales/Viento			Metal Drum Tool Tuning Reemplazo Llave Tuner Tools Ajustador Drummers Accesorio Set Herramientas de 
SIN SUB	p262383	Instrumentos musicales/Baterías			Llave cuadrada estándar en forma de T para afinación de tambor, accesorios de percusión para amantes
SIN SUB	p262384	Teclados/None			Reemplazo de Almohadilla de Pegamento de Conductiva de Grado Profesional para Teclados de Instrument
SIN SUB	p262438	Instrumentos musicales/Viento			ébano Natural,Herramientas Bricolaje Personalizadas para Cuchillas en Blanco - Placa Mango Madera pa
SIN SUB	p262444	Teclados/None			Soporte de Teclado, Soporte Ajustable de Ancho,Soporte Universal de Segundo
SIN SUB	p262448	Teclados/None			Vbest Life - Teclado de instrumento melódico de 32 teclas, estilo piano con boquilla, juegos de tubo
SIN SUB	p262493	Instrumentos musicales/Viento			Sudadera con Capucha de Instrumentos Musicales para Hombre | Sudadera Gráfica de Banda | para Músico
SIN SUB	p262497	Teclados/None			Small World Toys - Teclado de matemáticas con texto en inglés "They Keep Multiplying Mate"
SIN SUB	p262503	Instrumentos musicales/Baterías			Fenytay 11 Uds. Kit de Instrumentos de percusión de Mano para niños, Juego de Instrumentos Musicales
SIN SUB	p262516	Instrumentos musicales/Baterías			Mingzhe Walter Compact Travel Cajon Box Drum Instrumento de percusión de Tambor de Mano Plano con Cu
SIN SUB	p262526	Instrumentos musicales/Baterías			TUMYES Tambor Infantil de Percusión, Amarillo
SIN SUB	p262527	Instrumentos musicales/Baterías			Yosoo Set de Tubo de Sonido Musical de 8pcs, Instrumento de Percusión de Tubo de Sonido de 8 Tonos, 
SIN SUB	p262533	Instrumentos musicales/Baterías			Generico Juego De Bongos
SIN SUB	p262534	Instrumentos musicales/Baterías			THJOPOKEEL Campana de meditación tibetana Hecho a mano Budista Símbolo afortunado Meditación en reli
SIN SUB	p262546	Instrumentos musicales/Baterías			Tambor de Mar de 8 Pulgadas, Sonido de Ola Oceánica, Instrumento de Percusión Portátil en Arce, Idea
SIN SUB	p262550	Instrumentos musicales/Baterías			Campana Mano Antislizante Percusión , S
SIN SUB	p262551	Instrumentos musicales/Baterías			Instrumento Musical de Percusión Triangular de Aleación 5.8 Pulgadas
SIN SUB	p262552	Instrumentos musicales/Baterías			Conjunto de Instrumentos Musicales,Juego de Instrumentos de percusión de Madera Instrumentos Musical
SIN SUB	p262558	Instrumentos musicales/Baterías			Juego de Instrumentos de Percusión de , Instrumentos Musicales, Educación, Juegos Interactivos Inter
SIN SUB	p262559	Instrumentos musicales/Baterías			Tubo de Sonido Musical de 8 Pcs, Instrumento de Percusión Orff de Colorido Kit de Tubo de Octava de 
SIN SUB	p262562	Instrumentos musicales/Baterías			Tambor Corriente de Agua, Tambor Oceánico Mano de 8 Puadas, Instrumento de Música Onomatopéyica, Ter
SIN SUB	p262565	Instrumentos musicales/Baterías			EASTROCK Instrumento Triangular 4 Paquetes 7 8 9 10 Pulgadas Juego De Instrumentos De Percusión Triá
SIN SUB	p262569	Instrumentos musicales/Baterías			Instrumento Musical Didáctico de Percusión para Niños, Material Sintético, Entrena Sensibilidad Audi
SIN SUB	p262577	Instrumentos musicales/Baterías			fosa Colorido Juego de Tubos de Sonido Musical de 8 Tonos | Kit de Instrumentos de Percusión para el
SIN SUB	p262579	Instrumentos musicales/Baterías			Instrumento Musical de Percusión para Niños, 1 Set, Nylon y Madera
SIN SUB	p262584	Instrumentos musicales/Baterías			Tambor oceánico, tambor de madera con sonidos oceánicos de 10 pulgadas con conchas madera dura para 
SIN SUB	p262592	Instrumentos musicales/Baterías			Tambor de Lluvia para Jardín Exterior, Tambor Lengua de Acero, Instrumento Musical Impermeable con 6
SIN SUB	p262593	Instrumentos musicales/Baterías			Genérico Tambor para Niños Juego Musical De Madera
SIN SUB	p262599	Instrumentos musicales/Baterías			Sonidos oceánicos, tambor del océano, tambor de sonidos de madera 8 pulgadas con conchas madera dura
SIN SUB	p262601	Instrumentos musicales/Baterías			LiebeWH Instrumento Musical de Percusión Manual de Haya de Hierro Triangle Percussion Instrument Set
SIN SUB	p262603	Instrumentos musicales/Baterías			Instrumento Musical de Percusión Infantil 10 Piezas Plástico
SIN SUB	p262604	Instrumentos musicales/Baterías			6 Pack Wooden Shake Eggs Instrumento Musical de percusión Divertido Rellenos para canastas Pascua Ju
SIN SUB	p262605	Instrumentos musicales/Baterías			Instrumentos Musicales de Percusión de Chamanes Africanos
SIN SUB	p262608	Instrumentos musicales/Baterías			Rain Drum for Outside Garden, Tambor Lengua Acero, Instrumentos Musicales Jardín, Timbre Lluvia Tamb
SIN SUB	p262612	Instrumentos musicales/Baterías			Tambor de Marco de Madera Blanco, Tambor de Mano de 15 cm, Sonido Claro y Agarre cómodo, Instrumento
SIN SUB	p262619	Instrumentos musicales/Baterías			Genérico Bloque Musical de Madera Haya pájaro Carpintero Tirador Instrumento percusión Educativo par
SIN SUB	p262624	Instrumentos musicales/Baterías			Cepillo de tambor de jazz Cepillos de tambor Cepillo de palo de tambor Mangos de goma Cepillos de ny
SIN SUB	p262625	Instrumentos musicales/Baterías			Tambor de lluvia, tambor del océano, sonidos oceánicos de madera 8 pulgadas con conchas madera dura 
SIN SUB	p262633	Instrumentos musicales/Baterías			Llavero de Tambor, Exquisito Tributo de Instrumento Musical de Percusión Simulado de Latón para Niño
SIN SUB	p262640	Instrumentos musicales/Baterías			HERCHR Rana de de Tailandia, artesanía Tradicional, Rana de la Suerte de , Instrumento de percusión 
SIN SUB	p262658	Instrumentos musicales/Baterías			Cabilock Tambores Oceánicos Transparentes de 8 y 12 con Cuentas de Acero Set de 2 Piezas para Adulto
SIN SUB	p262659	Instrumentos musicales/Baterías			Tambor de lluvia para jardín exterior, tambor de lengüeta de acero de 8 notas de 6 pulgadas, tambor 
SIN SUB	p262663	Instrumentos musicales/Baterías			GARVALON Caja Pequeña de Percusión para Niños, 1 Juego, Madera y Metal
SIN SUB	p262674	Instrumentos musicales/Baterías			Cashbeat Bloque de mermelada de 5 pulgadas, bloques de percusión musical de plástico púrpura, soport
SIN SUB	p262675	Instrumentos musicales/Baterías			Palitos para niños, palos lummi, clavos clásicos de madera, instrumentos musicales de percusión, pal
SIN SUB	p262677	Instrumentos musicales/Baterías			Juego de 10 Triángulos de Percusión de Acero, 5 Tamaños (4, 5, 6, 7, 8 Pulgadas), con Percutor y Ani
SIN SUB	p262683	Instrumentos musicales/Baterías			20 palos de para niños de 8 pulgadas, palitos lummi de música, clavos clásicos de , instrumentos mus
SIN SUB	p262693	Instrumentos musicales/Baterías			Tambor Oceánico Instrumento de Percusión Étnica Música Onomatopéyica Portátil Mano Sonido Relajante 
SIN SUB	p262698	Instrumentos musicales/Baterías			Pastilla para tambor, instrumento percusión, regalos, pastilla para tambor mano, portátil, oro, prof
SIN SUB	p262700	Instrumentos musicales/Baterías			FRCOLOR 2 Tambores Oceánicos de Cuentas Redondos Instrumento de Percusión con Sonido Relajante de Ef
SIN SUB	p262709	Instrumentos musicales/Baterías			Gearwell Cortina de Campanas, Chimes y Árbol de Percusión Mark Tree de 20 Barras con Soporte y Golpe
SIN SUB	p262714	Instrumentos musicales/Baterías			Tambor Marino, Tambor de Cuentas con Forma de Olas del Océano, Instrumento Musical con un Suave Soni
SIN SUB	p262721	Instrumentos musicales/Baterías			Woodstock Timbres de Viento Zenergy Solo, Plateado (7 Pulgadas) sintonizado musicalmente para medita
SIN SUB	p262726	Instrumentos musicales/Baterías			Instrumentos Musicales Kit Niños Tambor, Campanas Sonido Suave, ABS Ecológico, Hierro Inoxidable, Ac
SIN SUB	p262731	Instrumentos musicales/Baterías			Mingzhe Campanas de Barra de 25 Tonos Instrumento de percusión Musical de una Sola Fila de 25 Barras
SIN SUB	p262737	Instrumentos musicales/Baterías			Tambor profesional de ondas oceánicas de 12 pulgadas, tambor de piel de cabra con abalorio de acero,
SIN SUB	p262738	Instrumentos musicales/Baterías			Yaozher Tambor oceánico de 8 puadas/12 puadas Instrumento de percusión étnica Música onomatopéyica I
SIN SUB	p262740	Instrumentos musicales/Baterías			tambor de 10 pulgadas de océano natural, tambor de cuentas de onda marina, sonido del mar, instrumen
SIN SUB	p262744	Instrumentos musicales/Baterías			Tambor de mar con abalorio de onda de 4 a 12 pulgadas, con carcasa de madera dura, instrumentos de c
SIN SUB	p262759	Instrumentos musicales/Baterías			Pequeño juego de tambor Dholak compacto de 10 x 6 pulgadas, hecho a mano de madera y piel clásico in
SIN SUB	p262768	Instrumentos musicales/Baterías			Juego de 14 instrumentos triangulares de percusión de 4, 5, 6, 7, 8, 9, 10 pulgadas, triángulos, tri
SIN SUB	p262771	Instrumentos musicales/Baterías			Tambor Oceánico Portátil Instrumento de Percusión Étnica Mano Madera Abedul con Sonido Onomatopéyico
SIN SUB	p262775	Instrumentos musicales/Baterías			Tambor Africano de 8 Pulgadas Cuerpo de Tambor de PVC Superficie de Tambor de Piel de Cabra Instrume
SIN SUB	p262787	Instrumentos musicales/Baterías			Tambor de lluvia para exteriores, 11 notas de acero con 11 notas para yoga, meditación, educación mu
SIN SUB	p262797	Instrumentos musicales/Baterías			Instrumento de percusión hecho a mano, madera de arce canadiense, gran regalo para todas las edades 
SIN SUB	p262800	Instrumentos musicales/Baterías			Instrumentos musicales de madera Montessori para niños pequeños de 1 a 3 años, moderno juego de tamb
SIN SUB	p262813	Instrumentos musicales/Baterías			Tambor oceánico de 16 pulgadas, tambor oceánico profesional de gran tamaño, instrumento de percusión
SIN SUB	p262815	Instrumentos musicales/Baterías			Tambores de boda para adultos, de 4 pulgadas, tambores de mano de madera natural, tambores de metal,
SIN SUB	p262821	Instrumentos musicales/Baterías			Tambor de Océano 12 pulgadas con Cabeza de Tambor de Piel de Cabra, Cuenta de Ola, Bolsa, Instrument
SIN SUB	p262828	Instrumentos musicales/Baterías			PARDUS - Tambor portátil de cajón con correas de bordón extraíbles – Cajón de viaje con abedul de do
SIN SUB	p262841	Instrumentos musicales/Viento			Cuerno original Kosher de Shofar de carnero pulido completo de Israel – Instrumento musical judío fá
SIN SUB	p262845	Instrumentos musicales/Baterías			Meinl "La Noche" Chirping Cricket Percusión Efecto de sonido – No fabricado en China – Cuerpo de mad
SIN SUB	p262860	Instrumentos musicales/Baterías			Tempaky SD6 Cajon Hand Drum Cajon Drum Instrumento de percusión con bolsa de transporte portátil par
SIN SUB	p262867	Instrumentos musicales/Viento			Didgeridoo de bambú (Pintado con bolsa)
SIN SUB	p262876	Instrumentos musicales/Viento			Didgeridoo estéreo compacto, Negro, Negro
SIN SUB	p262890	Instrumentos musicales/Baterías			C-68Z Viajes Portátiles Cajon Box Drum Tambor de Mano Madera de Cebra Instrumento de Percusión con l
SIN SUB	p262918	Instrumentos musicales/Baterías			MUSCELL Barras de percusión de 36 campanas Cromadas con soporte ajustable y base plegable
SIN SUB	p262929	Instrumentos musicales/Viento			Kudu Shofar | Cuerno Kosher de Israel | Tamaño 27-31 pulgadas
SIN SUB	p262933	Instrumentos musicales/Viento			Cuerno original Kosher de Shofar de carnero pulido completo de Israel – Instrumento musical judío fá
SIN SUB	p262941	Instrumentos musicales/Viento			Juego de Shofar Israel, Shofar de cuerno de Kudu natural, instrumento musical tradicional kosher yem
SIN SUB	p262961	Instrumentos musicales/Viento			Didgeridoo - Madera de teca pintada (51 pulgadas)
SIN SUB	p262962	Instrumentos musicales/Viento			HalleluYAH Kudu Shofar original Kosher semipulido | De Israel
SIN SUB	p262967	Instrumentos musicales/Baterías			Cincinnati - Tabla de lavado con bolsillo - Instrumento de percusión portátil con caja de resonador
SIN SUB	p262991	Instrumentos musicales/Viento			Shofars Of Shalom Kudu Shofar Horn, original hermoso acabado medio pulido medio natural, fácil de so
SIN SUB	p263004	Instrumentos musicales/Baterías			Meinl Percussion - Bolsa de percusión profesional de uso mixto con divisor, tela resistente, correa 
SIN SUB	p263009	Instrumentos musicales/Baterías			Meinl Percussion BPP-1 - Paquete de bongo y percusión para sesiones de atascos o conjuntos acústicos
SIN SUB	p263014	Instrumentos musicales/Baterías			Menolana Tabla de Lavar, Instrumento Musical de percusión Compacto para Principiantes y Profesionale
SIN SUB	p263024	Instrumentos musicales/Viento			Holy Voice Kosher Kudu Shofar Cuerno de Israel de 28 a 32 pulgadas, tradicional medio pulido Kudu Ye
SIN SUB	p263028	Instrumentos musicales/Baterías			LP LP601NYDW BongoCity Mad Vino
SIN SUB	p263032	Instrumentos musicales/Viento			Holy Voice Kosher Kudu Shofar Cuerno de Israel – Shofar tradicional de Yemenita semipulido incluye b
SIN SUB	p263036	Instrumentos musicales/Baterías			TreeWorks Chimes Classic - Instrumento de percusión de una sola fila grande - Fabricado en Estados U
SIN SUB	p263039	Instrumentos musicales/Baterías			Meinl MCPT Soporte para Percusión
SIN SUB	p263048	Instrumentos musicales/Baterías			Walfront Tambor de Cajón de Cebra, Instrumento de Percusión de Superficie Lisa para Principiantes y 
SIN SUB	p263061	Instrumentos musicales/Viento			YOMTOV-SHALOM | Kudu Shofar | Shofar para la venta | Kosher de Israel | 35-39 pulgadas
SIN SUB	p263064	Instrumentos musicales/Baterías			LP LP601NYAW Bongo City Mad Natural
SIN SUB	p263116	Instrumentos musicales/Baterías			Tambor de mano, 55.9 cm, D menor, 440 Hz, 10 notas, en acero de alta calidad, instrumento para adult
SIN SUB	p263119	Instrumentos musicales/Baterías			AUDIOTEK Set Congas 11 y 12 Pulgadas Tripode Ajustable Piel Natural Acero Madera 5 Piezas Percusion 
SIN SUB	p263125	Instrumentos musicales/Viento			Holy Voice Kosher Kudu Shofar Cuerno de Israel de 39 a 41 pulgadas – Shofar tradicional medio pulido
SIN SUB	p263133	Instrumentos musicales/Baterías			LP LPA601AW Bongos Aspire
SIN SUB	p263168	Instrumentos musicales/Baterías			Meinl Percussion MIT810CH Mini Timbales de acero montables de 8 pulgadas y 10 pulgadas, acabado crom
SIN SUB	p263208	Instrumentos musicales/Baterías			Pearl Travel Conga*
SIN SUB	p263217	Instrumentos musicales/Baterías			Conjunto de conga ultraligero de la serie Discovery con soporte; Espuma marina
SIN SUB	p263248	Instrumentos musicales/Viento			Shofar Kosher Natural de Israel Original I Juego de Cuerno de Shofar Kudu
SIN SUB	p263269	Instrumentos musicales/Baterías			Tycoon Percussion TTI 1314B Timbal (TTI-1314B)
SIN SUB	p263273	Instrumentos musicales/Baterías			TIMBALES MEINL MOD. MTT1415BK
SIN SUB	p263285	Instrumentos musicales/Baterías			Tony Succar Signature Timbalitos
SIN SUB	p263294	Instrumentos musicales/Baterías			LP Karl Perazzo Timbales
SIN SUB	p263298	Instrumentos musicales/Baterías			Toca Timbal (TPT1415BC)
SIN SUB	p263299	Instrumentos musicales/Baterías			Toca Jimmie TOCA Bongo Jimmie Morales 7" & 8 1/2" fibra de vidrio violeta con brillo
SIN SUB	p263319	Instrumentos musicales/Baterías			TIMBALES MEINL MOD. MT-1415BN
SIN SUB	p263333	Instrumentos musicales/Baterías			Pearl 29,8 cm Travel Conga
SIN SUB	p263342	Instrumentos musicales/Baterías			LP M258 Timbales Matador
SIN SUB	p263356	Instrumentos musicales/Baterías			TIMBALES MEINL MOD. MT-1415B
SIN SUB	p263360	Instrumentos musicales/Baterías			LP Prestige Series Timbales de latón (13 pulgadas/14 pulgadas)
SIN SUB	p263367	Instrumentos musicales/Baterías			Ludwig Instrumento de percusión (LS403XX1Q)
SIN SUB	p263390	Instrumentos musicales/Baterías			Lp Tito Puente - Timbales de latón (38,1 cm y 40,6 cm)
SIN SUB	p263413	Instrumentos musicales/Baterías			TIMBALES MEINL MOD. LC1-STS
SIN SUB	p263418	Instrumentos musicales/Baterías			Tambores De Espíritu Vacíos 14 "15 Tonos Principiantes Color Tambor Vacío Disco Mano Instrumentos Mu
SIN SUB	p263421	Instrumentos musicales/Baterías			Tambores De Espíritu Vacíos 14 "15 Tonos Principiantes Color Tambor Vacío Disco Mano Instrumentos Mu
SIN SUB	p263424	Instrumentos musicales/Baterías			Latin Percussion lp258slp Tito Puente Thunder Timbales, acero con soporte
SIN SUB	p26349	Cargadores y adaptadores/Otros			Nail Art Tools 4 Timers Setting UV Light with EU Plug Adapter Gel Nail Lamp
SIN SUB	p263522	Instrumentos musicales/Baterías			Tambores Vacíos Instrumentos Musicales Color De Disco Mano Principiantes Genuinos 15 Tonos Lengua Ac
SIN SUB	p263661	Instrumentos musicales/Baterías			Cuencos Cantores de Cristal de Cuarzo, Instrumento de Sonido Tazón Instrumentos Musicales Instrument
SIN SUB	p263687	Instrumentos musicales/Baterías			Cuencos Cantores de Cristal de Cuarzo, Instrumento de Sonido Tazón Instrumentos Musicales Instrument
SIN SUB	p263700	Instrumentos musicales/Baterías			Tambores Empáticos Instrumentos Musicales Color Vacíos De Disco Mano Principiantes Tambor 15 Tonos A
SIN SUB	p263711	Instrumentos musicales/Baterías			Set decuencos cantores de Cristal, Instrumento de Sonido Tazón Instrumentos Musicales Instrumentos d
SIN SUB	p263747	Instrumentos musicales/Baterías			Cuencos Cantores de Cristal de Cuarzo, Instrumento de Sonido Tazón Instrumentos Musicales Instrument
SIN SUB	p263774	Instrumentos musicales/Baterías			Tambores De Espíritu Vacíos 14 "15 Tonos Principiantes Color Tambor Vacío Disco Mano Instrumentos Mu
SIN SUB	p263779	Instrumentos musicales/Baterías			Tambores De Espíritu Vacíos 14 "15 Tonos Principiantes Color Tambor Vacío Disco Mano Instrumentos Mu
SIN SUB	p263796	Instrumentos musicales/Baterías			Tambores de espíritu vacíos 14 "15 tonos principiantes Color tambor vacío tambores de disco de mano 
SIN SUB	p263798	Instrumentos musicales/Baterías			Tambores de espíritu vacíos 14 "15 tonos principiantes Color tambor vacío tambores de disco de mano 
SIN SUB	p263855	Instrumentos musicales/Baterías			Set decuencos cantores de Cristal, Instrumento de Sonido Tazón Instrumentos Musicales Instrumentos d
SIN SUB	p263869	Instrumentos musicales/Baterías			12 Notas Re Menor 22 Pulgadas Tambor de Mano de Acero Pan de Acero Instrumentos Musicales para Yoga 
SIN SUB	p263953	Instrumentos musicales/Baterías			Instrumento De Tambor Hueco Adulto Principiante Modelo Cobre 14 "14 Tono Color Lengua Acero Disco Ma
SIN SUB	p264002	Instrumentos musicales/Viento			Hulusi - Instrumento musical chino tradicional de seda de sándalo rojo (tamaño : llave F) (llave C)
SIN SUB	p264003	Instrumentos musicales/Viento			Cuerno francés intermedio BB/F High F Three F Tres Cuerno Material De Latón De Seis Válvulas Reloj S
SIN SUB	p264035	Instrumentos musicales/Baterías			Genérico Juego De Tambor Infantil Instrumento Musical Educativo
SIN SUB	p264041	Instrumentos musicales/Baterías			Tambor Arcoíris Multicolor Fácil de Tocar para Niños Clase de Música Instrumento Percusión Orff (8 P
SIN SUB	p264048	Instrumentos musicales/Baterías			Tambor de Mano, Instrumento de Percusión Multicolor de PVC para Educación y Interpretación Musical I
SIN SUB	p264058	Instrumentos musicales/Baterías			Tambor oceánico de Madera de 20 cm con Sonidos oceánicos y Conchas Madera Dura para aliviar el estré
SIN SUB	p264080	Instrumentos musicales/Baterías			templo Zen - templo pescado madera, templo alcanhorwood budista templo Zen Tambor meditación Instrum
SIN SUB	p264089	Instrumentos musicales/Baterías			Tambor oceánico de 8 Pulgadas, Instrumento Musical de Madera con Conchas Madera Dura para Alivio del
SIN SUB	p264099	Instrumentos musicales/Baterías			Tenglan ® Crow Sounder Altissima Musical Instrumentos de Percusión para niños
SIN SUB	p264114	Instrumentos musicales/Baterías			Zen madera, instrumento budista, tambor pescado madera con ojos pequeños, adorno templo, decoración 
SIN SUB	p264150	Instrumentos musicales/Baterías			Tambor de Mano, Instrumento de Percusión Multicolor de PVC para Educación y Interpretación Musical I
SIN SUB	p264152	Instrumentos musicales/Baterías			Rain Drum for Outside Garden, Tambor Lengua Acero, Instrumentos Musicales Jardín, Timbre Lluvia Tamb
SIN SUB	p264153	Instrumentos musicales/Baterías			Tambor oceánico, tambor de madera con sonidos oceánicos de 8 pulgadas con conchas madera dura para a
SIN SUB	p264172	Instrumentos musicales/Baterías			UGPLM Rim Batter Hoop Tambor de 8 Agujeros, Accesorio Musical de Borde, Piezas de Instrumentos de pe
SIN SUB	p264182	Instrumentos musicales/Baterías			Tambor de Mano de Hermoso Instrumento de Percusión de Superficie Pulida para Fiestas Infantiles Colo
SIN SUB	p264194	Instrumentos musicales/Baterías			SUPVOX Bongós para Niños 1 Set de Madera, Percusión Infantil Rojo
SIN SUB	p264202	Instrumentos musicales/Baterías			zolyet Tambor africano de 4 pulgadas, portátil, ro, con patrón de bongó, para principiantes, para cl
SIN SUB	p264209	Instrumentos musicales/Baterías			Bongó para Niños, 1 Set de Instrumento de Percusión de Madera y Plástico
SIN SUB	p264216	Instrumentos musicales/Baterías			TreeWorks Chimes - Juego de 3 batidores triangulares – Fabricado en Estados Unidos – Golpeadores de 
SIN SUB	p264223	Instrumentos musicales/Baterías			zolyet Tambor africano portátil de 4 pulgadas, ro, con patrón de bongó, para principiantes, para cla
SIN SUB	p264228	Otros/Varios			FLYAB Drums Adornos de Navidad, decoración de instrumentos musicales para
SIN SUB	p264237	Instrumentos musicales/Baterías			menolana Pastilla para tambor, instrumento percusión, aleación aluminio, ligero, portátil y práctico
SIN SUB	p264249	Instrumentos musicales/Baterías			Noamus - Campanas de computadora de 8 notas, instrumento de percusión de campanas de metal diatónico
SIN SUB	p264252	Instrumentos musicales/Baterías			Palos de Ritmo de de Haya Premium Instrumentos de Percusión Educativos para Niños Actividades en el 
SIN SUB	p264253	Instrumentos musicales/Baterías			Tomshin Instrumentos de percusión, 11 Uds. Kit de Instrumentos de percusión de Mano para niños, Jueg
SIN SUB	p264254	Instrumentos musicales/Baterías			Juego de Bongós de 4'' y 5'' para Adultos Principiantes, Bongós de Piel Natural Sintonizables, Instr
SIN SUB	p264257	Instrumentos musicales/Baterías			Caja de marcha, caja de Metal 13 pulgadas con palo y correa para el hombro, instrumentos percusión p
SIN SUB	p264260	Instrumentos musicales/Baterías			Caja de marcha, caja de metal 13 pulgadas con palo y correa para el hombro, instrumentos percusión p
SIN SUB	p264270	Instrumentos musicales/Baterías			Tambor de océano de 10 puladas, Instrumento de percusión de Tambor de Ola de mar de Mano de Madera, 
SIN SUB	p264277	Instrumentos musicales/Baterías			HUIOP Percussion Instruments Kit,11 Uds. Kit de Instrumentos de percusión de Mano para Conjunto de I
SIN SUB	p264280	Instrumentos musicales/Baterías			TDOCK Bloque de Percusión Musical Azul, Instrumento de Tambor Latino, Plástico
SIN SUB	p264286	Instrumentos musicales/Baterías			Soporte de Tambor, Práctica de Tambor Almohadilla de de Soporte de Plegable Trípode de Trípode Ajust
SIN SUB	p264294	Instrumentos musicales/Baterías			Campanas de Barra de 25 Tonos Instrumento de percusión Musical de una Fila de 25 Barras
SIN SUB	p264319	Instrumentos musicales/Viento			Didgeridoo - Tatuaje de bambú maorí hecho a mano de 48-54 pulgadas, arte musical con tonos ricos, op
SIN SUB	p264333	Instrumentos musicales/Baterías			Tambor de lluvia para exteriores, 11 notas de acero con 11 notas para yoga, meditación, educación mu
SIN SUB	p264344	Instrumentos musicales/Baterías			Drum Enhancer, Drums Kick Boost con Adhesivo Protector de Apertura, Accesorios para Instrumentos de 
SIN SUB	p264350	Instrumentos musicales/Viento			HalleluYAH - Shofar de terciopelo café con versículo de salmos, talla S, se adapta a Shofars de 14 a
SIN SUB	p264352	Instrumentos musicales/Baterías			Castle Fairy - Juego de sábanas de tambor 3D para niños, adolescentes y adultos, sábana bajera ajust
SIN SUB	p264354	Instrumentos musicales/Viento			Schofar: Auténtico y Kosher Pulido Ramhorn Shofar de Israel (25,4 cm - 30,5 cm)
SIN SUB	p264365	Instrumentos musicales/Baterías			Meinl Percussion MYO-CAJ Kit Hacer Su Propio Cajón (Video), Kit De Cajón De Bongo: Natural
SIN SUB	p264370	Instrumentos musicales/Baterías			Coctelera de concha de semillas natural con bolsa, instrumento de percusión hecho a mano, coctelera 
SIN SUB	p264380	Instrumentos musicales/Baterías			Tomshin SD6 Cajon Hand Drum Cajon Drum Instrumento de percusión con Bolsa de Transporte portátil par
SIN SUB	p264413	Instrumentos musicales/Baterías			Washboard Zydeco frottoir scrubboard Instrumento de percusión última intervensión Scratchers miniatu
SIN SUB	p264415	Instrumentos musicales/Baterías			Brazos y varillas de montaje de percusión latina (LP592S-X)
SIN SUB	p264416	Instrumentos musicales/Baterías			RUOSWTE Bongo De Ron Jembe, Ron De Copa Hecho De Cabeza De Ron De Cuero De Cabra, Tela Pintada A Man
SIN SUB	p264428	Instrumentos musicales/Baterías			Walfront Caja de Tambor de Cajón, Tambor de Mano de de Cebra, Instrumento de Percusión de Superficie
SIN SUB	p264440	Instrumentos musicales/Baterías			8 Piezas Tubo de Percusión de Colores Educativo Tubo Musical Multicolor Seguro Kit de 8 Tubos para P
SIN SUB	p264451	Instrumentos musicales/Viento			Cuerno original Kosher de Shofar de carnero pulido completo de Israel – Instrumento musical judío fá
SIN SUB	p264466	Instrumentos musicales/Viento			Didgeridoo estéreo compacto, Marrón, Marrón
SIN SUB	p264482	Instrumentos musicales/Baterías			EXCEART 1 marco trasero de aluminio ajustable para tambor de percusión, correa de hombro para tambor
SIN SUB	p264508	Instrumentos musicales/Baterías			New Beat NBMS-10 Soporte para Modulo Percusión
SIN SUB	p264528	Instrumentos musicales/Baterías			Meinl Percussion Bongo Mount for Conga Double Stands - NOT MADE IN CHINA - Adjustable Angle, 2-YEAR 
SIN SUB	p264539	Instrumentos musicales/Baterías			LP Aspire Bongo Soporte de montaje
SIN SUB	p264543	Instrumentos musicales/Viento			HalleluYAH Kudu Shofar original Kosher totalmente pulido de ISRAEL
SIN SUB	p264549	Instrumentos musicales/Baterías			LPM199-AW LPMC Mini Bongos de madera natural sintonizables
SIN SUB	p264550	Instrumentos musicales/Baterías			Soporte de percusión, soporte for instrumentos, Bongos plegables, tambor africano, altura ajustable,
SIN SUB	p264561	Instrumentos musicales/Baterías			SOPORTE MEINL P/PERCUSION MOD. MC-PTS
SIN SUB	p264573	Instrumentos musicales/Baterías			Meinl - Caja de percusión Jam Cajon con tono de caja y tono de graves para música acústica, fabricad
SIN SUB	p264584	Instrumentos musicales/Baterías			Meinl Percussion Tambor Bongo (HB50GB)
SIN SUB	p264586	Instrumentos musicales/Viento			YOMTOV-SHALOM | Shofars de Kudu a la venta | Kosher de Israel | Reyes del Shofar | Fábrica original 
SIN SUB	p264598	Instrumentos musicales/Viento			Native American Style Flautas dobles Notas E F (E)
SIN SUB	p264602	Instrumentos musicales/Viento			Gemsbok Oryx Oryex Chofar Shofar Kosher de Israel (64 cm)
SIN SUB	p264621	Instrumentos musicales/Baterías			Pyle Jam PCJD18 - Caja de percusión de madera con cuerdas
SIN SUB	p264623	Instrumentos musicales/Viento			HalleluYAH Kudu Shofar original Kosher medio pulido de ISRAEL
SIN SUB	p264625	Instrumentos musicales/Viento			Juego de Shofar Israel, Shofar de cuerno de Kudu natural, instrumento musical tradicional kosher yem
SIN SUB	p264634	Instrumentos musicales/Baterías			TIMBALES NEW BEAT MOD. LT-456CD
SIN SUB	p264639	Instrumentos musicales/Baterías			Pico Drum2 Sintetizador de tambor Módulo Eurorack
SIN SUB	p264658	Instrumentos musicales/Viento			HalleluYAH Kudu Shofar original Kosher totalmente pulido | De Israel
SIN SUB	p264722	Instrumentos musicales/Viento			Juego de Flautas de ébano con Cuerpo Duradero, chapadas en Plata, 17 Orificios Abiertos, Instrumento
SIN SUB	p264823	Instrumentos musicales/Baterías			Tambores De Espíritu Vacíos 14 "15 Tonos Principiantes Color Tambor Vacío Disco Mano Instrumentos Mu
SIN SUB	p264824	Instrumentos musicales/Baterías			Tambores De Espíritu Vacíos 14 "15 Tonos Principiantes Color Tambor Vacío Disco Mano Instrumentos Mu
SIN SUB	p264836	Instrumentos musicales/None			Brillante Instrumento Musical | Dorado, Duraro, Viento Metal, para Conciertos
SIN SUB	p265024	Instrumentos musicales/Baterías			Set decuencos cantores de Cristal, Instrumento de Sonido Tazón Instrumentos Musicales Instrumentos d
SIN SUB	p265026	Instrumentos musicales/Viento			Cuerno francés intermedio Doble Cuerno Francés F/BB Instrumentos Musicales 4 Válvulas
SIN SUB	p265028	Instrumentos musicales/Viento			Cuerno francés intermedio Las Últimas Hermosas 4 Teclas BB/F Doble Bronce De Latón De Latón Instrume
SIN SUB	p265046	Instrumentos musicales/Baterías			Instrumento De Tambor Hueco Adulto Principiante Modelo Cobre 14 "14 Tono Color Lengua Acero Disco Ma
SIN SUB	p265060	Instrumentos musicales/Baterías			Tambores De Disco Mano Gentoo Profesionales Huecos Colores Carbonizados Instrumentos Tambor For Prin
SIN SUB	p265095	Instrumentos musicales/Viento			Hulusi - Instrumento musical chino tradicional de seda de sándalo rojo (tamaño : llave F) (llave D)
SIN SUB	p265098	Instrumentos musicales/Viento			Hulusi Instrumento musical chino tradicional de seda de calabaza (tamaño : llave B) (llave C)
SIN SUB	p265119	Instrumentos musicales/Baterías			Introducción A La Percusión Manual Etérea De Nivel Profesional Instrucción For Principiantes Mr. Goo
SIN SUB	p265129	Instrumentos musicales/Viento			Hulusi - Instrumento musical chino tradicional de seda de sándalo rojo (tamaño : llave F) (llave G)
SIN SUB	p265135	Instrumentos musicales/Baterías			Introducción A La Percusión Manual Etérea De Nivel Profesional Instrucción For Principiantes Mr. Goo
SIN SUB	p265174	Instrumentos musicales/Baterías			Introducción a la percusión manual Baterías etéreas de nivel profesional Mr. Good Cold Instrument In
SIN SUB	p265182	Instrumentos musicales/Viento			Instrumento Musical De Cuerno Dorado Lacado De Latón Con Cuerno De Cobre Blanco Plano B Con Accesori
SIN SUB	p265183	Instrumentos musicales/Viento			Cuerno Francés para Principiantes Instrumento Musical De Cuerno Dorado Lacado De Latón Con Cuerno De
SIN SUB	p265188	Instrumentos musicales/Viento			Instrumento de viento metal bajo en si bemol adecuado para interpretación profesional
SIN SUB	p265243	Instrumentos musicales/Baterías			Platos de dedo Ritmos danza del vientre Instrumento musical percusión para fiestas bailarines
SIN SUB	p265257	Instrumentos musicales/None			Instrumento musical, Instrumento musical
SIN SUB	p265298	Otros/Varios			s de Instrumento Musical decoraciones 2D de acrílico rosa en forma de
SIN SUB	p265300	Otros/Varios			s de Instrumento Musical decoraciones 2D de acrílico rosa en forma de
SIN SUB	p265325	Otros/Varios			Adornos de Instrumento Musical decoraciones 2D de acrílico rosa en forma de
SIN SUB	p265327	Instrumentos musicales/Baterías			Cinturón Resistente al Desgaste para Tambor, cinturón para Instrumentos Musicales de percusión
SIN SUB	p265329	Otros/Varios			Genérico Adornos de Instrumento Musical Bonito corazón Rosa en acrílico 2D
SIN SUB	p265330	Otros/Varios			Adornos de Instrumento Musical Decoraciones 2D de acrílico Rosa en Forma de
SIN SUB	p265339	Otros/Varios			Adornos de Instrumento Musical Decoración para el Hogar en Forma de Corazón
SIN SUB	p265350	Instrumentos musicales/Baterías			Tambor Para Niños - Con Correa Ajustable Instrumento Musical De Juego Music
SIN SUB	p265364	Instrumentos musicales/Baterías			Tambor Oceánico, Tambor de Maciza de 10 Pulgadas con Cuentas Onduladas, Instrumento Musical de Percu
SIN SUB	p265383	Instrumentos musicales/Baterías			1 Paquete Anillos de Control de Tono de Tambor para Instrumento Musical - , 12 '' 13 '' 14 '' 16 ''
SIN SUB	p265390	Instrumentos musicales/Baterías			Arpa de mandíbula de acero inoxidable, arpa de boca portátil para principiantes, instrumento musical
SIN SUB	p265400	Instrumentos musicales/Baterías			Arpa de mandíbula portátil, arpa judía de acero inoxidable, arpa de boca rusa, percusión étnica de m
SIN SUB	p265408	Instrumentos musicales/Baterías			Set de Instrumentos de Percusión Compacto para Principiantes, Negro
SIN SUB	p265413	Instrumentos musicales/Viento			Chino Hecho a Mano Bambú Negro Hulusi Cucurbitácea Instrumento Musical Étnico Clave de C con la Caja
SIN SUB	p265415	Instrumentos musicales/Baterías			Veemoon Piel Natural de Cabra Redonda 45cm para Instrumento Chamánico Congo, Reemplazo de Percusión,
SIN SUB	p265423	Instrumentos musicales/Baterías			Campana de meditación tibetana, instrumento de percusión artesanal artesanía del templo budista de l
SIN SUB	p265426	Instrumentos musicales/Baterías			Cuchara de Madera de 8.3 Pulgadas, Instrumento Percusión Tradicional, Madera Natural
SIN SUB	p265468	Instrumentos musicales/Viento			Broche de cuerno francés, broche de instrumentos musicales, broche de solapa en forma de cuerno fran
SIN SUB	p265470	Instrumentos musicales/Baterías			Kit de 3 patas de goma para patas de percusión (pequeño - B)
SIN SUB	p265482	Instrumentos musicales/Baterías			Instrumento de Percusión Tubo de Afinación de Goma y Aleación, 1 Set
SIN SUB	p265492	Instrumentos musicales/Baterías			12 palos de música rítmica de madera, palitos de percusión para orffs, instrumentos de percusión, pa
SIN SUB	p265513	Instrumentos musicales/Baterías			Alesis Module Mount Placa de Montaje para Percusión
SIN SUB	p265526	Otros/Varios			12 hojas de plantillas de notas musicales para pintura, instrumentos musicales y personal, plantilla
SIN SUB	p265540	Instrumentos musicales/Baterías			Jiayouy - Juego de 2 piezas para bombonos, aleación de aluminio, cabeza de martillo, accesorio para 
SIN SUB	p265567	Otros/Varios			Guirnalda de fiesta temática para DJ, pancarta de feliz cumpleaños, guirnalda de letrero de fiesta d
SIN SUB	p265576	Instrumentos musicales/Baterías			MIHEY - Cuchara musical - Percusión irlandesa
SIN SUB	p265603	Instrumentos musicales/Baterías			chamán | Tambor chamánico hecho a mano, instrumento musical creativo, adorno artesanal hecho a mano,
SIN SUB	p265604	Instrumentos musicales/Baterías			Tambor Africano de 8 Pulgadas, Superficie de Piel de Cabra Preafinada, Cuerpo de PVC, Instrumento de
SIN SUB	p265607	Instrumentos musicales/Baterías			Keenso Tambor Africano de 8 Pulgadas, Cuerpo de PVC con Cabeza de Piel de Cabra, Tambor de Mano, Lig
SIN SUB	p265636	Otros/Varios			Erosebridal - Juego de 3 piezas para decoración de pared para sala de estar, recámara, flores blanca
SIN SUB	p266983	Videojuegos/Otros accesorios gamer			Cámara Hori Piraña Plant para Nintendo Switch 2 - Cámara Planta Piraña - Accesorio Gamer Oficial
SIN SUB	p266984	Videojuegos/Otros accesorios gamer			Cámara Hori Piraña Plant para Nintendo Switch 2 - Cámara Planta Piraña - Accesorio Gamer Oficial
SIN SUB	p267403	Otros/Varios			Refrigeradores de teléfonos móviles for Juegos Accesorios Ventilador refrigeración celulares Recarga
SIN SUB	p267404	Otros/Varios			Refrigeradores de teléfonos móviles for Juegos Accesorios Ventilador refrigeración celulares Recarga
SIN SUB	p267405	Otros/Varios			Refrigeradores de teléfonos móviles for Juegos Accesorios Ventilador refrigeración celulares Recarga
SIN SUB	p267841	Autos, bicicletas y motos/None			Fuente de alimentación DC regulable para prueba cargador batería motor
SIN SUB	p267842	Autos, bicicletas y motos/None			Fuente de alimentación DC regulable para prueba cargador batería motor
SIN SUB	p268033	Baterías portátiles/			Batería de fosfato de Hierro y Litio de 24V, batería de Litio portátil para Exteriores de 6Ah 12Ah 2
SIN SUB	p268034	Baterías portátiles/			Batería de fosfato de Hierro y Litio de 24V, batería de Litio portátil para Exteriores de 6Ah 12Ah 2
SIN SUB	p268035	Baterías portátiles/			Batería de fosfato de Hierro y Litio de 24V, batería de Litio portátil para Exteriores de 6Ah 12Ah 2
SIN SUB	p268036	Baterías portátiles/			Batería de fosfato de Hierro y Litio de 24V, batería de Litio portátil para Exteriores de 6Ah 12Ah 2
SIN SUB	p268037	Baterías portátiles/			Batería de fosfato de Hierro y Litio de 24V, batería de Litio portátil para Exteriores de 6Ah 12Ah 2
SIN SUB	p268038	Baterías portátiles/			Batería de fosfato de Hierro y Litio de 24V, batería de Litio portátil para Exteriores de 6Ah 12Ah 2
SIN SUB	p268421	Instrumentos musicales/Baterías			Tambores Vacíos Instrumentos Musicales Color De Disco Mano Principiantes Genuinos 15 Tonos Lengua Ac
SIN SUB	p268422	Instrumentos musicales/Baterías			Tambores Vacíos Instrumentos Musicales Color De Disco Mano Principiantes Genuinos 15 Tonos Lengua Ac
SIN SUB	p268423	Instrumentos musicales/Baterías			Tambores Vacíos Instrumentos Musicales Color De Disco Mano Principiantes Genuinos 15 Tonos Lengua Ac
SIN SUB	p268427	Instrumentos musicales/Baterías			Instrumento De Tambor Hueco Adulto Principiante Modelo Cobre 14 "14 Tono Color Lengua Acero Disco Ma
SIN SUB	p268455	Iluminación/None			BAIWOLF Lámparas de Esfera de Planetas,
SIN SUB	p268456	Iluminación/None			Ejoyous - Bola de Cristal con Base de Lu
SIN SUB	p269094	Instrumentos musicales/Baterías			Tama Imperialstar - Juego completo de tambor - 5 piezas - 22 pulgadas - Envoltura de roble negro
SIN SUB	p269366	Instrumentos musicales/Viento			SEWACC 100 Unidades Papel Absorbente para Instrumentos de Viento,
SIN SUB	p269367	Instrumentos musicales/Viento			Yamaha YVS-120 Alto Venova Instrumento de viento casual
SIN SUB	p269405	Instrumentos musicales/Viento			Key of C Flate Bitter Bamboo Dizi Instrumento de viento de tradicional chino hecho a mano con bolsa 
SIN SUB	p269457	Instrumentos musicales/Viento			Cojín de silicona suave para el dedo, 5 piezas, accesorios para instrumentos de viento, color negro,
SIN SUB	p269484	Instrumentos musicales/Viento			Técnicas Básicas para Tocar un Instrumento de Viento Metal
SIN SUB	p269496	Instrumentos musicales/Viento			0 Instrumento de Viento
SIN SUB	p269499	Instrumentos musicales/Viento			Jiayouy Herramientas de extracción de abolladuras de aluminio con cabeza de bola de 0,8 a 1 mm para 
SIN SUB	p269507	Instrumentos musicales/Viento			VANDOREN Instrumento de viento (SM602)
SIN SUB	p269518	Instrumentos musicales/Viento			Clip Ajustable Instrumento Viento Portátil Clip Ajustable Instrumento
SIN SUB	p269532	Videojuegos/Otros accesorios gamer			HyperX QuadCast 2 - Micrófono USB para Juegos, transmisión y podcasting, con Controles Integrados, i
SIN SUB	p269606	Audífonos/None			JYX Micrófono USB Condensador RGB con Control de Eco, Iluminación LED, Salida para Auriculares y Bot
SIN SUB	p269609	Audífonos/None			FIFINE Micrófono dinámico XLR/USB para grabación de podcasts, micrófono de transmisión juegos comput
SIN SUB	p269652	Cámaras y fotografía/None			Shure BLX14/P31 Sistema Inalámbrico con Micrófono de Diadema, Condensador, Cardioide
SIN SUB	p269709	Audífonos/None			Steinberg UR22C Recording Pack, incluye microfono y audifonos.
SIN SUB	p269710	Televisores/None			Production sound mixer logbook , No. 06: Audio Tracking, Sound Reports, Equipment Notes & Production
SIN SUB	p269716	Televisores/None			Sports Productions for Television
SIN SUB	p269717	Televisores/None			T He Complete Guide to Live Television Sports Production: From Camera Operator to Sports Producer: 1
SIN SUB	p269718	Televisores/None			THE COMPLETE GUIDE TO LIVE TELEVISION SPORTS PRODUCTION: From Camera Operator to Sports Producer
SIN SUB	p269723	Instrumentos musicales/Baterías			MTC-5485 Teclado Musical 54 Teclas con 10 Percusiones, 100 Ritmos, 100 Tonos, 10 Canciones Demo, Gra
SIN SUB	p269729	Instrumentos musicales/Baterías			Kaiser Teclado Musical Versátil con 61 Teclas con Luz, 61 Percusiones, 300 Ritmos, 300 Tonos, 21 Can
SIN SUB	p269794	Instrumentos musicales/Baterías			Donner DMK25 Pro MIDI - driver de teclado MIDI de 25 mini teclas, portátil USB-C MIDI con 8 almohadi
SIN SUB	p269948	Audífonos/None			Blackstar Debut 15E - Amplificador de Guitarra eléctrica para Principiantes con Efecto de retardo, E
SIN SUB	p269960	Audífonos/None			BLACKSTAR Debut 10E - Amplificador de Guitarra eléctrica para Principiantes con Efecto de retardo, E
SIN SUB	p269962	Audífonos/None			Blackstar Debut 30E - Amplificador de guitarra eléctrica para principiantes con efecto de retardo, e
SIN SUB	p269968	Audífonos/None			Vox amPlug Brian May - Amplificador de Guitarra para Auriculares con Refuerzo de Agudos, retardo de 
SIN SUB	p270161	Audífonos/None			POENVFPO Pedal Multiefectos, 6 Módulos de Efectos con Batería Recargable y Salida de Auriculares, pa
SIN SUB	p271621	Audífonos/None			LiberLive - Liberate Your Music Live, Guitarra Eléctrica Inteligente sin Cuerdas, Acompañamiento Aut
SIN SUB	p272586	Lavadoras/None			Accesorios para Platillos de Batería, Kit de Tuercas de Ala y Fieltros, Material de Fieltro y Metal,
SIN SUB	p272769	Instrumentos musicales/Baterías			Meinl Stick & Brush Kinetic - Llave para tambor, Cromado
SIN SUB	p272783	Instrumentos musicales/Baterías			Caja de cajón portátil Bolsa de Tambor Bolsa de Tambor de Tela 600D enroa Accesorio de reemplazo de 
SIN SUB	p272815	Instrumentos musicales/Baterías			4 Piezas Clip de Micrfono de Tambor Clip de Sujecin de Micrfono Soporte de Montaje Suministros de In
SIN SUB	p272819	Instrumentos musicales/Baterías			Meinl Tamborim Bolsa - 6" Negro
SIN SUB	p272833	Instrumentos musicales/Baterías			Taburete De Tambor-Asiento Acolchado Ajustable En Altura, Taburete Redondo Portátil con Pies Antides
SIN SUB	p272926	Instrumentos musicales/Baterías			Walfront Aro de Tambor de Aleación de 14 Pulgadas y 10 Orificios, Juego de Aros de Tambor de 10 Orif
SIN SUB	p273030	Instrumentos musicales/Baterías			Caja de 14 pulgadas Instrumento de percusión Instrumentos musicales Baterías musicales para niños y 
SIN SUB	p273116	Instrumentos musicales/Baterías			Bolsa para Instrumentos de Percusión con Asas y Correas Ajustables
SIN SUB	p273360	Instrumentos musicales/Baterías			Meinl Bolsa de tambor profesional grande de lujo, tela resistente, correa de hombro ajustable y agar
SIN SUB	p273627	Instrumentos musicales/Baterías			Meinl Pickup Cajon Box Drum con cuerdas internas para efecto de trampa, no fabricado en China, Makah
SIN SUB	p273634	Instrumentos musicales/Baterías			NUX DP-2000 - Almohadilla de percusión no empotrado sensible a 8 velocidades con luces LED, interfaz
SIN SUB	p273835	Audífonos/None			Sensing Batería de silicona profesional conveniente desmontable instrumentos percusión con disparado
SIN SUB	p273866	Instrumentos musicales/Baterías			Instrumento Percusión Infantil Metal, Tambor grande
SIN SUB	p273877	Instrumentos musicales/Baterías			Instrumento Percusión Infantil Musical, Tambor grande
SIN SUB	p273882	Instrumentos musicales/Baterías			Instrumento Percusión, Conjunto Musical, Tambor grande
SIN SUB	p273950	Instrumentos musicales/Baterías			Kit pequeña percusion lote 28 instrumentos (baúl incluido)
SIN SUB	p273952	Instrumentos musicales/Baterías			Mridangam - Tambor café instrumentos musicales del sur de la India/instrumentos musicales tradiciona
SIN SUB	p273953	Instrumentos musicales/Baterías			Tambor de Acero de 15 Tonos 14 Pulgadas, Tambor para Lengua Instrumento de Percusión para Meditación
SIN SUB	p274034	Instrumentos musicales/Baterías			Ludwig - Juego de tambores (LC178X0)
SIN SUB	p274124	Instrumentos musicales/Baterías			Tamborina de acero para lengua de 11 tonos, 6 pulgadas, 11 tonos, mini caja de tamborina, instrument
SIN SUB	p274126	Instrumentos musicales/Baterías			Tamborina de acero para lengua de 11 tonos, 6 pulgadas, 11 tonos, mini caja de tamborina, instrument
SIN SUB	p274139	Instrumentos musicales/Baterías			Kit pequeña Percusion Lote 40 Instrumentos (Baúl incluido)
SIN SUB	p274143	Instrumentos musicales/Baterías			Devyom MUSICALS - Juego de mesa para tambores de mesa, calidad de concierto, 4,5 kilogramos de cobre
SIN SUB	p274210	Instrumentos musicales/Baterías			MAPEX HP6005EBDP - Juego de accesorios para tambor
SIN SUB	p274211	Instrumentos musicales/Baterías			TAMA DSS72S - Bolsa de tambor
SIN SUB	p274215	Instrumentos musicales/Baterías			Ludwig - Tambor de acrolita de 14 x 6.5 pulgadas con lengüetas de tubo (LM405CT)
SIN SUB	p274216	Instrumentos musicales/Baterías			Meinl VivaRhythm VR-SDSET-NH Boom Series - Juego de tambor de 2 piezas, cabezales de napa pre-ajusta
SIN SUB	p274237	Instrumentos musicales/Baterías			Gretsch Drums - Juego de tambores (CM1-E825-BS), color negro
SIN SUB	p274309	Instrumentos musicales/Baterías			Gretsch - Juego de tambores (CM1-E605-SS)
SIN SUB	p274462	Instrumentos musicales/Baterías			Ludwig LB416BT - Tambor de caja (latón, 5 x 14 pulgadas), color negro
SIN SUB	p274464	Instrumentos musicales/Baterías			Ludwig Classic Maple Downbeat - Paquete de 20 cáscaras de tambor - Oyster negro clásico
SIN SUB	p274507	Instrumentos musicales/Baterías			Introducción a la percusión manual Baterías etéreas de nivel profesional Mr. Good Cold Instrument In
SIN SUB	p274520	Instrumentos musicales/Baterías			Instrumento De Tambor Hueco Adulto Principiante Modelo Cobre 14 "14 Tono Color Lengua Acero Disco Ma
SIN SUB	p274551	Instrumentos musicales/Baterías			Tambor de percusión de acero de 10 pulgadas + bolsa de transporte de percusión (color: B) (A)
SIN SUB	p274556	Instrumentos musicales/Baterías			Tambor de acero de 14 pulgadas para lengua, tambor de 15 notas D, instrumento de percusión para yoga
SIN SUB	p274557	Instrumentos musicales/Baterías			Tambor Chino Hecho De Piel De Vaca, Adecuado Para Actuaciones De Festivales Y Accesorios De Danza De
SIN SUB	p274573	Instrumentos musicales/Baterías			Tambor chino con soporte, tambores agudos de madera maciza, accesorio para actuaciones en festivales
SIN SUB	p274580	Instrumentos musicales/Baterías			Gongs Tradicionales Chinos de Bolsa Grande, gongs de Invierno, gongs, gongs de Estrella de Cinco Pun
SIN SUB	p274690	Instrumentos musicales/Baterías			Asalato Africano Cuerda 5cm Instrumento Percusión(White)
SIN SUB	p274712	Instrumentos musicales/Baterías			Asalato Africano Cuerda 5cm Instrumento Percusión(Yellow)
SIN SUB	p277058	Instrumentos musicales/Viento			Juego Amortiguadores para Rotores de Válvula, 3 Uds Accesorios para Instrumentos de Viento de Latón 
SIN SUB	p277061	Instrumentos musicales/Baterías			Instrumentos Musicales Libro de Colorear para Niños edad 4 a 9 años: Instrumentos de cuerda, instrum
SIN SUB	p277075	Instrumentos musicales/Viento			Music Pottery - Instrumentos de viento nacionales de ocho agujeros, cerámica pequeña, instrumentos a
SIN SUB	p277083	Instrumentos musicales/None			Instrumento musical de viento folclórico , barra de palisandro de calidad, instrumento hecho a mano,
SIN SUB	p277092	Instrumentos musicales/Viento			Vaguelly 2Pcs Abrazadera Instrumento De Viento Metal Simple
SIN SUB	p277106	Instrumentos musicales/Viento			Instrumento De Viento De Cerámica Portátil De 6 Agujeros Para Principiantes Ideal Para Amantes De La
SIN SUB	p277115	Instrumentos musicales/Viento			Tenglan Key of C Flate Bitter Bamboo Dizi Instrumento de Viento de Tradicional Chino Hecho a Mano co
SIN SUB	p277116	Instrumentos musicales/Viento			BESPORTBLE Cuerda De Elástica para Accesorios De Instrumentos De Viento Compatible Tubos De Cambio p
SIN SUB	p277117	Instrumentos musicales/None			Instrumento musical de viento popular, barra de palisandro de calidad, instrumento profesional clave
SIN SUB	p277119	Instrumentos musicales/None			Instrumento musical de viento popular, barra de palisandro de calidad, instrumento profesional clave
SIN SUB	p277120	Instrumentos musicales/Viento			TOYANDONA 3piezas Huecos g Grabadora Varilla De Limpieza Para Principiantes Instrumentos De Viento
SIN SUB	p277122	Instrumentos musicales/Viento			Abaodam 15piezas Resortes De Botón Para Prácticos Para Instrumentos De Viento Accesorios y
SIN SUB	p277124	Instrumentos musicales/Viento			Vaguelly Pole Accesory De Resistente Reemplazo Práctico Para Instrumentos De Viento Compatible
SIN SUB	p277139	Instrumentos musicales/			TOYANDONA 32piezas Bocinas De Resina Para Hulusi De Accesorios Duraderos y Seguros Compatible Instru
SIN SUB	p277171	Instrumentos musicales/Viento			Lazo Elástico para Instrumentos de Viento Negro, Accesorio de Algodón
SIN SUB	p277175	Instrumentos musicales/Viento			5piezas Resortes De Válvula De Agua Para Accesorios De Instrumentos De De Alta Precisión Para Instru
SIN SUB	p277229	Instrumentos musicales/Viento			Instrumento de viento musical para principiante (rosa)
SIN SUB	p277235	Instrumentos musicales/Viento			Zerodeko Instrumento de Viento de Aleación de Cobre Dorada Ligera, Fácil de Transportar y Resistente
SIN SUB	p277236	Instrumentos musicales/Viento			Conjunto Bawu Instrumento de Viento Tradicional G Caja
SIN SUB	p277237	Instrumentos musicales/Viento			Instrumento de Viento de Aleación de Cobre Dorada para Estudiantes y Principiantes, Ligero y Fácil d
SIN SUB	p277241	Instrumentos musicales/Viento			Healifty Instrumento de Viento Ligero y Fácil de Transportar de Aleación de Cobre Dorada para Princi
SIN SUB	p277246	Instrumentos musicales/Viento			Mobestech Instrumento de Viento Instrumento Musical de Aleación de Cobre Dorada Fácil de Operar y Li
SIN SUB	p277253	Instrumentos musicales/Viento			Kisangel Hulusi C Clave Plateado Instrumento de Viento Étnico de Yunnan para Principiantes y Portáti
SIN SUB	p277254	Instrumentos musicales/Baterías			Yin Qing de Latón Dorado , Instrumento de Percusión Budista de Mano
SIN SUB	p277257	Instrumentos musicales/Viento			Instrumento De Viento De De Cerámica Alto Resina Respetuosa Con El Medio Ambiente Interpretación Mus
SIN SUB	p277258	Instrumentos musicales/Viento			Instrumento de Viento de Cobre Dorado para Principiantes, Ligero
SIN SUB	p277261	Instrumentos musicales/Viento			Kichvoe Instrumento de Viento Ligero Duradero para Principiantes Uso en Bandas Escolares y Orquestas
SIN SUB	p277262	Instrumentos musicales/Baterías			Yin Qing de Latón Dorado, Instrumento de Percusión Ritual del Templo
SIN SUB	p277271	Instrumentos musicales/Viento			Aleación de Cobre Dorado Instrumento de Viento
SIN SUB	p277272	Instrumentos musicales/Viento			Milisten Instrumento Musical Chino Para Principiantes Calabaza Hulusi Para Estudiantes Instrumento D
SIN SUB	p277273	Instrumentos musicales/Viento			Herramienta de Reparación para Instrumentos de Viento, Metal
SIN SUB	p277274	Instrumentos musicales/Viento			Juego de reparación de instrumentos de viento de acero inoxidable incluye 3 esferas de chapa metálic
SIN SUB	p277278	Instrumentos musicales/Viento			caballería, Instrumento de Viento Metal para jóvenes intérpretes, Antiguo
SIN SUB	p277284	Instrumentos musicales/Viento			caballería, Instrumento de Viento Metal para jóvenes intérpretes, Oro
SIN SUB	p277287	Instrumentos musicales/Viento			ibasenice Instrumento de Viento para Principiantes, Instrumento de Viento de Cobre, Agarre Cómodo y 
SIN SUB	p277288	Instrumentos musicales/Viento			Yardwe Herramientas De Reparación De Instrumentos De Viento Accesorios De Reparación Para Instrument
SIN SUB	p277293	Instrumentos musicales/Viento			Instrumento de Viento de Cobre Dorado, Fácil de Manejar, Tono Rico y Potente, Agarre Cómodo, Adecuad
SIN SUB	p277296	Instrumentos musicales/Viento			TOYANDONA 3piezas Core De Para Instrumento De Viento Accesorio De Para Aprendizaje y Práctica Diseño
SIN SUB	p277299	Instrumentos musicales/Viento			TOYANDONA 3piezas De De Reparación Para Instrumentos De Viento Kit De Para Multiusos
SIN SUB	p277300	Instrumentos musicales/Viento			Alasum Instrumento De Viento Con Cubierta De Latón De 4 Piezas
SIN SUB	p277301	Instrumentos musicales/Viento			Instrumento de Viento portátil para Estudiantes avanzados, niños y Profesionales.
SIN SUB	p277303	Instrumentos musicales/Viento			Mini Instrumento de Viento Metal portátil, para Orquesta, Principiantes y niños
SIN SUB	p277304	Instrumentos musicales/Viento			TOYANDONA 4piezas Kit De De Reparación Para Instrumentos De Viento Completo De Para y Horn y Portáti
SIN SUB	p277305	Instrumentos musicales/Viento			Extractor para Instrumentos de Viento Metal Ajustable Profesional
SIN SUB	p277310	Instrumentos musicales/Viento			Extractor para Instrumentos de Viento Metal Negro de Acero Inoxidable
SIN SUB	p277315	Instrumentos musicales/Viento			Extractor para Instrumentos de Viento Metal Pequeño Dorado de Aleación
SIN SUB	p277328	Instrumentos musicales/Viento			Instrumento de Viento Hulusi Verde de Resina Bakelita, si Bemol
SIN SUB	p277330	Instrumentos musicales/Viento			para instrumentos de viento, acero inoxidable
SIN SUB	p277333	Instrumentos musicales/None			Instrumento musical de viento electrónico bolsa de transporte instrumento digital viento fuerza moch
SIN SUB	p277339	Instrumentos musicales/Viento			Instrumento de Viento Chino Hulusi en Clave C, Resina, Diseño Elegante
SIN SUB	p277351	Instrumentos musicales/Baterías			Campana De Latón Instrumento De Percusión Ideal Para Meditación Decoración y Música
SIN SUB	p277356	Autos, bicicletas y motos/None			Feelin Saxy - Cuaderno de jugador de saxofón: Libreta DIN A5 (6x9) para músicos de saxofón y de inst
SIN SUB	p277358	Instrumentos musicales/Viento			Kisangel Conjunto de Instrumento de Viento Bawu Tradicional de Resina, Caja de Almacenamiento, Liger
SIN SUB	p277359	Instrumentos musicales/Viento			Gamuza instrumentos viento Metal – Selmer (Mod.2952) (para lacados) (Color Rosa)
SIN SUB	p277360	Instrumentos musicales/Viento			Hulusi Cuerno de Calabaza B Clave Instrumento de Viento Tradicional Chino con Triple Tono Cobre Chap
SIN SUB	p277383	Instrumentos musicales/Viento			VANDOREN c06p instrumento de viento accesorio
SIN SUB	p277416	Instrumentos musicales/Viento			Instrumento de Viento ABSM con Transposición
SIN SUB	p277419	Instrumentos musicales/Viento			Instrumento de Viento Instrumento Musical Ligero y Fácil de Tocar de Aleación de Cobre Dorada para P
SIN SUB	p277431	Instrumentos musicales/Viento			Instrumento de Viento de Cobre para Principiantes, Dorada
SIN SUB	p277432	Instrumentos musicales/Viento			BESTYASH Instrumento de Viento de Aleación de Cobre Dorada, Fácil de Tocar, Resistente al Óxido, par
SIN SUB	p277434	Instrumentos musicales/Viento			Instrumento Dorado de Cobre para Banda Escolar, Instrumento de Viento
SIN SUB	p277435	Instrumentos musicales/Viento			Instrumento De Viento De Bambú Amargo Adecuado Para Principiantes
SIN SUB	p277436	Instrumentos musicales/Viento			Instrumento de Viento de Aleación de Cobre para Estudiantes y Profesionales, Instrumento Musical Lig
SIN SUB	p277437	Instrumentos musicales/Viento			Instrumento de Viento para Principiantes y Estudiantes de Aleación de Cobre Dorada Instrumento Music
SIN SUB	p277438	Instrumentos musicales/Viento			Instrumento de Viento Liviano Duradero para Principiantes Uso en Bandas y Orquestas Musicales
SIN SUB	p277439	Instrumentos musicales/Viento			Instrumento De Viento De De Escuela Primaria Bambú Amargo Música Tradicional
SIN SUB	p277441	Instrumentos musicales/Viento			Instrumento de Viento de Latón Principiantes para Orquesta Militar
SIN SUB	p277442	Instrumentos musicales/Viento			18 RUTINAS BASICAS: para instrumentos de Viento Metal (interior en color) (Spanish Edition)
SIN SUB	p277445	Instrumentos musicales/Viento			SECFOU Instrumento de Viento Fácil de Tocar y Transportar de Aleación de Cobre Dorada para Principia
SIN SUB	p277447	Instrumentos musicales/Viento			Instrumento de Viento Clásico Hulusi de Calabaza para Principiantes Diseño Duradero y Cómodo con Nud
SIN SUB	p277448	Instrumentos musicales/Viento			Instrumento de Viento de Latón para Banda Escolar, para Principiantes
SIN SUB	p277449	Instrumentos musicales/Viento			Instrumento de Viento de Aleación Dorada, Ligero y Práctico
SIN SUB	p277450	Instrumentos musicales/Viento			de Latón, Instrumento de Viento para Principiantes
SIN SUB	p277451	Instrumentos musicales/Viento			Instrumento de Viento de Latón para Principiantes, Orquesta Militar
SIN SUB	p277452	Instrumentos musicales/Viento			Instrumento de Viento de Latón Instrumento Militar, para Principiantes
SIN SUB	p277453	Instrumentos musicales/Viento			Instrumento de Viento de Latón para Orquesta Militar, para Principiantes
SIN SUB	p277461	Instrumentos musicales/Viento			iplusmile Instrumento de Viento de Aleación de Cobre Dorado, Fácil de Tocar, Adecuado para Principia
SIN SUB	p277462	Instrumentos musicales/Viento			ibasenice Instrumento de Viento para Principiantes y Profesionales de Aleación de Cobre Instrumento 
SIN SUB	p277464	Instrumentos musicales/Viento			Instrumento de Viento de Aleación de Cobre Dorado Ligero para Principiantes
SIN SUB	p277465	Instrumentos musicales/Viento			Milisten de Cobre para Principiantes Instrumento de Viento para Banda Diseño Profesional y Sonido Na
SIN SUB	p277466	Instrumentos musicales/Viento			Beaupretty Instrumento de Viento Hulusi Clásico de Calabaza Porcelana para Principiantes Duradero de
SIN SUB	p277467	Instrumentos musicales/Viento			Herramienta de Instrumentos de Viento de Reparación para Tubo de Latón
SIN SUB	p277468	Instrumentos musicales/Viento			Herramienta de Reparación de Instrumentos de Viento, Metal, Plata
SIN SUB	p277469	Instrumentos musicales/Viento			Herramienta de Reparación para Instrumentos de Viento Plateada de Metal
SIN SUB	p277475	Instrumentos musicales/Viento			Herramienta y Reparación para Compacta Instrumentos de Viento, Metal
SIN SUB	p277477	Instrumentos musicales/Viento			Abaodam Accesorio Reparación Instrumentos Viento Rodillo Deformaciones De Diseño Práctico
SIN SUB	p277481	Instrumentos musicales/Viento			Instrumento de Viento Mini sin Llaves Compacto Instrumento de Viento Mini Material Musical para Prác
SIN SUB	p277482	Instrumentos musicales/Baterías			Soporte de Trípode Ajustable para Percusión Musical, Soporte Desmontable para Campanas y Timbres, Ba
SIN SUB	p277487	Instrumentos musicales/Viento			Herramienta de Reparación de Instrumentos de Viento, Kit Metálico
SIN SUB	p277488	Instrumentos musicales/Viento			Herramienta de Reparación de Instrumentos de Viento 1 Set Metal Plata
SIN SUB	p277510	Instrumentos musicales/Viento			Rodillo de Reparación de Instrumentos de Viento W60 de Metal Negro
SIN SUB	p277515	Instrumentos musicales/Viento			Herramienta extractora de metal para tuning de metal, instrumento de viento, instrumento musical, se
SIN SUB	p277516	Instrumentos musicales/Viento			Hulusi Para Principiantes Instrumento De Viento De Profesional Para Adultos Imitación De De Ébano Co
SIN SUB	p277541	Instrumentos musicales/Viento			BESPORTBLE de Cobre Profesional para Principiantes Instrumento de Viento Ligero y Duradero para Estu
SIN SUB	p277553	Instrumentos musicales/Viento			Yanagisawa Instrumento de viento (08043764)
SIN SUB	p277557	Instrumentos musicales/Viento			Accesorios para instrumentos de viento (08043765)
SIN SUB	p277578	Instrumentos musicales/Viento			Instrumento de viento musical indio de bambú natural para principiantes y profesionales
SIN SUB	p277579	Instrumentos musicales/Viento			Instrumento de viento musical indio de bambú natural para principiantes y profesionales
SIN SUB	p277581	Instrumentos musicales/Viento			Instrumento de viento musical indio de bambú natural para principiantes y profesionales
SIN SUB	p277582	Instrumentos musicales/Viento			Instrumento de viento musical indio de bambú natural para principiantes y profesionales
SIN SUB	p277584	Instrumentos musicales/Viento			Instrumento de viento musical indio de bambú natural para principiantes y profesionales
SIN SUB	p277586	Instrumentos musicales/Viento			Instrumento de viento musical indio de bambú natural para principiantes y profesionales
SIN SUB	p277587	Instrumentos musicales/Viento			Instrumento de viento musical indio de bambú natural para principiantes y profesionales
SIN SUB	p277588	Instrumentos musicales/Viento			Instrumento de viento musical indio de bambú natural para principiantes y profesionales
SIN SUB	p277589	Instrumentos musicales/Viento			Instrumento de viento musical indio de bambú natural para principiantes y profesionales
SIN SUB	p277590	Instrumentos musicales/Viento			Instrumento de viento musical indio de bambú natural para principiantes y profesionales
SIN SUB	p277600	Instrumentos musicales/Baterías			de Viento Instrumento de Percusión Tubular Barra Melódica con Colgador Integrado y Cuerdas en Madera
SIN SUB	p277602	Instrumentos musicales/Viento			El Instrumento De Viento Chino Hulusi Es Adecuado Para Conciertos Y Aprendizaje Musical. Hulusi(1)
SIN SUB	p277603	Instrumentos musicales/Viento			El Instrumento De Viento Chino Hulusi Es Adecuado Para Conciertos Y Aprendizaje Musical. Hulusi(2)
SIN SUB	p277604	Instrumentos musicales/Baterías			de Viento Instrumento de Percusión Tubular Barra Melódica Claro y Resonante en Madera y Metal para M
SIN SUB	p277605	Instrumentos musicales/Baterías			menolana de Viento Instrumento de Percusión Tubular Barra Melódica con Asa y Suspensión Resistente e
SIN SUB	p277607	Instrumentos musicales/Baterías			Almencla de Viento Instrumento de Percusión Tubular Barra Melódica Claro y Sostenido en Madera y Met
SIN SUB	p277608	Instrumentos musicales/Baterías			Generic de Viento Instrumento de Percusión Tubular Barra Melódica con Construcción Robusta en Madera
SIN SUB	p277611	Instrumentos musicales/Viento			Hulusi Para Principiantes El Hulusi Es Un Instrumento De Viento De Doble Lengüeta Con Un Mecanismo D
SIN SUB	p277613	Instrumentos musicales/Viento			Hulusi Para Principiantes Instrumento De Viento De Con 7 Agujeros Llave Hulusi C De Resina Para Adul
SIN SUB	p277615	Instrumentos musicales/Viento			FLFL Hulusi Hulusi 3 Octaves Gourd Flaute C Clave Patrones Grabados Instrumento De Viento De con Caj
SIN SUB	p277616	Instrumentos musicales/Viento			FLFL Hulusi Instrumento De Viento De Plástico De Seda De Cucurbit.
SIN SUB	p277623	Instrumentos musicales/Viento			Varilla diámetro 2,0-3,2 Ajuste Instrumentos de Viento Plata
SIN SUB	p277629	Instrumentos musicales/Viento			Keenso Instrumentos Musicales, Instrumento de Viento ABS con 10 Tonos, 4 Horas de Reproducción, Idea
SIN SUB	p277638	Instrumentos musicales/Viento			10 Uds Piezas De Hecho A Mano Accesorios Para Instrumentos De Viento Suministros De Accesorios De Tu
SIN SUB	p277650	Instrumentos musicales/Viento			Hulusi para principiantes Instrumento de viento Hulusi con llave en C para principiantes ligero y pr
SIN SUB	p277651	Instrumentos musicales/Viento			Hulusi para principiantes Hulusi plateado con llave en C instrumento de viento duradero para princip
SIN SUB	p277653	Instrumentos musicales/Viento			Instrumento De Viento Con Cuerpo Cobre Chapado En Aluminio Hulusi Tres Tonos Llave C Adecuado Para P
SIN SUB	p277655	Instrumentos musicales/Viento			Instrumento de Viento de Cobre Dorado Ligero, para Principiantes
SIN SUB	p277662	Instrumentos musicales/Viento			Hulusi profesional Instrumento de viento Hulusi con llave en C para principiantes ligero y práctico
SIN SUB	p277663	Instrumentos musicales/Viento			Hulusi para principiantes Instrumento de viento de baquelita Hulusi para principiantes
SIN SUB	p277667	Instrumentos musicales/Viento			Instrumento Musical Waldhorn De Profesional Instrumento De Viento Color Dorado y Negro Para Estudian
SIN SUB	p277671	Instrumentos musicales/Viento			Instrumento De Viento Waldhorn Premium Para Principiantes Manos De Obra Profesional
SIN SUB	p277682	Instrumentos musicales/Viento			Instrumento de viento para principiantes, adultos, amantes de la música, 12 agujeros, 48 tonos, colo
SIN SUB	p277685	Instrumentos musicales/Viento			Bolsa de viaje portátil para instrumentos de viento de lona con acolchado de espuma
SIN SUB	p277689	Instrumentos musicales/Viento			de Cobre para Principiantes Instrumento de Viento Profesional Ligera y Duradera con Timbre Preciso p
SIN SUB	p277694	Instrumentos musicales/Viento			Panpipe De Resina De 18 Tubos Instrumento De Viento Profesional Para Principiantes, Simple (Color : 
SIN SUB	p277696	Instrumentos musicales/Viento			Hulusi Para Principiantes Hulusi En Clave De Fa Y Otros Instrumentos De Viento De Con Accesorios(9)
SIN SUB	p277700	Instrumentos musicales/Viento			Hulusi Para Principiantes Hulusi Un Instrumento De Viento De Tradicional Profesional Es Azul Y
SIN SUB	p277703	Instrumentos musicales/Viento			Hulusi Para Principiantes Baquelita Coloreada Hulusi Con Llave ABS C Un Instrumento De Viento De Ami
SIN SUB	p277704	Instrumentos musicales/Viento			Hulusi Para Principiantes Hulusi Para Adultos Y Principiantes C O B Instrumento De Viento De Natural
SIN SUB	p277705	Instrumentos musicales/Viento			Hulusi Para Principiantes Hulusi Con Llave C Profesional Para Principiantes Que Tocan Instrumentos D
SIN SUB	p277706	Instrumentos musicales/Viento			Hulusi Para Principiantes Baquelita Hulusi De Color Profesional Con Llave C Para Principiantes Un In
SIN SUB	p277708	Instrumentos musicales/Viento			Hulusi Para Principiantes Hulusi En Tecla C O D Adecuado Para Principiantes Instrumento De Viento De
SIN SUB	p277709	Instrumentos musicales/Viento			Hulusi Para Principiantes Instrumento De Viento De Natural Con Llave Plana C O B Para Principiantes 
SIN SUB	p277710	Instrumentos musicales/Viento			Instrumento De Viento Con Cuerpo Cobre Chapado En Aluminio Hulusi Tres Tonos Llave C Adecuado Para P
SIN SUB	p277711	Instrumentos musicales/Viento			Instrumento De Viento Hulusi Porcelana Azul Y Blanca Para Principiantes En Clave C Si Bemol Adultos 
SIN SUB	p277716	Instrumentos musicales/Viento			Hulusi Para Principiantes Instrumento De Viento De Hulusi Hecho A Mano Para Adultos Y Principiantes 
SIN SUB	p277717	Instrumentos musicales/Viento			Hulusi Para Principiantes Instrumento De Viento Hulusi De Tres Notas Desmontable Con Llave Plana Pro
SIN SUB	p277718	Instrumentos musicales/Viento			Instrumento De Viento Con Cuerpo Cobre Chapado En Aluminio Hulusi Tres Tonos Llave C Adecuado Para P
SIN SUB	p277719	Instrumentos musicales/Viento			Instrumento De Viento Tradicional Hulusi Con Llave B/C Adecuado Para Principiantes Para Practicar Y 
SIN SUB	p277720	Instrumentos musicales/Viento			Hulusi Para Principiantes Instrumento De Viento De Profesional De Siete Agujeros Con Llave Plana Hul
SIN SUB	p277721	Instrumentos musicales/Viento			Hulusi Para Principiantes Instrumento De Viento De Hulusi Con Llave Plana C O B Con Acabado Pintado 
SIN SUB	p277722	Instrumentos musicales/Viento			Hulusi Para Principiantes El Hulusi Es Un Instrumento De Viento De Doble Lengüeta Tipo Push Pull En 
SIN SUB	p277727	Instrumentos musicales/Viento			Instrumento musical étnico chino hecho a mano Hulusi de calabaza de bambú para principiantes amantes
SIN SUB	p277747	Instrumentos musicales/Viento			Instrumento de viento musical indio de bambú natural para principiantes y profesionales
SIN SUB	p277748	Instrumentos musicales/Viento			Instrumento de viento musical indio de bambú natural para principiantes y profesionales
SIN SUB	p277750	Instrumentos musicales/Viento			Instrumento de viento musical indio de bambú natural para principiantes y profesionales
SIN SUB	p277751	Instrumentos musicales/Viento			Instrumento de viento musical indio de bambú natural para principiantes y profesionales
SIN SUB	p277753	Instrumentos musicales/Viento			Yamaha Juego de mantenimiento de instrumentos de viento para cuerno YAMAHA KOSHR5 BFKOSHR5
SIN SUB	p277756	Instrumentos musicales/Viento			Instrumento de viento musical indio de bambú natural para principiantes y profesionales
SIN SUB	p277757	Instrumentos musicales/Viento			Instrumento de viento musical indio de bambú natural para principiantes y profesionales
SIN SUB	p277759	Instrumentos musicales/Viento			Instrumento de viento musical indio de bambú natural para principiantes y profesionales
SIN SUB	p277760	Instrumentos musicales/Viento			Instrumento de viento musical indio de bambú natural para principiantes y profesionales
SIN SUB	p277761	Instrumentos musicales/Viento			Instrumento de viento musical indio de bambú natural para principiantes y profesionales
SIN SUB	p277771	Instrumentos musicales/Viento			Instrumento De Viento De 15 Tubos G Key Panpipe Instrumento De Viento De Tradicional Chino Con Bolsa
SIN SUB	p277772	Instrumentos musicales/Viento			Instrumento De Viento De 15 Tubos G Key Panpipe Instrumento De Viento De Tradicional Chino Con Bolsa
SIN SUB	p277809	Instrumentos musicales/Viento			Instrumentos de viento con patrón ciruela/loto rojo dibujados a mano, 4 agujeros, en forma D, adorno
SIN SUB	p277810	Instrumentos musicales/Viento			Instrumentos de viento con patrón ciruela/loto rojo dibujados a mano, 4 agujeros, en forma D, adorno
SIN SUB	p277811	Instrumentos musicales/Viento			IVESON J. - Dream Makers para 10 Instrumentos de Viento Metal (Partitura y Partes)
SIN SUB	p277820	Instrumentos musicales/Viento			French Horn Student: Level 3, Advanced Intermediate;Student Instrumental Course
SIN SUB	p277821	Instrumentos musicales/Viento			Instrumento escolar profesional B de caballería plano dorado para principiantes, caballería, campame
SIN SUB	p277824	Instrumentos musicales/Viento			Hulusi Para Principiantes El Hulusi De Tres Tonos Es Un Instrumento De Viento De Tradicional Profesi
SIN SUB	p277829	Instrumentos musicales/Viento			Instrumento De Viento Étnico Panpipe Para Principiantes Para Aprender A Tocar La Tecla C De 18 Tubos
SIN SUB	p277833	Instrumentos musicales/Viento			Do Mayor Instrumento De Viento Chino Hulusi Hulusi
SIN SUB	p277834	Instrumentos musicales/Viento			Hulusi para principiantes Instrumento de viento profesional Hulusi en Do Mayor
SIN SUB	p277835	Instrumentos musicales/Viento			Hulusi para principiantes Instrumento de viento Hulusi con llave en C color verde
SIN SUB	p277843	Instrumentos musicales/Viento			Instrumento De Viento Profesional Desmontable De Tres Tonos Hulusi G Para Principiantes
SIN SUB	p277845	Instrumentos musicales/Viento			Instrumento De Viento De Desmontable De Tres Tonos Con Llave En G Hulusi
SIN SUB	p277850	Instrumentos musicales/Viento			Tipo De Rendimiento Hulusi Instrumento De Viento De Desmontable De Tres Tonos Con Llave En G Hulusi
SIN SUB	p277852	Instrumentos musicales/Viento			Hulusi profesional Instrumento de viento Hulusi con llave en C color verde
SIN SUB	p277854	Instrumentos musicales/Viento			Hulusi Para Principiantes Instrumento De Viento De Tradicional C Key Hulusi Con Nudo De Cinta
SIN SUB	p277855	Instrumentos musicales/Viento			Hulusi profesional Instrumento de viento Hulusi portátil y duradero para principiantes
SIN SUB	p277857	Instrumentos musicales/Viento			Hulusi para principiantes Instrumento de viento de bambú morado Hulusi en clave de Do
SIN SUB	p277863	Instrumentos musicales/Viento			Instrumento de viento profesional Hulusi en clave de C apto para principiantes
SIN SUB	p277870	Instrumentos musicales/Viento			Mini carpeta de música portátil universal de fácil uso para instrumentos de viento plateados
SIN SUB	p277871	Instrumentos musicales/Viento			Instrumento de Viento en en Tono Bb Instrumento de Viento Material Fenólico Ajustable
SIN SUB	p277880	Instrumentos musicales/Viento			Instrumento De Viento Nacional Para Principiantes, Melodía Plana B De Seda De Calabaza De Bambú Púrp
SIN SUB	p277884	Instrumentos musicales/Viento			Instrumento De Viento Hulusi Con Tecla C Para Adulto Hulusi
SIN SUB	p277890	Instrumentos musicales/Viento			Panpipe 18 Tubos Principiante Profesional Tocando Instrumento De Viento Étnico Nivel De Entrada Espe
SIN SUB	p277892	Instrumentos musicales/Viento			Hulusi para principiantes Instrumento de viento Hulusi portátil y duradero para principiantes
SIN SUB	p277893	Instrumentos musicales/Viento			Hulusi profesional Instrumento de viento de bambú morado Hulusi en clave de Do
SIN SUB	p277894	Instrumentos musicales/Viento			Pan Pipes Instrumento Viento 15 Tubos Panpipes G Clave Principiantes Plástico ABS Panflute Profesion
SIN SUB	p277896	Instrumentos musicales/Viento			Especial De 18 Tubos Mejorados En Color Marrón Y Negro Para Que Los Principiantes Toquen Instrumento
SIN SUB	p277897	Instrumentos musicales/Viento			Hulusi Para Principiantes Hulusi Natural Profesional En C O D Y Otros Instrumentos De Viento De (F k
SIN SUB	p277898	Instrumentos musicales/Viento			Hulusi Para Principiantes Instrumento De Viento Plateado Hulusi Con Llave C Portátil Tradicional Par
SIN SUB	p277899	Instrumentos musicales/Viento			Hulusi Para Principiantes Instrumento De Viento Hulusi Profesional Con Siete Agujeros En Llave C O B
SIN SUB	p277901	Instrumentos musicales/Viento			Tipo De Rendimiento Hulusi Instrumento De Viento Para Adultos Hulusi De Caoba Con Siete Agujeros En 
SIN SUB	p277908	Instrumentos musicales/Viento			Hulusi Para Principiantes Instrumento De Viento De Hulusi Hecho A Mano Para Adultos Y Principiantes 
SIN SUB	p277910	Instrumentos musicales/Viento			Hulusi Para Principiantes Instrumento De Viento De Hulusi Con Llave Plana C O B Con Acabado Pintado 
SIN SUB	p277920	Instrumentos musicales/Viento			Hulusi Para Principiantes Hulusi Un Instrumento De Viento Tradicional Profesional
SIN SUB	p277921	Instrumentos musicales/Viento			Yamaha Trova Instrumento de viento casual
SIN SUB	p277932	Instrumentos musicales/Viento			Instrumento de viento musical indio de bambú natural para principiantes y profesionales
SIN SUB	p277933	Instrumentos musicales/Viento			Instrumento de viento musical indio de bambú natural para principiantes y profesionales
SIN SUB	p277934	Instrumentos musicales/Viento			Instrumento de viento musical indio de bambú natural para principiantes y profesionales
SIN SUB	p277938	Instrumentos musicales/Viento			Pan Pipes Instrumento Viento Instrumento De Viento G De 15 Tonos para Principiantes
SIN SUB	p277946	Instrumentos musicales/Viento			Hulusi Para Principiantes Instrumento De Viento De Natural Con Llave Hulusi C/Bb De Tres Tonos Para 
SIN SUB	p277948	Instrumentos musicales/Viento			Hulusi Para Principiantes Instrumento De Viento Profesional Hulusi Hecho A Mano Con Llave C/Bb Con B
SIN SUB	p277952	Instrumentos musicales/Viento			Hulusi Para Principiantes Instrumento De Viento De Profesional Hulusi Hecho A Mano Con Llave C/Bb Co
SIN SUB	p277957	Instrumentos musicales/Viento			Hulusi Para Principiantes Instrumento De Viento De Profesional Hulusi En Llave C O Bb Adecuado Para 
SIN SUB	p277958	Instrumentos musicales/Viento			Hulusi profesional Instrumento de viento Hulusi para principiantes adultos en tono C(D key)
SIN SUB	p277959	Instrumentos musicales/Viento			Hulusi Para Principiantes Teclas F/G Instrumento De Viento De Profesional De Tres Tonos(F Tone)
SIN SUB	p277961	Instrumentos musicales/Viento			Hulusi para principiantes Instrumento de viento Hulusi para principiantes adultos en tono C(C key)
SIN SUB	p277963	Instrumentos musicales/Viento			Hulusi Para Principiantes Instrumento De Viento De Profesional De Siete Agujeros Hulusi Con Llave C/
SIN SUB	p277965	Instrumentos musicales/Viento			De Bambú De Dos Secciones Instrumento De Viento De Profesional(F)
SIN SUB	p277967	Instrumentos musicales/Viento			Hulusi Para Principiantes Instrumento De Viento Hulusi Profesional De 9 Agujeros En Tecla G O F(Bb k
SIN SUB	p277971	Instrumentos musicales/Viento			Instrumento De Viento Bawu De Soplado Vertical, Que Incluye Caja De Música, 6 Agujeros, Fácil De Toc
SIN SUB	p277972	Instrumentos musicales/Viento			Instrumento De Viento Bawu De Soplado Vertical, Que Incluye Caja De Música, 6 Agujeros, Fácil De Toc
SIN SUB	p277973	Instrumentos musicales/Viento			Instrumento De Viento Bawu De Soplado Vertical, Que Incluye Caja De Música, 6 Agujeros, Fácil De Toc
SIN SUB	p277974	Instrumentos musicales/Viento			Instrumento De Viento Bawu De Soplado Vertical, Que Incluye Caja De Música, 6 Agujeros, Fácil De Toc
SIN SUB	p277976	Instrumentos musicales/Viento			Bawu vertical de sándalo, instrumento de viento para conjunto de escenario para adultos, incluye acc
SIN SUB	p277979	Instrumentos musicales/Viento			Instrumento De Viento Para Adultos Hulusi De Caoba Con Siete Agujeros En Si Bemol Y Llave En C(Type 
SIN SUB	p277990	Instrumentos musicales/Viento			CD LIBRO MOZART 250 ANIVERSARIO 25. M?SICA PARA INSTRUMENTOS DE VIENTO (Mozart) El Pa?s, 2006. OFRT
SIN SUB	p278006	Instrumentos musicales/Viento			Instrumento de viento Hulusi con clave C utilizado para práctica e interpretación
SIN SUB	p278011	Instrumentos musicales/Viento			Instrumento de viento Hulusi en clave de Do y Si bemol para adultos Interpretación profesional
SIN SUB	p278016	Instrumentos musicales/Viento			Mobkid Instrumento De Viento Chino De Seda De Cucurbita Extraíble De Seda De Cucurbitácea De Ébano A
SIN SUB	p278025	Instrumentos musicales/Viento			Instrumento de viento Hulusi con clave en si bemol utilizado para práctica e interpretación
SIN SUB	p278034	Instrumentos musicales/Viento			Hulusi Para Principiantes Principiantes De Hulusi En La Interpretación Profesional De Instrumentos D
SIN SUB	p278035	Instrumentos musicales/Viento			Hulusi Para Principiantes Hulusi Diseñado Profesionalmente Para Tocar Instrumentos De Viento De En S
SIN SUB	p278039	Instrumentos musicales/Viento			Hulusi Para Principiantes Hulusi Un Instrumento De Viento Eléctrico
SIN SUB	p278044	Instrumentos musicales/Viento			Instrumento Hulusi C/Bb Tune Rendimiento Profesional Tipo Redwood B Tune Siete Agujeros Instrumento 
SIN SUB	p278046	Instrumentos musicales/Viento			Hulusi Para Principiantes 2/3 Hulusi Un Instrumento Tradicional De 7 Agujeros Es Un Instrumento De V
SIN SUB	p278047	Instrumentos musicales/Viento			Hulusi Para Principiantes Hulusi Profesional En Instrumento De Viento De Con Llave Bk O Red C O Bb(4
SIN SUB	p278048	Instrumentos musicales/Viento			Hulusi Para Principiantes Instrumentos De Viento De Profesionales Para Adultos Tecla G Y Otros Tonos
SIN SUB	p278052	Instrumentos musicales/Viento			Bawu Vertical De Sándalo, Instrumento De Viento, Adecuado Para Exámenes De Grado/Actuaciones/Acompañ
SIN SUB	p278075	Instrumentos musicales/Viento			Pan Pipes Instrumento Viento 22 Tubos De Plástico ABS Panpipe G Key Panflute Derecha/Izquierda Instr
SIN SUB	p278078	Instrumentos musicales/Viento			Shure WB98H/C Micrófono de Condensador Inalámbrico para Instrumento de Viento
SIN SUB	p278097	Instrumentos musicales/Viento			E Key 20 Tubos PanFlute Instrumento De Viento De Instrumento Musical Tradicional Chino(Color:Left-ha
SIN SUB	p278105	Instrumentos musicales/Baterías			La orquesta sinfónica: Instrumentos de cuerda, viento y percusión y el director de orquesta
SIN SUB	p278108	Instrumentos musicales/Viento			Octeto para instrumentos de viento y madera (Spanish Edition)
SIN SUB	p278120	Instrumentos musicales/Viento			Hulusi Para Principiantes Instrumento De Viento De Profesional The Hulusi En Bb O C Key Para Princip
SIN SUB	p278126	Instrumentos musicales/Viento			Hulusi Para Principiantes Instrumento De Viento Desmontable De Rendimiento Profesional Con Llave Hul
SIN SUB	p278132	Instrumentos musicales/Viento			Hulusi Para Principiantes Instrumento De Viento De Desmontable De Estilo Profesional Con Llave Plana
SIN SUB	p278134	Instrumentos musicales/Viento			Hulusi Para Principiantes Instrumento De Viento De Tradicional Desmontable Hulusi De Con Llave C/bB(
SIN SUB	p278135	Instrumentos musicales/Viento			Hulusi Para Principiantes Instrumento De Viento De Tradicional Desmontable Hulusi De Con Llave C/bB(
SIN SUB	p278149	Instrumentos musicales/Viento			Instrumento Sheng De 14 Lengüetas, Un Instrumento De Viento Tradicional Chino, En Clave De D, Con Un
SIN SUB	p278163	Instrumentos musicales/Viento			Instrumento de viento Hulusi de 7 agujeros con clave C adecuado para interpretación profesional(C ke
SIN SUB	p278170	Instrumentos musicales/Viento			Instrumento de viento Hulusi de 7 agujeros con clave C adecuado para interpretación profesional(B fl
SIN SUB	p278171	Instrumentos musicales/Viento			Instrumento de viento Hulusi de siete agujeros con clave C adecuado para interpretación profesional(
SIN SUB	p278174	Instrumentos musicales/Viento			Instrumento de viento Hulusi de siete agujeros con clave C adecuado para interpretación profesional(
SIN SUB	p278189	Instrumentos musicales/Viento			Instrumento De Viento De 17 Teclas De Baquelita Negra Con Teclas Niqueladas
SIN SUB	p278192	Instrumentos musicales/Viento			Cuerno Telescópico De Tres Secciones De Estilo Tibetano,Un Instrumento De Viento Para Animar A Los F
SIN SUB	p278194	Instrumentos musicales/Viento			Hulusi para principiantes Instrumento de viento de Hulusi hecho a mano con ébano apto para adultos
SIN SUB	p278195	Instrumentos musicales/Viento			Instrumento De Viento Profesional Para Puesta En Escena Hulusi Con Tecla F Hulusi
SIN SUB	p278196	Instrumentos musicales/Viento			Instrumento De Viento Profesional Para Puesta En Escena Hulusi Con Tecla F Hulusi Principiantes
SIN SUB	p278200	Instrumentos musicales/Viento			Instrumento De Viento De Con Llave En C De 17 Agujeros Con Llave En C De Plata Niquelada
SIN SUB	p278203	Instrumentos musicales/Viento			Instrumento De Viento Profesional Para Puesta En Escena Hulusi Con Tecla F Hulusi Profesional
SIN SUB	p278207	Instrumentos musicales/Viento			FLFL Hulusi Los Estudiantes De Instrumentos De Viento De Hulusi Realizan A La De Tres Tonos Hulusi
SIN SUB	p278209	Instrumentos musicales/Viento			Instrumento de viento de bambú Panpipe G Key hecho a mano Folk Musicales Dizi Instrumento (color: ma
SIN SUB	p278211	Instrumentos musicales/Viento			Hulusi profesional Instrumento de viento de Hulusi hecho a mano con ébano apto para adultos
SIN SUB	p278212	Instrumentos musicales/Viento			Grabadoras Grabadora de Rendimiento de Banda Profesional, Grabadora de Estilo Barroco de 8 Orificios
SIN SUB	p278256	Instrumentos musicales/Viento			Hulusi Para Principiantes C/D Key Hulusi Rendimiento Profesional Para Principiantes Y Adultos Instru
SIN SUB	p278257	Instrumentos musicales/Viento			Hulusi Para Principiantes Hulusi De Siete Y Nueve Hoyos Son Instrumentos De Viento En Tonalidad Do O
SIN SUB	p278258	Instrumentos musicales/Viento			Hulusi Para Principiantes Practique Con Un Hulusi De Nueve Agujeros En Tecla F Profesional Y Otros I
SIN SUB	p278317	Instrumentos musicales/Viento			Amarillo 25 Tubos C Key Pan Pipes Instrumento De Viento De Instrumento Musical Tradicional Chino (Co
SIN SUB	p278320	Instrumentos musicales/Viento			25 Tubos C/G Llave PanFlute Pan Pipes Instrumento De Viento De Instrumento Musical Tradicional Chino
SIN SUB	p278328	Instrumentos musicales/Viento			Hulusi Para Principiantes Instrumento De Viento De Profesional Siete Agujeros Cinco Teclas Hulusi Ma
SIN SUB	p278336	Instrumentos musicales/Viento			Hulusi Para Principiantes BB/C Key Rosewood Hulusi Profesional Adulto Principiante Instrumento De Vi
SIN SUB	p278338	Instrumentos musicales/Viento			Instrumento De Viento De De Estilo Vintage De Baquelita En Do Alto
SIN SUB	p278340	Instrumentos musicales/Viento			Hulusi Para Principiantes Instrumento De Viento De Profesional De Tres Notas Hulusi Con Tecla C/D Ba
SIN SUB	p278351	Instrumentos musicales/Viento			Mano Izquierda Derecha C Llave Pan Pipes Hecho A Mano Instrumento De Viento De 22 Tubos (Color : Lef
SIN SUB	p278374	Instrumentos musicales/Viento			Hulusi Para Principiantes Instrumento De Viento De Profesional Portátil Tradicional Hulusi En Tono C
SIN SUB	p278388	Instrumentos musicales/Viento			Instrumento De Viento Ébano Dos Teclas Y Siete Agujeros Hulusi Profesional(C)
SIN SUB	p278390	Instrumentos musicales/Viento			Instrumento De Viento Hulusi Profesional Orientado A Adultos, Tono Puro, Fácil De Tocar, Incluye Caj
SIN SUB	p278392	Instrumentos musicales/Viento			Hulusi Para Principiantes El Instrumento De Viento Profesional El Hulusi De Siete Agujeros Y Cinco T
SIN SUB	p278418	Instrumentos musicales/Viento			Instrumento De Viento Ébano Dos Teclas Y Siete Agujeros Hulusi Principiantes(C)
SIN SUB	p278419	Instrumentos musicales/Viento			Instrumento De Viento Ébano Dos Teclas Y Siete Agujeros Hulusi(C)
SIN SUB	p278423	Instrumentos musicales/Viento			Instrumento de viento metal plateado en si bemol para principiantes
SIN SUB	p278429	Instrumentos musicales/Viento			B/D/F/G Tono Hulusi Instrumento De Viento De Chino Profesional De 7 Hoyos Chino Hulusi(G)
SIN SUB	p278431	Instrumentos musicales/Viento			Instrumento De Viento Metal Bb B Profesional Con Guantes Para Que Los Principiantes Puedan Tocar Fác
SIN SUB	p278437	Instrumentos musicales/Viento			Hulusi De 9 Hoyos, Un Instrumento De Viento Utilizado Para Enseñar Y Tocar, Con Un Hermoso Tono,G#
SIN SUB	p278450	Instrumentos musicales/Viento			Instrumento Sheng De 14 Lengüetas, Un Instrumento De Viento Tradicional Chino, En Clave De D, Con Un
SIN SUB	p278471	Instrumentos musicales/Viento			Hulusi, un instrumento de viento tradicional chino, utilería para escenario,Plum blossom bamboo,B fl
SIN SUB	p278581	Otros/Varios			AKASO Palo Selfie Invisible 120CM para Cámara Deportiva
SIN SUB	p278731	Cámaras y fotografía/None			Tangxi Gafas de Cámara Inteligente, Grabación de Video HD Cámara de Gafas de Acción Deportiva Al Air
SIN SUB	p278747	Otros/Varios			AKASO Palo de Selfie Trípode con empuñadura Flotante para Cámara Deportiva
SIN SUB	p278766	Otros/Varios			AKASO Palo de Selfie con Trípode 60CM Selfie Stick para cámara Deportiva
SIN SUB	p278861	Audífonos/None			Auriculares Asistente Reuniones Grabación Auriculares Asistente(White)
SIN SUB	p278881	Cámaras y fotografía/None			Cámara de Video Compacta 4K con Pantalla de Color de 1.54 Pulgadas para Mover la Grabación de los Am
SIN SUB	p278887	Audífonos/None			Auriculares Asistente Reuniones Grabación Auriculares Asistente(Black)
SIN SUB	p278936	Cámaras y fotografía/None			Cámara Sony ZV-1F para videoblogs
SIN SUB	p278982	Cámaras y fotografía/None			Cámara de video ORDRO 4K Camcordeadora de video UHD digital 1080P con lente de zoom óptico 12x para 
SIN SUB	p279120	Cámaras y fotografía/None			Yosoo Health Gear Cámara Frontal 1080P, Grabadora de Vídeo con Luz, ángulo Ajustable de 45°, para Co
SIN SUB	p279128	Cámaras y fotografía/None			Kikumi Cámara de Video con Control Remoto 4K UHD 30MP 10x Zoom Autocococo LED Leche Light 2 Pulgadas
SIN SUB	p279135	Otros/Varios			Lente de la cámara del teléfono Celular, Lente de telefoto con Zoom de Enfoque Largo 20X con Soporte
SIN SUB	p279168	Cámaras y fotografía/None			Diyeeni Cámara para Mascotas de 2 MP y 2K para acuarios y terrarios. Lente de Enfoque cercano para P
SIN SUB	p279170	Cámaras y fotografía/None			Gafas de Sol con Cámara, Gafas de Sol con Grabación de Video HD 1080P con Antivibración Inteligente,
SIN SUB	p279187	Herramientas/None			Green FUSION - 3 piezas de repuesto para lente de cámara trasera ultra trasera para Galaxy S25 con h
SIN SUB	p279213	Cámaras y fotografía/None			Dpofirs Gafas con Cámara Inteligente para Deportes de Acción, Gafas de Grabación de Vídeo HD 1080P, 
SIN SUB	p279309	Cámaras y fotografía/None			SIGMA Cámara BF Negra
SIN SUB	p279326	Cámaras y fotografía/None			PUSOKEI Tapa de Lente de Cámara de Aleación de Aluminio para GFX100 RF
SIN SUB	p279437	Otros/Varios			GVM Teleprompter portátil para iPad, tablet, smartphone y cámaras réflex digitales, kit de telepromp
SIN SUB	p279438	Otros/Varios			Teleprompter portátil A10 para teléfonos inteligentes y cámaras réflex digitales con soporte para te
SIN SUB	p279455	Muebles/Otros			Bolsa para cámara con cordón, bolsa de piel café con interior protector, cómodas bolsas de almacenam
SIN SUB	p279522	Otros/Varios			Palo Selfie Tripode con Luces, 170CM Tripode para Movil con Control Remoto Bluetooth, 360° Rotación 
SIN SUB	p279649	Otros/Varios			170cm Trípode para Cámara/Celular Aluminio con Bolsa de Viaje y Mando
SIN SUB	p279684	Cámaras y fotografía/None			LICAEVEY Cámara Pequeña para el Hogar, Oficina, Tienda de Automóviles, Cámara Inalámbrica HD 1080P, 
SIN SUB	p279686	Cámaras y fotografía/None			Cámara SQ11 HD 1080P, cámara depova pequeña, cámara A9
SIN SUB	p279687	Cámaras y fotografía/None			Cámara con Zoom Digital 16X, Cámara HD 4K 44MP con Luz de Relleno Incorporada, Transmisión de Datos,
SIN SUB	p279922	Almacenamiento/None			Seagate ST2000DM008
SIN SUB	p280759	Autos, bicicletas y motos/None			Tarjeta de Memoria TF, 32GB, 64GB, 128GB, 256GB y 512GB Tarjeta de Memoria U3 TF de Alta Velocidad p
SIN SUB	p280809	Autos, bicicletas y motos/None			Tarjeta de Memoria TF de Alta Velocidad para Automóviles y Cámaras de Acción hasta 80 MB/S de Lectur
SIN SUB	p281096	Otros/Varios			Varilla Extensible de 36.22 Pulgadas, Palo Selfie Invisible Compatible con cámaras de acción, Ideal 
SIN SUB	p281099	Otros/Varios			Soporte de Succión de Leva, Cámara de Copa Potente para Automóvil con Soporte para Teléfono de 9 Cm 
SIN SUB	p281140	Otros/Varios			ULANZI MT88 ClipMate Trípode para cámara,Palo Selfie con Correa Adhesiva
SIN SUB	p281164	Cámaras y fotografía/None			Gafas de Sol con Cámara 1080P, Lentes Gran Angular Antivibración, Gafas de Acción Deportivas con Fot
SIN SUB	p281210	Cámaras y fotografía/None			Yunir Collar de Cámara para Gatos HD 1080P con Grabación de Vídeo, Cámaras de Acción Pequeñas Gran A
SIN SUB	p281260	Cámaras y fotografía/None			Pissente Cámara Action 6, Protección de Aleación de Aluminio, Cuenta con Zapata Fría, óptima para Av
SIN SUB	p281266	Cámaras y fotografía/None			Genérico Y3000 Cámara de vídeo Digital Pantalla de 0,96 puadas ni Cámara HD 1080P Cámara de Bolsillo
SIN SUB	p281278	Otros/Varios			Fotopro Tripie Flexible, Trípie para Celular, Trípode Camara, Tripode Movil con Adaptador Universal,
SIN SUB	p281376	Autos, bicicletas y motos/None			Cámara FPV RunCam Phoenix 2 SPV5 - Edición Especial Micro Cámara para Drones con Lente con Capucha 5
SIN SUB	p281382	Cámaras y fotografía/None			LICAEVEY Cámara de Gafas 2.7K 30fps, Gran Angular de 110°, Cámara de Vídeo POV Manos Libres, Pantall
SIN SUB	p281409	Otros/Varios			NEEWER TP38 Trípode Móvil y Cámara, Palo Selfie Extensible de Metal 15"
SIN SUB	p281420	Cámaras y fotografía/None			Cámara para Collar de Mascota 1080P HD Inalámbrica Gran Angular Magnética Video Grabador
SIN SUB	p281454	Cámaras y fotografía/None			Cámara de Bolsillo, 4K HD Cámara con Clip Gran Angular Giratoria de 270 ° con Micrófono WiFi, Cámara
SIN SUB	p281481	Cámaras y fotografía/None			NEEWER 6" Ventosa Cámara Montura con Rótula Brazo Mágico, 2 Paquete, CA013
SIN SUB	p281514	Cámaras y fotografía/None			Konftel 931201001 CAM 20 Cámara de Conferencia
SIN SUB	p281816	Cámaras y fotografía/None			Kodak - Cámara PIXPRO ORBIT360 4K 360° VR Adventure Pack
SIN SUB	p282067	Cámaras y fotografía/None			Cámara De Grabación 4K con Giroscopio Integrado Y Luz Compacta
SIN SUB	p282086	Cámaras y fotografía/None			AGAGA Cámara de lapso Tiempo TL2300 2.4 "LCD Completo HD 1080P 110 ° Gran Angular LED Grabación Bucl
SIN SUB	p282092	Cámaras y fotografía/None			Genérico Cámara de Profundidad 3D Full HD 1080p
SIN SUB	p282228	Cámaras y fotografía/None			Walksnail Avatar HD V2 1080P cámara HD 160 Grados FOV Compatible con Racing 8G sin Gyroflow o 32G co
SIN SUB	p282373	Cámaras y fotografía/None			Cámara compatible para 3 zoom cámara 3 cine Hasselblad Camera para 3 series(Complete Camera)
SIN SUB	p282377	Cámaras y fotografía/None			Panasonic Wearable Cámara Naranja hx-a1h-d – Versión Internacional (no de garantía)
SIN SUB	p282379	Cámaras y fotografía/None			YI 360 VR cámara Doble Lente 5.7 K Alta resolución Cámara Panorámica con electrónico estabilización 
SIN SUB	p282383	Cámaras y fotografía/None			Cámara A8 4K 8MP Ultra HD con Zoom Digital 6X 1/1,7 Pulgadas Compatible con cámaras de acción Diseño
SIN SUB	p282392	Cámaras y fotografía/None			Cámara con zoom para 3 (cámara completa)
SIN SUB	p282444	Cámaras y fotografía/None			Cámara 360 X5 - Acción impermeable 8K con sensores de 1/1,28" 48MP Vídeo 8K HDR Fotografía de 72MP D
SIN SUB	p282449	Cámaras y fotografía/None			Pixellot Air - Cámara de seguimiento portátil para fútbol, hockey, baloncesto y fútbol, PXL-650-0011
SIN SUB	p282453	Cámaras y fotografía/None			Kit inalámbrico con Zoom de cámara Dual de 16 Canales(3T(户外运动))
SIN SUB	p282455	Cámaras y fotografía/None			PTZOptics Move 4K 20X Cámara (Blanco)
SIN SUB	p282458	Cámaras y fotografía/None			Kit inalámbrico con Zoom de cámara Dual de 16 Canales(3T(户外运动))
SIN SUB	p282478	Cámaras y fotografía/None			Blackmagic Design - Cámara de Cine de Bolsillo (4 K)
SIN SUB	p282480	Cámaras y fotografía/None			Cámara 360 X5 - Acción impermeable 8K con sensores de 1/1,28" 48MP Vídeo 8K HDR Fotografía de 72MP D
SIN SUB	p282485	Cámaras y fotografía/None			Panono cámara Explorer Edition, Verde + panonostick
SIN SUB	p282487	Cámaras y fotografía/None			PTZOptics Cámara Move 4K 20X (gris)
SIN SUB	p282493	Autos, bicicletas y motos/None			Minicámara óptica SIYI ZT6 con Doble cardán, Zoom 4K de 8 MP y 6 aumentos, cámara Ultra Imagen térmi
SIN SUB	p282499	Televisores/None			Genérico CT8566 Controles remotos de Voz ergonómicos para televisores CT8571 43LF3F63DAZ 40LF3F63DAZ
SIN SUB	p282515	Cámaras y fotografía/None			Cámara de un Uso 17 Disparos Operación Manual Fool Película 135 para Todas Las Ocasiones Película
SIN SUB	p282531	Cámaras y fotografía/None			Cámara no desechable, reutilizable, 135 películas tontas con intermitente estudiante, retro, 35 mm, 
SIN SUB	p282532	Cámaras y fotografía/None			Cámara no desechable, reutilizable, 135 películas tontas con intermitente estudiante, retro, 35 mm, 
SIN SUB	p282533	Cámaras y fotografía/None			Cámara no desechable, reutilizable, 135 películas tontas con intermitente estudiante, retro, 35 mm, 
SIN SUB	p282534	Cámaras y fotografía/None			Cámara no desechable, reutilizable, 135 películas tontas con intermitente estudiante, retro, 35 mm, 
SIN SUB	p282550	Cámaras y fotografía/None			Fujifilm Quick Snap - Cámara impermeable de 35 mm de un solo uso, (azul/verde/blanco) con paño de li
SIN SUB	p282567	Cámaras y fotografía/None			Fujifilm Quick Snap - Cámara impermeable de 35 mm de un solo uso, (azul/verde/blanco) con paño de li
SIN SUB	p282628	Cámaras y fotografía/None			Fujifilm Quick Snap - Cámara impermeable de 35 mm de un solo uso, (azul/verde/blanco) con paño de li
SIN SUB	p282767	Cámaras y fotografía/None			Fujifilm Quick Snap - Cámara impermeable de 35 mm de un solo uso, (azul/verde/blanco) con paño de li
SIN SUB	p282960	Cámaras y fotografía/None			HD Caricatura Cámara de Video Digital (Green)
SIN SUB	p282989	Cámaras y fotografía/None			Nueva cámara X5ni HD1080P compacta, inalámbrica, con WiFi y función de grabación, i para Acampar en 
SIN SUB	p282990	Cámaras y fotografía/None			Nueva Cámara X5 HD1080P Compacta Inalámbrica WiFi con Función de Grabación Detección Móvil Circular 
SIN SUB	p283009	Cámaras y fotografía/None			Llavero Cámara 20MP 720P HD Retro Video Digital para Adolescentes Estudiantes Viajes Escuela
SIN SUB	p283019	Cámaras y fotografía/None			Tbest Llavero Retro de la Cámara de Vídeo Digital 1MP 720P HD para los Viajes de los Estudiantes de 
SIN SUB	p283023	Cámaras y fotografía/None			Cámara de bolsillo para video, diseño portátil, herramienta de documentación para reuniones
SIN SUB	p283025	Cámaras y fotografía/None			ZJchao Cámara de Video Digital 16MP 16x Zoom Anti Shake DV Vistordor para el Registro de Crecimiento
SIN SUB	p283046	Cámaras y fotografía/None			UNIT ELECTRONICS Camara Vga Ov7670 640x480 Sin FIFO
SIN SUB	p283047	Cámaras y fotografía/None			Cámara de bolsillo para video, diseño portátil, herramienta de documentación para reuniones
SIN SUB	p283371	Cámaras y fotografía/None			Cámara de vídeo portátil, White Single Camera
SIN SUB	p283586	Cámaras y fotografía/None			Cámara de Vídeo 8K, Pantalla Giratoria de Doble Lente
SIN SUB	p283595	Cámaras y fotografía/None			Cámara de Video 8K, 96MP WiFi, Zoom Digital 18X, Pantalla Táctil
SIN SUB	p284069	Almacenamiento/None			SanDisk - Unidad Ultra Dual SDDDC3-064G-G46 USBType-C de 64 GB hasta 150 MB/s, Velocidad de Lectura 
SIN SUB	p284628	Almacenamiento/None			SanDisk Ultra SDDD3-128G-G46 - 128GB Dual Drive m3.0 for Android Devices and Computers , Color Silve
SIN SUB	p284953	Videojuegos/Otros accesorios gamer			Western Digital WD 6 TB My Passport HDD portátil USB 3.0 con Software para gestión de Dispositivos, 
SIN SUB	p285006	Almacenamiento/None			SanDisk SDCFSP-256G-A46D Extreme Pro 256 GB CFast Card, 525 MB/s Read, 450 MB/s Write, 2933x Memory 
SIN SUB	p285599	Audífonos/None			Soundcore A30i Por Anker, Audífonos Inteligentes Con Blanco
SIN SUB	p285608	Audífonos/None			Auricular Samsung TWS7 Negro
SIN SUB	p285657	Teclados/None			Magic Trackpad Apple Multi-touch Blanco (USB-C)
SIN SUB	p285672	Teclados/None			Teclado Asus TUF Gaming K1 RGB Negro.
SIN SUB	p285682	Teclados/None			Teclado + Mouse Hp 631341-b21 Enterprise Usb Combo Inglés
SIN SUB	p285705	Televisores/None			Televisor Hisense 65 Uled Smart Tv 65u6qv
SIN SUB	p285717	Televisores/None			Sansui Smx32t1hn 32 Smart Tv Sistema Operativo Linux 2022
SIN SUB	p285754	Lavadoras/None			Mabe LRM23A Eléctrica Azul acero
SIN SUB	p285755	Lavadoras/None			Mabe Lavado lmdx8124hbab Corriente doméstica Blanco
SIN SUB	p285915	Electrodomésticos/None			Manguera Planchas Wei Jie Silicón Vapor Alta Presión 5m Negro
SIN SUB	p285978	Electrodomésticos/None			Cinta de correr portátil a vapor Completeam de 1500 W de Conair
SIN SUB	p286651	Cámaras de seguridad/None			Dahua Pfa134 Caja De Conexiones Hermética
SIN SUB	p286652	Cámaras de seguridad/None			Dahua Cooper B1A21N-U-28
SIN SUB	p286881	Redes/None			Estacion Base Inalambrico Ruijie Radioenlaces Rg-airmetro
SIN SUB	p286885	Redes/None			Ruijie RG-RAP52-OD acceso omnidireccional blanco de IP65
SIN SUB	p286955	Impresoras/None			HP DesignJet T650 5HB10D
SIN SUB	p286974	Impresoras/None			Impresora Plotter Canon Tc-21m Blanco
SIN SUB	p287076	Cámaras y fotografía/None			Canon Rf15-1.181 In F4.5-6.3 Es Stm Lens Negro
SIN SUB	p287077	Cámaras y fotografía/None			Ocular Canon Eg
SIN SUB	p287079	Cámaras y fotografía/None			Sigma 150-600 mm F/5-6.3 Dg Dn Os Sports Sony Montura E Sony Montura E Negra
SIN SUB	p287110	Cámaras y fotografía/None			Samyang 12mm f/2.0 Gran Angular Fujifilm X-mount
SIN SUB	p287386	Iluminación/None			Partphoner W-5437 - Unidad - 1 Negro
SIN SUB	p287387	Iluminación/None			SILLUNE lamparas,lamparas Blanco - Blanco frío - 6500 K
SIN SUB	p287865	Climatización/None			VentDepot Breezix De mesa - 30 cm - Blanco Gris - Plástico - 3
SIN SUB	p287959	Deportes y fitness/None			Equipo Gym Press Pecho Inclinado Golden Deluxe Negro Dorado
SIN SUB	p287963	Deportes y fitness/None			Equipo Portátil Entrenamiento Fuerza Evo Gym Nomadix Elite 320 Lbs
SIN SUB	p288016	Juegos de mesa/None			Mecano, Play With Tools Chico Retroexcavadora Wuundentoy
SIN SUB	p288100	Juegos de mesa/None			Tres Juegos Clasicos
SIN SUB	p288272	Juegos de mesa/None			Cmon Army Of The Dead - Un Juego De Zombicidas
SIN SUB	p288273	Juegos de mesa/None			Juego Cthulhu Dark Providenceguillotine Games Cmon En Inglés X Unidad
SIN SUB	p288285	Juegos de mesa/None			Usaopoly Operation Shrek Edición En Inglés
SIN SUB	p288298	Juegos de mesa/None			Usaopoly Harry Potter: Batalla De Hogwarts - El Juego De Car
SIN SUB	p288318	Juegos de mesa/None			Learning Resources Juego Familia De Osos Para Contar
SIN SUB	p288335	Juegos de mesa/None			Happy Little Dinosaurs en Español Asmodee
SIN SUB	p288338	Juegos de mesa/None			Intimoos Parejas Asmodee Juego De Conversaciones
SIN SUB	p288339	Juegos de mesa/None			Ziggurat - Devir
SIN SUB	p288340	Juegos de mesa/None			Devir España 1936
SIN SUB	p288341	Juegos de mesa/None			Votes For Women - Devir
SIN SUB	p288342	Juegos de mesa/None			Exit: Conspiracion En Venecia - Devir
SIN SUB	p288344	Juegos de mesa/None			Fantasma Blitz Feliz Aniversario - Devir
SIN SUB	p288345	Juegos de mesa/None			El Lago En Llamas - Devir
SIN SUB	p288608	Domótica y hogar inteligente/None			Placa Inox, iGoto INOX2010P10 10 Pzas Color Plateado
SIN SUB	p288618	Domótica y hogar inteligente/None			Placa con Toma de Teléfono iGoto LUGANO PLUS Marfil
SIN SUB	p288661	Domótica y hogar inteligente/None			Chapas Inteligentes, Mxsmt-003, Nfc, Bronce, Espesor De Puer Color Bronce
SIN SUB	p288780	Domótica y hogar inteligente/None			Ring Alarm Kit De 5 Piezas (2.a Generación): Sistema De Segu
SIN SUB	p288788	Cocina y comedor/None			Owala Freesip 32oz - Boneyard Color Blanco
SIN SUB	p288789	Cocina y comedor/None			Owala Freesip 32oz 946.352 mL Rose quartz
SIN SUB	p288843	Baterías portátiles/			Power Bank Solar Blast Plus Mr. Gadgets con 4 Paneles Solares, Carga Inalámbrica y Linterna
SIN SUB	p288856	Baterías portátiles/None			Cargador Portátil Iniu, Usb C Más Delgado Y Liviano, Banco D
SIN SUB	p289163	Audífonos/None			Auriculares Steren AUD-217
SIN SUB	p289164	Audífonos/None			Auriculares Steren Audio 349 AUD-230NE
SIN SUB	p289226	Audífonos/None			Auriculares Bose 718839-0010
SIN SUB	p289230	Audífonos/None			Audífonos Skullcandy Method 360 Anc Bose Café
SIN SUB	p289235	Audífonos/None			Audífonos Skullcandy Method 360 Anc Bose Negro
SIN SUB	p289236	Audífonos/None			Auriculares Bose Quietconfort Noise Cancelling Gris Gris
SIN SUB	p289244	Audífonos/None			Audífonos Marshall Milton Anc Cancelación De Ruido Negro Black
SIN SUB	p289287	Audífonos/None			Audífonos Bt 65 Hrs De Reproducción All Time Perfect Choice Color Negro
SIN SUB	p289325	Audífonos/None			Jbl Tune 235nc Color Negro
SIN SUB	p289327	Audífonos/None			Auriculares Audio Technica Ath Pdg1, color negro
SIN SUB	p289332	Audífonos/None			Auriculares De Transmisión Audio Technica Bphs1 Color Negro
SIN SUB	p289425	Teclados/None			Teclado Para Juegos Razer Cynosa Lite: Zona Única Personaliz
SIN SUB	p289427	Teclados/None			Teclado Razer Blackwidow V3 Tenkeyless Español Variación Negro
SIN SUB	p289452	Teclados/None			Dell Teclado Alienware Gaming Aw420k Negro Negro Español Latinoamérica
SIN SUB	p289458	Teclados/None			Teclado Base Dell Tablet Venue 10 Pro 5000 5050 5055 Color Del Teclado Negro Idioma Español
SIN SUB	p289506	Televisores/None			Tv Sony Bravia 5 Mini Led, Dolby Vision & Atmos K-75xr50
SIN SUB	p289552	Lavadoras/None			Whirlpool Xpert System 8MWTW2244WSG Eléctrico Gris oscuro
SIN SUB	p289559	Lavadoras/None			Lavadora De 1 Tina Dace La11101a Color Blanco
SIN SUB	p289562	Lavadoras/None			Lavadora Lms016l/m Marca Mirage
SIN SUB	p289768	Electrodomésticos/None			Rowenta Perfomance 1725w Dw2350, color azul
SIN SUB	p290673	Viajes/None			U.s. Traveler Travelers Choice U.s. Río, Negro
SIN SUB	p290687	Viajes/None			Samsonite Octolite Adultos Blanco
SIN SUB	p290726	Relojes inteligentes/None			Extensible Para Xiaomi Rmwtbd01 Rosa
SIN SUB	p291086	Cámaras de seguridad/None			Monitor Led 7 Dahua 1024x600 Pixeles Para Grabadores
SIN SUB	p291088	Cámaras de seguridad/None			Dahua Transceptores PFM800B-4K de 8 unidades 4K
SIN SUB	p291090	Cámaras de seguridad/None			Extensor Video Utp Balum 100m Circuitos Cerrados Steren
SIN SUB	p291274	Redes/None			Distribuidor de alimentación DCDU dc -48v 100A 03b -48v 100a Conexión Huawei 9
SIN SUB	p291317	Redes/None			Interruptor exterior Mikrotik CRS310-1G-5S-4s+Out Netfiber 9 L5
SIN SUB	p291394	Redes/None			Aprobación del adaptador inalámbrico TP-Link: 25481602799
SIN SUB	p291401	Redes/None			Sistema Wi-fi Malla Ac1900 H50g Mercusys Dual Banda (3-pack)
SIN SUB	p291461	Redes/None			Bullet M2 Hp 2.4 Ghz Antena Ubiquiti Internet Bulletm2 Wifi
SIN SUB	p291464	Redes/None			Radio Estación Airmax Ubiquiti R5ac-lite 500 Mbps, 5 Ghz
SIN SUB	p291466	Redes/None			Gl. Inet Blanco
SIN SUB	p291486	Redes/None			Wifi ZTE 4G gris
SIN SUB	p291562	Impresoras/None			Impresora Brother Cz-1004 25mm x 5m.
SIN SUB	p291604	Impresoras/None			Paq Impresora Pantum M6509nw + 1000 Hojas + 2 Usb Lucky Owl Blanco
SIN SUB	p291605	Impresoras/None			Impresora Pantum 2509w Wifi a Blanco Y Negro en Color Blanca
SIN SUB	p291630	Impresoras/None			Fujifilm Impresora Apeos C325 Dw Blanco
SIN SUB	p291634	Impresoras/None			Impresora IDP Smart-21 Series YMCKO.
SIN SUB	p291643	Impresoras/None			Impresora Evolis Primacy2
SIN SUB	p291644	Impresoras/None			Impresora de Tarjetas Evolis Badgy200 a Color para Credenciales y Carnets con Software
SIN SUB	p291646	Impresoras/None			Impresora Kodak 6950 Photo Printer Negro
SIN SUB	p291657	Impresoras/None			Impresora Portátil Aiyin A4 Bluetooth para Hogar y Negocios
SIN SUB	p291892	Cámaras y fotografía/None			Mini Dvd Sony Premium 80 Min Dvm80pr Color No Aplica
SIN SUB	p291945	Cámaras y fotografía/None			Tamron 11-20mm f/2.8 Di III-A RXD Gran Angular Zoom
SIN SUB	p291977	Cámaras y fotografía/None			7artisans, Gran Apertura, Gran Angular, 25 Mm, F0.95 Color Negro Tipo De Montaje Canon Rf
SIN SUB	p292203	Iluminación/None			Nexxt Home Nhb-c110 2pk Smart Led Bulb Rgb Color
SIN SUB	p293088	Mascotas/None			Fancy Pets Back Pack Viaje Negro Chico Negro
SIN SUB	p293450	Deportes y fitness/None			Maquina Con Peso Integrado De 5 Estaciones Gym Tayga Negro Negro
SIN SUB	p293474	Deportes y fitness/None			Sunny Bicicleta Profesional Color Negro Sf-b901bk
SIN SUB	p293496	Deportes y fitness/None			Kit de 3 Bandas Circulares Gaiam de 25cm con Resistencia Suave Media Fuerte
SIN SUB	p293497	Deportes y fitness/None			Liga Banda Corta Resistance Loop Naranja Gym Tayga Naranja
SIN SUB	p293498	Deportes y fitness/None			Liga Banda Corta Resistance Loop Negra Gym Tayga Negro
SIN SUB	p293499	Deportes y fitness/None			Liga Banda Corta Resistance Loop Roja Gym Tayga Rojo
SIN SUB	p293500	Deportes y fitness/None			Liga Banda Tubular De Resistencia Para Tobillos 30lb Tayga
SIN SUB	p293502	Deportes y fitness/None			Liga Banda Tubular De Resistencia Para Tobillos 35lb Tayga
SIN SUB	p293514	Deportes y fitness/None			Flossband Fisiotleta Liga Elastica De Resistencia Eligecolor Color Verde
SIN SUB	p293690	Juegos de mesa/None			Juego Cardinal Cuatro En Línea 6053859
SIN SUB	p293704	Juegos de mesa/None			Laboratorio De Anatomía Clementoni
SIN SUB	p293710	Juegos de mesa/None			Juego De La Magia Y El Mentalismo 30 Trucos Clementoni
SIN SUB	p293720	Juegos de mesa/None			Juego De Magia Borras Clásica 100 Trucos Educa 24048
SIN SUB	p293732	Juegos de mesa/None			Juego Jurassic World Ball Catch - Divertido
SIN SUB	p293737	Juegos de mesa/None			Funkoverse Jurassic Park (extension)
SIN SUB	p293748	Juegos de mesa/None			Set Multijuegos Viajero Artik
SIN SUB	p293755	Juegos de mesa/None			Cayro Pentominos Caja Metálica
SIN SUB	p293756	Juegos de mesa/None			Juego Palitos Chinos - Cayro
SIN SUB	p293789	Juegos de mesa/None			Juego Inteligencia Emocional Dúo Autoestima Feel Cards Ilumina Bilingüe
SIN SUB	p293916	Juegos de mesa/None			Guess Who Hello Kitty And Friends
SIN SUB	p293917	Juegos de mesa/None			Fábrica De Frutipaletas Mi Alegría Versión Hello Kitty
SIN SUB	p293919	Juegos de mesa/None			Triominos Extra Largo Goliath
SIN SUB	p293922	Juegos de mesa/None			Unconscious Mind (en Inglés) Goliath
SIN SUB	p293940	Juegos de mesa/None			Juego de habilidad Tiburon Mandibulas Int 330721 Goliath
SIN SUB	p293941	Juegos de mesa/None			Goliath Games Tranquility 933341 Edición Clásica 8+ en Cartón
SIN SUB	p293942	Juegos de mesa/None			Goliath Games Llc 30546 Haz Que El Cerdo Explote
SIN SUB	p293979	Juegos de mesa/None			Galaxy Trucker (segunda edición) - Asmodee Games - Inglés
SIN SUB	p293980	Juegos de mesa/None			Los Hombres Lobo De Castronegro El Pacto Asmodee
SIN SUB	p294063	Juegos de mesa/None			Juegos Sobre La Marcha De Juegos Continuos: Juegos Familiare
SIN SUB	p294066	Juegos de mesa/None			Connect More: Juegos De Habilidades Sociales Y Juegos De Ter
SIN SUB	p294067	Juegos de mesa/None			Kit De Juegos Coghlans
SIN SUB	p294068	Juegos de mesa/Otros juegos			Bananagrams Juegos de mesa
SIN SUB	p294071	Juegos de mesa/None			Thunder Road Vendetta Maximum Chrome! Juego - Bumblebee
SIN SUB	p294075	Juegos de mesa/None			Fjords - Sd Games
SIN SUB	p294076	Juegos de mesa/None			London - Maldito Games
SIN SUB	p294077	Juegos de mesa/None			Unicorn Jewels / Mini Games
SIN SUB	p294078	Juegos de mesa/None			Virus! Tranjis Games. Clásica Español
SIN SUB	p294079	Juegos de mesa/None			Space Jam Super Tiro Y Clavada Lebron James Moose
SIN SUB	p294091	Juegos de mesa/None			Juego Ravensburger Horrified Universal Studios Monsters
SIN SUB	p294102	Juegos de mesa/None			Winning Moves Games Slam The S Mega Hit S
SIN SUB	p294105	Juegos de mesa/None			Cge Czech Games Edition Ruinas Perdidas De Arnak Cge Checo
SIN SUB	p294106	Juegos de mesa/None			Pandasaurus Games Machi Koro 5th Anniversary Edition
SIN SUB	p294108	Juegos de mesa/None			Equinox Golem Edition Inglés | Plan B Games | Juego 2 A 5
SIN SUB	p294112	Juegos de mesa/None			Senderos De Gloria - Devir Juego Mesa
SIN SUB	p294142	Juegos de mesa/None			Funko Funkoverse Space Jam: Version Base
SIN SUB	p294143	Juegos de mesa/None			Claim V Aniversario En Español Sd Games
SIN SUB	p294147	Juegos de mesa/None			Juego de Deducción Brains Jardín Japonés Sd Games en Español
SIN SUB	p294157	Juegos de mesa/None			Lucky Duck Crónicas Del Crimen: 1900
SIN SUB	p294158	Juegos de mesa/None			Juego Lucky Numbers 2021Maldón Maldón en español
SIN SUB	p294425	Blancos y ropa de cama/None			Funda Colchón Queen 60x80 Utopia Bedding Impermeable con Cierre Blanco
SIN SUB	p294434	Blancos y ropa de cama/None			Linenspa Ls30ck30gt Funda Para Colchon Gel Diseno De Califo
SIN SUB	p294464	Domótica y hogar inteligente/None			Pack de 5 Interruptores Termomagnéticos iGoto de 20A en Negro
SIN SUB	p294483	Domótica y hogar inteligente/None			Interruptor Touch Fnbrli Negro 6 Agujeros 8 Unidades Acrílico Type-C
SIN SUB	p294485	Domótica y hogar inteligente/None			Placa Interruptor Leviton Nylon Termoplástico Marfil 1 Unidad
SIN SUB	p294489	Domótica y hogar inteligente/None			Placa Quickport Sencilla 4 Puertos Blanco Leviton Red Modular
SIN SUB	p294490	Domótica y hogar inteligente/None			Interruptor Combinación Unipolar Blanco Leviton 15A 120/277V Termoplástico
SIN SUB	p294494	Domótica y hogar inteligente/None			Leviton Placa Nylon Termoplástico Para Receptáculo Redondo 80704-00W
SIN SUB	p294495	Domótica y hogar inteligente/None			Placa QuickPort Leviton de 3 Ventanas, Blanca en Plástico
SIN SUB	p294497	Domótica y hogar inteligente/None			Placa Leviton Nylon Termoplástico Blanco Modelo 80703-W
SIN SUB	p294498	Domótica y hogar inteligente/None			Placa Termoplástica Intemperie Vertical Redonda Gris Leviton 4979GY
SIN SUB	p294507	Domótica y hogar inteligente/None			Interruptor Palanca Leviton 1451-WCP Blanco 15A Línea Tradicional
SIN SUB	p294514	Domótica y hogar inteligente/None			Placa Dúplex Aksi de Plástico Marfil
SIN SUB	p294519	Domótica y hogar inteligente/None			2 Pzas Aksi Interruptor Escalera 1 A 127/220v Beige
SIN SUB	p294520	Domótica y hogar inteligente/None			Aksi Placa De Baquelita, Interruptor Vertical 1 A 127/220v Amarillo
SIN SUB	p294523	Domótica y hogar inteligente/None			Pack de 2 Placas de 1 Ventana Aksi Económicas de Aluminio Oro
SIN SUB	p294526	Domótica y hogar inteligente/None			Interruptor De Escalera Aksi Color Beige Corriente Nominal 10 A Voltaje Nominal 127v
SIN SUB	p294537	Domótica y hogar inteligente/None			2 Pzas Aksi Placa Plastica Abs Una Ventana - Marfil - Ak 1 A 127/220v Amarillo
SIN SUB	p294632	Domótica y hogar inteligente/None			Kwikset 98180-020 San Clemente Front Handleset
SIN SUB	p294693	Domótica y hogar inteligente/None			Control Remoto Icon Infrarrojo Y Radiofrecuencia Wifi
SIN SUB	p294694	Domótica y hogar inteligente/None			Talking Flower - Super Mario Naranja Claro
SIN SUB	p294695	Domótica y hogar inteligente/None			Parlante Inteligente Xiaomi (ir Control)
SIN SUB	p294728	Domótica y hogar inteligente/None			Adaptador Universal Con Alexa Echo Dot 15w 4mm Blanco
SIN SUB	p294751	Domótica y hogar inteligente/None			Protector Sti Policarbonato Con Bocina Transparente Sti-1130
SIN SUB	p295581	Autos, bicicletas y motos/None			Caterpillar- Camion Volquete para construcción CatToysOfficial Construction Fleet Dump Truck Vehicul
SIN SUB	p295584	Autos, bicicletas y motos/None			Pista de Carros para Niños,con Luz y Sonido,Vehículo Infantiles de Aventura
SIN SUB	p295585	Autos, bicicletas y motos/None			Pista de Carros para Niños con Luz y Sonido,Vehículo Infantiles de Aventura
SIN SUB	p295587	Autos, bicicletas y motos/None			Cat - Vehículo Mini Machines
SIN SUB	p295588	Autos, bicicletas y motos/None			Vehículo de ingeniería de dinosaurios, Camión transportador de transporte
SIN SUB	p295590	Autos, bicicletas y motos/None			Juego de 60 Platos con Motivos de Vehículos de Construcción
SIN SUB	p295591	Autos, bicicletas y motos/None			OBEST Mini vehículos eyectores con Control, Batalla para 2 Jugadores
SIN SUB	p295593	Autos, bicicletas y motos/None			Camión Portador de Dinosaurios,Vehículo de ingeniería de Dinosaurios
SIN SUB	p295597	Autos, bicicletas y motos/None			Vehículo de ingeniería de Dinosaurios, Camión transportador de Transporte
SIN SUB	p295619	Autos, bicicletas y motos/None			Juegos para exteriores, patio y playa, para adultos y para la familia, perfectos para el patio trase
SIN SUB	p295699	Autos, bicicletas y motos/None			Prinsel Vehículo Motocross Premium, Color Rosa
SIN SUB	p295765	Autos, bicicletas y motos/None			Paw Patrol Chase Cruiser Vehículo de Paseo
SIN SUB	p295785	Autos, bicicletas y motos/None			Caterpillar 299 C Compact Track Loader Core Classics Series Vehículo
SIN SUB	p295988	Autos, bicicletas y motos/None			FABULETTA 50 Vehículos N 1:150, Plástico para Dioramas y Trenes
SIN SUB	p296268	Herramientas/None			Herramientas de dibujo, maniquí posible, figures de dibujo modelo 2pcs 5.91 pulgadas de acción femen
SIN SUB	p296285	Autos, bicicletas y motos/None			Calendario de Adviento de Bloques de Construcción de Camiones de Bomberos y Vehículos de Construcció
SIN SUB	p296286	Autos, bicicletas y motos/None			PicassoTiles Bloques de construcción magnéticos para Azulejos añaden 8 Cifras de acción magnetizadas
SIN SUB	p296320	Autos, bicicletas y motos/None			Maisto Vehículo a Escala AL Lamborghini Aventador Roadster
SIN SUB	p296321	Autos, bicicletas y motos/None			Maisto 1:24 Mercedes-Benz AMG GT Vehículo Fundido a Troquel (los Colores Pueden Variar)
SIN SUB	p296716	Herramientas/None			Modelo de anatomía de Torso Humano de 78 cm (1 Pieza), Herramienta educativa Unisex de tamaño 1/2 Na
SIN SUB	p296726	Autos, bicicletas y motos/None			Tamiya 1/16 Soviet KV-1 Heavy Tank, Vehículo Blindado de Combate, Control Remoto, Niños (Chicos), Ni
SIN SUB	p296751	Otros/Varios			Vaguelly Portavasos Negro para Carriola con Soporte para Teléfono, de PP Instalación Rápida y Agarre
SIN SUB	p296815	Otros/Varios			Bandeja universal para cochecito de bebé con soporte profundo para tazas y soporte para teléfono, de
SIN SUB	p296831	Herramientas/None			Soporte universal para vasos giratorio de 360°, paquete de 2 unidades, apto para barco, pontón, carr
SIN SUB	p296861	Otros/Varios			Soporte para tazas y teléfono compatible solo con el sistema de viaje todo en uno original de Doona 
SIN SUB	p296864	Otros/Varios			Bandeja de aperitivos compatible con Nuna, universal para carriola con soporte para tazas y soporte 
SIN SUB	p296875	Otros/Varios			Bandeja de aperitivos compatible con Nuna Mockingbird, bandeja ajustable para aperitivos, con soport
SIN SUB	p297840	Mascotas/			Pet Stroller Dog Stroller for Medium Dogs Luxury Pet Stroller for Puppy Senior Dog or Cat | Easy Fol
SIN SUB	p297855	Autos, bicicletas y motos/None			Vinipiel Para Tapizar Sillas, Sillones Y Automotriz Alto Calibre 1.4 mm (1 m LARGO x 1.40 m ANCHO) -
SIN SUB	p299338	Televisores/None			Wobble Wag Giggle Brilla en la Oscuridad, Juguete Interactivo para Perro, Divertidos Sonidos de Risa
SIN SUB	p299510	Mascotas/None			Button de perro Tratando dispensador, trate el dispensador con el botón
SIN SUB	p299847	Mascotas/None			Hollypet - Sofá de felpa mullido para mascotas, suave y calmante para gatos y perros medianos y pequ
SIN SUB	p299922	Cámaras y fotografía/None			Semme Nido Nebulizador para Mascotas, Cámara de Oxígeno Plegable y Espaciosa para Perros y Gatos, Ho
SIN SUB	p300044	Mascotas/None			Perfume para Perro Talco Bebé 250ml Spray para Perros Mascotas Aura Bendita
SIN SUB	p300286	Mascotas/None			Pissente Casa de Refrigeración Desmontable para Mascota
SIN SUB	p300339	Mascotas/None			Plegable para Perros Gatos 70x55x50cm Interior Exterior Plegable
SIN SUB	p300427	Cámaras y fotografía/None			Comedero Auto Cámara 1080P WiFi 5G, 6L Anti-Atasco Gatos y Perros ≤8kg
SIN SUB	p300620	Mascotas/None			Recipiente Doble para Mascotas, Comida y Agua, Mediano, Acero Inoxidable
SIN SUB	p300759	Mascotas/None			Mantas para Perros y Gatos Set de 3 Piezas 76x52cm
SIN SUB	p300771	Mascotas/None			30 Piezas Guantes para Bañar Perro y Gato
SIN SUB	p300781	Mascotas/None			Ciieeo 2 Llaveros Transparentes para Guardar Pelo de Mascota Diseño Único, Caja Abs Resistente para 
SIN SUB	p300814	Mascotas/None			Aditivo para el Aliento del Perro en el Agua, 200 ml
SIN SUB	p300831	Mascotas/None			Mascotas, perros y gatos están solos en casa alerta de emergencia de plástico cartera y etiqueta par
SIN SUB	p300840	Mascotas/None			Empapadores Absorbentes Desechables para Mascotas, 2piezas, Algodón
SIN SUB	p300927	Mascotas/None			Pastillas Antideslizante Portátil para Clip Perros Plástico de Garrapatas para Eliminar Garrapatas e
SIN SUB	p300952	Mascotas/None			ibasenice Urna para Mascotas Contenedor De Cenizas para Gato Y Perro Recipiente Memorial De Acero In
SIN SUB	p300993	Mascotas/None			Genérico Tienda De Perros Recinto De Mascotas Interactivo Multifuncional
SIN SUB	p30101	Instrumentos musicales/Baterías			Cajón Flamenco Pbc-507
SIN SUB	p30102	Instrumentos musicales/Baterías			Cajón Flamenco Cuerpo Fibra De Madera Headliner Mcaj100bk-ma
SIN SUB	p301020	Mascotas/None			para Perros Exterior para Perros Impermeable
SIN SUB	p301030	Mascotas/None			Genérico Tienda para Perros De Exterior Accesorios Mascotas Perro Gato
SIN SUB	p30104	Instrumentos musicales/Baterías			Cajon Flamenco Pwc100b Meinl Ajustable Con 3 Pastillas
SIN SUB	p301041	Mascotas/None			Tienda Azul Marino de Campaña para Mascotas de Tela Oxford
SIN SUB	p301045	Mascotas/None			Tela Tienda Azul Tejida Plegable No para de Campaña Gatos
SIN SUB	p301091	Mascotas/None			PINNKL Playa para Perros | Sombra automática Head PopUp Canopy
SIN SUB	p301094	Mascotas/None			Rueda Silenciosa para Mascota Pequeña, de Plástico Rosa, para Hámster y Actividad Física en Casa
SIN SUB	p301126	Mascotas/None			Casa de Aves, Caja de cría de Aves, Accesorios para Mascotas para Patio, hogar al Aire Libre
SIN SUB	p301183	Lavadoras/None			Tapete de microfibra para puerta - Tapete suave y afelpado para mascotas para cada habitación de la 
SIN SUB	p301254	Mascotas/None			IRIS USA 61 cm a 99.1 cm Barrera Ajustable para Mascotas Portátil y Expandible, para Cachorros y Per
SIN SUB	p301256	Mascotas/None			Seven Pet 10186 Hamster Cage, Color Azul, 27 x 20.5 x 47 cm
SIN SUB	p301264	Mascotas/None			Urna para Fotos de Mascotas – Caja Conmemorativa para Cenizas de Mascotas con Forma de Casa, Hermosa
SIN SUB	p301377	Mascotas/None			Casa Al Aire Libre para Leopardo, 45 61 32 Cm para Gatos
SIN SUB	p301382	Mascotas/None			IRIS USA Barrera Ajustable para Perros 25"-39", Uso Interior, Gris
SIN SUB	p301468	Mascotas/None			DOACT Inodoro para Perros Pequeños 46.4cm
SIN SUB	p301470	Lavadoras/None			Tapete de microfibra para puerta - Tapete suave y afelpado para mascotas para cada habitación de la 
SIN SUB	p301494	Mascotas/None			Urna para Fotos de Mascotas – Caja Conmemorativa para Cenizas de Mascotas con Forma de Casa, Hermosa
SIN SUB	p301532	Mascotas/None			K&H PET PRODUCTS Original Cuna elevada para Mascotas para Todas Las Estaciones, Malla marrón Grande,
SIN SUB	p301554	Mascotas/None			Pasto Entrenador para Perro con Bandeja, Inodoro Baño Césped Grande
SIN SUB	p301723	Lavadoras/None			Tapete de microfibra para puerta - Tapete suave y afelpado para mascotas para cada habitación de la 
SIN SUB	p301753	Mascotas/None			Bandera Sanitaria Para Cachorros Paredes Altas Impermeables Para Mascotas
SIN SUB	p301757	Mascotas/None			MidWest iCrate - Caja de metal plegable para perros de 24 pulgadas, color rosa con panel divisor, pi
SIN SUB	p301866	Mascotas/None			Gralara Tienda Campaña para Perros Compacta, Negro
SIN SUB	p301874	Mascotas/None			Caja suave para perros y gatos, portátil, 2 en 1, portador de tubo de doble viaje para todas las mas
SIN SUB	p301886	Lavadoras/None			Tapete de microfibra para puerta - Tapete suave y afelpado para mascotas para cada habitación de la 
SIN SUB	p301931	Mascotas/None			Bote de basura para caca de perro, control de olores en el exterior, de 3.1 galones grande para masc
SIN SUB	p301942	Mascotas/None			Carpas portátiles para mascotas y gatos para exteriores
SIN SUB	p301982	Mascotas/None			New Age Pet ecoFLEX - Caja para Mascotas, tamaño Mediano, Color Blanco Envejecido
SIN SUB	p302056	Mascotas/None			Baoblaze Entrenador de Baño para Perros Bandeja Sanitaria para Mascotas con Estructura de Tablero y 
SIN SUB	p302088	Mascotas/None			Alberca para Mascotas - Alberca de Fibra de Vidrio Altamente Resistente - Diversión refrescante para
SIN SUB	p302158	Mascotas/None			Parque de juegos transparente de 56 x 37 pulgadas para perros, alivia eficazmente la ansiedad de las
SIN SUB	p302214	Mascotas/None			New Age Pet ecoFLEX - Mesa Auxiliar para Mascotas, Grande, Color Blanco Envejecido
SIN SUB	p302387	Mascotas/None			Trolley Case de Mascotas Pet Travel Trolley Multi-Función Respirável Portátil Case de Mascotas para 
SIN SUB	p302444	Mascotas/None			FXW AuraSpace - Parque Infantil para Perros de Interior para Cachorros y Perros Pequeños, 24 Pulgada
SIN SUB	p303997	Mascotas/None			Genérico Doble para Gatos Juego De s Elevados Dobles para Gatos
SIN SUB	p303999	Mascotas/None			Genérico Automático para Perros 2L Gran Capacidad Activado por Pasos
SIN SUB	p304010	Mascotas/None			Elevado Para Perros Protege La Columna De Las Mascotas, Perro, Mascota,
SIN SUB	p304046	Mascotas/None			Dispensador Automático Comestible para Mascotas Programable con 6 Horarios de Comida Recordatorio Vo
SIN SUB	p304081	Mascotas/None			STOBAZA Alimentación Lenta para Perros Antideslizante de Acero Inoxidable y Mejorar Digestión en Mas
SIN SUB	p304552	Cámaras y fotografía/None			Comedero automático para Gatos con cámara bidireccional de vídeo/Audio, WiFi 5G, 5L
SIN SUB	p304775	Cámaras y fotografía/None			EASYTAO Alimentador Automático con 3MP Camara para Perros y Gatos, 2.4Ghz WiFi Comedero Inteligente,
SIN SUB	p304783	Mascotas/None			New Age Pet ecoFLEX Piamonte para Mascotas con Almacenamiento, Color Blanco Antiguo, Grande (EHHF304
SIN SUB	p305050	Mascotas/None			Hill's Science Diet Indoor Croquetas para Gato Adulto Sabor Pollo 7Kg | Croquetas Hill's para gato, 
SIN SUB	p305051	Mascotas/None			Hill's Science Diet Perfect Weight Croquetas para Gato Adulto Pollo 6.8Kg | Croquetas Hill's para ga
SIN SUB	p305052	Mascotas/None			Hill's Science Diet Croquetas para Gato con Multiples Beneficios Adulto 7Kg | Croquetas Hill's para 
SIN SUB	p305058	Cámaras y fotografía/None			Alimentador automático para gatos con cámara, dispensador de comida y agua
SIN SUB	p305082	Cámaras y fotografía/None			Alimentador automático para perros con cámara WiFi: 33 tazas 5G Control de aplicación Fácil Configur
SIN SUB	p305084	Cámaras y fotografía/None			Comedero automático para Mascotas con cámara, Apto para Gatos y Perros, programable.
SIN SUB	p305085	Cámaras y fotografía/None			Comedero automático para Mascotas con cámara, Apto para Gatos y Perros, programable.
SIN SUB	p305089	Cámaras y fotografía/None			Comedero automático para Mascotas con cámara, alimentación temporizada, grabación de vídeo, dispensa
SIN SUB	p305291	Mascotas/None			Fabricante de alimentos para mascotas para perros y gatos, cocina
SIN SUB	p305294	Cámaras y fotografía/None			Comedero Inteligente para Mascotas con cámara y WiFi, comedero automático de 3,7 litros.
SIN SUB	p305296	Cámaras y fotografía/None			Comedero Inteligente para Mascotas con cámara y WiFi, dispensador automático de Comida para Gatos y 
SIN SUB	p305351	Mascotas/None			Teaser automático for Gatos con Gota de Agua, contenedor de Agua de 600 ml de Capacidad, Filtro Lava
SIN SUB	p305363	Mascotas/None			Pelletizador Eléctrico De Alimentos para Mascotas, Máquina De Alimentación para Perros Y Gatos, Pote
SIN SUB	p305391	Mascotas/None			HB1 Recipiente para Comida para Perros y Mascotas de Gran Capacidad, Recipiente para Cocina, Cubo, a
SIN SUB	p305407	Mascotas/None			Moretti - Cena elevada para Perros, 12 Pulgadas, 3 Cuartos de galón, Color Negro
SIN SUB	p305421	Mascotas/None			Botella for Beber for Mascotas Fuente for Beber automática for Mascotas, Fuente for Beber con Botell
SIN SUB	p305438	Mascotas/None			Fabricante automático de Alimentos para Mascotas, procesador Integrado de Alimentos para Mascotas co
SIN SUB	p305457	Mascotas/None			HB1 Almacenamiento de Comida para Perros Mascota Cubo de Comida Caja de bocadillos para Perros sella
SIN SUB	p305480	Mascotas/None			Gato Consentido - Foam Limpieza en Seco para Gato, Sin Enjuague, 150ml
SIN SUB	p305598	Mascotas/None			BESPORTBLE Caja De Conejo Caja De Bocadillos Comida De Mascotas Contenedor Hogar Contenedor De Golos
SIN SUB	p305635	Mascotas/None			YARNOW Urnas para Mascotas De Cerámica Urnas Pequeñas para Cenizas De Gatos y Perros para Mascotas C
SIN SUB	p305650	Mascotas/None			UKCOCO Urna para Mascotas De Urna Funeraria para Cenizas De Perro para Guardar Recuerdos De Mascotas
SIN SUB	p305694	Mascotas/None			Hemoton 16piezas De Cabeza De Mascota con Gomas Elásticas Bonitos y Elegantes Accesorios Pelo con La
SIN SUB	p305713	Mascotas/None			2 Urna para Mascotas contenedor, Caja de Recuerdo de Pelo de Mascotas, Urna Conmemorativa para Ceniz
SIN SUB	p305715	Mascotas/None			Genérico Disfraces de Halloween para Gatos Traje Cómodo Ajustable de Araña
SIN SUB	p305716	Mascotas/None			Co-bios Control De Olores 5l Neutro Para Mascotas
SIN SUB	p305732	Mascotas/None			Aditivo para el Aliento del Perro en el Agua, 200 ml Solución de Enjuague Bucal para Mascotas, Remov
SIN SUB	p305738	Mascotas/None			Extractor de pelo de orejas/nariz para mascotas, recto y curvo, totalmente dentado, acero inoxidable
SIN SUB	p305739	Mascotas/None			Poo-Pourri Pet-Pourri Aromatizante Antiolores de Mascota 472 ml
SIN SUB	p305750	Mascotas/None			Parque Hexagonal Plegable para Mascotas, Cerca de Seguridad Interior
SIN SUB	p305751	Mascotas/None			Parque Hexagonal para Cachorros Malla Transpirable y Almacenamiento Fácil
SIN SUB	p305800	Mascotas/None			K&H PET PRODUCTS Toldo para Cuna para Mascotas, Color Bronceado, Mediano 25 x 32 Pulgadas
SIN SUB	p305825	Mascotas/None			Inodoro Antideslizante para Perros de Interior, Plástico PP Azul
SIN SUB	p305856	Mascotas/None			Life360 - Etiqueta para Mascotas, Paquete de 1
SIN SUB	p305862	Mascotas/None			Shakven de Juego para Gatos de Juego Grande para Gatos en Interior
SIN SUB	p305997	Mascotas/None			Almohada lavable para perro, almohadas calmantes para el cuello de mascotas, café
SIN SUB	p306051	Mascotas/None			Happyyami Dispensador Automático de Agua Ligero para Perros y Gatos Capacidad de 3.8l y Fabricado en
SIN SUB	p306062	Lavadoras/None			Tapete Frio para Perros/Gatos, 75*50CM Ultra Grueso Tapetes Refrescante para Perro, 4D tapete Fresco
SIN SUB	p306077	Mascotas/None			Tienda para Gato Casa Semi Cerrada Plegable Cortina de Gasa (Pink)
SIN SUB	p306216	Mascotas/None			Escalera para Perros Pequeños Franela Antideslizante y Plástico Resistente, Adecuado para Mascotas e
SIN SUB	p306267	Mascotas/None			Tienda para Cachorros y Gatos, Casa Universal Multifuncional
SIN SUB	p306324	Mascotas/None			Dispensador Agua para Mascotas
SIN SUB	p306455	Mascotas/None			Plumín portátil para gatos, diseño trapezoidal para un mejor pie, tienda plegable para mascotas para
SIN SUB	p306473	Mascotas/None			Transpirable | Portátil, Plegable para Bañar Mascotas, Casa,
SIN SUB	p306516	Mascotas/None			Beavorty 2 Casas para Mascotas con Temática De Abeja Material Tamaño Pequeño para Hámster Ardilla Co
SIN SUB	p306550	Mascotas/None			Alfombras de Césped para la Micción de Perros Césped Artificial Para
SIN SUB	p306610	Mascotas/None			Pet Teepee Dog Cat Bed Tiendas Portátiles para Mascotas Casas para Mascotas Impermeable Pet Dog Carp
SIN SUB	p30668	Muebles/Otros			Soporte Para Laptop Portátil Qzgyoool
SIN SUB	p30669	Muebles/Otros			Soporte Para Laptop de Aluminio Plegable Antideslizante
SIN SUB	p30670	Muebles/Otros			Soporte Para Laptop Viglt F120 Ajustable de Aluminio
SIN SUB	p30671	Muebles/Otros			Soporte Para Laptop de Aluminio Base Ajustable Morado
SIN SUB	p306756	Mascotas/None			Dobladora compacta de metal para casas de mascotas y cubiertas de patio con rodillos de acero inoxid
SIN SUB	p306844	Mascotas/None			Gralara Tienda Campaña para Perros Compacta, Color to 4
SIN SUB	p306994	Mascotas/None			Pluma de juego portátil para mascotas, para gatos, cachorros, conejos, pollos, tienda plegable de gr
SIN SUB	p306998	Mascotas/None			Bolígrafo acrílico transparente para perros, alivia eficazmente la ansiedad de las mascotas, adecuad
SIN SUB	p307007	Mascotas/None			New Age Pet - Caja/mesa auxiliar para mascotas ecoFLEX
SIN SUB	p307013	Mascotas/None			Escalera para Perros Plegable Escaleras Escalera para Mascotas con Casa, Acolchado, Interiores, Gris
SIN SUB	p30725	Electrodomésticos/Otros			Juego de Cuchillos de Cocina 10 Piezas
SIN SUB	p30726	Electrodomésticos/Otros			Tabla Para Cortar Alimentos Ibili Plástico HDPE 38cm
SIN SUB	p30727	Electrodomésticos/Otros			Tabla Para Cortar Weber
SIN SUB	p30728	Electrodomésticos/Otros			Set de 4 Tablas Para Picar Vanance con Base
SIN SUB	p307448	Mascotas/None			Mesa Plegable para Mascotas con Lazo, Negro
SIN SUB	p307487	Mascotas/None			Vallas Para Perros, Acero Inoxidable Plegables Mascotas De Seguridad
SIN SUB	p30752	Joyería y bisutería/Otros			Billetera para Hombre con Tarjetero RFID Marrón
SIN SUB	p30753	Joyería y bisutería/Otros			Billetera para Hombre Timberland
SIN SUB	p30754	Joyería y bisutería/Otros			Billetera para Hombre Bifold Lacoste Azul
SIN SUB	p30755	Joyería y bisutería/Otros			Cinturón para Hombre Steve Madden Casual
SIN SUB	p30756	Joyería y bisutería/Otros			Paraguas Sombrilla Automática Estampado Floral Verde
SIN SUB	p307616	Mascotas/None			Mesa Plegable para Perros Portátil, Gris
SIN SUB	p307665	Mascotas/None			Mesa plegable de aseo para perros – computadora de baño profesional resistente para mascotas en casa
SIN SUB	p30856	Electrodomésticos/Otros			Juego de Vajilla Gibson Home Zuma Redonda 16 Piezas Gris
SIN SUB	p30857	Electrodomésticos/Otros			Juego de Vajilla Melamina Webbylee 10 Piezas Gris
SIN SUB	p30863	Electrodomésticos/Otros			Juego de Jarra de Agua Libbey Alaska 5 Piezas
SIN SUB	p30864	Electrodomésticos/Otros			Jarra de Agua Plástico Transparente 1.5L Good & Cool
SIN SUB	p30865	Electrodomésticos/Otros			Jarra de Agua de Vidrio Ámbar 77oz con Manija AEFPOYMXU
SIN SUB	p308895	Mascotas/None			para Gatos Boles De Acero Inoxidable para Perros
SIN SUB	p308924	Mascotas/None			UTOYA Inserto de Lento para para Perros,Inserto de
SIN SUB	p309167	Mascotas/None			Estación de Agua para Mascotas, Ajustable para Perros y Gatos, 500 ml, Azul
SIN SUB	p309198	Mascotas/None			Soporte Elevado de Bambú para Comida de Mascotas Diseño Elevado 1 Pieza
SIN SUB	p309463	Suplementos/None			Salud&Vida Aguaje con Fenogreco e Hinojo en Cápsulas | Apoyo nutricional para el bienestar diario | 
SIN SUB	p309514	Suplementos/None			Tofuvit - Sano Mundo 60 capsulas de 0.630g c/u | Suplemento de Tofu Deshidratado y Concentrado | Ref
SIN SUB	p309524	Suplementos/None			La gran guía de la suplementación: El manual definitivo para optimizar tu cuerpo y potenciar tu salu
SIN SUB	p309582	Suplementos/None			MultiFlex Reforzado - 1 frasco 30 tabletas 750 Mg C/u
SIN SUB	p309597	Suplementos/None			B-FIT Suplemento Probio 11 Cepas, 60 Billones, Sin Gluten, Sin Sabor
SIN SUB	p309648	Belleza y cuidado personal/			Quotidien Aceite de Ricino Puro Certificado Orgánico por OTCO | Castor Oil Prensado en Frío, Sin Hex
SIN SUB	p309655	Belleza y cuidado personal/			3 PCs Peine para peinar el cabello rizado, Cepillo para cabello rizado con colchón de aire, Cepillo 
SIN SUB	p309677	Belleza y cuidado personal/			MIST JEWEL Aceite de Argán para Masaje Corporal, Piel, Rostro y Cabello, Aceite 100% natural prensad
SIN SUB	p309784	Instrumentos musicales/Baterías			Pistola de Masaje Muscular con Mango Extensible, Masajeador de Espalda de Percusión para Alivio del 
SIN SUB	p309785	Instrumentos musicales/Baterías			Pistola de Masaje Masajeador de Tejido Profundo Para Músculos, Espalda, Pie, Cuello, Hombro, Pierna,
SIN SUB	p309787	Instrumentos musicales/Baterías			Yakiter Pistola de Masaje Muscular,Súper Potencia Masajeador de Muscular Profesional,99 Velocidades 
SIN SUB	p309793	Instrumentos musicales/Baterías			cotsoco Pistola de Masaje Muscular con Mango Largo Mejorado, Masajeador de Espalda de Percusión Prof
SIN SUB	p309795	Instrumentos musicales/Baterías			MEGAWISE Masajeador de percusión con 7 cabezales para espalda y piernas
SIN SUB	p309800	Instrumentos musicales/Baterías			Pistola de Masaje de 4 Cabezales Masajeador de Percusión de Tejido Profundo 20 y 6 Modos de Masaje M
SIN SUB	p309801	Instrumentos musicales/Baterías			Pistola de masaje de tejido profundo, potente masajeador de percusión con 6 velocidades ajustables, 
SIN SUB	p309805	Instrumentos musicales/Baterías			Pistola de Masaje de 12 Cabezas, Masajeador de Percusión de Tejido Profundo Ajustable, 9 Modos y 9 I
SIN SUB	p309810	Instrumentos musicales/Baterías			Masajeador de Espalda en Forma de U con Mango Largo, Pistola de Masaje Percusión para Aliviar Dolore
SIN SUB	p309811	Instrumentos musicales/Baterías			Pistola Masajeadora de Percusión Recargable, Rehabilitación
SIN SUB	p309830	Mascotas/None			ChoiceMMed Oxímetro de pulso portátil para uso veterinario - Frecuencia cardíaca - Monitoreo médico 
SIN SUB	p309831	Mascotas/None			Monitor Preciso De Frecuencia Cardíaca para Mascotas para Perros Y Gatos, Equipo De Monitoreo Médico
SIN SUB	p309832	Mascotas/None			Monitor De Frecuencia Cardíaca Y Presión Arterial para Perros, Gatos Y Animales Pequeños, Equipo De 
SIN SUB	p309833	Mascotas/None			Monitor de presión arterial veterinario for perros y gatos, equipo veterinario digital, esfigmomanóm
SIN SUB	p309835	Mascotas/None			Oxímetro de pulso veterinario - Oxímetro de mano para perros SpO2, frecuencia de pulso y monitoreo d
SIN SUB	p309836	Mascotas/None			Detector de Pulso Veterinario Portátil Monitor Continuo Nocturno con Alarma, Sonda para Adultos
SIN SUB	p309839	Mascotas/None			Oxímetro De Pulso Veterinario De Mano, Monitor Preciso De Frecuencia Cardíaca para Mascotas para Gat
SIN SUB	p309850	Mascotas/None			Oxímetro de Pulso Veterinario portátil, Monitor de presión Arterial para Perros Recargable, Equipo d
SIN SUB	p309870	Mascotas/None			Máquina de ultrasonido veterinario portátil A8 para control de embarazo, visualización HD de 5.7 pul
SIN SUB	p309969	Cafeteras/None			Diyife [4 Modos] Bascula Cafe con Temporizador, Tamano Mini para Cafetera
SIN SUB	p310005	Mascotas/None			Báscula para perros de raza grande, báscula para ganado de 300 x 0.1 kg, báscula postal de envío con
SIN SUB	p310006	Deportes y fitness/Otros			Báscula de pesca, controlador de pesaje de peces, digital portátil para pesca, herramienta ideal par
SIN SUB	p310007	Herramientas/None			XIIYUN Heavy Duty Electronic Lage Scale Balanzas digitales multifuncionales Pantalla LCD Viaje Herra
SIN SUB	p310008	Herramientas/None			lifcasual Heavy Duty Electronic Lage Scale Balanzas digitales multifuncionales Pantalla LCD Viaje He
SIN SUB	p310011	Herramientas/None			Juego de Pesas de Escala de 17 Uds., Juego de Báscula de Prueba de Peso, Báscula de Acero, Báscula d
SIN SUB	p310012	Herramientas/None			Básculas de resorte mecánicas de plástico Herramientas medición peso cocina Básculas pesaje 5 kg Bás
SIN SUB	p310015	Mascotas/None			B?scula Digital para Mascotas, 10Kg / 1G B?scula
SIN SUB	p310019	Herramientas/None			Báscula De Porciones 2kg Herramienta De Pesaje Para Química Báscula De Plástico Dial Para Experiment
SIN SUB	p310022	Belleza y cuidado personal/			Philips Norelco MG3740/40 - Recortadora todo en uno de 3000-13 piezas para hombre, kit de aseo para 
SIN SUB	p310045	Suplementos/None			SUPER BETA PROSTATE Masticables avanzados: suplemento para la salud prostática masculina (120 compri
SIN SUB	p310062	Suplementos/None			Suplementos Dao Bloqueador de Histamina
SIN SUB	p310087	Suplementos/None			Cacao (cacao) 200 cápsulas en polvo, salud cardíaca y bienestar, pie* (300 mg/porción)
SIN SUB	p310106	Suplementos/None			Dr. Mercola Complete Afterbiotics Suplemento dietético (18 mil millones de CFU), 30 cápsulas (30 por
SIN SUB	p310125	Mascotas/None			Seguridad alimentaria integrada y salud pública veterinaria
SIN SUB	p310126	Muebles/Otros			Bodily Autonomy in 19th Century American Women’s Writing: A Cornucopia of Pharmacopoeia (Routledge R
SIN SUB	p310127	Muebles/Otros			Creative Writing and Wellbeing: Research, Theory, and Practice Beyond Words (Routledge Interdiscipli
SIN SUB	p310128	Suplementos/None			Nature Target Probi?ticos para Hombres con Suplemento Men Care
SIN SUB	p310129	Suplementos/None			Bio-K Plus Bio-k+, Suplemento Probi?tico, Salud de la Mujer, 60 C?psulas
SIN SUB	p310147	Suplementos/None			Suplemento Endocalyx - Apoyo al glicocáliz endotelial 60 cápsulas - Salud vascular y de la microcirc
SIN SUB	p310168	Suplementos/None			LongLifeNutri- “Diosmina 1000mg Fórmula Avanzada 240 Cápsulas para Apoyo a la Salud Circulatoria, Ab
SIN SUB	p310180	Suplementos/None			Force Factor Probioslim, Suplemento Probi?tico para Mujeres
SIN SUB	p310201	Suplementos/None			Endocalyx Pro Suplemento para la Salud Vascular y Microcirculación 120 Cápsulas | Support Vascular P
SIN SUB	p310207	Muebles/Otros			My Period My Power: A Simple Guide to Body Literacy, Cycle Syncing & Daily Health Tracking
SIN SUB	p310240	Suplementos/None			Neurogan- “Cápsulas de Urolithin A Pro de Fuerza Mejorada 1000mg, 120 Count Salud Celular Avanzada &
SIN SUB	p310242	Suplementos/None			Humann- ?Superbeets Polvo de Ra?z de Remolacha Suplemento de ?xido
SIN SUB	p310277	Suplementos/None			Truflora Suplementos Master - 32 C?psulas, Paquete de 2
SIN SUB	p310281	Suplementos/None			Livorka (Paquete de 3) C?psulas de Suplementos de Salud
SIN SUB	p310299	Suplementos/None			Swanson D-limoneno - Suplemento de Extracto de C?scara de Naranja
SIN SUB	p310317	Mascotas/None			Wisdom Panel Premium - Prueba de ADN de perro para salud integral, rasgos y ascendencia
SIN SUB	p310319	Mascotas/None			Rastreador GPS para perros, valla virtual y monitor de salud de IA, impermeable (con submetro de 36 
SIN SUB	p310325	Suplementos/None			Codeage Suplemento de Urolitina a Liposomal 500 Mg por Porci?n +
SIN SUB	p310410	Suplementos/None			Fatty15 Suplemento de ?cido Pentadecanoico C15:0. El Nutriente de
SIN SUB	p310411	Otros/Varios			Immunocal Paquete de Abundancia | 2 Immunocal + 4 Platinum | Precursor de Glutatión | Soporte Avanza
SIN SUB	p310421	Mascotas/None			Caja de automática para Gatos con autolimpieza con Control de aplicación, Inodoro Inteligente Grande
SIN SUB	p310456	Cámaras y fotografía/None			Iriscopio Digital De 12MP, Cámara De Diagnóstico De Iridología Ocular, Software De Análisis Sin Cont
SIN SUB	p310460	Cámaras y fotografía/None			Cámara para el Cuero cabelludo de 15,6 Pulgadas con análisis de IA para Uso Profesional. 4 Modos de 
SIN SUB	p310475	Mascotas/None			Cinta de correr para perros para ejercicio en interiores, máquina de correr resistente con visualiza
SIN SUB	p310477	Mascotas/None			Cinta de correr para perros grandes y medianos, máquina de ejercicio interior con visualización LCD,
SIN SUB	p310535	Belleza y cuidado personal/			Set de 6 Piezas de Cepillos y Peines para Cabello, Botella Rociadora de 200ml, Cepillo Desenredante 
SIN SUB	p310537	Belleza y cuidado personal/			Gel Fijador Para Peinar Linaza | Fijación Suave y Flexible - No Deja Residuos - Textura Ligera y Cóm
SIN SUB	p310538	Belleza y cuidado personal/			Kit de Peine para Peinar el Cabello, 12PcsPeine para Peinar Cabello el Cabello Rizado Húmedo Y Seco,
SIN SUB	p310556	Belleza y cuidado personal/			Cepillo de masaje eléctrico 2 en 1 para cuero cabelludo con luz roja y azul - Dispositivo de cuidado
SIN SUB	p310566	Belleza y cuidado personal/			10 Cepillos De Bambú Para El Cabello, Cepillos De Paleta De Madera Natural A Granel Con Cerdas De Ba
SIN SUB	p310572	Belleza y cuidado personal/			MIST JEWEL Aceite de Romero para Masaje Corporal y Capilar, Aceite 100% prensado en frío Natural par
SIN SUB	p310600	Belleza y cuidado personal/			Aceite de argan organico, virgen, 100% puro, aceite de argon prensado en frio, para estimular el cre
SIN SUB	p310724	Mascotas/None			Clippers for perros, kit profesional for el cuidado de eléctrico inalámbrico , for mascotas bajo rui
SIN SUB	p310916	Muebles/Otros			Electroválvulas Cuadradas Válvulas Electromagnéticas de Repuesto para Sillones Dentales e Irrigador 
SIN SUB	p310934	Mascotas/None			TropiClean Fresh Breath - Aditivo de Agua para Mascotas, 16 onzas
SIN SUB	p311307	Instrumentos musicales/Baterías			Yakiter Pistola de Masaje Muscular,Súper Potencia Masajeador de Muscular Profesional,99 Velocidades 
SIN SUB	p311324	Instrumentos musicales/Baterías			Pistola de masaje de tejido profundo, potente masajeador de percusión con 6 velocidades ajustables, 
SIN SUB	p311379	Instrumentos musicales/Baterías			Martillo De Masaje De Ajenjo, 2 Uds., Herramienta De Masaje para Golpear Espalda, Martillo De Rellen
SIN SUB	p311413	Instrumentos musicales/Baterías			Accesorios for pistola de masaje, cabezales de pistola de masaje de silicona, cabezal de repuesto de
SIN SUB	p311415	Instrumentos musicales/Baterías			Pistola de masaje con 6 modos, pistola de masaje muscular con 9 cabezales repuesto, masajeador percu
SIN SUB	p311419	Mascotas/None			Tilcare Masajeador para gatos y perros: masajeador eléctrico relajante del
SIN SUB	p311423	Instrumentos musicales/Baterías			RENPHO - Pistola de masaje con calor y frío, cabeza de pistola de masaje muscular de percusión para 
SIN SUB	p311436	Instrumentos musicales/Baterías			Pistola de masaje de percusión con mango extendido y cabezales masaje múltiples, masajeador espalda 
SIN SUB	p311442	Instrumentos musicales/Baterías			Pistola de masaje Pistola de masaje muscular 6 modos con 9 cabezales repuesto Masajeador percusión p
SIN SUB	p311447	Instrumentos musicales/Baterías			Pistola de masaje de percusión con mango extendido y cabezales masaje múltiples, masajeador espalda 
SIN SUB	p311450	Instrumentos musicales/Baterías			Masajeador Muscular Herramienta de Percusión de 4 Velocidades para
SIN SUB	p311467	Instrumentos musicales/Baterías			Pistola de masaje desmontable 3 en 1, masajeador de percusión de tejido profundo con mango de extens
SIN SUB	p311479	Instrumentos musicales/Baterías			Mini Pistola De Masaje, Potente Masajeador Muscular De Mano Para Alivio Del Dolor De Espalda, Pistol
SIN SUB	p311480	Instrumentos musicales/Baterías			Pistola de masaje A1 súper pequeña, masajeador muscular de percusión, portátil para viajes, oficina 
SIN SUB	p311481	Instrumentos musicales/Baterías			Mini pistola de masaje: pequeño masajeador muscular de mano con percusión de tejido profundo, 5 frec
SIN SUB	p311483	Instrumentos musicales/Baterías			Mini pistola de masaje NEPQ, potente pistola de masaje fascial portátil con percusión para tejidos p
SIN SUB	p311495	Instrumentos musicales/Baterías			TOLOCO Pistola de masaje, pistola de masaje muscular de percusión mejorada para atletas, pistola de 
SIN SUB	p311496	Instrumentos musicales/Baterías			Cotsoco - Pistola de masaje de tejido profundo, pistola de masaje de percusión con 10 cabezales de m
SIN SUB	p311498	Instrumentos musicales/Baterías			AERLANG Pistola de masaje, masajeador de tejido profundo para músculos de la espalda para deportista
SIN SUB	p311503	Instrumentos musicales/Baterías			Pistola de masaje Super Mini, masajeador muscular de percusión de tejido profundo, pistola de masaje
SIN SUB	p311504	Instrumentos musicales/Baterías			Pistola de Masaje Mini de Tejido Profundo, Masajeador Portátil de Percusión con Luz LED
SIN SUB	p311507	Instrumentos musicales/Baterías			Snailax Masajeador de espalda inalámbrico de mano con calor, masajeador de percusión de tejido profu
SIN SUB	p311509	Instrumentos musicales/Baterías			Mini pistola de masaje de bolsillo, masajeador de percusión para viajes | Pequeño masajeador muscula
SIN SUB	p311510	Instrumentos musicales/Baterías			Pistola de masaje de tejido profundo con mango de curva, percusión de 12 mm, 4 cabezales reemplazabl
SIN SUB	p311513	Instrumentos musicales/Baterías			Pistola de masaje de tejido profundo de 42 cabezas, masajeador muscular de percusión con 9 modos e i
SIN SUB	p311514	Instrumentos musicales/Baterías			LifePro - Pistola de masaje - Masajeador muscular de percusión para atletas con 8 cabezales de masaj
SIN SUB	p311516	Instrumentos musicales/Baterías			Pistola de masaje AERLANG con calor, pistola de masaje de tejido profundo, masajeador de espalda y c
SIN SUB	p311519	Instrumentos musicales/Baterías			Mini pistola de masaje con calor y frío, pistola de masaje de tejido profundo, masajeador muscular d
SIN SUB	p311524	Instrumentos musicales/Baterías			2026 - Pistola de masaje de fascia, portátil y de mano, alivio del dolor muscular en cuello, espalda
SIN SUB	p311526	Instrumentos musicales/Baterías			Pistola De Masaje Muscular Masajeador Percusión Tejido Profundo
SIN SUB	p311530	Instrumentos musicales/Baterías			LifePro - Pistola de masaje y soporte para pistola de masaje (se vende por separado). Masajeador mus
SIN SUB	p311532	Instrumentos musicales/Baterías			Pistola de masaje de percusión desmontable 2 en 1 con mango extensible, masajeador para la espalda p
SIN SUB	p311535	Instrumentos musicales/Baterías			Masajeador Muscular De Tejido Profundo Con Pistola Masaje Percusión 8 En 1
SIN SUB	p311536	Instrumentos musicales/Baterías			LEVILO - Juego de pistola de masaje de 16 unidades, masajeador de percusión, con 16 cabezales de mas
SIN SUB	p311537	Instrumentos musicales/Baterías			FVZ Pistola de masaje de tejido profundo: masajeador de espalda para aliviar el dolor de tejido prof
SIN SUB	p311539	Instrumentos musicales/Baterías			Pistola de masaje de tejido profundo con 16 cabezales, masajeador muscular de percusión con 16 cabez
SIN SUB	p311541	Instrumentos musicales/Baterías			Pistola de masaje de tejido profundo, pistola de masaje muscular con mango extendido y 3 ángulos aju
SIN SUB	p311542	Instrumentos musicales/Baterías			Super Mini Pistola De Masaje De Tejido Profundo Para Atletas, Pistola De Masaje De Viaje Pequeña, He
SIN SUB	p311553	Instrumentos musicales/Baterías			Hypervolt Go 2 - Equipado con tecnología Quiet Glide - Pistola de masaje de percusión portátil (Hype
SIN SUB	p311559	Instrumentos musicales/Baterías			Masajeador de acción de percusión HoMedics con calor, intensidad ajustable, cabezas giratorias doble
SIN SUB	p311567	Instrumentos musicales/Baterías			Pistola de masaje AERLANG con calor y frío, pistola de masaje de tejido profundo, masajeador de espa
SIN SUB	p311568	Instrumentos musicales/Baterías			BOB AND BRAD Pistola de masaje Q2 Mini, pistola de masaje de tejido profundo de bolsillo, pistola de
SIN SUB	p311575	Instrumentos musicales/Baterías			TheraGun Accesorio de terapia de frío para la pistola de masaje de percusión de tejido profundo PRO 
SIN SUB	p311588	Instrumentos musicales/Baterías			Breo Lucky7 Pistola masajeadora con calor y percusión de tejidos profundos
SIN SUB	p311591	Instrumentos musicales/Baterías			Pistola masajeador de percusión Therapist Select Prime
SIN SUB	p311594	Instrumentos musicales/Baterías			LifePro Sonic LX - Pistola de masaje personal profesional con pistola de masaje de percusión con cal
SIN SUB	p311595	Instrumentos musicales/Baterías			Pistola de masaje con calor y terapia de luz roja, pistola de masaje, tejido profundo con mango exte
SIN SUB	p311596	Instrumentos musicales/Baterías			Mini pistola de masaje 3 en 1 con calor y frío, masaje de espalda de tejido profundo con mango desmo
SIN SUB	p311597	Instrumentos musicales/Baterías			pistola de masaje, Pistola De Masaje Percusión Tejido Profundo
SIN SUB	p311601	Instrumentos musicales/Baterías			BOB AND BRAD Q2 - Pistola de masaje ultra pequeña con calor infrarrojo, pistola masajeador de percus
SIN SUB	p311603	Instrumentos musicales/Baterías			BOB AND BRAD Pistola de masaje Q2 Mini, pistola de masaje de tejido profundo de bolsillo, pistola de
SIN SUB	p311604	Instrumentos musicales/Baterías			Masajeador Muscular De Pistola Masaje Percusión Tejido Profundo
SIN SUB	p311617	Instrumentos musicales/Baterías			Hyperice Hypervolt Go 3 - Pistola de masaje de percusión de mano compacta con tecnología QuietGlide 
SIN SUB	p311621	Instrumentos musicales/Baterías			Masajeador Muscular para Masaje de Percusión Thumper E501 NA Sport con Bolso de Transporte
SIN SUB	p311628	Instrumentos musicales/Baterías			Pistola de masaje, pistola de masaje desmontable 3 en 1, mini pistola de masaje con mango de extensi
SIN SUB	p311632	Instrumentos musicales/Baterías			BOB AND BRAD Q2 Pro - Mini pistola de masaje con calor y frío, tamaño de bolsillo, para masaje de te
SIN SUB	p311641	Instrumentos musicales/Baterías			Muscle Blaster Mini pistola de masaje de percusión inalámbrica, estimulación manual recargable, vibr
SIN SUB	p311644	Instrumentos musicales/Baterías			Surge Pro - Pistola de masaje de tejido profundo con calor, masajeador muscular de percusión para re
SIN SUB	p311670	Instrumentos musicales/Baterías			BOB AND BRAD Pistola de masaje D6 Pro Max+ con calor y frío, potente masajeador de percusión de teji
SIN SUB	p311677	Instrumentos musicales/Baterías			Hyperice Hypervolt 2 – Con tecnología Quiet Glide – Pistola de masaje de percusión de mano 3 velocid
SIN SUB	p311679	Instrumentos musicales/Baterías			BOB AND BRAD C2 - Pistola de masaje ultra con calor y cabeza de terapia LED rojo, pistola masajeador
SIN SUB	p311687	Instrumentos musicales/Baterías			Therabody TheraGun - Minipistola de masaje para alivio del dolor, terapia de percusión negra de 3ª g
SIN SUB	p311689	Instrumentos musicales/Baterías			Bob and Brad D5 Pistola de masaje de tejido profundo, pistola de masaje de percusión manual, masajea
SIN SUB	p311697	Instrumentos musicales/Baterías			Pistola Muscular para aliviar la tensión Muscular, Pistola de Fascia de vibración silenciosa, Masaje
SIN SUB	p311718	Instrumentos musicales/Baterías			Hypervolt 2 Pro - Con tecnología de deslizamiento silencioso - Pistola de masaje de percusión de man
SIN SUB	p311721	Instrumentos musicales/Baterías			Hyperice Hypervolt 2 - Pistola de masaje de percusión de mano, 3 velocidades, 5 cabezales intercambi
SIN SUB	p311722	Instrumentos musicales/Baterías			Theragun PRO - Pistola de masaje para terapia de percusión de 5ª generación, color negro
SIN SUB	p311726	Instrumentos musicales/Baterías			Masajeador portátil de Ondas de Choque electromagnéticas V100 con Pantalla táctil HD, Sistema de Mas
SIN SUB	p311727	Instrumentos musicales/Baterías			Masajeador de Ondas de Choque V100, de sobremesa y portátil, Unidad de Masaje por percusión electrom
SIN SUB	p311728	Instrumentos musicales/Baterías			Masajeador de percusión electromagnética V100, Dispositivo de Masaje por Ondas de Choque de Impacto 
SIN SUB	p311730	Instrumentos musicales/Baterías			Masajeador electromagnético de Ondas de Choque V80-A con Pantalla táctil de Alta definición, Sistema
SIN SUB	p311731	Instrumentos musicales/Baterías			Masajeador Profesional de Ondas de Choque para la relajación Corporal Q60, Dispositivo de Masaje por
SIN SUB	p311732	Instrumentos musicales/Baterías			Masajeador de Ondas de Choque de sobremesa V80‑A, Unidad de Masaje por percusión electromagnética co
SIN SUB	p311734	Instrumentos musicales/Baterías			Masajeador de Ondas de Choque accionado por Aire Q60, máquina de Masaje por percusión de sobremesa c
SIN SUB	p311775	Lavadoras/None			Baño de pies automático Calefacción Temperatura constante Masaje eléctrico Lavadora
SIN SUB	p311829	Otros/Varios			Sillón Masajeador de Cuerpo Completo, Gravedad Cero, Gris y Blanco, Cuero Sintético, con Panel Tácti
SIN SUB	p311845	Otros/Varios			HPC POLO Sillón de Masaje Reclinable con Gravedad Cero, Pantalla Táctil, LED Ambiental, Soporte para
SIN SUB	p311854	Lavadoras/None			Baño de pies automático Calefacción Temperatura constante Masaje eléctrico Lavadora
SIN SUB	p311856	Instrumentos musicales/Baterías			Aparato de terapia de ondas de choque neumáticas, dispositivo de terapia de ondas de choque extracor
SIN SUB	p311868	Instrumentos musicales/Baterías			Masajeador de percusión neumático Profesional Q60, Dispositivo de Masaje por Ondas de Choque acciona
SIN SUB	p311888	Otros/Varios			Genérico Silla de Masaje 4D para Todo el Cuerpo, Multifunción para Hogar, Relajación de Cuello, Homb
SIN SUB	p311977	Lavadoras/None			Baño de pies con el mismo párrafo masaje eléctrico lavadora barril baño profundo sobre la pantorrill
SIN SUB	p311982	Lavadoras/None			Baño de pies con el mismo párrafo masaje eléctrico lavadora barril baño profundo sobre la pantorrill
SIN SUB	p312262	Cámaras y fotografía/None			Tilta Mirage Pro Caja Mate - Kit de respaldo único de 114mm | Fibra de carbono | Kit de inicio | Abr
SIN SUB	p312332	Otros/Varios			Aire Acondicionado PortáTil Aces,Ventilador De Torre Silencioso De Escritorio,Carga USB,3 Velocidade
SIN SUB	p312526	Otros/Varios			Aecooly Ventilador para Celular USB C Potente 17000RPM 4 Velocidades
SIN SUB	p312772	Climatización/None			Honeywell Calentador de Torre de Cerámica ComfortTemp ™ 4 DX
SIN SUB	p313012	Cafeteras/None			Placa eléctrica pequeña, Placa calefactora eléctrica para cafetera, Base ca Práctico y Profesional
SIN SUB	p313030	Cafeteras/None			Placa eléctrica pequeña, placa calefactora eléctrica para cafetera, base ca
SIN SUB	p313068	Cafeteras/None			Placa eléctrica pequeña, placa calefactora eléctrica para cafetera, base ca
SIN SUB	p313176	Mascotas/None			RPZ Purificador de aire inteligente para mascotas para habitaciones grandes del hogar, purificador d
SIN SUB	p313218	Mascotas/None			Ownpets Purificador de Aire para Mascotas, Prefiltro Lavables
SIN SUB	p313297	Lavadoras/None			Purificadores de aire de agua para el hogar, purificador de aire a base de agua de velocidad variabl
SIN SUB	p313416	Mascotas/None			Purificador Aire Para Mascotas En El Hogar Máquina Silenciosa Que Elimina
SIN SUB	p313437	Mascotas/None			Purificador de aire para mascotas, silenciosa para limpiar olores de | Puri
SIN SUB	p313440	Electrodomésticos/			Purificadores de aire de cocina Máquina purificadora Limpiador pequeño de 5 W Ambientador de cocina 
SIN SUB	p313613	Audífonos/None			Secador de audífonos Multifuncional, deshumidificador para audífonos, desinfectante eléctrico UV, Es
SIN SUB	p313622	Audífonos/None			Deshumidificador de secador de audífonos, dispositivo electrónico ultra violeta para mantenimiento y
SIN SUB	p313658	Audífonos/None			par de audífonos con Carga magnética para Canal auditivo, Amplificador de Sonido con reducción de Ru
SIN SUB	p313669	Audífonos/None			Sistema automático de limpieza de deshumidificadores con secador y deshumidificador UV para audífono
SIN SUB	p313684	Audífonos/None			Deshumidificador de secador de audífonos, caja de secado más rápido de 30
SIN SUB	p313895	Cámaras y fotografía/None			Cámara de agua estándar para humidificadores calentados H-4i
SIN SUB	p313933	Mascotas/None			Mini humidificador - Lindo humidificador de niebla de gato para recámara de niños, pequeño humidific
SIN SUB	p313974	Mascotas/None			Mini humidificador - Lindo humidificador de niebla de gato para recámara de niños, pequeño humidific
SIN SUB	p314000	Mascotas/None			Humidificador de escritorio con forma de gato USB 300 ml, luz nocturna 2 LED, humidificador portátil
SIN SUB	p314024	Mascotas/None			Humidificador de escritorio con forma de gato lindo USB 300 ml con 2 colores luz nocturna LED 2 modo
SIN SUB	p314038	Mascotas/None			Mini humidificador, humidificador recargable para perros, portátil, silencioso, con niebla ajustable
SIN SUB	p314366	Otros/Varios			Aire Acondicionado,Ventilador de Escritorio,Aire Acondicionado de Escritorio Mini 3 Engranajes Vient
SIN SUB	p315043	Autos, bicicletas y motos/None			Compresor de aire acondicionado para automóviles HYR con embrague compatible con Audi A4 2005-2006 2
SIN SUB	p315230	Autos, bicicletas y motos/None			Treeligo - Acondicionador de aire para camión de 24 V, 12000 BTU, aire acondicionado de enfriamiento
SIN SUB	p315288	Autos, bicicletas y motos/None			Acondicionador de aire para vehículo universal debajo del salpicadero, evaporador de aire acondicion
SIN SUB	p315298	Autos, bicicletas y motos/None			Acondicionador de aire 12v 12000BTU, Acondicionador de aire de techo de 12 voltios, refrigeración rá
SIN SUB	p315438	Autos, bicicletas y motos/None			Aire Acondicionado portátil de 5100 BTU para Tiendas de campaña, Camiones, vehículos recreativos (RV
SIN SUB	p315458	Autos, bicicletas y motos/None			Aire acondicionado para rv, Micro Aire Acondicionado, CC 24 V, Calefacción Y Refrigeración Portátil 
SIN SUB	p315489	Autos, bicicletas y motos/None			Aire acondicionado para rv, Micro Aire Acondicionado, DC 24V 550W R134A - Mini Split AC Para Refrige
SIN SUB	p315493	Autos, bicicletas y motos/None			Aire Acondicionado portátil para Exteriores de 220 V y 5121 BTU para vehículos recreativos.
SIN SUB	p315510	Autos, bicicletas y motos/None			Aire Acondicionado portátil de 4400 BTU para Tiendas de campaña, vehículos recreativos (RV), Camione
SIN SUB	p315579	Autos, bicicletas y motos/None			Combo de Calentador de Aire Acondicionado para vehículos recreativos de 12 V: Unidad de Aire Acondic
SIN SUB	p316184	Otros/Varios			Enfriador Magnético Teléfono, Ventilador USB Bajo Ruido, Enfriador de Teléfono Celular RGB, Incluye 
SIN SUB	p316599	Otros/Varios			Namolit Ventilador portátil de Mesa con Cuello de Mano con ángulo Ajustable de 90° Batería de 3600 m
SIN SUB	p316606	Otros/Varios			Namolit Ventilador portátil de Mesa con Cuello de Mano con ángulo Ajustable de 90° Batería de 3600 m
SIN SUB	p319038	Baterías portátiles/None			Calentador de batería portátil silencioso para espacios pequeños, 2 temperaturas para dormitorios AB
SIN SUB	p319043	Autos, bicicletas y motos/None			Calentador de vehículo de 12 V 150 W para una eliminación efectiva de la niebla, descongelación y ma
SIN SUB	p319053	Autos, bicicletas y motos/None			Calentador de vehículo de 12 V 150 W para una eliminación efectiva de la niebla, descongelación y ma
SIN SUB	p321689	Otros/Varios			Bobinadora circular LY 890, controlador TNC-910H, extractor de alambre calefactor, pesca, anillo mag
SIN SUB	p321690	Otros/Varios			Máquina bobinadora, Bobinadora circular LY 890, controlador TNC-910H, extractor de alambre calefacto
SIN SUB	p322287	Deportes y fitness/Otros			Beavorty Juego de Marcador de Bolas de Golf con Rotulador y Plantilla para Alineación, Herramienta L
SIN SUB	p322384	Cámaras y fotografía/None			MJM IN PROFESIONAL Camara O BLADER DE Latex para Balon DE Futbol Medida # 5
SIN SUB	p322700	Otros/Varios			PACKOVE Llaveros De Voleibol Portátiles 3 Piezas Llaveros Decorativos para Mochilas Bolsos Llaves de
SIN SUB	p323396	Deportes y fitness/Otros			Brrnoo Entrenador de Pelotas de Tenis, Herramienta de Entrenamiento única con Rebote de Zócalo, Prác
SIN SUB	p32412	Otros/Varios			Equipo de Supervivencia Portátil para Aventureros Negro
SIN SUB	p32480	Otros/Varios			Navaja Multiusos de Aluminio Aksi Plateada
SIN SUB	p32481	Otros/Varios			Navaja Multiusos 21 Funciones Tipo Suiza Mikels Plateada
SIN SUB	p32482	Otros/Varios			Navaja Multiusos Plegable Milwaukee 48-22-1530 Roja
SIN SUB	p32483	Otros/Varios			Navaja Multiusos Victorinox Huntsman Camo (15 Herramientas)
SIN SUB	p32484	Otros/Varios			Navaja Multiusos Deslizable Klein Tools 44301 Naranja
SIN SUB	p32485	Otros/Varios			Navaja Multiusos Victorinox Signature Negra (7 Herramientas)
SIN SUB	p32486	Otros/Varios			Navaja Multiusos Plegable Klein Tools 44131 Naranja/Negro
SIN SUB	p32487	Otros/Varios			Navaja Multiusos Swiza Allmatt 12 Funciones Negra
SIN SUB	p32488	Otros/Varios			Navaja Multiusos Swiza Negra 7 Funciones para Camping
SIN SUB	p325133	Mascotas/None			Juego de 3 Mascotas Mundial 2026 FIFA World Cup 2026 Maple Zayu Clutch 7.6 cm Figuras Coleccionables
SIN SUB	p325322	Cámaras y fotografía/None			Cámara Reforzada 10x2.5 in Scooter y Patín Eléctrico Pivote Curvo
SIN SUB	p325353	Muebles/Otros			Patines de doble hilera de graffitis blancos, zapatillas de patinaje duraderas y cómodas para niños 
SIN SUB	p325370	Cámaras y fotografía/None			Cámara Reforzada 10x3 in 255x80 Scooter y Patín Eléctrico Pivote Curvo
SIN SUB	p325373	Cámaras y fotografía/None			Cámara Reforzada para Scooter | 8.5x2 in | 50/75-6.1 | para Scooter Eléctrico y Patín Eléctrico | Pi
SIN SUB	p325397	Cámaras y fotografía/None			Cámara Reforzada 10x2-6.1 in Scooter y Patín Eléctrico Pivote Recto
SIN SUB	p325484	Cámaras y fotografía/None			Válvula de Neumático sin Cámara para Scooter, Válvula de Vacío de Neumático sin Cámara para Scooter 
SIN SUB	p32562	Otros/Varios			Brújula Cartográfica Coghlan's 8162 para Camping y Senderismo
SIN SUB	p325784	Deportes y fitness/Otros			Alomejor Brújula Geológica de Alta Precisión, Herramienta de Navegación Compacta y Portátil para Sen
SIN SUB	p325914	Autos, bicicletas y motos/None			Wilson Ultra 100 V5 - Raquetas de Tenis para Adultos - Encordadas con Sensation 16 Natural a tensión
SIN SUB	p32596	Electrodomésticos/Otros			Secadora de Ropa Portátil Mini con Control
SIN SUB	p326209	Mascotas/None			2 Barras de Soporte para Gato de Gabinete
SIN SUB	p326236	Audífonos/None			playvital 2 Set Fold Soporte de Pared para ps5/4, Soporte de Pared Plegable para Xbox Series X/S, Sw
SIN SUB	p326251	Otros/Varios			Exquisite Gaming: Cable Guy COD Zombie Ghost - Phone/Controller Holder, Compatible con PS5, Xbox Ser
SIN SUB	p326265	Otros/Varios			191cm Monopie/Tripie para Camara Fotografica con Soporte para Celular&Mando
SIN SUB	p326484	Deportes y fitness/Otros			Equipo de ejercicio sentado con ventosa tipo abdomen, máquina de pérdida de peso, ayuda para el hoga
SIN SUB	p326622	Deportes y fitness/Otros			2 palos de gimnasia rítmica equipo de entrenamiento de gimnasia herramienta de gimnasia rítmica equi
SIN SUB	p326655	Deportes y fitness/Otros			Entrenador de Fuerza para Antebrazo, Ejercitador de Fuerza de Muñeca de Acero con Resorte, Herramien
SIN SUB	p32675	Otros/Varios			Estación Meteorológica Inalámbrica WiFi
SIN SUB	p32676	Otros/Varios			Estación Meteorológica Analógica
SIN SUB	p326828	Deportes y fitness/Otros			Palos de Gimnasia rítmica, 1 par de 45 cm, Herramienta Equipo Entrenamiento
SIN SUB	p326836	Deportes y fitness/Otros			Estirador de Piernas, Mejora Flexibilidad y Rango de Movimiento, Herramienta de Entrenamiento para L
SIN SUB	p32711	Otros/Varios			Caja Fuerte de Seguridad para el Hogar 2.05 Pies
SIN SUB	p327858	Otros/Varios			Entrenador De Torsión Y Estiramiento para La Columna, Equipo De Gimnasio En Casa De Bajo Impacto, Ca
SIN SUB	p32903	Otros/Varios			Cámara Térmica de Imágenes para Android
SIN SUB	p32921	Otros/Varios			Estación de Carga Múltiple Dock5 5 Puertos + Pad Inalámbrico
SIN SUB	p329661	Otros/Varios			Espejo de Maquillaje con Luz LED, Triptico Trifold de 3 Paneles con Aumento 5X, 3 Tonos de Luz Regul
SIN SUB	p329937	Muebles/Otros			600 Piezas Tips para Uñas Soft Gel - 12 Tamaños - Soft Gel Tips Para Uñas Diferentes Modelos, Press 
SIN SUB	p329938	Mascotas/None			Beetles Kit Esmalte en Gel Ojo de Gato 6 Colores con Imán Efecto
SIN SUB	p329975	Mascotas/None			Beetles Esmalte en Gel Ojo de Gato y Brillo, 20 Colores
SIN SUB	p330225	Muebles/Otros			Mobiliario para equipamiento de salón con asiento redondo de PU acolchado y soporte firme para terra
SIN SUB	p33036	Otros/Varios			Detector de Metales Manual Portátil de Seguridad
SIN SUB	p330407	Muebles/			Gabinete De TV 200cm Consola Funcional Madera Maciza, Centro Entretenimiento Rústico Salón, Mobiliar
SIN SUB	p330785	Belleza y cuidado personal/			INNZA - Depilación IPL con función de enfriamiento para mujeres, depilación permanente, 999,999 dest
SIN SUB	p330857	Belleza y cuidado personal/			10Bars Láser de Diodo y Picosegundo para Depilación y Cuidado de la Piel – Eliminación de Vello, Man
SIN SUB	p331029	Belleza y cuidado personal/			Pinzas de punta redonda, recortadora de pelo nariz acero inoxidable para depilación sin dolor, pinza
SIN SUB	p331212	Herramientas/None			Batidor Semiautomático de Acero Inoxidable, Herramienta Multiusos de Cocina para Hornear, Batir y Me
SIN SUB	p331332	Otros/Varios			LICAEVEY Reposabrazos para Uñas para Tecnología de Uñas con Soporte Giratorio para Teléfono, Reposam
SIN SUB	p331345	Otros/Varios			Reposabrazos para Uñas con Soporte de Celular Forma de U
SIN SUB	p331354	Otros/Varios			HURRISE Reposabrazos para Uñas, Reposabrazos para Manicura para Tecnología de Uñas, Reposabrazos par
SIN SUB	p331405	Otros/Varios			JODSONE Reposabrazos de manicura en forma de U rosa para técnicos de uñas con soporte para teléfono 
SIN SUB	p33177	Otros/Varios			Candado Biométrico con Huella Digital Lockit (Set de 3 Piezas)
SIN SUB	p33185	Deportes y fitness/Otros			Chaleco Lastrado 6kg de Neopreno Negro con Reflector
SIN SUB	p331888	Belleza y cuidado personal/			Philips Norelco Multigroom 5000 Series, recortadora todo en uno, recortadora de barba y cortadora de
SIN SUB	p331903	Mascotas/None			Rasuradora para Perro Multi-Function con 11 Accesorio, 5 Niveles de Ajuste
SIN SUB	p331923	Mascotas/None			OBEST Rasuradora para Perros y Gatos 5 en 1 Recargable, 4 Cabezales 500 mAh
SIN SUB	p333310	Belleza y cuidado personal/			MIST JEWEL Aceite de Ricino para Masaje Corporal, Cabello, Cejas y Pestañas, Castor Oil 100% Natural
SIN SUB	p334281	Cámaras y fotografía/None			Cámara WiFi Solar de Doble Lente 3K
SIN SUB	p334484	Cámaras y fotografía/None			Analizador Facial IA Cámara 3D Escáner de Piel para Salón de Belleza
SIN SUB	p335030	Belleza y cuidado personal/			MERIDIAN Trimmer Plus Body Hair Manscaping, protector ajustable, carga USB-C, luz flash, bloqueo de 
SIN SUB	p335910	Otros/Varios			Conair Reflections - Espejo de Maquillaje con iluminación LED, Aumento de 1 x 10 x con Soporte para 
SIN SUB	p335988	Impresoras/None			Impresora Kyocera Pa2101cwx Profesional Para Oficina Blanco
SIN SUB	p335997	Cámaras y fotografía/None			Tamron 150-500 Mm F/5-6.7 Di Iii Vc Vxd
SIN SUB	p336007	Cámaras y fotografía/None			Lente Ojo de Pez 7artisans Aps-c Mark Ii de 7,5 Mm F2.8 Negro
SIN SUB	p336012	Almacenamiento/None			interno HPE 872475-B21 300GB
SIN SUB	p336042	Mascotas/None			Bolsa Transporte Moderna Canguru Frontal Mascotas Conejos Ventilación Rosa
SIN SUB	p336053	Juegos de mesa/None			Cardinal Barril De Monos
SIN SUB	p336071	Domótica y hogar inteligente/None			Placa Interruptor 4 Pines Lutron SC-4-MN Color Medianoche
SIN SUB	p336077	Domótica y hogar inteligente/None			Yale Security Yrd256-cba-0bp Yale Assure Sl Connected By
SIN SUB	p33611	Joyería y bisutería/Otros			Mancuernillas Thot Ra Figura De Boton Gemelos E-623 Plateado
SIN SUB	p33612	Joyería y bisutería/Otros			Solviora Mancuernillas Gemelos Para Star Wars Stormtrooper Hombre, Gemelos De Camisa, Adecuados Para
SIN SUB	p336138	Audífonos/None			Shokz Openfit Se Bundle Estuche Incluido Negro
SIN SUB	p33614	Joyería y bisutería/Otros			Gemelos Colleras Star Wars Stormtrooper Blanco Traje Camisa
SIN SUB	p336142	Audífonos/None			Auriculares Shokz Sports Openrun Pro S810 negros
SIN SUB	p33616	Joyería y bisutería/Otros			Mancuernillas Thot Ra Canguro Gemelos Para Camisa D-044 Plateado
SIN SUB	p336229	Baterías portátiles/None			Adata Power Bank P20000qcd Colores Color Blanco
SIN SUB	p336230	Cargadores y adaptadores/None			Banco De Poder Adata P20000qcd 20000 Mah Negro
SIN SUB	p336234	Baterías portátiles/None			Cargador Portátil Adata P20000qcd Usb-c 20ah Color Blanco
SIN SUB	p336235	Baterías portátiles/None			Powerbank Adata Inalámbrica de Carga Rápida para Celular
SIN SUB	p336407	Audífonos/None			Audífonos Lenovo Color Gris
SIN SUB	p336426	Audífonos/None			Audífonos Primus Grogu Arcus110t Color Verde
SIN SUB	p336436	Audífonos/None			Audífonos Solid2 Maxell Rojo
SIN SUB	p336496	Televisores/None			Onn 43 Smart Tv Roku Pantalla Led Alta Definición 100069992
SIN SUB	p336506	Televisores/None			Smart Tv Kodak Pantalla 43 Google Tv Cast Hdmi Dolby Audio
SIN SUB	p336510	Televisores/None			Xiaomi Tv Max 2025 85
SIN SUB	p336512	Televisores/None			Xiaomi Tv A 55 O39j-mx
SIN SUB	p336515	Televisores/None			Xiaomi Tv S Pro Mini Led 75
SIN SUB	p336516	Televisores/None			Xiaomi Tv S Pro Mini Led 65
SIN SUB	p336536	Televisores/None			Smart Tv 43 Kiwo Led 2k Android Wifi Negro
SIN SUB	p336542	Televisores/None			Pantalla Samsung 75 Interactiva Waf 40 Multi Touch Android
SIN SUB	p336648	Electrodomésticos/None			Zapata Teflón Silver Star EOS Industrial Base Aluminio 4L Antiadhere
SIN SUB	p336653	Electrodomésticos/None			Taurus Doméstica Ariel ARIEL - Agua
SIN SUB	p336888	Muebles/None			Organizador Furinno Luder 6 Cubos Abiertos Blanco
SIN SUB	p337129	Muebles/None			Diván kamasutra Mobeler Modena KAMASUTRA
SIN SUB	p337130	Muebles/None			Diván kamasutra Mobeler Modena KAMASUTRA color chocolate
SIN SUB	p337217	Viajes/None			Funda Samsonite Proxis Medium Black, color negro
SIN SUB	p337250	Viajes/None			Kenneth Cole Reacción Fuera De Límites 20 4 Ruedas De Carbón
SIN SUB	p337395	Cámaras de seguridad/None			Centrales de Voz Abierta JR de Alto Poder para Intercomunicación con Conexión Dúplex – Pack de 4 Bla
SIN SUB	p337431	Cámaras de seguridad/None			Cronos Protección Antivandálica Para Medidor De Luz
SIN SUB	p337436	Cámaras de seguridad/None			Protección Cronos Antivandálica para Medidor de Luz con Portacandado Negro
SIN SUB	p337486	Impresoras/None			Polaroid Hi-print Impresora Bluetooth 4x6 Con 80 Hojas
SIN SUB	p337519	Cámaras y fotografía/None			4k Ultra Wifi Diving Sports Camera Video Gopr Control Negro
SIN SUB	p337528	Cámaras y fotografía/None			Samyang 35mm T1.9 Sony E Negro
SIN SUB	p337530	Cámaras y fotografía/None			Raspberry Pi Lente Telephoto Para Cámara Hq 16mm 10mp C
SIN SUB	p337533	Almacenamiento/None			Hewlett Packard Oficina De 2,5 Pulgadas De 300 Gb Scsi Duro
SIN SUB	p337543	Almacenamiento/None			Interno Xpg Gaming Spectrix S65g 500gb Blanco
SIN SUB	p337544	Almacenamiento/None			interno XPG SX8200 Pro ASX8200PNP-512GT-C 512GB negro
SIN SUB	p337577	Iluminación/None			Wanergy 62091 Unidad 1 Blanco 3 Tonos
SIN SUB	p337661	Iluminación/None			Tianlai LE27M05W20 20 W
SIN SUB	p337711	Iluminación/None			Philips Led Espiral Transparente Clásico Sin Parpadeo St19
SIN SUB	p338024	Mascotas/None			Lookourway Animal And Pet Themed Feather Flag 12-feet
SIN SUB	p338034	Mascotas/None			Caña Interactiva Para Gatos Karlie Con Insecto Feliz Y Cascabel
SIN SUB	p338123	Climatización/None			Westinghouse 7217100 Stella Mira 52inch Bronce Aceitado Vent
SIN SUB	p338366	Climatización/None			Calentador De Cerámica Honeywell Uberheat 5 Para Habitacione
SIN SUB	p338401	Climatización/None			Vicks Warm Steam blanco
SIN SUB	p338405	Climatización/None			Inhalador De Vapor Vicks Vih200 Para Senos Nasales
SIN SUB	p338438	Climatización/None			Cristales para Baño de Vapor Equate con Aceites Esenciales y Eucalipto
SIN SUB	p338440	Deportes y fitness/None			J Bryant Pines De Carga De Fitness
SIN SUB	p338628	Juegos de mesa/None			Buffalo Games Silver Select Star Wars The Force Is Strong
SIN SUB	p338631	Juegos de mesa/None			Learning Resources Pack De Trangrams
SIN SUB	p338655	Juegos de mesa/None			Star Wars Imperial Assault Fantasy Flight Games Juego Mesa
SIN SUB	p338657	Juegos de mesa/None			Cryptozoic Entertainment Dont Talk To Strangers - Juego De
SIN SUB	p338672	Juegos de mesa/None			What Do You Meme? Quién Mató A Mia: Un Moderno Juego De M
SIN SUB	p338677	Juegos de mesa/None			Parker Brothers Star Wars Death Star Assault Game 1995
SIN SUB	p338678	Juegos de mesa/None			Star Wars Retro Escape From Death Star Game Grand Moff Tarki
SIN SUB	p338679	Juegos de mesa/None			Villainous Star Wars + - Español
SIN SUB	p338682	Juegos de mesa/None			Quoridor Pac-man - Gigamic - Hachette Boardgames
SIN SUB	p338683	Juegos de mesa/None			Funko Pop Funkoverse Harry Potter 2pk (español)
SIN SUB	p338731	Blancos y ropa de cama/None			Sognare Trucomfort triangular blanca 81x68x19cm
SIN SUB	p338852	Blancos y ropa de cama/None			Sabanitas Pol Elephant Vianney Color Blanco Diseño de la tela Elefantito
SIN SUB	p339040	Blancos y ropa de cama/None			Funda Impermeable Utopia Bedding Matrimonial Poliéster Cierre 360º
SIN SUB	p339077	Domótica y hogar inteligente/None			Adaptador Aterrizado Sanelec 1513.0 24 Polarizado
SIN SUB	p339096	Domótica y hogar inteligente/None			2 Pzas Aksi Placa Plastico Con Cople Coaxial 1 A 127/220v Blanco
SIN SUB	p339097	Domótica y hogar inteligente/None			Pack de 5 Placas Ciega Plástica Aksi, Blanca de Plástico
SIN SUB	p339103	Domótica y hogar inteligente/None			Tapa Leviton Wm1d-sgy Intemperie Color Gris
SIN SUB	p339107	Domótica y hogar inteligente/None			Tapa Lisa Leviton 0plac-bla Linea Cien Color Blanco
SIN SUB	p339108	Domótica y hogar inteligente/None			Tapa Decora Leviton 80401-0ig Naranja Marcada Tierra Aislada
SIN SUB	p339110	Domótica y hogar inteligente/None			Leviton Placa Redonda Acero Inoxidable 1 Pandilla Modelo 84020-40
SIN SUB	p339111	Domótica y hogar inteligente/None			Leviton Placa Duplex Intemperie Blanca Nylon Termoplástico Resistente Clima
SIN SUB	p339130	Domótica y hogar inteligente/None			Caja de Control Automática SensoMax VentDepot para Grifo Inductivo Blanca
SIN SUB	p339167	Domótica y hogar inteligente/None			Apagador Pared Touch Dos Módulos Avia Smart Home Wifi Negro 10 A 110-240 Negro
SIN SUB	p339170	Domótica y hogar inteligente/None			Switch Xiaomi Mi Smart Home Wireless Para Dispositivos Color Blanco
SIN SUB	p339173	Domótica y hogar inteligente/None			Placa Dúplex Plástica Standard Volteck 46409
SIN SUB	p339175	Domótica y hogar inteligente/None			Placa Contacto Redondo, Policarbonato,p/intemperie, Standard Gris
SIN SUB	p339184	Domótica y hogar inteligente/None			Placa Dúplex De ABS Línea Standard Volteck 46406
SIN SUB	p339237	Domótica y hogar inteligente/None			Schlage Be469zp Cen 619 Sense Smart Deadbolt Century
SIN SUB	p339265	Domótica y hogar inteligente/None			Soporte Merlina Chibi para Amazon Echo Dot 4 y 5 de Estus Design
SIN SUB	p339311	Domótica y hogar inteligente/None			Control Remoto Inalámbrico Ezviz K2 para Alarmas
SIN SUB	p339316	Domótica y hogar inteligente/None			Alarma Puerta Inalámbrica 120dB Corp.Res Electronics Door Stop
SIN SUB	p339334	Cocina y comedor/None			Termo De Agua Hidranurpro 946 Ml Acero Inoxidable Bluelander
SIN SUB	p339341	Cocina y comedor/None			Termo De Agua Hidranurpro 946 Ml Acero Inoxidable Bluelander Color Morado/verde
SIN SUB	p339342	Cocina y comedor/None			Termo De Agua Hidranurpro 946 Ml Acero Inoxidable Bluelander Color Blanco/rojo
SIN SUB	p339384	Audífonos/None			Auriculares Acteck AF-540
SIN SUB	p339394	Audífonos/None			Auriculares Kinera Celest Wyvern Con Micrófono Profesional Blanco
SIN SUB	p339395	Audífonos/None			Audífonos Trihíbridos Hires 2dd+1ba+1pm Kinera Celest Yaksha Rubi Red
SIN SUB	p339400	Audífonos/None			Audífono Con Micrófono Kensington Hi-fi K97603
SIN SUB	p339433	Audífonos/None			Monster Aura Fit D09
SIN SUB	p339434	Audífonos/None			Monster Aura Fit Gt15, Negro
SIN SUB	p339436	Audífonos/None			Monster Aura Fit D05, Violeta
SIN SUB	p339467	Baterías portátiles/None			Cargador Portátil Mophie Powerstation Mini 18hs Celeste
SIN SUB	p339470	Baterías portátiles/None			Cargador Portátil Mophie Powerstation Xl 55hs Negro
SIN SUB	p339471	Baterías portátiles/None			Cargador Portátil Mophie Powerstation 36hs Azul Marino
SIN SUB	p339472	Baterías portátiles/None			Cargador Portátil Mophie Powerstation Wireless Xl 48hs Negro
SIN SUB	p339530	Audífonos/None			Jlab Audifonos Go Pop+ Color Blanco
SIN SUB	p339585	Audífonos/None			Auriculares Manhattan 179317
SIN SUB	p339614	Audífonos/None			Reebok Audifonos Motion Rojo Rojo
SIN SUB	p339615	Audífonos/None			Reebok Audifonos Motion Beige Beige
SIN SUB	p339661	Audífonos/None			Audífonos Fitbit Flyer Gris
SIN SUB	p339664	Audífonos/None			Roland Vmh-d1 Audífonos Diseñados Para Batería Electrónica
SIN SUB	p339679	Audífonos/None			Hoco Es65 Audífonos Tipo Collar Hoco Bt 5.3 30h Batería Color Naranja
SIN SUB	p339680	Audífonos/None			Hoco Audífonos Es35 Tipo Collar Hoco Bt 5.3 30h Batería Color Dorado
SIN SUB	p339741	Audífonos/None			Audífonos Yamaha CM500 con Micrófono Incorporado
SIN SUB	p339813	Audífonos/None			Ífonos Bletooth Positive Vibration Ri Im Negro Marley
SIN SUB	p339821	Audífonos/None			Audifonos Hello Kitty by Sanrio HKLEDBTHP1-FB WHITE
SIN SUB	p339823	Audífonos/None			Audífonos HF Audio Electrónica HF-TW5S_BK con estuche Color Rojo
SIN SUB	p339856	Audífonos/None			Audífonos Tri-híbridos Hires 1dd+6ba+2pm Juzear Harrier Tiger Eye
SIN SUB	p339872	Audífonos/None			Audífonos Binden Harmony Con Tecnología BNC
SIN SUB	p339920	Audífonos/None			Audífonos Odt Orcas Blanco Outdoor Tech
SIN SUB	p339928	Audífonos/None			Audifonos Dyson Zone con Cancelacion de Ruido y Purificador de Aire Azul
SIN SUB	p339961	Muebles/None			Mayline 947ant Soho Mobile Argo Estación De Trabajo Para
SIN SUB	p34011	Juguetes y bebés/Otros			Cyc Cocina Juguete Princesas Luz Y Sonido Accesorios Niña
SIN SUB	p34012	Juguetes y bebés/Otros			Mi Cocina / Juguete / Ch Color Rosa/lila
SIN SUB	p340461	Deportes y fitness/None			Speediance Gym Monster 2
SIN SUB	p340462	Deportes y fitness/None			Lat Y Pulley Machine Aparato Profesional Gym Negro
SIN SUB	p340585	Juegos de mesa/None			National Geographic Science Magic Activity Kit
SIN SUB	p340586	Juegos de mesa/None			National Geographic - Break Open 10 Geodes - ¡calidad Superi
SIN SUB	p340588	Juegos de mesa/None			Mega Kit De Magia National Geographic Con 75 Trucos
SIN SUB	p340622	Juegos de mesa/None			Mar Lúdico - Hive Pocket Ultimate En Español
SIN SUB	p340624	Juegos de mesa/None			Juego D Mesa Escape Game Castillo Clementoni Italia Misterio
SIN SUB	p340630	Juegos de mesa/None			Magia Borras Clásica 50 Trucos
SIN SUB	p340638	Juegos de mesa/None			Juego Dobble PixarZygomatic en español
SIN SUB	p340647	Juegos de mesa/None			Caja Silabario (117 Pzas.)
SIN SUB	p340651	Juegos de mesa/None			Tablero Bingo Madera 39x18cm 75 Bolsillos S&S Worldwide
SIN SUB	p340665	Juegos de mesa/None			Just One Refresh
SIN SUB	p340673	Juegos de mesa/None			Juegos De Mad Cave Bird Colorku
SIN SUB	p340684	Juegos de mesa/None			7 Juegos En 1 Nickelodeon
SIN SUB	p340827	Cocina y comedor/None			Bubba® 24oz Ss Dual Sip Lid Moodbooster Daydreamin
SIN SUB	p340831	Cocina y comedor/None			Bubba® 24oz Ss Dual Sip Lid Moodbooster Flora Aura
SIN SUB	p340874	Cocina y comedor/None			Pack de 6 Espigas de Agua para Igloo, Blancas y con Botón de Presión
SIN SUB	p341134	Lavadoras/None			Protector de colchón de cuna – cómodo, transpirable y resistente al agua Material de bambú.Mantenga 
SIN SUB	p34119	Muebles/Otros			Mueble Gabinete de Almacenamiento Organizador para Inodoro Lombardia
SIN SUB	p341252	Lavadoras/None			Compresa Caliente Electrica,Almohadilla Térmica Eléctrica,Calentamiento rápido,6 configuraciones de 
SIN SUB	p341367	Blancos y ropa de cama/			Almohadilla calefactora mejorada para alivio del dolor de espalda, Comfytemp XL eléctrica con correa
SIN SUB	p341377	Blancos y ropa de cama/			Calentador de pies eléctrico, almohadilla de calefacción de franela ultra suave, extra grande para c
SIN SUB	p341409	Blancos y ropa de cama/			Almohadilla térmica pesada para cuello y hombros, cómoda de 2.2 libras, envoltura de hombro eléctric
SIN SUB	p341863	Lavadoras/None			QICHEN 2 Piezas Alfombra Absorbente, Dos Alfombras de Baño de Secado Rápido Felpa Alfombras de Baño 
SIN SUB	p34203	Muebles/Otros			Espejo Cuerpo Completo Rectangular Negro 125x45cm De Pie y Pared Decoramex
SIN SUB	p342151	Mascotas/None			Cortinas opacas con textura de lino a prueba de gatos de 96 pulgadas de largo, con aislamiento térmi
SIN SUB	p342648	Mascotas/None			Feandrea Juego de 3 Mantas para Mascotas, 73 x 63 cm
SIN SUB	p344268	Otros/Varios			Alfombrillas de calefacción USB de 5 V, calentador eléctrico, cobija eléctrica, textura de fieltro p
SIN SUB	p344555	Autos, bicicletas y motos/None			Totority Cobija Eléctrica 12v Calefactora Material De Algodón Cálida y Segura Perfecta Para Automóvi
SIN SUB	p346564	Muebles/Otros			Toallas Faciales para Niños,Hechas de Microfibra,Suaves y Cómodas.Pueden Usarse como Toallas para Er
SIN SUB	p347198	Belleza y cuidado personal/			3 Pack Toallas Baño en seco, Año Cero (cada paquete de 10 piezas, en seco te bañas) paños de limpiez
SIN SUB	p347206	Autos, bicicletas y motos/None			Amazon Basics Paños de Limpieza de Microfibra para Automóviles, no Abrasivos, Absorbentes, Reutiliza
SIN SUB	p348099	Lavadoras/None			Estante de Almacenamiento para Lavadora de 3 Niveles para lavandería y baño. Estantería Que Ahorra E
SIN SUB	p348158	Muebles/Otros			Alfombrillas de Baño Antideslizantes Cómodas y de Secado Rápido para Ducha
SIN SUB	p348219	Blancos y ropa de cama/			Alfombrilla de baño con diseño de Flores 20x32 Inch Absorbente de Secado rápido Colorida Antidesliza
SIN SUB	p348250	Mascotas/None			Alfombra de gato Luxape - Alfombra de baño en forma de gato - Hecha a mano y de primera calidad - 70
SIN SUB	p348320	Domótica y hogar inteligente/			Amazon Basics Tomacorrientes inteligente, funciona solo con Alexa, Wi-Fi de 2.4 GHz, no requiere otr
SIN SUB	p348390	Cargadores y adaptadores/			Lukito Extension Electrica 14 En 1, Multicontacto Escritorio Con Cable 1,8m Con Protección Contra So
SIN SUB	p348440	Domótica y hogar inteligente/None			Thirdreality - Toma de Pared Inteligente
SIN SUB	p348457	Domótica y hogar inteligente/None			MOES Receptáculo de toma de pared USB inteligente con cargador tipo C y tipo A, enchufe Wi-Fi de 2.4
SIN SUB	p348480	Televisores/None			BXST Protector de Sobretensiones de Salida Única para Refrigerador/Aire Acondicionado/Smart TV Peque
SIN SUB	p348564	Domótica y hogar inteligente/			Tomacorriente eléctrico inteligente JUNLIT, receptáculo estándar de 15 A, toma de control de aplicac
SIN SUB	p348670	Domótica y hogar inteligente/			YCB9ZF-100W 1P WiFi Smart Circuit Breaker Protección contra cortocircuitos Temporizado Interruptor d
SIN SUB	p348743	Domótica y hogar inteligente/			YCB9ZF-100W 1P WiFi Smart Circuit Breaker Protección contra cortocircuitos Temporizado Interruptor d
SIN SUB	p348840	Domótica y hogar inteligente/			YCB9ZF-100W 1P WiFi Smart Circuit Breaker Protección contra cortocircuitos Temporizado Interruptor d
SIN SUB	p348858	Domótica y hogar inteligente/			YCB9ZF-100 W WiFi Smart Circuit Breaker Protección contra cortocircuitos Temporizado Interruptor de 
SIN SUB	p348862	Domótica y hogar inteligente/			OSGC Interruptor de relé programable LED digital DH48S-1Z 0.01S-99H99M base de enchufe CA/CC 12V 24V
SIN SUB	p348866	Domótica y hogar inteligente/			YCB9ZF-100W 1P WiFi Smart Circuit Breaker Protección contra cortocircuitos Temporizado Interruptor d
SIN SUB	p348873	Domótica y hogar inteligente/			YCB9ZF-100W 1P WiFi Smart Circuit Breaker Protección contra cortocircuitos Temporizado Interruptor d
SIN SUB	p348878	Domótica y hogar inteligente/			YCB9ZF-100W 1P WiFi Smart Circuit Breaker Protección contra cortocircuitos Temporizado Interruptor d
SIN SUB	p348886	Domótica y hogar inteligente/			YCB9ZF-100W 1P WiFi Smart Circuit Breaker Protección contra cortocircuitos Temporizado Interruptor d
SIN SUB	p348892	Domótica y hogar inteligente/			YCB9ZF-100W 1P WiFi Smart Circuit Breaker Protección contra cortocircuitos Temporizado Interruptor d
SIN SUB	p348898	Domótica y hogar inteligente/			YCB9ZF-100W 1P WiFi Smart Circuit Breaker Protección contra cortocircuitos Temporizado Interruptor d
SIN SUB	p349548	Televisores/None			Altavoz de TV inalámbrico SEREONIC para Personas con Problemas de audición: escuche su televisor con
SIN SUB	p349549	Domótica y hogar inteligente/None			Base de Pared Compatible con Alexa Echo Spot Soporte Bocina Inteligente
SIN SUB	p349572	Domótica y hogar inteligente/None			Genérico Base Tie Fighter para Alexa Echo Dot 4 y 5 Soporte Bocina Inteligente Nave
SIN SUB	p349748	Audífonos/None			USB3.2 Hubs Splitter Floppy Bay Panel Frontal de Auriculares de
SIN SUB	p350384	Herramientas/None			Tyenaza SN04-N Interruptor de Proximidad Inductivo, DC 6-36V Sensor de Posición de Nivelación Automá
SIN SUB	p350691	Domótica y hogar inteligente/None			Toma de corriente WiFi inteligente con control individual
SIN SUB	p350703	Cargadores y adaptadores/			Placa de Pared USB 3.0, Panel USB 3.0 de 2 Puertos con Enchufe Dual de Carga Rápida para Dispositivo
SIN SUB	p350704	Domótica y hogar inteligente/			Adaptador USB inteligente WiFi, mini interruptor de control remoto con aplicación Tuya, control de a
SIN SUB	p350724	Otros/Varios			Weewooday 20 Enchufes de Sublimación Soportes de Agarre de Teléfono en Blanco Agarre de Teléfono Ple
SIN SUB	p350726	Lavadoras/None			Ahorrador de Energía Inteligente, Caja de Ahorro de Electricidad 4pcs, Tapón de Energía Eficiente pa
SIN SUB	p350761	Domótica y hogar inteligente/			Tomacorriente programable inteligente de 1800W con temporizador cuenta regresiva protector contra so
SIN SUB	p350784	Domótica y hogar inteligente/			Genérico Enchufe de Toma de Corriente Toma de Temporizador Cuenta Regresiva Ajuste de Tiempo Intelig
SIN SUB	p350794	Lavadoras/None			Caja de Ahorro de Electricidad, Ahorro de Energía Inteligente de 4 Piezas con Protección contra Sobr
SIN SUB	p350805	Domótica y hogar inteligente/			Enchufe de Toma de Corriente Toma de Temporizador Cuenta Regresiva Ajuste de Tiempo Inteligente Inte
SIN SUB	p350859	Lavadoras/None			GIDEON - Protector de sobretensiones de toma única, mini enchufe inteligente de pared para refrigera
SIN SUB	p350862	Domótica y hogar inteligente/			Luqeeg Interruptor de Medidor de Potencia Inteligente WiFi Protector Multifunción para Disyuntor de 
SIN SUB	p350876	Lavadoras/None			ELEGRP G1215PA G20PAS Ensamblaje de enchufe de reemplazo GFCI con monitoreo automático patentado, re
SIN SUB	p350896	Cargadores y adaptadores/Otros			MHCOZY aplicación Tuya Adaptador USB micro WIFI, Interruptor de Toma Inteligente de 5-12 V CC, Contr
SIN SUB	p350903	Domótica y hogar inteligente/None			fischer DuoPower 8 x 65, potente enchufe universal con tecnología inteligente de 2 componentes para 
SIN SUB	p350936	Domótica y hogar inteligente/None			Toma de Corriente Inteligente con USB Tipo C, Carga Rápida 20W, 2 Enchufes, Resistente Al Fuego, Tom
SIN SUB	p350976	Cargadores y adaptadores/			Regleta de Alimentación con Abrazadera de Escritorio 8 en 1, 4 Salidas, 4 Puertos USB con 2 USB C 2 
SIN SUB	p351048	Cargadores y adaptadores/Otros			PL-NC31 Cargador de batería Inteligente Universal Dos 3 Pulgadas de Pantalla LCargador Inteligente S
SIN SUB	p351109	Cargadores y adaptadores/			Conector de enchufe USB de carga rápida de salida de 2.4 A con múltiples dispositivos y construcción
SIN SUB	p351141	Audífonos/None			Aramox Conector de Audio para Auriculares de 2,5 Mm, Metal, 80 Unidades
SIN SUB	p351146	Cargadores y adaptadores/			GFCI - Tira de alimentación, MATCHEASY 3 clavijas, cable de extensión resistente de 9.84 pies, con 6
SIN SUB	p351220	Domótica y hogar inteligente/None			Enchufe convertidor con Enchufe de Carga cabecera Cargador Inteligente Tipo C
SIN SUB	p351249	Domótica y hogar inteligente/None			Enchufe convertidor con Enchufe de Carga cabecera Cargador Inteligente Tipo C
SIN SUB	p351272	Cargadores y adaptadores/Otros			Jeffergarden Cargador de Batería Inteligente Cargador Multifuncional Inteligente Totalmente Automáti
SIN SUB	p351324	Domótica y hogar inteligente/None			Enchufe de Pared de Carga rápida Inteligente 4USB, Enchufe de Pared, Interruptor
SIN SUB	p351372	Domótica y hogar inteligente/			Difusor de aceites Esenciales sin Agua, máquina de con Ventilador y Control por aplicación, Tarjeta 
SIN SUB	p351766	Domótica y hogar inteligente/None			Interruptor de puerta inteligente, ABS
SIN SUB	p351834	Domótica y hogar inteligente/			DH48S-2Z - Interruptor de relé programable con LED digital DH48S-2Z 0.01S-99H99M con base de enchufe
SIN SUB	p351839	Domótica y hogar inteligente/			DH48S-2Z - Interruptor de relé programable LED digital DH48S-2Z 0.01S-99H99M con base de enchufe AC/
SIN SUB	p351842	Domótica y hogar inteligente/			DH48S-2Z - Interruptor de relé programable LED digital DH48S-2Z 0.01S-99H99M con base de enchufe AC/
SIN SUB	p351848	Domótica y hogar inteligente/			DH48S-2Z - Interruptor de relé programable LED digital DH48S-2Z 0.01S-99H99M con base de enchufe AC/
SIN SUB	p351851	Domótica y hogar inteligente/			DH48S-2Z - Interruptor de relé programable LED digital DH48S-2Z 0.01S-99H99M con base de enchufe AC/
SIN SUB	p351857	Domótica y hogar inteligente/			DH48S-2Z - Interruptor de relé programable LED digital DH48S-2Z 0.01S-99H99M con base de enchufe AC/
SIN SUB	p352289	Domótica y hogar inteligente/None			Interruptor Sincronización Inteligente Sincronía 2Canales
SIN SUB	p352324	Domótica y hogar inteligente/			Protector de Medidor de Energía WiFi Inteligente, Interruptor Disyuntor de Medidor de Corriente de V
SIN SUB	p352529	Domótica y hogar inteligente/None			1 interruptor fotoeléctrico inteligente BEN10M-TFR TDT con correlación inteligente
SIN SUB	p352542	Domótica y hogar inteligente/			Disyuntor Inteligente WiFi Medición de Potencia Medidor de EnergíA Interruptor Bidireccional Trifási
SIN SUB	p353171	Domótica y hogar inteligente/None			Interruptor de demarcación inteligente de tipo línea de 10 kV ZW32-12F/630A, interruptor de vacío de
SIN SUB	p353175	Domótica y hogar inteligente/None			SR-X100W Interruptor fotoeléctrico Escaneo inteligente SR-100W SR-X100(SR-100W)
SIN SUB	p353301	Domótica y hogar inteligente/			Bluelander Candado de Huellas Dactilares, Candado Inteligente, Hasta 10 Usuarios, Chapa de Seguridad
SIN SUB	p353571	Joyería y bisutería/None			piezas de latón sólido con cierre de hebilla de candado con tornillos, cerradura de pecho vintage pa
SIN SUB	p353678	Domótica y hogar inteligente/			Candado para casillero de gimnasio eLinkSmart Candado de huellas dactilares con más de 1000 usuarios
SIN SUB	p353751	Domótica y hogar inteligente/			Kwikset Breton - Manija de puerta de paso interior, palanca para puertas de clóset y pasillo, palanc
SIN SUB	p354133	Domótica y hogar inteligente/			Bluelander Set de 4 Candados de Huellas Dactilares, Candado Inteligente, Hasta 10 Usuarios, Chapa de
SIN SUB	p354178	Teclados/None			TEEHO - perilla de puerta inteligente con teclado para puerta delantera, casa de alquiler, control d
SIN SUB	p354350	Teclados/None			Yale Teclado inteligente - 05/301000/BL - Teclado de bloqueo inteligente digital negro con bloqueo d
SIN SUB	p354689	Teclados/None			Schlage FE595 PLY 622 LAT Plymouth - Teclado con bloqueo flexible y palanca Latitude, negro mate
SIN SUB	p356117	Televisores/None			Una opción inteligente para actualizar sistemas de iluminación de televisión con nuestros LED de alt
SIN SUB	p356124	Televisores/None			Una opción inteligente para actualizar sistemas de iluminación de televisión con nuestros LED de alt
SIN SUB	p356267	Joyería y bisutería/None			Yosoo Health Gear Mini con Pantalla LED de 4 Piezas, Mini para Interiores con Atenuador 1W 5V LED Re
SIN SUB	p357028	Televisores/None			Govee - Barras de luz RGBIC, luz de fondo de TV WiFi de 38 cm (15 pulgadas) para televisores de 45 a
SIN SUB	p357564	Muebles/Otros			Aparador con Almacenamiento de Cocinao con Cajón,moderno Blanco
SIN SUB	p358155	Cafeteras/None			Tefola - Tapete para Cafetera, Alfombrilla Base y Bandeja Extraíbles 2 en 1, Fácil Escurrido y Limpi
SIN SUB	p358171	Equipo comercial/			Caja de Efectivo Con Cerradura de Combinación - Metal Para Registradora, Grande de Cierre Para Diner
SIN SUB	p358207	Muebles/Otros			Mesitas Auxiliares Juego de Madera Maciza de Pino y Rattan, Blanco
SIN SUB	p358297	Mascotas/None			MAT PAD Silla Infantil de Madera - Diseño Conejo | Silla Montessori para Niños - Mobiliario Seguro y
SIN SUB	p358373	Mascotas/None			DUDUK Silla Infantil Conejo (Azul)
SIN SUB	p359118	Herramientas/None			Aramox Accesorio para Máquina de Prensado en Caliente, Putter de Resistente, Herramienta de Fuerza d
SIN SUB	p359123	Herramientas/None			Máquina de prensado en caliente 5 en 1 para camisetas, tazas y platos, herramienta de transferencia 
SIN SUB	p359386	Muebles/Otros			EDITORES MEXICANOS UNIDOS |Una habitación propia |Virginia Woolf |Grandes de la literatura |Pasta Bl
SIN SUB	p359387	Muebles/Otros			Mirlo | El Extranjero -Albert Camus- | Col. Grandes de la Literatura | Pasta blanda
SIN SUB	p359388	Mascotas/None			El Gato Que Amaba Los Libros
SIN SUB	p359389	Muebles/Otros			1984 -George Orwell- | Col. Grandes de la Literatura | Pasta Blanda | EMU | Editores Mexicanos Unido
SIN SUB	p359390	Mascotas/None			Yo, El Gato
SIN SUB	p359391	Mascotas/None			El Gato Que Venía Del Cielo
SIN SUB	p359392	Muebles/Otros			Editores Mexicanos Unidos |el Proceso |franz Kafka |grandes de la Literatura |pasta Blanda
SIN SUB	p359393	Muebles/Otros			EMU |Siddhartha |Hermann Hesse |Grandes de la literatura | Pasta blanda
SIN SUB	p359401	Juegos de mesa/Otros juegos			Han cantado bingo
SIN SUB	p359403	Muebles/Otros			EDITORES MEXICANOS UNIDOS |Kokoro |La amistad y la traición |Natsume Soseki |Grandes de la literatur
SIN SUB	p359405	Belleza y cuidado personal/None			Notion para Scrum | Libro Impreso con Espiral | 150 Páginas | Ejecuta Labs
SIN SUB	p359407	Belleza y cuidado personal/None			ProjectLibre para Scrum | Libro Impreso con Espiral | 150 Páginas | Ejecuta Labs
SIN SUB	p359408	Belleza y cuidado personal/None			Todoist para Scrum | Libro Impreso con Espiral | 150 Páginas | Ejecuta Labs
SIN SUB	p359409	Belleza y cuidado personal/None			Smartsheet para Scrum | Libro Impreso con Espiral | 150 Páginas | Ejecuta Labs
SIN SUB	p359410	Belleza y cuidado personal/None			ClickUp para Scrum | Libro Impreso con Espiral | 150 Páginas | Ejecuta Labs
SIN SUB	p359411	Belleza y cuidado personal/None			GanttProject para Scrum | Libro Impreso con Espiral | 150 Páginas | Ejecuta Labs
SIN SUB	p359412	Belleza y cuidado personal/None			Monday.com para Scrum | Libro Impreso con Espiral | 150 Páginas | Ejecuta Labs
SIN SUB	p359548	Domótica y hogar inteligente/			Walfront Tuya WiFi Medidor de Energía Inteligente Voltaje de Potencia Control del Medidor de Corrien
SIN SUB	p36108	Teclados/			Mouse Pad Gamer Tapete Para Mouse Xl Alfombrilla Raton Free Wolf A15
SIN SUB	p361419	Muebles/Otros			Isla Organizador Aparador de Isla Cocina Madera con 3 cajones y 2 Puertas Almacenamiento Independien
SIN SUB	p361514	Herramientas/None			Almacenamiento de Herramientas de Alta Resistencia - Nizer Industrial para talleres y Reparaciones. 
SIN SUB	p361542	Muebles/Otros			Organizar Aparador de Madera con encimera for té/café, Almacenamiento bajo Puertas y cajones Acceder
SIN SUB	p362093	Herramientas/None			Herramienta flexible de puerta de vacío de 5/16 pulgadas aplicable para equipos de refrigeración dom
SIN SUB	p362160	Domótica y hogar inteligente/			Termómetro de refrigerador WiFi MOCREO con alarma para congelador, alertas de zumbador por correo el
SIN SUB	p362629	Autos, bicicletas y motos/None			Compresor de aire acondicionado for automóviles SP21, conjunto de refrigeración HVAC de 24 V con pol
SIN SUB	p362661	Cocina y comedor/None			Caja De Aislamiento Varilla Tracción For Exteriores, Refrigeración For Camping, Puesto Comercial, Fo
SIN SUB	p362666	Cocina y comedor/None			Caja De Aislamiento Varilla Tracción For Exteriores, Refrigeración For Camping, Puesto Comercial, Fo
SIN SUB	p362677	Cocina y comedor/None			Caja De Aislamiento Varilla Tracción For Exteriores, Refrigeración For Camping, Puesto Comercial, Fo
SIN SUB	p362834	Cocina y comedor/None			Caja De Aislamiento Varilla Tracción For Exteriores, Refrigeración For Camping, Puesto Comercial, Fo
SIN SUB	p362846	Cocina y comedor/None			Caja De Aislamiento Varilla Tracción For Exteriores, Refrigeración For Camping, Puesto Comercial, Fo
SIN SUB	p362850	Cocina y comedor/None			Caja De Aislamiento Varilla Tracción For Exteriores, Refrigeración For Camping, Puesto Comercial, Fo
SIN SUB	p362904	Cocina y comedor/None			Caja De Aislamiento Varilla Tracción For Exteriores, Refrigeración For Camping, Puesto Comercial, Fo
SIN SUB	p362927	Cocina y comedor/None			Caja De Aislamiento Varilla Tracción For Exteriores, Refrigeración For Camping, Puesto Comercial, Fo
SIN SUB	p363171	Autos, bicicletas y motos/None			Aire Acondicionado Verde Militar Portátil, Climatizador Tienda 5000 BTU para Overlanding, Vehículos 
SIN SUB	p363720	Equipo comercial/			Balanza digital comercial de 40 kg alta precisión recargable con pantalla LCD electrónica precios y 
SIN SUB	p363935	Equipo comercial/			TSC TE210 Impresora térmica de etiquetas de computadora para franqueo, etiquetas de envío, recibos, 
SIN SUB	p363939	Equipo comercial/			TSC TE200 Impresora térmica de Etiquetas de computadora para franqueo, Etiquetas de envío, Recibos, 
SIN SUB	p364749	Mascotas/None			Mobiliario de Escritorio de Perro Akita 5Pcs de Resina Sintética para Decoración de Escritorio y Hog
SIN SUB	p364772	Televisores/None			Estante Elevador para Monitor y Televisor de Pantalla Plana Negro ABS
SIN SUB	p364808	Cafeteras/None			Tapete Secado Platos Encimera Cocina, Alfombrilla de Secado para Cafetera
SIN SUB	p364867	Cafeteras/			Espumador de leche, cafetera para capuchino, cafetera para café con leche, minibatidora de bebidas, 
SIN SUB	p364923	Mascotas/None			Happyyami Silla Infantil con Respaldo Forma de Conejo Taburete Antideslizante y Resistente para Lige
SIN SUB	p364975	Lavadoras/None			Tefola 4PCS Elevadores de Mesa, Elevadores de Cama Pedestales de Secadora Almohadillas Antivibración
SIN SUB	p36515	Otros/None			moto pen ultra Negro
SIN SUB	p365262	Mascotas/None			DUDUK Set Mesa Cuadrada con Silla Conejo – 7 Acabados Mate
SIN SUB	p36527	Otros/None			moto tag 2 Naranja
SIN SUB	p36528	Otros/None			moto tag 2 Beige
SIN SUB	p365298	Mascotas/None			Taburete Infantil Conejo
SIN SUB	p366539	Joyería y bisutería/None			Veemoon Tela Autoadhesiva para Manualidades Gris Forro para Joyería Cajas Regalo Mobiliario y Proyec
SIN SUB	p366904	Teclados/None			Sharkoon Skiller Sgk50 S4 Bk Kailh Red Teclado Para Juegos
SIN SUB	p366905	Teclados/None			Soporte de muñeca Redragon Meteor para teclado P037, 435 x 73 x 20 mm
SIN SUB	p366924	Teclados/None			Teclado Redragon Shiva K512 Rgb Membrane White Membrane Gamer Idioma español Latinoamérica
SIN SUB	p366929	Teclados/None			Magegee + Ts91 + Mini + 60% + Gaming / Office + Keyboard, Im
SIN SUB	p366936	Teclados/None			Teclado Gamer Redragon Fizz Rgb K617-ct Transparente Inglés Idioma Inglés US
SIN SUB	p366938	Teclados/None			Teclado Gamer Redragon Fizz Rgb K617-ctb Transparente Inglés Teclado Negro Idioma Inglés US Internac
SIN SUB	p366940	Teclados/None			920-010442 Keyboard G413 Tkl Black
SIN SUB	p366963	Teclados/None			Teclado Gamer Gigante Redragon Alien K605 Rgb Teclado Negro Idioma Inglés US
SIN SUB	p367065	Almacenamiento/None			interno Western Digital WD AV-SP WD5000AVDS 500GB plata
SIN SUB	p367141	Electrodomésticos/None			Plancha Y Parrilla Para Interiores Ninja Xl Gx101 Plateado
SIN SUB	p367306	Domótica y hogar inteligente/None			ZKTeco GL300 Negro
SIN SUB	p367390	Cargadores y adaptadores/None			Batería Portátil Inalámbrica Mobo Magpad para Carga con USB-C Negra
SIN SUB	p367428	Cargadores y adaptadores/None			Batería Mophie 5.200mah, 2 Usb, 3.1 Amp, Hasta 24 Horas
SIN SUB	p367433	Cargadores y adaptadores/None			Ecoflow Cargador Magnetico Rapid Power Bank 10,000 Ahm Negro Negro
SIN SUB	p367462	Cargadores y adaptadores/None			Power Bank Inalámbrico Qi Shine Z-HotShot 30000mA USB LED Blanco
SIN SUB	p367466	Cargadores y adaptadores/None			Cargador Adata C10022 Usb/usb-c Powerbank Con Cable Negro
SIN SUB	p367551	Cargadores y adaptadores/None			Cargador Nebro Wb-014 Usb Portátil Rápido 10ah Power Bank Color Blanco
SIN SUB	p367633	Audífonos/None			Definición de calidad de sonido de los auriculares Focal Spirit One Mega
SIN SUB	p367663	Audífonos/None			Audífonos +Estuche Styler Pack Color Rosa Chicle Reebok
SIN SUB	p367691	Audífonos/None			Audífonos Lenovo Thinkplus Xe05 Color Negro
SIN SUB	p367693	Audífonos/None			Fuente Lenovo Le302 R-43 Beige
SIN SUB	p367782	Audífonos/None			Auriculares transparentes Shure Se-215
SIN SUB	p367790	Audífonos/None			Monitores Personales Shure Se215 Audifonos Transparentes Color Blanco
SIN SUB	p367793	Audífonos/None			Shure Srh240a-bk Audífonos De Calidad Profesional Color Negro
SIN SUB	p367803	Audífonos/None			Audífonos Kaiser Khf-6504bk Con Anc 38hrs Hi Quality Sound - Negro
SIN SUB	p367841	Teclados/None			CIMETECH Teclado Numérico Alámbrico 17 Teclas Conector USB, Teclas Silenciosas Portátil Ergonómico M
SIN SUB	p367863	Teclados/None			Teclado Membran Hoco K9, Motif Beruang Love, Design Retro Teclado Púrpura Idioma Purple
SIN SUB	p367878	Televisores/None			Xiaomi Tv S Pro Mini Led 55
SIN SUB	p367910	Electrodomésticos/None			Plancha/parrilla Griddlertm Gr-4nnas De Cuisinart® Plateado
SIN SUB	p367931	Electrodomésticos/None			Batidor Mano Inmersion 300w Barilla Desmon Decakila Kujb025w
SIN SUB	p367962	Electrodomésticos/None			Navaja Plegable Schrade Delta Class de 7.5" con Acero AUS-8 y Mango G10
SIN SUB	p367985	Muebles/None			Flash Furniture Hercules Serie Black Ladder Back Metal Resta
SIN SUB	p368036	Muebles/None			Flash Muebles Hercules Serie 880 Lb. Capacidad Negro Acol
SIN SUB	p368135	Muebles/None			Dp Home modular roma color marrón
SIN SUB	p368478	Muebles/None			Organizador Modular Songmics Con 6 Cubos Color Rosa claro
SIN SUB	p368481	Muebles/None			Songmics Estantes De Equipaje Set De 2,soportes Para Maleta Color Negro
SIN SUB	p368740	Autos, bicicletas y motos/None			Specialized Riprock Coaster 20 Monster Green/nordic Red/black 20
SIN SUB	p368879	Relojes inteligentes/None			Pulsera Elástica De Nailon Compatible Con Whoop 5.0/whoop ~ Ancho De La Correa 0.2 Cm Color Negro-wh
SIN SUB	p368880	Relojes inteligentes/None			Correa Deportiva para Whoop 4.0 de Goma con Velcro
SIN SUB	p368931	Redes/None			2081992 - Interruptor De Netgear Prosafe Fs116 Ethernet
SIN SUB	p368994	Redes/None			Sistema Wi-Fi de Malla Eero Pro 6E Triple Banda para Hogar de hasta 6000 Pies Cuadrados – Pack de 3
SIN SUB	p368995	Redes/None			Enlace Inalambrico Hikvision 2.4ghz 500m Ds-3wf0ec-2nt
SIN SUB	p369025	Redes/None			Cisco Meraki MX68
SIN SUB	p369031	Redes/None			Conectividad Inalámbrica Cisco Catalyst V07 Blanco
SIN SUB	p369032	Redes/None			Cisco Meraki MX67-hw, color plateado
SIN SUB	p369046	Impresoras/None			Impresora TSC TTP-244CE USB Ethernet Monocromática Negra
SIN SUB	p369091	Instrumentos musicales/Viento			Micrófono Inalámbrico TUOMO 2.4G para Instrumentos de Viento y Cuerda
SIN SUB	p369093	Instrumentos musicales/Viento			Shure Blx14/b98 Sistema Inalámbrico P/instrumento De Viento. Color Negro
SIN SUB	p369094	Instrumentos musicales/Viento			Samson Micrófono De Instrumento De Viento Hm40 Con Conecto. Color Verde Oscuro
SIN SUB	p369338	Cámaras y fotografía/None			Marcadora Tippmann Sierra One Electronica Apex2 Xtreme P
SIN SUB	p369339	Cámaras y fotografía/None			Camara Go Pro Hero 12 Black Creator Edition Negro
SIN SUB	p369356	Almacenamiento/None			interno Kingston SV300S37A/120G 120GB
SIN SUB	p369358	Almacenamiento/None			Unidad Solida Externa Kingston Xs2000 4000gb
SIN SUB	p369365	Videojuegos/Otros accesorios gamer			Tarjeta Expansion Almacenamiento Seagate Para Xbox Series
SIN SUB	p369368	Almacenamiento/None			interno Lenovo ThinkSystem 7XB7A00026 900GB
SIN SUB	p369382	Almacenamiento/None			interno Hiksemi V300X/500GB 500GB
SIN SUB	p369514	Iluminación/None			Ledvance 7014199 1 Blanco 3000 K
SIN SUB	p369515	Iluminación/None			Osram Ledvance Pendulum Unidad 1 Bronce
SIN SUB	p369519	Iluminación/None			Ledvance Insert 1 6500K Blanco 6500 K
SIN SUB	p369524	Iluminación/None			Ledvance 89181 Unidad 1 Negro RGB 2700 K
SIN SUB	p369545	Iluminación/None			Estevez smart ES-19433-CCT Pack 3 Lámparas Led Inteligente 8W, Estévez Smart, Wifi CCT
SIN SUB	p369546	Iluminación/None			Estevez Splash - Unidad - 1 Negro
SIN SUB	p369611	Iluminación/None			Tianlai by Megaluz VIVIMXHOME-002279 X1 Unidad 1 Gris claro Blanco frío 6500 K
SIN SUB	p369629	Iluminación/None			Aksi AKS-118022 Blanco
SIN SUB	p369630	Iluminación/None			Aksi AKS-117951 Blanco
SIN SUB	p369631	Iluminación/None			Aksi ANKARA - ROCK - Unidad - 1 Plateado
SIN SUB	p369635	Iluminación/None			Aksi 118002 1 110/220 V Color blanco
SIN SUB	p369796	Iluminación/None			JWJ JLE27-T25 - 25 W Blanco - Pack - 3
SIN SUB	p369989	Iluminación/None			Tubo De Led Base G13 Pantalla De Vidrio 120 Cm, 18 W, Surtek
SIN SUB	p370043	Iluminación/None			Westinghouse Lighting 5311020 5311000 15 Equivalente A 90 W
SIN SUB	p370144	Iluminación/None			Importeek Universo Galaxia USB Tipo C - Ab - Ab 12 cm - 19 cm - 19 cm
SIN SUB	p370174	Iluminación/None			Icon DLSP12W41 1 Blanco Neutro
SIN SUB	p370229	Iluminación/None			Westinghouse Lighting 6661000 2lite Ab Vidrio Facetado Trans
SIN SUB	p370260	Iluminación/None			Laitled 1091-Lu012wib02x2
SIN SUB	p370296	Iluminación/None			Geopower LF-6CN - 1 - Negro
SIN SUB	p370297	Iluminación/None			Geopower LE-010X6 Pack 6 Negro
SIN SUB	p370298	Iluminación/None			Geopower STSB/3W Blanco - Cálida - 3000 K
SIN SUB	p370423	Iluminación/None			VentDepot MXLHN-001-7 - Unidad - 1 Blanco
SIN SUB	p370424	Iluminación/None			VentDepot MXLHN-006-3 Unidad 1 127V Blanco
SIN SUB	p370425	Iluminación/None			LED VentDepot de 100W con Estructura Negra
SIN SUB	p371341	Juguetes y bebés/None			Baño Real 71850 16
SIN SUB	p371696	Juguetes y bebés/None			Terrario Para Tortugas 71748 20
SIN SUB	p371788	Mascotas/None			Perca para Aves Prevue Pet Products de Madera Natural
SIN SUB	p371789	Mascotas/None			Soul Pets 22 Pulgadas Negro
SIN SUB	p371802	Mascotas/None			Árbol Pequeño De Gato Feandrea De Felpa
SIN SUB	p371971	Mascotas/None			Redkite Dya18 Para Loro 57x61x155 Cm Base C/ruedas
SIN SUB	p372001	Mascotas/None			Cubierta De Asientos Para Mascota Mikels Negro
SIN SUB	p372080	Mascotas/None			Asiento de Coche Vevor para Perros Medianos en Consola, Impermeable con Bolsillo
SIN SUB	p372142	Climatización/None			Calentador de Alimentos VentDepot HeatFood para Descongelar y Deshidratar
SIN SUB	p372371	Climatización/None			Bromic Heating Tungsten Smart-heat 56-inch 6000w Dual Elemen
SIN SUB	p372387	Climatización/None			Lasko Calentador De Ceramica Digital Ct 16670 Control Remoto Color Negro
SIN SUB	p372426	Climatización/None			Calentador Personal De Cerámica Basics De 1500 W Con Negro
SIN SUB	p372429	Climatización/None			Vaporizador Honeywell Hogar HWM845wwm con voltaje de negro
SIN SUB	p372446	Climatización/None			Difusor Aromático Eléctrico Inteloco Portátil de 120 mL con Luz de Vela y Apagado Automático
SIN SUB	p372458	Deportes y fitness/None			Airbike MD Fitness Classic De Aire con Resistencia Infinita, Pantalla LCD y Asiento Ajustable
SIN SUB	p372459	Deportes y fitness/None			Liga De Tensión Voit Senior Azul
SIN SUB	p372471	Deportes y fitness/None			Set De 5 Bandas De Resistenca Marca Adx Color
SIN SUB	p372472	Deportes y fitness/None			Kit De 6 Bandas Ligas Latex De Ejercicio Fitness Adx
SIN SUB	p372483	Deportes y fitness/None			SITG 74623 color morado x unidad
SIN SUB	p372487	Deportes y fitness/None			Bandas Para Ejercicio De Resistencia 5 Piezas Duxx
SIN SUB	p372493	Deportes y fitness/None			GIM ND color azul x unidad
SIN SUB	p372494	Deportes y fitness/None			Banda/liga De Entrenamiento Pull Up, .45mm, Gim
SIN SUB	p372495	Deportes y fitness/None			Ligas Gim Entrenamiento Resistencia Media 80cm Ejercicios Fitness
SIN SUB	p372507	Deportes y fitness/None			Máquina de Pecho Profesional con Peso Integrado para Pectorales Kevin Bro
SIN SUB	p372526	Deportes y fitness/None			Banda Tela Absorbente Battle Bicep Color Blanco
SIN SUB	p372527	Deportes y fitness/None			Banda Tela Absorbente Battle Bicep Color Negro
SIN SUB	p372535	Deportes y fitness/None			Liga Para Tobillos Finis Amarillo Unitalla
SIN SUB	p372596	Joyería y bisutería/None			Coach Greyson 14504186 14504186 Mujer Adultos Acetato Negro
SIN SUB	p372849	Joyería y bisutería/None			Bulova Diamond Open Heart Automático 97p121 Rosa Claro Blanco
SIN SUB	p372892	Juegos de mesa/None			Medios De Transporte 2x60pz 21619 Clementoni
SIN SUB	p372946	Juegos de mesa/None			Juego Harry Potter Memoarrr
SIN SUB	p372949	Juegos de mesa/None			Harry Potter: Mischief In Diagon Alley - Inglés
SIN SUB	p372951	Juegos de mesa/None			Harry Potter Mapa De Merodeadores Marauders Map & Wand
SIN SUB	p372956	Juegos de mesa/None			Asmodee Harry Potter Hogwarts Battle Encantamiento Poción Español 1
SIN SUB	p372966	Juegos de mesa/None			Halli Galli Juegos De Mesa
SIN SUB	p372967	Juegos de mesa/None			Res Arcana Juegos De Mesa
SIN SUB	p372968	Juegos de mesa/None			Ahora O Nunca - Juegos De Mesa
SIN SUB	p372969	Juegos de mesa/None			Monos Locos Juegos De Mesa M301
SIN SUB	p372970	Juegos de mesa/Otros juegos			Mille Fiori Juegos De Mesa Devir
SIN SUB	p372971	Juegos de mesa/None			Zombies Tercera Edición Juegos De Mesa
SIN SUB	p372990	Juegos de mesa/None			Juego Meme Maker Kelvin
SIN SUB	p372992	Juegos de mesa/None			Juego Adivina La Pelicula Kelvin
SIN SUB	p372993	Juegos de mesa/None			Juego Supera Tus Miedos Kelvin
SIN SUB	p372996	Juegos de mesa/None			Set Multijuegos 10 En 1 Carton Kelvin
SIN SUB	p372998	Juegos de mesa/None			Set De Multijuegos 100 En 1 Carton Marca Kelvin
SIN SUB	p373011	Juegos de mesa/None			Winning Solutions Scattergories Edición Vintage Libro De Lino Juegos De Mesa
SIN SUB	p373019	Juegos de mesa/None			Haba Orchard Game Juego Cooperativo Para 3 Años Ews
SIN SUB	p373037	Juegos de mesa/None			Senjutsu: Battle For Japan - Juego De Duelo De Samuráis Con
SIN SUB	p373040	Juegos de mesa/None			Bang The Dice Game
SIN SUB	p373059	Juegos de mesa/None			Rise Of Empire - Star Realms
SIN SUB	p373139	Blancos y ropa de cama/None			Sabanita Pol Sweet Dino Vianney 100% Algodón Blanco
SIN SUB	p373148	Blancos y ropa de cama/None			Sabanitas De Franela Rosa Sheep Unitalla Vianney
SIN SUB	p373379	Blancos y ropa de cama/None			Funda térmica para cuello y hombros Sharper Image
SIN SUB	p373528	Blancos y ropa de cama/None			Respaldo Tradicional Tesso de Algodón con Cierre 90 x 50 cm
SIN SUB	p37382	Lavadoras/None			Cable para secadora Deeklify de 3 patas 30 m 30 A 250 V 7500 W
SIN SUB	p37392	Lavadoras/None			Cable para secadora Deeklify de 3 m 4 patas 30 A 250 V 7500 W
SIN SUB	p373924	Domótica y hogar inteligente/None			Clavija Colgante Blindada Leviton 2P3H 15A Amarilla 515PA Americana
SIN SUB	p373940	Domótica y hogar inteligente/None			Placa Lucek Hdmi + 2 Cont Ó Hdmi + Tv Ó Hdmi + Int Color Anodizado Acer. Inox/hdmi E Internet Corrie
SIN SUB	p373942	Domótica y hogar inteligente/None			Leviton Placa Acero Inox 302 P-receptaculo Duplex
SIN SUB	p373943	Domótica y hogar inteligente/None			Interruptor Eléctrico Sencillo Leviton Negro, para 15A y 127V
SIN SUB	p373944	Domótica y hogar inteligente/None			Interruptor Eléctrico Leviton de 3 Vías, Grado Industrial, con Mango Iluminado
SIN SUB	p373945	Domótica y hogar inteligente/None			Placa Interruptor Vertical Leviton 84001-000 Acero Inoxidable 430 Plateado
SIN SUB	p373946	Domótica y hogar inteligente/None			Placa Acero Inoxidable Leviton 50A 84028 para Receptáculo Comercial
SIN SUB	p373948	Domótica y hogar inteligente/None			4 De Interruptor Sencillo Grafito Leviton Plástico Du 16 A 250 Volts Grafito
SIN SUB	p373958	Domótica y hogar inteligente/None			Placa Contacto Sencillo Plastica Standard Voltech 46412 Color Marfil
SIN SUB	p373991	Domótica y hogar inteligente/None			Schlage B62n622 Deadbolt, Keyed 2 Sides, Matte Black
SIN SUB	p373994	Domótica y hogar inteligente/None			Schlage - Fe575 Ply 619 Fla Plymouth - Entrada De Teclado Co
SIN SUB	p374024	Domótica y hogar inteligente/None			Soporte ZL ZKTeco para Chapa Magnética de 280 kg
SIN SUB	p374026	Domótica y hogar inteligente/None			Soporte de Fijación ZL ZKTeco Para Contrachapa Magnética LM120
SIN SUB	p374027	Domótica y hogar inteligente/None			Soporte Zl Zkteco Lmb180zl Aluminio Anodizado Para Lm-180 /v
SIN SUB	p374029	Domótica y hogar inteligente/None			Zkteco Bracket Tipo Zl Para Chapas Electromagnéticas Lm /vc
SIN SUB	p374040	Domótica y hogar inteligente/None			ZKTeco LM120 / LMB120ZL Paquete De Contrachapa Magnética De 120 Kg, Voltaje De 12vdc
SIN SUB	p374043	Domótica y hogar inteligente/None			Contrachapa Magnética ZKTeco LM2805 con Indicador LED 200Kg 12VDC Puertas Madera Metal Vidrio
SIN SUB	p374055	Domótica y hogar inteligente/None			Soporte De Pared Alexa Echo Dot 4g Y 5g Minimalista Impremli Color Gris
SIN SUB	p374057	Domótica y hogar inteligente/None			Soporte De Pared Alexa Echo Dot 4g Y 5g Minimalista flotante Impremli Color Negro
SIN SUB	p374058	Domótica y hogar inteligente/None			Soporte Tipo Pedestal Para Google Home Mini Nest Mini Diseño Impremli Color Gris Oscuro Base Decorat
SIN SUB	p374073	Domótica y hogar inteligente/None			Yale Security Yrd226-zw2-0bp Yrd226zw20bp Pantalla Táctil
SIN SUB	p374078	Domótica y hogar inteligente/None			Broadlink RM4C Smart Universal Home Control Alexa Google
SIN SUB	p374083	Domótica y hogar inteligente/None			Medidor Clima Interno Externo Tuya, Mxwf
SIN SUB	p374084	Domótica y hogar inteligente/None			Medidor De Clima Recargable Tuya, Mxwft
SIN SUB	p374090	Domótica y hogar inteligente/None			Monitoreo Ambiental Inteligente, Mxwft-003, 3pzas, Tuya, Wif
SIN SUB	p374091	Domótica y hogar inteligente/None			Monitor De Energia Zemismart Tuya Wifi Trifásico 63a Color Blanco
SIN SUB	p374092	Domótica y hogar inteligente/None			Medidor De Calor Inalámbrico, Mxwtr-003, 3 Pzas, Tuya, Wifi
SIN SUB	p374093	Domótica y hogar inteligente/None			Dispositivo Medición Digital Usb, Mxwft-005, 5pzas, Tuya, Wi
SIN SUB	p374095	Domótica y hogar inteligente/None			Termómetro Bluetooth De Calidad, Mxwtr-003, 3 Pzas, Tuya, Wi
SIN SUB	p374097	Domótica y hogar inteligente/None			Termómetro Preciso Hogar Oficina, Mxwft-002, 2pzas, Tuya, Wi
SIN SUB	p374099	Domótica y hogar inteligente/None			Alarma Techwolf 106WT Wi-Fi y Magnética para Hogar con Sirena 110 dB
SIN SUB	p374112	Domótica y hogar inteligente/None			Chapa Eléctrica Seg 24 V Gris
SIN SUB	p374113	Domótica y hogar inteligente/None			Chapa Eléctrica Seg 110 V
SIN SUB	p374118	Domótica y hogar inteligente/None			Receptor Seg Gerenciador 511 Alta Y Baja De Controles 433.92
SIN SUB	p374143	Domótica y hogar inteligente/None			Termómetro Wi-Fi Inteligente VentDepot con Sonda para Hogar y Oficina
SIN SUB	p374168	Domótica y hogar inteligente/None			Monitor Inteligente de Calidad del Aire VentDepot SmartClimWhite con Wi-Fi, Pack de 3
SIN SUB	p374179	Domótica y hogar inteligente/None			Alarma de Movimiento Infrarroja VentDepot SolarAlarm para Guarderías con Panel Solar y 10 m de Cober
SIN SUB	p374181	Domótica y hogar inteligente/None			GE Jasco 45987 Alarma Seguridad Hogar.
SIN SUB	p374182	Domótica y hogar inteligente/None			Alarma De Seguridad Ge Para Puertas Y Ventanas 45115
SIN SUB	p374270	Cocina y comedor/None			Bloom 25 Oz Hala Madrid 25 Oz Producto Blanco
SIN SUB	p374272	Cocina y comedor/None			Reebok Athletic 32oz Ss Rojo Rojo
SIN SUB	p374313	Cocina y comedor/None			Tapa de vino Tramontina Harmonize
SIN SUB	p374402	Cargadores y adaptadores/None			Skullcandy Stash Mini 5k Batería Usb-c Verde Verde
SIN SUB	p374458	Audífonos/None			Auriculares De Monitoreo Profesional Cableados Oneodio A71 Black-grey
SIN SUB	p374584	Cargadores y adaptadores/None			Banco De Energía Ultrafino G-tide Slim01,cable De Datos Color Rosa
SIN SUB	p374585	Cargadores y adaptadores/None			Banco De Energía Ultrafino G-tide Slim01,cable De Datos Color Negro
SIN SUB	p374589	Cargadores y adaptadores/None			Banco De Energía Ultrafino G-tide Slim01,cable De Datos,lila Violeta
SIN SUB	p374595	Cargadores y adaptadores/None			Power Bank G-tide P1 De 10 Ah Con Carga Rápida Y 4 Cables Universales
SIN SUB	p374639	Cargadores y adaptadores/None			Power Bank Magnético Wohingo con Carga Súper Rápida y Magsafe para iPhone y Android
SIN SUB	p374704	Cargadores y adaptadores/None			Turbo Cargador De Auto Inteligente Rápida Qc Para iPhone Samsung Slim Company Negro
SIN SUB	p376729	Audífonos/None			Audífonos Proel Eikon De Alta Fidelidad H200
SIN SUB	p376773	Audífonos/None			Producto Generico - Ekids Super Mario Odyssey - Auriculares. Color Spider Man
SIN SUB	p376785	Audífonos/None			Audífonos Hypergear Stealth 2 Anc
SIN SUB	p376805	Teclados/None			TERPORT 90% Teclado Gamer Español Alámbrico Cable Removible TR95-E146 Red Switch Hotswap, 95 Teclas 
SIN SUB	p376806	Teclados/None			TERPORT 90% Teclado Gamer Mecanico Español TR95 Volcán Alambrico Con Cable Removible, Retroiluminado
SIN SUB	p376807	Teclados/None			TERPORT 98% Teclado Mecánico Inalámbrico Gasket Rgb 8000mAh, Switch Ligero Creamy Hotswap, BT/2.4G/C
SIN SUB	p376810	Teclados/None			TERPORT Teclado Mecánico Inalámbrico 65% Gasket Win&Mac Español Z11-E226, Luces Rgb, Bluetooth/2.4G/
SIN SUB	p376811	Teclados/None			TERPORT Teclado Mecánico Inalámbrico Español 98% Gasket, Win&Mac 4000mah, Luces Rgb, Outemu Stardust
SIN SUB	p376813	Teclados/None			Teclado Mecánico Inalámbrico TERPORT 60% Español Latino QWERTY con Ñ 62 Teclas RGB Switch Outemu Red
SIN SUB	p376815	Teclados/None			TERPORT Teclado Mecánico Español 60% Luz Arcoíris 18 Efectos Z11-E58, Outemu Blue Switch, Cable Remo
SIN SUB	p376820	Teclados/None			Hk Gaming Gk61 Teclado Mecánico Para Juegos - 61 Teclas Mult
SIN SUB	p376822	Teclados/None			Teclado Gaming Marvo K656 Rgb Rainbow Negro
SIN SUB	p376823	Teclados/None			Teclado Ajazz Spanish Spain color negro
SIN SUB	p376824	Teclados/None			Epomaker Ajazz K870t 87 Teclas Bluetooth Teclado Mecanico C
SIN SUB	p376827	Teclados/None			Teclado Mecánico Gamer Marvo RGB 62 Teclas USB Blanco Switch Outemu Blue
SIN SUB	p376837	Teclados/None			Teclado Mecánico Gamer Español con Ñ 100 Teclas RGB Hot Swap Free Wolf K3 Teclado USB Switch Rojo Te
SIN SUB	p376838	Teclados/None			Teclado Mecánico Gamer Español con Ñ 100 Teclas RGB Hot Swap Free Wolf K3 Teclado USB Switch Rojo Te
SIN SUB	p376839	Teclados/None			Teclado Mecánico Gamer Español con Ñ 100 Teclas RGB Hot Swap Free Wolf K3 Teclado USB Switch Rojo Te
SIN SUB	p376840	Teclados/None			Teclado Mecánico Gamer Español con Ñ 100 Teclas RGB Hot Swap Free Wolf K3 Teclado USB Eje Verde Clic
SIN SUB	p376843	Teclados/None			Teclado Mecánicos Gamer Con Cable Extraíble Kinwodon,teclado Y Ratón Mecánico Español Ergonómico Con
SIN SUB	p376847	Teclados/None			Teclado Gravastar Mercury V75 Pro (cyberpunk) - Negro - Inglés Us
SIN SUB	p376853	Teclados/None			Teclado Magnetico Gravastar Mercury V75 Pro 75% Cableado Graffiti Neón Inglés Us
SIN SUB	p376854	Teclados/None			Teclado Magnetico Gamer Gravastar Mercury V75 He Cableado Stealth Black Inglés Us
SIN SUB	p376858	Teclados/None			Teclado Mecánico Gamer Yeyian AKIL S3500 RGB Retroiluminación Compacto 69 Teclas Red Switches Blueto
SIN SUB	p376859	Teclados/None			Teclado Mecánico Retro 8bitdo, Bluetooth/usb-c, 87 Teclas
SIN SUB	p376882	Teclados/None			DAREU COOL68 Teclado Gamer Mecánico Magnético 60% 68 Teclas, RGB, Hot-Swap, Gasket, 8000Hz, Rapid Tr
SIN SUB	p376885	Teclados/None			Teclado Gamer 75 % Fantech Fighter Tkl Ii K613 Rgb | Css
SIN SUB	p376889	Teclados/None			Combo Gamer Razer Battle Deathadder Blackshark Gigantus V2 M
SIN SUB	p376891	Teclados/None			Combo Logitech Pop Icon color blanco
SIN SUB	p376892	Teclados/None			Combo Logitech Pop Icon Lila
SIN SUB	p376893	Teclados/None			Combo Logitech Pop Icon color rosa
SIN SUB	p376894	Teclados/None			Combo Logitech Pop Icon color Gafito
SIN SUB	p376901	Teclados/None			Teclado Y Mouse Combo Inalámbricos Logitech Mk320
SIN SUB	p376907	Teclados/None			Conjunto Escritorio Con Cable Logitech Mk120 Usb Negro Log
SIN SUB	p376908	Teclados/None			Kit De Torres De Iluminacion Rgb Corsair Icue Lt100 Negro
SIN SUB	p376919	Teclados/None			Naceb Kit completo Teclado, Mouse y Bocinas Na-228 Diseño ergonómico Bocinas 2 Altavoces de 60 PMPO 
SIN SUB	p376920	Teclados/None			Naceb Tecnología Kit Gamer Mouse y Teclado NA-633 Color Negro diseño ergonómico 19 Teclas anti-ghost
SIN SUB	p376921	Teclados/None			TERPORT Mouse Y Teclado Español Inalambrico 2.4ghz Usb Con Reposamuñeca E177, Mouse Inalámbrico Ergo
SIN SUB	p376923	Teclados/None			Kit Mouse y Teclado inalambrico QWERTY Español con Ñ Free Wolf P11 4000DPI kit Teclado y Mouse Bluet
SIN SUB	p376926	Teclados/None			Kit Mouse y Teclado inalambrico QWERTY Español con Ñ Free Wolf P11 4000DPI kit Teclado y Mouse Bluet
SIN SUB	p376929	Teclados/None			Kit Gamer Teclado Y Mouse Yeyian Phoenix 3000, Retroiluminaciones RGB, Español, 105 Teclas, Para Xbo
SIN SUB	p376936	Teclados/None			Teclado Y Mouse Inalámbricos Hp 655 Negro (4r009aa) Negro
SIN SUB	p376942	Teclados/None			Combo Teclado Mouse Inalámbrico Acer Español QWERTY + Diadema Micrófono HP
SIN SUB	p376949	Teclados/None			Kit Mouse Y Teclado Español Dell Negro Inalambrico Dell Km3322w
SIN SUB	p376954	Teclados/None			Dell Combo Mouse Y Teclado Inalámbrico Pro Km5221w
SIN SUB	p376970	Teclados/None			KIT Teclado y Mouse Gamer MSI FORGE GK110 COMBO US RGB Membrana 97 Teclas Óptico 12800 DPI Ergonomco
SIN SUB	p376972	Teclados/None			Teclado + Mouse Ugreen Wireless 2.4ghz+bt 5.0 Blue-mod 25179 Teclado Azul
SIN SUB	p376984	Teclados/None			Naceb Tecnología Kit Gamer NA-617 Teclado + Mouse Con Luces Led De 800 A 2400 DPI ERGONÓMICO Y COMOD
SIN SUB	p376985	Teclados/None			Naceb Kit De Teclado de Membrana Y Mouse color negro Gamer Na-618 104 teclas retroiluminadas + 8 Tec
SIN SUB	p376994	Televisores/None			Hisense Pantalla De 43 Smart Tv A4sv
SIN SUB	p377014	Electrodomésticos/None			Estación de planchado Reach RE-85AF Industrial color negro con suela antiadherente
SIN SUB	p377036	Electrodomésticos/None			Mezclador Para Pan Cake Dosificador Pancake Machine Color Rojo
SIN SUB	p377037	Electrodomésticos/None			Heaimo Electrica HX-6198-W 6198 - Blanco
SIN SUB	p377194	Muebles/None			Vevor Cajones De Cocina Para Exteriores18x 20.6x12.7 PuLG Plateado
SIN SUB	p377195	Muebles/None			Vevor Cajones De Cocina Para Exteriores De 30x10x20 PuLG Gris
SIN SUB	p377196	Muebles/None			Vevor Cajón De Cocina Para Exteriores 45,72 X 38,1 Cm Plata Plateado
SIN SUB	p377213	Muebles/None			Set Muebles Exterior 4 Piezas KingsHouse Acero Cojines Terraza Negro
SIN SUB	p377319	Muebles/None			Juego de Bistro 3 Piezas Giantex Hierro Diseño Rosas Exterior Antiguo
SIN SUB	p377321	Muebles/None			Conjunto de muebles Sala Tulum 4 Ikapali color negro
SIN SUB	p377469	Muebles/None			Techni Mobili Cajones Y Archivadores En Forma De L Reversib. Color Marrón, Gris
SIN SUB	p377472	Muebles/None			Madesa Gabinete Madesa Agata 2 Puertas Con Cubierta Rús/crem
SIN SUB	p377477	Muebles/None			Madesa Glamy GRGL20001009 mueble blanco de 2.00m
SIN SUB	p377493	Muebles/None			Mostrador 80cm 2 Cajones Blanco Glamy Madesa
SIN SUB	p377495	Muebles/None			Mueble Cocina Organizador 60cm Agata Madesa Blanco/Crema
SIN SUB	p377502	Muebles/None			Madesa Gabinete Integral Esquinero 402cm Reims Negro 03
SIN SUB	p377505	Muebles/None			Mostrador Madesa Glamy 40 Cm 3 Cajones Blanco
SIN SUB	p377515	Muebles/None			Madesa Gabinete Integral Esquinero 472cm Reims Blanco 01
SIN SUB	p377517	Muebles/None			Madesa Gabinete Integral Esquinero 332cm Reims Blanco 02
SIN SUB	p377522	Muebles/None			Madesa Gabinete Integral Esquinero 472cm Reims Negro 01
SIN SUB	p377526	Muebles/None			Madesa Gabinete Integral Esquinero 402cm Reims Negro 01
SIN SUB	p377533	Muebles/None			Rack Mueble Multiusos Cocina Moderno Microondas Bossa Kamal Color Marrón
SIN SUB	p377695	Muebles/None			Pipishell de Bambú Natural Con Cajones Modelo Pibct Estilo Minimalista
SIN SUB	p377696	Muebles/None			Modulo Microondas Eris Milan Y Blanco Virtual Muebles Marrón
SIN SUB	p377715	Muebles/None			Centro Entretenimiento Tv Hasta 65 Pulgadas Madesa Cancun Color Negro
SIN SUB	p377725	Muebles/None			Panel de TV Madesa Alfa de Hasta 60 Pulgadas Color Negro
SIN SUB	p377765	Muebles/None			Rack con panel Chocolate 140 cm TV hasta 60" Këssa Muebles
SIN SUB	p377767	Muebles/None			Rack Cristy Këssa Muebles Melamina y Tablero Industrializado Marrón Oscuro 170cm
SIN SUB	p377778	Muebles/None			Rack Këssa Muebles Garone para TV de 46 Pulgadas, con 2 Puertas y 4 Estantes en Gris
SIN SUB	p377795	Muebles/None			Centro Entretenimiento Noruega Chocolate Këssa TV 50" Madera MDF Melamina
SIN SUB	p377810	Muebles/None			Panel de TV Excelsior Beijing Coñac para TVs hasta 55 pulgadas
SIN SUB	p377817	Muebles/None			Panel Para Tv Bossa Maragogi Color Freijo/off White 60 Marrón
SIN SUB	p377819	Muebles/None			Bossa Artis Centro Entretenimiento Hasta 70 Color Off White Color Multicolor
SIN SUB	p377821	Muebles/None			Rack Maderkit M01329CE-CZBL-0 ceniza de aglomerado
SIN SUB	p377825	Muebles/None			Rack con panel Maderkit M01652CE-RONI para TV hasta 55" rovere niebla de mdp madera aglomerada
SIN SUB	p377827	Muebles/None			Vevor Soporte De Tv De Ratán Para Tv De 75 Pulgadas Negro
SIN SUB	p377947	Muebles/None			Base Box Matrimonial Dormez Jerezana con Tapizado Café, 190x136 cm
SIN SUB	p377948	Muebles/None			Base Arizona Matrimonial - Beige Këssa Muebles
SIN SUB	p377958	Muebles/None			Base Box Matrimonial Kessa Muebles Galicia de Madera en Gris
SIN SUB	p377961	Muebles/None			Base Box Kessa Muebles Galicia King de Madera con Base Dividida Gris
SIN SUB	p377962	Muebles/None			Base Box Individual Negro Metal 30cm Këssa Modelo 131-ORH Plegable
SIN SUB	p377963	Muebles/None			Base box Dormimundo Rest Resort de matrimonial color negro en poliéster
SIN SUB	p377986	Muebles/None			Cima UCHI Base box Cima de individual color chocolate en vinilo
SIN SUB	p377991	Muebles/None			Base box CL Muebles 304P de individual color negro
SIN SUB	p377992	Muebles/None			Base Tubular Tamaño Individual Mod. Alfa | Muebles Marrón Chocolate
SIN SUB	p377993	Muebles/None			Base Tubular Tamaño Matrimonial Mod. Alfa | Muebles Marrón Chocolate
SIN SUB	p377995	Muebles/None			Base Tubular Tamaño Queen Size Mod. Alfa | Muebles Marrón Chocolate
SIN SUB	p377997	Muebles/None			Cabeceras Flotantes Matrimoniales Beige
SIN SUB	p377998	Muebles/None			Cabeceras Flotantes Matrimoniales Gris
SIN SUB	p377999	Muebles/None			Cabeceras Flotantes Matrimoniales Rosa
SIN SUB	p378000	Muebles/None			Cabeceras Flotantes Matrimoniales Celeste
SIN SUB	p378001	Muebles/None			Cabeceras Flotantes Matrimoniales Rojo
SIN SUB	p378085	Muebles/None			Vevor Cabecero De Tamaño Completo Altura Ajustable De 5 Cm Gris
SIN SUB	p378086	Muebles/None			Vevor Cabecero De Metal 1515 X 1030 X 38mm Altura Ajustable Negro
SIN SUB	p378151	Muebles/None			Rack Hogare Mla-london2-rg Para Tv Hasta 90 Roble
SIN SUB	p378154	Muebles/None			Rack Hogare Barcelona Para Tv Hasta 50 Parota De Melamina
SIN SUB	p378157	Muebles/None			Rack Hogare Barcelona Para Tv Hasta 50 Roble De Melamina
SIN SUB	p378169	Muebles/None			Rack con panel Hogare Ibiza para TV hasta 70" blanco nordico
SIN SUB	p378179	Muebles/None			Rack Hogare MLA-LONDON2-RG para TV hasta 90" roble-rojo
SIN SUB	p378223	Muebles/None			Rack Hogare Ashville Para Tv Hasta 65 Parota De Melamina De Alta Resistencia
SIN SUB	p378365	Muebles/None			King Size 200×190×25cm Premium Ortopédico | Memory Foam + Resorte Independiente｜Para Soporte De Espa
SIN SUB	p378367	Muebles/None			Linenspa Sobrecolchón Espuma Viscoelástica King Size 5cm
SIN SUB	p378433	Muebles/None			Soporte Tv 50 Pulgadas Negro Furinno Estantes Compartimentos 15113bkw
SIN SUB	p378436	Muebles/None			Soporte Tv Furinno Jaya Para Centro Entretenimiento Hasta 55
SIN SUB	p378439	Muebles/None			Rack Furinno para TV de 50" y Almacenamiento, Marrón Oscuro
SIN SUB	p378440	Muebles/None			Furinno Centro Entretenimiento Negro Madera TV Hasta 50 Pulgadas
SIN SUB	p378441	Muebles/None			Furinno Soporte Clásico De Tv De 70 Pulgadas Con Chimenea
SIN SUB	p378443	Muebles/None			Furinno Brahms Soporte De Tv Con Estantes Y Espacio De
SIN SUB	p378444	Muebles/None			Rack Negro Moderno para TV hasta 46 pulgadas con Estantes Furinno
SIN SUB	p378446	Muebles/None			Furinno Soporte TV 50 Pulgadas Rack Madera Francés Moderno 2 Puertas
SIN SUB	p378449	Muebles/None			Rack Furinno para TV 55 pulgadas madera diseño moderno espresso con puertas
SIN SUB	p378451	Muebles/None			Furinno 17038ex/bk Para Tv Hasta 0 Marrón Tablero de partículas y PVC
SIN SUB	p378452	Muebles/None			Furinno Turn-n-tube No Tools Soporte 3d Para Tv De
SIN SUB	p378461	Muebles/None			Cabecero Matrimonial Capitoneado Gris Oscuro Flash Furniture Contemporáneo
SIN SUB	p378463	Muebles/None			Cabecero Individual Rosa Tapizado Altura Ajustable Glory Furniture
SIN SUB	p378464	Muebles/None			Cabecero Tapizado Queen Flash Furniture Ajustable Gris Oscuro
SIN SUB	p378543	Muebles/None			Cantina Morgan Antique Këssa Muebles
SIN SUB	p378546	Muebles/None			Cantina Atlanta Nogal Këssa Muebles
SIN SUB	p378549	Muebles/None			Cantina Baracaldo Nogal Këssa Muebles
SIN SUB	p378550	Muebles/None			Cantina Cosenza Wengue Con Gris Këssa Muebles
SIN SUB	p378565	Muebles/None			Juego De 2 Sillones Aura Con Diseño Elegante Para Exteriores Crema Sillones Aura
SIN SUB	p378568	Muebles/None			Carro Bar Kessa Muebles Constanza Negro con Ruedas y Estantes de Vidrio
SIN SUB	p378569	Muebles/None			Cantina Cerveza - Chocolate Këssa Cdmx
SIN SUB	p378570	Muebles/None			Cantina Montecarlo Nogal Këssa Cdmx
SIN SUB	p378571	Muebles/None			Cantina Domani Nogal Këssa Cdmx
SIN SUB	p378572	Muebles/None			Cantina Tequila - Chocolate Këssa Cdmx
SIN SUB	p378573	Muebles/None			Cantina Luro Chocolate Këssa Cdmx
SIN SUB	p378579	Muebles/None			Cantina Almeria - Chocolate / Blanco Këssa Cdmx
SIN SUB	p378584	Muebles/None			Cantina Whiskey - Chocolate
SIN SUB	p378585	Muebles/None			Cantina Patron - Nogal
SIN SUB	p378586	Muebles/None			Cantina Akane Gris
SIN SUB	p378590	Muebles/None			Cantina Loira Nebraska Con Roble
SIN SUB	p378611	Muebles/None			Reposapiés para el hogar y la oficina Kessa Muebles Upela color ocre
SIN SUB	p379157	Herramientas/None			Iusa 666253 Cable - Azul
SIN SUB	p379295	Herramientas/None			Circula Eléctrica Compacta Worx Wx439l De 4.5 Amperios Worxs
SIN SUB	p379397	Herramientas/None			Surtek 137222 Bomba Extractora Giratoria Para Químicos
SIN SUB	p379586	Herramientas/None			Truper PIPI-420 - S733113 Monofásica
SIN SUB	p379589	Herramientas/None			Truper TRP-100300 - Naranja 60 Hz - Monofásica
SIN SUB	p379818	Herramientas/None			Energy CSA40/1/16 1.5 - Cian 60 Hz
SIN SUB	p379943	Herramientas/None			eléctrico Surtek AR436
SIN SUB	p379961	Herramientas/None			Milwaukee Tizador Linea Gruesa + Tiza Roja Alta Permanencia
SIN SUB	p380052	Herramientas/None			CRAFTSMAN 83 -Set de Herramienta Mecânica de Perfil Bajo (SAE) con caso duro
SIN SUB	p380098	Herramientas/None			Kit Montaje Poleas De Alternador Adaptador Vw Audi Seat Bgs Color Como Se Muestra
SIN SUB	p380109	Herramientas/None			Apollo Tools Dt9774 Herramienta (black)
SIN SUB	p380112	Herramientas/None			Apex Tool Group D550 Dual Heat Professional Soldering Gun
SIN SUB	p380113	Herramientas/None			General Tools & Instruments 482 Swivel Head Deburring Tool
SIN SUB	p380417	Herramientas/None			Irwin 10235 1 HSS
SIN SUB	p380428	Herramientas/None			Craftsman 31639 100
SIN SUB	p380469	Herramientas/None			Black+Decker BDA91109 109
SIN SUB	p380470	Herramientas/None			Black And Decker (bda46sddd) Juego De 46 Accesorios
SIN SUB	p380483	Herramientas/None			Cortadora Rápida Ajustable Para Perforaciones Klein Tools
SIN SUB	p380593	Herramientas/None			Set De Vasos Bosch 2608521u65 Aprietatuercas Pro Impact 3pzs
SIN SUB	p380596	Herramientas/None			Kit Para Electricista Milwaukee 2220-20 4 Herramientas Color Rojo
SIN SUB	p380599	Herramientas/None			Juego Básico Profesional 13 Herramientas Caja Surtek
SIN SUB	p380634	Herramientas/None			Juego Intermedio Industrial Combinado 186 Pzas Urrea
SIN SUB	p381035	Herramientas/None			Makita Bl1014 12v Max
SIN SUB	p381107	Herramientas/None			Batería Gopak Con Cable De Carga Usb Bcb001k Black+decker
SIN SUB	p381112	Herramientas/None			Batería enchufable para refrigerador Glacier Ecoflow de 298 Wh
SIN SUB	p381236	Herramientas/None			Accesorio Bosch Gba 12 V 4 Ah para 12 V 1600a00f71 para capuchas, color negro
SIN SUB	p381292	Herramientas/None			Vevor Placa De Reparación En Forma De T Plana 45 X 29 Cm Negro
SIN SUB	p381336	Herramientas/None			Barra Corrediza 1/4' Truper 13217
SIN SUB	p381343	Herramientas/None			Extension 3/8' De 6' Truper 13916
SIN SUB	p381345	Herramientas/None			Extension 3/4' De 8' Truper 13904
SIN SUB	p381353	Herramientas/None			Extension 3/8' De 3' Truper 13663
SIN SUB	p381396	Herramientas/None			Extension 1/2' De 24' Truper 13920
SIN SUB	p381752	Herramientas/None			Dewalt Dwht75497 Kit De Pericas De 10 Y 6
SIN SUB	p381764	Herramientas/None			Clave combinada 12mm Stmt80222-840 estriado Stanley
SIN SUB	p381938	Herramientas/None			Juego P/reparacion De Celulares ,77 Pzas, Truper 100373
SIN SUB	p381969	Herramientas/None			Púa 4 En 1 Milwaukee 48-22-2145
SIN SUB	p382098	Herramientas/None			Herramienta Para Rondana Del Resorte De Freno Surtek 107216
SIN SUB	p382350	Herramientas/None			Mango L de Acero Forjado Surtek de 3/4" por 16 Pulgadas
SIN SUB	p382439	Herramientas/None			Klein Tools 16252078 klein Havens Empuñadura Para Alambre
SIN SUB	p382444	Herramientas/None			Klein Tools - Cinta Para Pescado Fibra De Vidrio
SIN SUB	p382447	Herramientas/None			Pelacables/cortador Klein Tools 11045 Amarillo 10 18 A
SIN SUB	p382458	Herramientas/None			Klein Tools D243   8 8-inch High-leverage Diagonal-cuttin
SIN SUB	p382473	Herramientas/None			Dewalt Dwht70275 Cortadores Diagonales De Accion Compuesta
SIN SUB	p382899	Herramientas/None			Juego Pretul 70 Herramientas Mecánico 1/4 Y 3/8 PuLG
SIN SUB	p382900	Herramientas/None			Juego Pretul 83 Herramientas 1/4 Y 3/8 Con Estuche Tela Cromado
SIN SUB	p382923	Herramientas/None			Truper Modelo D4990 3 16
SIN SUB	p383328	Herramientas/None			Bateria Power Kärcher® 18/50 Dw *int
SIN SUB	p383908	Herramientas/None			Urrea 340146 4-inch Cojín Redondo Vástago
SIN SUB	p384195	Herramientas/None			Klein Tools 603-7-ins Insulated Phillips Tip Md1263081
SIN SUB	p384238	Herramientas/None			Hammer Klein Tools H80918, Fibra De Vidrio De Cara Lisa, 18
SIN SUB	p384322	Herramientas/None			Conjunto De Diy Herramientas De Artesanía De Precisión 29pcs
SIN SUB	p384371	Herramientas/None			Milwaukee P321-2697 Roto+impacto+set Safety, 1/2
SIN SUB	p384405	Herramientas/None			Milwaukee Elec Tool 49-66-4532 1/4 X 2-9/16 Pulgadas
SIN SUB	p384536	Autos, bicicletas y motos/None			Mountain bike Monk Starbike R20 1v frenos caliper color negro
SIN SUB	p384538	Autos, bicicletas y motos/None			Mountain bike Monk Starbike R20 1v frenos caliper color blanco
SIN SUB	p384540	Autos, bicicletas y motos/None			Mountain bike Monk Starbike R20 1v frenos caliper color rojo
SIN SUB	p43	Joyería y bisutería/Otros			Mancuernillas Pegasus Acero Inoxidable 316L
SIN SUB	p44	Joyería y bisutería/Otros			Mancuernillas KFLK Diseño Dinosaurio
SIN SUB	p44234	Cámaras y fotografía/None			Cámara de Salpicadero FITCAMX 4K Land Rover Defender 2020‑2026
SIN SUB	p44239	Cámaras y fotografía/None			Cámara de Respaldo AUTO-VOX Inalámbrica Solar Magnética 1080P
SIN SUB	p44246	Cámaras y fotografía/None			Cámara intraoral DARYOU DY-50 Super Clear con controlador
SIN SUB	p44252	Cámaras y fotografía/None			Cámara de Respaldo Fookoo 9" 1080P IP69 Impermeable
SIN SUB	p44253	Cámaras y fotografía/None			Microscopio OAEBLLE 1000X con pantalla IPS de 24" LED recargable
SIN SUB	p44274	Cámaras y fotografía/None			Cámara de tablero WEFOKA 4K WiFi 128 GB para Toyota Tacoma 2024+
SIN SUB	p44276	Cámaras y fotografía/None			Cámara Minolta MND65 56 MP 4K Video 18X Zoom
SIN SUB	p44282	Cámaras y fotografía/None			Cámara falsa solar WALI – Pack de 4 unidades blancas con luz roja intermitente
SIN SUB	p44309	Cámaras y fotografía/None			Cámara de video TIROL SUPPLIES VeloCam 2.0 1080p Ultra‑ligera
SIN SUB	p44312	Cámaras y fotografía/None			Cámara Minolta MND65 56MP 4K 60FPS 18X Zoom
SIN SUB	p44313	Cámaras y fotografía/None			Cámara Minolta MND25 48 MP Video 4K Zoom 16X Magenta
SIN SUB	p44314	Cámaras y fotografía/None			Cámara Minolta MND65 56 MP Video 4K Zoom 18X
SIN SUB	p44315	Cámaras y fotografía/None			Cámara Minolta MND65 56 MP video 4K con zoom 18X
SIN SUB	p44321	Cámaras y fotografía/None			Cobertura para Mando de Llave Horande TPU Morado para Dodge Ram y Chrysler
SIN SUB	p44322	Cámaras y fotografía/None			Cámara de rastreo Yellowstone.ai Y2 Black Wide Lens 32 GB 5000 mAh
SIN SUB	p44328	Cámaras y fotografía/None			Cámara de rastreo Yellowstone.ai Y2 4G LTE 1080p HD paquete de 2
SIN SUB	p44357	Cámaras y fotografía/None			Cámara de cine KODAK EKTAR H35N medio marco 35 mm reutilizable verde
SIN SUB	p44366	Cámaras y fotografía/None			Montura NVG de metal MIRAGETARGET PVS-14 para casco
SIN SUB	p44370	Cámaras y fotografía/None			Cámara Crimestopper C300 de grado marino con múltiples soportes
SIN SUB	p44391	Cámaras y fotografía/None			Cámara de video Minolta MN4KP1 4K 16MP WiFi impermeable azul
SIN SUB	p44412	Cámaras y fotografía/None			Cámara Spotlight Ring Plug‑In 2K negra con sensor de movimiento
SIN SUB	p44415	Cámaras y fotografía/None			Cámara de inspección Klaray UW19-MP60 de 6 mm con sonda articulada 1 m
SIN SUB	p44435	Cámaras y fotografía/None			Ring Spotlight Cam Plus con certificación RENOVADA
SIN SUB	p44447	Cámaras y fotografía/None			Cámara Kodak PIXPRO FZ55 de 16 MP con zoom 5x y Full HD 1080p
SIN SUB	p44459	Cámaras y fotografía/None			Cámara de Video PiXLRUSH 4K Doble Pantalla 128GB Resistente al Agua
SIN SUB	p44469	Cámaras y fotografía/None			Cámara MUFU V40S Dual 2K Frontal y Trasera Impermeable con WiFi
SIN SUB	p44477	Cámaras y fotografía/None			Cámara de tablero THINKWARE U3000 4K Sony STARVIS Radar GPS
SIN SUB	p44478	Cámaras y fotografía/None			Cámara de Pesca Chasing CamX HD 1080P Impermeable 200m
SIN SUB	p44489	Cámaras y fotografía/None			Cámara Alpine HCE-C2600FD Multiángulo Frontal HDR
SIN SUB	p44511	Cámaras y fotografía/None			Cámara KODAK PIXPRO AZ653 20MP Zoom 65x WiFi Negra
SIN SUB	p44521	Cámaras y fotografía/None			Blink Outdoor 4 (4.ª generación) con certificación RENOVADA —
SIN SUB	p44530	Cámaras y fotografía/None			Cámara JH Mini Retro TLR 24 MP 1080P FHD Zoom 16x
SIN SUB	p44532	Cámaras y fotografía/None			Cámara KODAK PIXPRO AZ425 de 20 MP con zoom óptico de 42x
SIN SUB	p44540	Cámaras y fotografía/None			Cámara Kodak PIXPRO WPZ2 de 16 MP resistente al agua con zoom óptico 4x
SIN SUB	p44550	Cámaras y fotografía/None			Cámara puente Minolta MN67Z de 20 MP con zoom de 67x color morado
SIN SUB	p44555	Cámaras y fotografía/None			Cable de alimentación Blink de 3 m USB-C a USB-A para interior blanco
SIN SUB	p44570	Cámaras y fotografía/None			Cámara Kodak PIXPRO FZ45 de 16 MP zoom 4X y video Full HD
SIN SUB	p44578	Cámaras y fotografía/None			Cámara domo IP VIKYLIN 5MP PoE con detección humana por IA
SIN SUB	p44613	Cámaras y fotografía/None			AI Hub aosu Cortex con almacenamiento local de 32 GB ampliable hasta 16 TB
SIN SUB	p44627	Cámaras y fotografía/None			Cámara KODAK PIXPRO C1 13 MP Full HD con pantalla LCD de 28"
SIN SUB	p44667	Cámaras y fotografía/None			Fuente de alimentación Seco-Larm EAP-5D1Q 5 A 12 VCC 110-240 V
SIN SUB	p44677	Cámaras y fotografía/None			Cámara móvil de rastreo TACTACAM Reveal X Gen 3.0 4K 1080p
SIN SUB	p44681	Cámaras y fotografía/None			Cámara de garaje CHAMBERLAIN MyQ Garage Plug-in Gen 2 2K Smart
SIN SUB	p44690	Cámaras y fotografía/None			Cámara de Caza Moultrie Edge 4G LTE Video HD con Audio
SIN SUB	p44691	Cámaras y fotografía/None			Cámara Wi-Fi para exteriores ALC AWF61 SightHD 1080p Full HD
SIN SUB	p44694	Cámaras y fotografía/None			Detector de cámara oculta 6 en 1 con IA Bugs y buscador de escáneres WiFi
SIN SUB	p44700	Cámaras y fotografía/None			Cámara Inteligente Solar Para Exteriores D-bugg
SIN SUB	p44708	Cámaras y fotografía/None			Xiaomi Camara para Exterior CW400
SIN SUB	p44710	Cámaras y fotografía/None			Camara HDR Visión Delantera y Trasera Wi Fi Thinkware
SIN SUB	p44713	Cámaras y fotografía/None			Cámara WIFI Inalambrica para exteriores
SIN SUB	p44726	Cámaras y fotografía/None			Foco Led Inteligente Cámara Panorámica
SIN SUB	p44733	Cámaras y fotografía/None			Cámara - Kodak - Smile+ - 10MP
SIN SUB	p44750	Cámaras y fotografía/None			Cámara Ring para Exteriores Plus
SIN SUB	p44751	Cámaras y fotografía/None			Pack de 2 Cámaras Interiores Ring 2.ª gen. Negro
SIN SUB	p44796	Cámaras y fotografía/None			Lloyd's Set 2 Cámaras IP Inteligentes para Interior Full Hd 1080p
SIN SUB	p44810	Cámaras y fotografía/None			Monitor de vídeo inalámbrico en el vehículo babyCam Garmin negro
SIN SUB	p44828	Cámaras y fotografía/None			Cabina 360 Fotografica Bluelander
SIN SUB	p44829	Cámaras y fotografía/None			Camara Salpicadero Vehicular Pioneer VREC-DZ600 Frontal -Alb
SIN SUB	p44833	Cámaras y fotografía/None			Cámara de Mano HOGAWAY Portátil con Pantalla 2K
SIN SUB	p44840	Cámaras y fotografía/None			Xiaomi Mi Home Security Camera 360
SIN SUB	p44895	Domótica y hogar inteligente/None			Amazon Fire TV Stick 4K Wi-Fi 6, Dolby Vision/Atmos
SIN SUB	p44904	Domótica y hogar inteligente/None			Sistema de Intrusión Honeywell V32FBPT 32 Zonas
SIN SUB	p44937	Domótica y hogar inteligente/None			Caja de Botones SIM-PANEL Gen 2 (Diseño Horizontal)
SIN SUB	p44939	Domótica y hogar inteligente/None			Caja de sincronización HDMI Philips Smart Lighting 55-65" RGBIC
SIN SUB	p44950	Domótica y hogar inteligente/None			Controlador de videojuegos SERAFIM Fallout 76 – Paquete
SIN SUB	p44952	Domótica y hogar inteligente/None			Controlador GOUEN XR06CX-4N1F1 con 2 sondas NTC – Nuevo
SIN SUB	p44990	Domótica y hogar inteligente/None			Control para aire ac whirlpool búsqueda inteligente ai
SIN SUB	p44991	Domótica y hogar inteligente/None			Control para aire ac frigidaire búsqueda inteligente ai
SIN SUB	p44992	Domótica y hogar inteligente/None			Control para aire ac heiwa búsqueda inteligente ai
SIN SUB	p44993	Domótica y hogar inteligente/None			Control para aire ac saunier duval búsqueda inteligente ai
SIN SUB	p44994	Domótica y hogar inteligente/None			Control aire ac johnson controls búsqueda inteligente ai
SIN SUB	p44996	Domótica y hogar inteligente/None			Moxa ioLogik E2210 – E/S remoto 12DI 8DO Ethernet
SIN SUB	p45000	Domótica y hogar inteligente/None			Controlador de muro de video HDMI OREI 3x3 4K con RS-232 y rotación
SIN SUB	p45004	Domótica y hogar inteligente/None			Convertidor HDMI EXVIST 1080P WiFi H.265 con salida de bucle
SIN SUB	p45013	Domótica y hogar inteligente/None			Controlador Ranco ETC-241000-000 de Refrigeración de 2 Etapas
SIN SUB	p45014	Domótica y hogar inteligente/None			Control inalámbrico Retro-Bit Tribute 64 V2 Atomic Purple
SIN SUB	p45021	Domótica y hogar inteligente/None			Controlador de Juego GameSir Tegenaria Lite con Cable 1000Hz
SIN SUB	p45023	Domótica y hogar inteligente/None			Cinta LED Govee 100 cm RGBIC con Extensión y Cubierta
SIN SUB	p45042	Domótica y hogar inteligente/None			Controlador Macrobase MKS DLC32 MAX CNC 4 Ejes GRBL 32 bits
SIN SUB	p45043	Domótica y hogar inteligente/None			Dispositivo de Seguimiento UltrA CatcheR Rocket Balloon con Pilas AA
SIN SUB	p45044	Domótica y hogar inteligente/None			Controlador Electrónico de Temperatura Ranco 120-240VAC
SIN SUB	p45048	Domótica y hogar inteligente/None			Controlador Retro-Bit USB oficial de Sega Saturn para Sega Genesis Mini
SIN SUB	p45049	Domótica y hogar inteligente/None			PUK Grip Ergonómico para Juegos en Teléfono Negro y Verde para Android
SIN SUB	p45050	Domótica y hogar inteligente/None			Placa Controladora Digital FR Atosa W0302018
SIN SUB	p45059	Domótica y hogar inteligente/None			Módulo de Seguridad Isonas ACC-EDK-3A Resistente a la Intemperie
SIN SUB	p45060	Domótica y hogar inteligente/None			Estación Maestra Solo Audio del Sistema de Seguridad Aiphone AX-8M
SIN SUB	p45070	Domótica y hogar inteligente/None			Módulo Global Caché Flex-IP Ethernet Cableado RJ45
SIN SUB	p45079	Domótica y hogar inteligente/None			Interfaz USB Z-Wave HomeSeer SmartStick G8 Serie 800
SIN SUB	p45092	Domótica y hogar inteligente/None			Subestación de intercomunicación Aiphone LE-A
SIN SUB	p45102	Domótica y hogar inteligente/None			Control de estado sólido de CA KB Electronics KBMC-13BV negro
SIN SUB	p45131	Domótica y hogar inteligente/None			Control inalámbrico IINE Mini Pro RGB Turbo NFC rosa
SIN SUB	p45136	Domótica y hogar inteligente/None			Cable de fibra óptica AZIMOM de 1 mm de diámetro rollo de 50 m
SIN SUB	p45150	Domótica y hogar inteligente/None			Temporizador exterior Flexoria con 2 tomas de anochecer a amanecer
SIN SUB	p45157	Domótica y hogar inteligente/None			Panel de pared para garaje 41A5273-1 cableado compatible con LiftMaster
SIN SUB	p45163	Domótica y hogar inteligente/None			Inserto decorativo de pared de 3 puertos blanco paquete de 10
SIN SUB	p45165	Domótica y hogar inteligente/None			Inserto pasacables con cepillo para placa decorativa blanco paquete de 2
SIN SUB	p45179	Domótica y hogar inteligente/None			Brainboxes ED-527 Ethernet a 16 salidas digitales
SIN SUB	p45187	Domótica y hogar inteligente/None			Arduino nano v3 con microcontrolador y cable
SIN SUB	p45215	Domótica y hogar inteligente/None			Localizador Xiaomi Tag - 1PZ
SIN SUB	p45216	Domótica y hogar inteligente/None			Bascula Xiaomi Mi Body Scale S200 Negro
SIN SUB	p45228	Domótica y hogar inteligente/None			Dispositivo de automatización del hogar activado por sonido Clapper Original
SIN SUB	p45233	Domótica y hogar inteligente/None			Friendship Lamp LuvLink v2.0 WiFi de larga distancia juego de 3 unidades
SIN SUB	p45238	Domótica y hogar inteligente/None			Starlight Headliner Kit CHINLY 550 unidades 3 m 075 mm RGBW fibra óptica
SIN SUB	p45247	Domótica y hogar inteligente/None			Llavero eufy E10 Quick Arm/Disarm HomeBase resistente a la intemperie
SIN SUB	p45251	Domótica y hogar inteligente/None			Monitor de temperatura Honeywell S483B1002 Winter Watchman
SIN SUB	p45304	Domótica y hogar inteligente/None			Panel Solar Pequeño USB-C Ring .
SIN SUB	p45337	Domótica y hogar inteligente/None			Lloyd's Serie navideñaLED inteligente sincroniza al ritmo de la música
SIN SUB	p45341	Domótica y hogar inteligente/None			Lloyd's Manguera LED RGB flexible de PVC, 5 mts. 360 LED's
SIN SUB	p45368	Domótica y hogar inteligente/None			Kit de Seguridad Inteligente para Negocio
SIN SUB	p45372	Domótica y hogar inteligente/None			Esterilizador UV-C Dipak LED portátil recargable color blanco
SIN SUB	p45373	Domótica y hogar inteligente/None			Campana Para Video Portero Wifi TZTIMSH01 Techzone color blanco
SIN SUB	p45374	Domótica y hogar inteligente/None			Interfon con videocámara inteligente DB1 EZVIZ wifi color blanco
SIN SUB	p45386	Domótica y hogar inteligente/None			Protector de Voltaje 1200W 140V Pipeman's para electronicos
SIN SUB	p45397	Domótica y hogar inteligente/None			Pack 6 Placas Dúplex Smart 2 Puertos USB
SIN SUB	p45409	Domótica y hogar inteligente/None			Traductor Inteligente con Reconocimiento de Voz.Dispositivo de Traducción Preciso sin Conexión a Int
SIN SUB	p45416	Domótica y hogar inteligente/None			Audiobahn Receptor Wi-fi Efecto Espejo A Tv AM2P
SIN SUB	p45429	Domótica y hogar inteligente/None			16 Pares Video Balun Rj45 Bnc Transceptor Pasivo 4k 8mpx
SIN SUB	p45453	Domótica y hogar inteligente/None			Amazon Fire TV Lite 2022
SIN SUB	p45474	Instrumentos musicales/Baterías			Máquina de percusión Behringer LM DRUM Classic Hybrid – Paquete
SIN SUB	p45566	Instrumentos musicales/None			Solo de Julian Vaughn Music
SIN SUB	p45585	Instrumentos musicales/None			Tubo de vacío Electro-Harmonix 12AY7/6072A
SIN SUB	p45591	Instrumentos musicales/Baterías			Cucharas de percusión AAR de palo de rosa estilo celta irlandés 23 cm
SIN SUB	p45645	Instrumentos musicales/Amplificadores			Amplificador SounDigital EVOPS 800.4 800W RMS 4 canales
SIN SUB	p45655	Instrumentos musicales/Amplificadores			Amplificador IEM Kadence PEM-01 con entrada XLR/TRS cableada – Blanco
SIN SUB	p45678	Instrumentos musicales/Amplificadores			Pedal de efectos Electro-Harmonix LPB-3 Amplificador de potencia lineal
SIN SUB	p45695	Instrumentos musicales/None			Cámara de Reverberación Accutronics 8AB2D1A 3 Resortes Decaimiento Medio
SIN SUB	p45700	Instrumentos musicales/Baterías			Kit Bongo Cajón Meinl Percussion MYO-BCAJ de Abedul Báltico
SIN SUB	p45752	Instrumentos musicales/Baterías			Meinl Percussion PL-SET Juego de Tambores de Marco (Plenera) 20 25 30 cm Rojo
SIN SUB	p45766	Teclados/None			Soporte de Pared Ajustable para Teclado Wivxai 33-51 cm Ángulo Regulable
SIN SUB	p45819	Instrumentos musicales/Amplificadores			Sistema de PA Gigaphone G100S Amplificador de Voz Portátil de 30W
SIN SUB	p45847	Instrumentos musicales/Amplificadores			Sistema de PA Norwii Mini Amplificador de Voz Bluetooth 4000mAh
SIN SUB	p45875	Instrumentos musicales/Baterías			Tambor de Lengüeta de Acero PANDA DRUM Pro 15" 432Hz Kit
SIN SUB	p45906	Instrumentos musicales/Amplificadores			Amplificador de Audífonos Mackie HM-400 con 12 Salidas para Rack
SIN SUB	p45911	Instrumentos musicales/None			Control de Pie PHILIPS ACC2330 de 4 Pedales con Toque de Punta
SIN SUB	p45918	Instrumentos musicales/Amplificadores			Amplificador de Audífonos SAMSON QH4 Estéreo de 4 Canales
SIN SUB	p45974	Instrumentos musicales/Amplificadores			Amplificador de audífonos ART HeadAmp4 de 4 salidas estéreo
SIN SUB	p45976	Instrumentos musicales/Amplificadores			DAC USB HiBy FC4 MQA DSD512 PCM 768 kHz con amplificador y pantalla OLED
SIN SUB	p45986	Teclados/None			Pedal Sostenido para Teclados Universal Color Negro
SIN SUB	p45993	Instrumentos musicales/Amplificadores			Amplificador de audio Pyle PTA66BT.5 Bluetooth de 6 canales y 600 W
SIN SUB	p46008	Instrumentos musicales/Amplificadores			Amplificador de voz inalámbrico Norwii 15 W Bluetooth 5200 mAh
SIN SUB	p46009	Instrumentos musicales/Amplificadores			Amplificador de voz inalámbrico Norwii 15W Bluetooth 5200mAh
SIN SUB	p46017	Instrumentos musicales/Amplificadores			Amplificador de voz inalámbrico Avantree VoxAmp Duo 30W 14 h
SIN SUB	p46018	Instrumentos musicales/Baterías			Controlador de tambor Taiko TDC10 Smart Pro de alta sensibilidad
SIN SUB	p46052	Instrumentos musicales/None			Termostato normalmente cerrado 180° de baquelita
SIN SUB	p46053	Instrumentos musicales/None			Termostato normalmente cerrado 115° de baquelita
SIN SUB	p46100	Instrumentos musicales/Amplificadores			Amplificador gabinete dual stagepro elite 206 6.5 350w rms
SIN SUB	p46108	Instrumentos musicales/Amplificadores			Amplificador profesional cuoperh 600w rms sl-6000
SIN SUB	p46132	Instrumentos musicales/Baterías			Sartén con lengüeta de acero Panda Drum Plus 11 pulgadas 432 Hz
SIN SUB	p46135	Instrumentos musicales/Baterías			Sartén con lengüeta de acero Panda Drum Plus con libro de música y bolsa
SIN SUB	p46138	Instrumentos musicales/Baterías			Sartén con lengüeta de acero Panda Drum Pro con libro de música y bolsa
SIN SUB	p46139	Instrumentos musicales/Amplificadores			Amplificador profesional cuoperh 2800w rms k-30
SIN SUB	p46140	Instrumentos musicales/Amplificadores			Amplificador profesional cuoperh 2 canales x 130w rms e-2000
SIN SUB	p46141	Instrumentos musicales/Amplificadores			Amplificador profesional cuoperh 3000w rms k-40
SIN SUB	p46142	Instrumentos musicales/Amplificadores			Amplificador profesional cuoperh 2200w rms sl-22000
SIN SUB	p46143	Instrumentos musicales/Baterías			Sartén con lengüeta de acero Panda Drum Pro de 15 pulgadas y 432 Hz con accesorios
SIN SUB	p46147	Instrumentos musicales/Amplificadores			Amplificador DAC portátil CriNear Protocol Max con PEQ de 10 bandas
SIN SUB	p46150	Instrumentos musicales/Amplificadores			Amplificador de potencia Pyle PT12050CH 600 W Bluetooth 12 canales montaje en rack
SIN SUB	p46152	Instrumentos musicales/Amplificadores			Amplificador de potencia comercial Sound Town STCA360-6Z 360W
SIN SUB	p46155	Instrumentos musicales/Amplificadores			Amplificador profesional cuoperh 2 canales x 250w rms e-4000
SIN SUB	p46156	Instrumentos musicales/Amplificadores			Amplificador profesional cuoperh 1800w rms sl-18000
SIN SUB	p46157	Instrumentos musicales/Amplificadores			Amplificador profesional cuoperh 800w rms sl-8000
SIN SUB	p46158	Instrumentos musicales/Amplificadores			Amplificador profesional cuoperh 1200w rms sl-12000
SIN SUB	p46159	Instrumentos musicales/Amplificadores			Amplificador profesional cuoperh 2600w rms sl-26000
SIN SUB	p46160	Instrumentos musicales/Amplificadores			Amplificador profesional cuoperh 1600w rms sl-16000
SIN SUB	p46165	Instrumentos musicales/Baterías			Soporte para Conga Latin Percussion Súper Ajustable de Acero
SIN SUB	p46182	Teclados/None			Teclado electrónico Lexibook Frozen con asiento micrófono y MP3
SIN SUB	p46184	Teclados/None			Pedal Sustain karmiero Universal Premium para teclado
SIN SUB	p46185	Instrumentos musicales/Amplificadores			Amplificador profesional cuoperh 4 canales x 300w rms 4cm6000
SIN SUB	p46186	Instrumentos musicales/Amplificadores			Amplificador profesional cuoperh 4 canales x 150w rms 4cm2000
SIN SUB	p46196	Teclados/None			Pedal de expresión para teclado OnStage On-Stage KEP100
SIN SUB	p46197	Deportes y fitness/Otros			Whistle Fox 40 Pearl negro
SIN SUB	p46201	Instrumentos musicales/Baterías			Mesa de percusión OnStage On-Stage DPT5500B con capacidad de 11 kg
SIN SUB	p46203	Teclados/None			Pedal de teclado Sustain On-Stage KSP100 universal negro
SIN SUB	p46206	Instrumentos musicales/Baterías			Cajón OnStage OnStage RDF2000 de espuma para cajón tipo rack de 2U
SIN SUB	p46207	Instrumentos musicales/Baterías			Cajón tipo rack OnStage OnStage Locking 2U (RDL2000) negro
SIN SUB	p46211	Instrumentos musicales/Baterías			Cajón OnStage RDF4000 de espuma para cajón tipo rack de 4U
SIN SUB	p46218	Instrumentos musicales/Baterías			Cajón tipo rack OnStage con cierre en el escenario 4U (RDL4000) color negro
SIN SUB	p46221	Instrumentos musicales/Baterías			Bongos LP (percusión latina) Aspire Havana Café 17 cm y 20 cm
SIN SUB	p46243	Instrumentos musicales/Baterías			Forro de cabeza Bongos Meinl Percussion HTB100WB-M color marrón nogal
SIN SUB	p46245	Instrumentos musicales/Baterías			Bastón de madera de caucho de la serie Headliner de Bongos Meinl Percussion
SIN SUB	p46268	Instrumentos musicales/Baterías			Bolsa de conga acolchada Gator GP-CONGA-W con correa ajustable
SIN SUB	p46276	Teclados/None			Pedal de expresión M-Audio EX-P universal para teclados
SIN SUB	p46284	Instrumentos musicales/Baterías			Tambores Timbale Pacific de DW Mini de acero cromado de 4 x 10 cm
SIN SUB	p46312	Instrumentos musicales/Baterías			Maletas para timbales Vic Firth American Custom T1 General
SIN SUB	p46349	Instrumentos musicales/Baterías			Tambor Cajon VEVOR ligero de madera con caja interior
SIN SUB	p46370	Instrumentos musicales/Amplificadores			Amplificador HOTONE Pulze Mini BT Modelado 5W con App
SIN SUB	p46372	Instrumentos musicales/Amplificadores			Amplificador para Instrumento Musical Yamaha THR5A Mini Acústico
SIN SUB	p46398	Instrumentos musicales/None			Puño tipo cross set
SIN SUB	p46399	Instrumentos musicales/None			Puño clasico caqui set
SIN SUB	p46402	Instrumentos musicales/None			Puño clasico rojo set
SIN SUB	p46403	Instrumentos musicales/None			Puño clasico negro set
SIN SUB	p46428	Instrumentos musicales/None			Maquina burbujas portatil metalica para eventos
SIN SUB	p46569	Instrumentos musicales/Amplificadores			Amplificador Backstage Pro 1960 Watts Rms Cs-20000 de 2 Canales
SIN SUB	p46612	Instrumentos musicales/Amplificadores			Amplificador XTI4002
SIN SUB	p46729	Instrumentos musicales/Amplificadores			Backstage Amplificador De Potencia Mx4
SIN SUB	p46732	Instrumentos musicales/Baterías			New Beat para percusiones NBMP9USB color negro
SIN SUB	p46741	Instrumentos musicales/Amplificadores			Backstage Amplificador 1600 Watts Rms Cs-16000 2 Canales
SIN SUB	p46745	Instrumentos musicales/Amplificadores			Backstage Amplificador Hasta 550w Cs-6000 2 Canales
SIN SUB	p46752	Instrumentos musicales/Amplificadores			Amplificador de potencia Backstage Hcf-pro-40
SIN SUB	p46758	Instrumentos musicales/Amplificadores			Backstage CS-8000 Amplificador
SIN SUB	p46760	Instrumentos musicales/Amplificadores			BACKSTAGE amplificador CS-12000 color negro
SIN SUB	p46808	Instrumentos musicales/Amplificadores			Amplificador drivecore XLS1002 CROWN
SIN SUB	p46810	Instrumentos musicales/Baterías			Bongos LPA601-SW LP
SIN SUB	p46814	Instrumentos musicales/Baterías			Bongó CP221-AW
SIN SUB	p46840	Instrumentos musicales/Amplificadores			Amplificador crown De 2 Canales XLS2002
SIN SUB	p46895	Instrumentos musicales/Amplificadores			Amplificador XTI2002
SIN SUB	p47028	Instrumentos musicales/Amplificadores			Micro Pedal Two Stones PRE-AMP MOOER
SIN SUB	p47052	Instrumentos musicales/Baterías			Placa lateral conga lp281r
SIN SUB	p47120	Instrumentos musicales/Baterías			Bongos LP LPA601-DW
SIN SUB	p47124	Instrumentos musicales/Baterías			Banco redondo DW-CP-5100
SIN SUB	p48251	Computadoras de escritorio/None			Supercomputadora IA MSI NVIDIA Blackwell 128GB LPDDR5X 4TB
SIN SUB	p48253	Computadoras de escritorio/None			Supercomputadora IA ASUS NVIDIA Blackwell 128GB LPDDR5X 1TB
SIN SUB	p48781	Computadoras de escritorio/None			Lenovo m720s I5-8  8GB en RAM 240GB SSD REACONDICIONADO
SIN SUB	p48866	Computadoras de escritorio/None			Lenovo m910s i5-7  8GB en RAM  240GB SSD REACONDICIONADO
SIN SUB	p49285	Almacenamiento/None			Disquetes y cintas de 3.5 pulgadas, 1.44 MB, Sfr1m44-u100k, versión ac
SIN SUB	p49457	Almacenamiento/None			Discos para ordenador Verbatim DataLife Colors 3.5 144 MB paquete de 50
SIN SUB	p49459	Almacenamiento/None			Disquetes Maxell 556531 144 MB paquete de 30
SIN SUB	p49486	Almacenamiento/None			Memoria DDR3 de Velocidad MXOXN-009 XonoDDR4 Memoria DDR3 de Gama Alta
SIN SUB	p49487	Almacenamiento/None			Memoria DDR3 de Rendimiento MXOXN-008 XonoDDR4 Memoria DDR3 de Gama Alta
SIN SUB	p49488	Almacenamiento/None			Memoria DDR3 para Programas MXOXN-006 XonoDDR4 Memoria DDR3 de Gama Alta
SIN SUB	p49500	Almacenamiento/None			Memoria DDR3 para Videojuegos MXOXN-010 XonoDDR4 Memoria DDR3 de Gama Alta
SIN SUB	p51430	Audífonos/None			Honor X7d 8GB 256GB + Audifonos 119 De Regalo
SIN SUB	p52248	Audífonos/None			Oppo A58 256GB Movistar más Audífonos
SIN SUB	p54397	Videojuegos/Otros accesorios gamer			Teclado inalámbrico Chatpad Megadream para Xbox One con conector de 35 mm
SIN SUB	p54398	Videojuegos/Otros accesorios gamer			Placa de circuito de botones y alimentación USB-C para Xbox Elite 2 1797
SIN SUB	p54399	Videojuegos/Otros accesorios gamer			Reemplazo de palancas analógicas magnéticas cóncavas cortas para Xbox
SIN SUB	p54677	Videojuegos/Otros accesorios gamer			Mount & Blade 2: Bannerlord - Xbox Series X
SIN SUB	p55241	Videojuegos/Otros accesorios gamer			Cobertura para palanca analógica Setex negro 20 mm (bajo) / 11 mm (alto)
SIN SUB	p55295	Videojuegos/Otros accesorios gamer			Warrior of My Own – Libro autoeditado
SIN SUB	p55492	Videojuegos/Otros accesorios gamer			Amplificador de audífonos Hyperkin Siren para PS4 con cable
SIN SUB	p55806	Videojuegos/Otros accesorios gamer			Juego de Almohadillas de Botón de Goma OSTENT para Sony PSP 1000
SIN SUB	p56257	Videojuegos/Otros accesorios gamer			Kit de accesorios RTop 23 en 1 para Nintendo Switch
SIN SUB	p56274	Videojuegos/Otros accesorios gamer			Setex - Pack de 2 agarres para palanca analógica Joy‑Con negro
SIN SUB	p56280	Videojuegos/Otros accesorios gamer			Kit de Accesorios WEILE Switch 2 16‑en‑1
SIN SUB	p56316	Videojuegos/Otros accesorios gamer			Pantalla táctil A-MIND para Nintendo Switch + Kit de herramientas
SIN SUB	p56334	Videojuegos/Otros accesorios gamer			Kit de Modificación Intec Gaming N64 para Switch – Batería de larga duración
SIN SUB	p56340	Videojuegos/Otros accesorios gamer			Control Remoto Armor3 Nu+ Wii/WiiU Blanco
SIN SUB	p56352	Videojuegos/Otros accesorios gamer			Amiibo Capcom Magai Magado Monster Hunter Rise
SIN SUB	p56534	Videojuegos/Otros accesorios gamer			Kit de Modificación Intec Gaming Fighting Stick para Arcade1Up Switch
SIN SUB	p56549	Videojuegos/Otros accesorios gamer			Tarjeta generadora de emulador Amiibo Bilimily para Switch 3DS y Wii
SIN SUB	p56575	Videojuegos/Otros accesorios gamer			Motor de vibración Rumble de reemplazo para Nintendo Switch
SIN SUB	p56649	Videojuegos/Otros accesorios gamer			Kit de reemplazo de tornillos completo de 40 piezas para Nintendo Switch
SIN SUB	p56748	Videojuegos/Otros accesorios gamer			Paquete de accesorios Satisfye ZenGrip Ronin Slim blanco
SIN SUB	p56922	Videojuegos/Otros accesorios gamer			PDP Rock Candy Wired
SIN SUB	p56926	Videojuegos/Otros accesorios gamer			PowerA Enhanced Wired Pikachu Electric
SIN SUB	p56935	Videojuegos/Otros accesorios gamer			Kit PowerA Nintendo Switch Lite Hyrule
SIN SUB	p56960	Videojuegos/Otros accesorios gamer			Joy Con Neon Rojo Azul
SIN SUB	p57156	Videojuegos/Otros accesorios gamer			Cámara Hori Piraña Plant para Nintendo Switch 2 - Cámara Planta Piraña - Accesorio Gamer Oficial
SIN SUB	p57405	Videojuegos/Otros accesorios gamer			Umurangi Generation Deluxe Kit
SIN SUB	p57442	Videojuegos/Otros accesorios gamer			Swi Button Button Up!
SIN SUB	p57671	Videojuegos/Otros accesorios gamer			Kit de accesorios 2 en 1 para nintendo switch 2 atom games
SIN SUB	p57673	Videojuegos/Otros accesorios gamer			Kit de accesorios para nintendo switch 2 atom games
SIN SUB	p57700	Videojuegos/Otros accesorios gamer			Hori - Cámara USB - Nintendo Switch 2
SIN SUB	p57703	Videojuegos/Otros accesorios gamer			Cámara - Nintendo Switch 2
SIN SUB	p57711	Videojuegos/Otros accesorios gamer			Cámara Hori para Nintendo Switch 2
SIN SUB	p57982	Videojuegos/Otros accesorios gamer			Cámara Nintendo Switch 2 Negra
SIN SUB	p58739	Videojuegos/Otros accesorios gamer			Kit de reparación de discos Level Play 50 ml para CD/DVD/Blu‑ray
SIN SUB	p58741	Videojuegos/Otros accesorios gamer			Teclado TiMOVO RGB Inalámbrico para Xbox 147 × 53 × 4 cm
SIN SUB	p58923	Videojuegos/Otros accesorios gamer			Palanca Logitech G Gaming para G29/G920 Reacondicionada
SIN SUB	p58988	Videojuegos/Otros accesorios gamer			eXtremeRate RISE4 Plus MAX Remap Kit con Clicky Kit para ps5 Modelo BDM-030/040/050 Tope Gatillos & 
SIN SUB	p58994	Videojuegos/Otros accesorios gamer			playvital Kit de Agarre para Steam Deck，Set de Almohadilla Mejora del Botón Trasero para Steam Deck,
SIN SUB	p59042	Videojuegos/Otros accesorios gamer			NintendoJoy Con Neon Rojo AzulACC SWITCH JOY CON L R NEON MX ROJO AZUL
SIN SUB	p59065	Videojuegos/Otros accesorios gamer			NintendoJoy Con Morado/NaranjaACC JOY CON L R NEON MORADO NEON NARANJA
SIN SUB	p59497	Videojuegos/Otros accesorios gamer			Auricular gamer Megadream de un solo oído con cable 50 mm micrófono
SIN SUB	p59510	Videojuegos/Otros accesorios gamer			Kit de accesorios Bionik BNK-9083 Pro para PS5
SIN SUB	p59691	Videojuegos/Otros accesorios gamer			Reemplazo de puerto USB Tipo-C para consola PS5
SIN SUB	p59736	Videojuegos/Otros accesorios gamer			Kit de accesorios Orzly para PlayStation Portal blanco
SIN SUB	p60760	Baterías portátiles/			Power Bank Anker SOLIX C300 288Wh 300W portátil
SIN SUB	p62744	Muebles/Otros			Maxeco Ind Azul
SIN SUB	p63236	Muebles/Otros			Cochón En Caja Dormimundo Toronto King Size
SIN SUB	p63237	Muebles/Otros			Cochón Dormimundo En Caja Toronto Queen Size
SIN SUB	p65462	Muebles/Otros			Cabececera Matrimonial Dicasa Catania Plata + Box Rivo Plata RGH
SIN SUB	p65689	Muebles/Otros			olchón Restonic Ortopédico Individual Random Antiestres + Box Tapiz
SIN SUB	p66613	Muebles/Otros			Napnest Matimonial
SIN SUB	p67095	Muebles/Otros			Sala Alton 5 plazas Gris Claro
SIN SUB	p67138	Muebles/Otros			Sala Modular  Modelo Catania 2 2 E - Chocolate
SIN SUB	p67156	Muebles/Otros			Sala San Antonio 5 plazas Gris
SIN SUB	p67160	Muebles/Otros			Sala  Modelo Catania 3 2 1 - Chocolate
SIN SUB	p67896	Muebles/Otros			Sala Gris Oxford Easy Living 2,2 Kumo
SIN SUB	p67956	Muebles/Otros			Sillones de Sala Modernos con Resortes de soporte resistentes Brazos de Madera Oscura
SIN SUB	p67985	Muebles/Otros			Sala Esquina Easy Living Tulum Beige
SIN SUB	p68321	Muebles/Otros			Sala Modular para Exterior Teras Natural Kessa Muebles
SIN SUB	p68322	Muebles/Otros			Sala Chaise Lounge Selene Rosa Kessa Muebles
SIN SUB	p68323	Muebles/Otros			Sala Chaise Lounge Selene Azul Kessa Muebles
SIN SUB	p68324	Muebles/Otros			Sala Chaise Lounge Juvela Cafe Kessa Muebles
SIN SUB	p68325	Muebles/Otros			Sala Chaise Lounge Izquierdo Roselia Beige Kessa Muebles
SIN SUB	p68326	Muebles/Otros			Sala Chaise Lounge Izquierdo Roselia Azul Kessa Muebles
SIN SUB	p68327	Muebles/Otros			Sala Chaise Lounge Derecha Runa Azul Kessa Muebles
SIN SUB	p68328	Muebles/Otros			Sala Chaise Lounge Derecha Runa Beige Kessa Muebles
SIN SUB	p68437	Muebles/Otros			Carrito Auxiliar Estética Multiuso 4 Estantes Con Pasamanoz, Color Rosa
SIN SUB	p69193	Muebles/Otros			Ilios Innova | Mueble Organizador Multiusos Blanco Moderno con Puertas Push to Open, Diseño Futurist
SIN SUB	p70781	Muebles/Otros			Furnirturer Estantes y Buffeteras Freesia
SIN SUB	p70782	Muebles/Otros			Furnirturer Estantes y Buffeteras Ranger
SIN SUB	p70784	Muebles/Otros			Furnirturer Estantes y Buffeteras Keyon
SIN SUB	p80643	Joyería y bisutería/Otros			Caja de Joyería Musical Mini Treasures Harry Potter
SIN SUB	p80761	Joyería y bisutería/Otros			Moneda de Recuperación Simply Minimal 26 Años con Purpurina
SIN SUB	p80808	Joyería y bisutería/Otros			Cordón de cuentas The Beadsmith 70 m TEX210 05 mm Tropical
SIN SUB	p80849	Joyería y bisutería/Otros			Etiqueta SilenTags Transparente con Brillo Dorado
SIN SUB	p80855	Joyería y bisutería/Otros			Kit de joyería Imaginovelty 1920 piezas con cuentas de amazonita
SIN SUB	p80858	Joyería y bisutería/Otros			Caja de joyería portátil Homde de terciopelo 16 × 13 × 8 cm
SIN SUB	p80859	Joyería y bisutería/Otros			Kit de Perforación de Orejas Fanmayhe 43 Piezas Desechables Plateado
SIN SUB	p80872	Joyería y bisutería/Otros			Moneda de Cristal Plateada con Brillo Simply Minimal 34 mm
SIN SUB	p80882	Joyería y bisutería/Otros			Cuentas rosquilla Justinstones 30 mm mixtas (paquete de 12/24)
SIN SUB	p80887	Joyería y bisutería/Otros			Rosario HanlinCC 52 cm con Cuentas de Hematita y Caja de Regalo
SIN SUB	p80899	Joyería y bisutería/Otros			Moneda de Recuperación Simply Minimal 2 Años con Purpurina
SIN SUB	p80927	Joyería y bisutería/Otros			Set de regalo Rieltec de manta de sirena para niñas de 5‑12 años con brillo nocturno
SIN SUB	p80941	Joyería y bisutería/Otros			Conjunto de Zapatos de Princesa Mastom para Niñas
SIN SUB	p80945	Joyería y bisutería/Otros			Accesorios para Sandalias Jibbitz Crocs Unisex 100 Piezas, Multicolor
SIN SUB	p81053	Joyería y bisutería/Otros			Arrancadas Mujer Elegante Plata 925 Rosa
SIN SUB	p81125	Joyería y bisutería/Otros			Etiqueta PATYZON 10 cm × 13 cm Regalo de Vino para Jubilación – Pack de 2
SIN SUB	p81134	Joyería y bisutería/Otros			Cepillo de Joyas Shinery de Cerdas Suaves y Precisión
SIN SUB	p81137	Joyería y bisutería/Otros			Alhajeros Organizadores Para Joyería Color Rosa
SIN SUB	p81142	Joyería y bisutería/Otros			Aro Gacimy chapado en oro de 14K – 20 mm
SIN SUB	p81146	Joyería y bisutería/Otros			Extensor de joyería VANBARIS 5 10 y 15 cm – Set de 3 piezas
SIN SUB	p81153	Joyería y bisutería/Otros			Caja abatible de madera para joyería Muchly 96 × 32 × 37 cm
SIN SUB	p81159	Joyería y bisutería/Otros			Porta-púas de Cuero Rústico CestAntiQ
SIN SUB	p81160	Joyería y bisutería/Otros			Libro Dutton Decadence (Serie Nia Simone Bijou)
SIN SUB	p81164	Joyería y bisutería/Otros			Cordón para Cuello POCKT Otoño
SIN SUB	p81165	Joyería y bisutería/Otros			Correa para el cuello a cuadros POCKT 445 cm x 2 cm
SIN SUB	p81168	Joyería y bisutería/Otros			Aro Ana Luisa Doble 14K Baño de Oro
SIN SUB	p81169	Joyería y bisutería/Otros			Kit de Anillas Abiertas para Manualidades Handyman Crafts 1000 piezas Dorado
SIN SUB	p81199	Joyería y bisutería/Otros			Kit de Estiramiento para Piercing de Oreja VCMART 14G-00G
SIN SUB	p81203	Joyería y bisutería/Otros			Set de Gemelos HAWSON 6 Piezas Negro y Plata con Caja de Regalo
SIN SUB	p81233	Joyería y bisutería/Otros			Cordón POCKT Rojo Menta Azul Floral 44.5 cm
SIN SUB	p81234	Joyería y bisutería/Otros			Rosario de Intercesión San Benito en Madera Maciza Azul
SIN SUB	p81313	Joyería y bisutería/Otros			Juego Set Nudo de Bruja Chapa de Oro 18k EH124
SIN SUB	p81339	Joyería y bisutería/Otros			Violadores Oro Amarillo 14K
SIN SUB	p81348	Joyería y bisutería/Otros			Conjunto de joyería Butterfly Love Pearl
SIN SUB	p81443	Joyería y bisutería/Otros			Protector Jewelry Shield EUROTOOL botella de 15 ml
SIN SUB	p81498	Joyería y bisutería/Otros			Misterio Vírgen de Guadalupe 21cm cobertura Plateada Chapa de Oro 18K Horoz EH618
SIN SUB	p81501	Joyería y bisutería/Otros			Misterio San Judas Tadeo 18cm Chapa de Oro florentino de 18K Horoz EH616
SIN SUB	p81502	Joyería y bisutería/Otros			Misterio Vírgen de Juquila 18cm Chapa de Oro florentino de 18K Horoz EH617
SIN SUB	p81518	Joyería y bisutería/Otros			Correa ajustable para anteojos deportivos Boelley cordón de 75 cm 6 piezas
SIN SUB	p81532	Joyería y bisutería/Otros			Juego Joyería de 3 piezas para Mujer Color Plata
SIN SUB	p81649	Joyería y bisutería/Otros			Pastillero Semanal Nicole Lee Con Cierre Emotion SS26
SIN SUB	p81654	Joyería y bisutería/Otros			5pzs Joyería Cristal para Mujer Color Plateado
SIN SUB	p81871	Joyería y bisutería/Otros			Kit de gemas para dientes Loeland DIY Crystals Jewelry Set
SIN SUB	p81893	Joyería y bisutería/Otros			Correa de muñeca Anne Klein para Apple iPhone de mujer tono dorado
SIN SUB	p81912	Joyería y bisutería/Otros			Alfileres para solapa con luz corporal parpadeante Dice Blinkee
SIN SUB	p81914	Joyería y bisutería/Otros			Trébol sin iluminación Beads Blinkee paquete de 12
SIN SUB	p81920	Joyería y bisutería/Otros			Caja rectangular de vidrio con bisagras Creative Gifts International
SIN SUB	p81964	Joyería y bisutería/Otros			Paquete de soluciones limpiadoras para joyas Connoisseurs Premium Ed.
SIN SUB	p81966	Joyería y bisutería/Otros			Paño de pulir CONNOISSEURS Premium Edition extra grande
SIN SUB	p81968	Joyería y bisutería/Otros			Cubiertas para pezones CAKES Body Grippy Circle Silicone Honey
SIN SUB	p82029	Joyería y bisutería/Otros			Correctores reutilizables que no se muestran: secretos de la moda de Hollywood
SIN SUB	p82078	Joyería y bisutería/Otros			Tinte para cuero Angelus Flexible para zapatos botas y bolsos 90 ml naranja
SIN SUB	p82081	Joyería y bisutería/Otros			Tinte Flexible para Cuero Angelus Amarillo 90 ml con Aplicador
SIN SUB	p82278	Joyería y bisutería/Otros			Bandeja Organizadora de Piel Sintética con Diseño de Gato - Decoración para Mesa de Centro o Entrada
SIN SUB	p82300	Joyería y bisutería/Otros			Joya de plata corazón termocrómico MXXVY-005 Heart15 Corazón en plata fina
SIN SUB	p82306	Joyería y bisutería/Otros			Joya plata fotoluminiscente MXXKR-002 Clear02 Joya plata s925 elegante
SIN SUB	p82385	Joyería y bisutería/Otros			Rosa Joya Termocrómica S925 MXXTQ-004 Rose01 Rosa Termocrómica Plata S925
SIN SUB	p82391	Joyería y bisutería/Otros			Joya rosa Termocrómico S925 MXXTQ-002 Rose01 Rosa Termocrómica Plata S925
SIN SUB	p85793	Iluminación/None			Bobina de Encendido Morimoto AMP XB
SIN SUB	p85815	Iluminación/None			Tubo de Espectro EISCO Xenón (Xe) 26 cm
SIN SUB	p85820	Iluminación/None			Tubo de Espectro EISCO Hidrógeno (H) 26 cm
SIN SUB	p85822	Iluminación/None			Tubo de Espectro EISCO Argón (Ar) 26 cm
SIN SUB	p85824	Iluminación/None			Flotadores iluminados Thill 13 cm color amarillo
SIN SUB	p85978	Iluminación/None			Feit Electric OM60/RGBW/CA/AG/3 60 W Equ
SIN SUB	p85993	Iluminación/None			EECOO - Adaptador de enchufe para bombil
SIN SUB	p86020	Iluminación/None			2PCS 50W 2.4G Control Remoto Barra de Lu
SIN SUB	p86156	Iluminación/None			SATCO Products, Inc Satco S29852 - Bombi
SIN SUB	p86168	Iluminación/None			MIYIHA Paquete De 10 * 1M Unidades Difus
SIN SUB	p86172	Iluminación/None			Tira 300 LEDS 2835 Interior 24W de Poten
SIN SUB	p86197	Iluminación/None			MIYIHA Paquete de 5 difusores，Perfil de
SIN SUB	p86211	Iluminación/None			MIYIHA Paquete De 5 * 1M Unidades Difuso
SIN SUB	p86290	Iluminación/None			8cm Bola de Cristal de Saturno 3D, 16 Co
SIN SUB	p86313	Iluminación/None			UEBSDVA Sensible al Tacto Bola Magica Es
SIN SUB	p86327	Iluminación/None			Regalo del Día de la Madre,Regalos de Cu
SIN SUB	p86341	Iluminación/None			BAIWOLF Lámparas de Esfera de Planetas,
SIN SUB	p86345	Iluminación/None			SOZOMO 2Pcs Bola cristal 3D de Saturno/L
SIN SUB	p86349	Iluminación/None			Ejoyous - Bola de Cristal con Base de Lu
SIN SUB	p86385	Iluminación/None			SYCYKA Tulipanes Infinitos, 12 x 12 cm D
SIN SUB	p86419	Iluminación/None			JUGLUTE Decoración de Halloween, 5 Pieza
SIN SUB	p86456	Iluminación/None			Lámparas para Entrada 22.5cm 3000K/4000K
SIN SUB	p86804	Iluminación/None			Pack 2 Lamparas Uv Trampa Mata Msquitos
SIN SUB	p86841	Iluminación/None			Exterminador de Insectos USB MXEPZ-001 ZapPurple Atrapa Mosquitos
SIN SUB	p86847	Iluminación/None			Exterminadora Antimosquitos USB MXEPZ-002 ZapPurple Atrapa Mosquitos
SIN SUB	p86848	Iluminación/None			Lamparas MXEPZ-003 ZapPurple Atrapa Mosquitos
SIN SUB	p87034	Iluminación/None			Mezcladora de audio 7 canales reproductor usb mp3 bluetooth
SIN SUB	p87042	Iluminación/None			Estevez Valvula de Union Anti-retorno Actuada por Presión de 4 Pulgadas
SIN SUB	p87043	Iluminación/None			Estevez Rejilla Plástica para Desfogue 90º de 4 Pulgadas
SIN SUB	p87045	Iluminación/None			Estevez Válvula Final Anti-retorno Transparente 4 Pulgadas
SIN SUB	p87046	Iluminación/None			Estevez Rejilla Plástica para Desfogue 90º de 6 Pulgadas
SIN SUB	p87047	Iluminación/None			Estevez Válvula Final Anti-retorno Transparente 6 Pulgadas
SIN SUB	p87121	Iluminación/None			Gabinete Vapor ABS+PC T8 Y T5 Sin Tubo
SIN SUB	p87123	Iluminación/None			Gabinete Rejilla 2X18W 1.20M Sin Tubos
SIN SUB	p87137	Iluminación/None			Placa de 3 Módulos+ 2 Apag. de 1 Mód. + Apag. Esc. de 1 Mód. Negro / Lugano
SIN SUB	p87145	Iluminación/None			3 pack blister adaptador clavija naranja 3 a 2 patas laton
SIN SUB	p87152	Iluminación/None			Placa de 1Modulo + Dimmer  Blanco / Lugano
SIN SUB	p87153	Iluminación/None			Placa de 1Modulo + Dimmer  Negro / Lugano
SIN SUB	p87154	Iluminación/None			Placa Ciega Color Madera Wenge / Lugano
SIN SUB	p87157	Iluminación/None			Placa Ciega Color Negro / Lugano
SIN SUB	p87158	Iluminación/None			Placa Ciega Color Plateado / Lugano
SIN SUB	p87159	Iluminación/None			Placa Ciega Color Perla / Lugano
SIN SUB	p87170	Iluminación/None			Extensión USO RUDO de 2 m
SIN SUB	p87171	Iluminación/None			Extensión USO RUDO de 3 m
SIN SUB	p87185	Iluminación/None			Placa Ciega Color Blanco / Lugano
SIN SUB	p87186	Iluminación/None			Placa de 3 Módulos+ 2 Apag. de 1 Mód. + Apag. Esc. de 1 Mód. Marfíl / Lugano
SIN SUB	p87187	Iluminación/None			Placa de 3 Módulos+ 2 Apag. de 1 Mód. + Apag. Esc. de 1 Mód. Blanco / Lugano
SIN SUB	p87188	Iluminación/None			Placa Ciega Color Marfíl / Lugano
SIN SUB	p87194	Iluminación/None			Extensión USO RUDO de 15 m
SIN SUB	p87195	Iluminación/None			Extensión USO RUDO de 25 m
SIN SUB	p87197	Iluminación/None			Extensión USO RUDO de 12 m
SIN SUB	p87198	Iluminación/None			Extensión USO RUDO de 10 m
SIN SUB	p87199	Iluminación/None			Extensión USO RUDO de 6 m
SIN SUB	p93390	Blancos y ropa de cama/None			Inserto lumbar de plumas Swandream 30 × 61 cm
SIN SUB	p93395	Blancos y ropa de cama/None			Funda de colchón MATTSHIELD ORIGINAL Full 1345 × 1905 cm
SIN SUB	p93402	Blancos y ropa de cama/None			Night Guard SOVA Aero de 16 mm de grosor ajuste moldeado a medida
SIN SUB	p93407	Blancos y ropa de cama/None			Night Guard Sleepette para mujer para rechinar los dientes 4 veces
SIN SUB	p93413	Blancos y ropa de cama/None			Smart Bamboo Bubble Hug Bosque
SIN SUB	p93414	Blancos y ropa de cama/None			Smart Bamboo Bubble Hug Sienna
SIN SUB	p93678	Blancos y ropa de cama/None			Funda decorativa MODERN HEIRLOOM 66x51 cm azul con bordado de algodón
SIN SUB	p93714	Blancos y ropa de cama/None			Relleno de Hueco para Cama Barpoullar 180 × 10 × 25 cm con Funda de Lino
SIN SUB	p93969	Blancos y ropa de cama/None			Falda de Cama MEILA Envolvente de 41 cm de Caída para Queen y King – Blanco
SIN SUB	p94113	Blancos y ropa de cama/None			Skirt Utopia Bedding King microfibra blanca 40 cm caída
SIN SUB	p94335	Blancos y ropa de cama/None			Skirt Utopia Bedding Queen microfibra blanca 40 cm caída
SIN SUB	p94505	Blancos y ropa de cama/None			Lana Berroco Lanas Light 78136 Carbón
SIN SUB	p94616	Blancos y ropa de cama/None			Set de 4 rellenos de almohadón de plumas Swandream 51 x 51 cm
SIN SUB	p94655	Blancos y ropa de cama/None			Relleno de almohadón lumbar Swandream 13x21" suave como pluma
SIN SUB	p94902	Blancos y ropa de cama/None			Pillows Serta Hotel Collection King Size 100% algodón juego de 2
SIN SUB	p94909	Blancos y ropa de cama/None			Cama Pillows Acanva para dormir y refrescarse calidad hotelera paquete de 4 unidades
SIN SUB	p94965	Blancos y ropa de cama/None			Juego de 60 platos Sportime My Plate de BeanBags colores surtidos
SIN SUB	p95012	Blancos y ropa de cama/None			Forro polar suave Euro Sham Nautica con cierre de cremallera 66 x 66 cm
SIN SUB	p95170	Blancos y ropa de cama/None			Falda para Cama Individual Laura Ashley Home de Algodón Verde con Volantes
SIN SUB	p95256	Blancos y ropa de cama/None			Falda para Cama Laura Ashley de Algodón con Volantes Ligera Tamaño Queen
SIN SUB	p95714	Blancos y ropa de cama/None			Edrecolcha Matrimonial Súper Mario Yoshi
SIN SUB	p96280	Otros/Varios			Batería Vital 18 Piezas Negro
SIN SUB	p96293	Otros/Varios			Kit-cilindro 30kg – con regulador y manguera 2mts
SIN SUB	p96313	Otros/Varios			Inserto Acero Inoxidable 1/1 con Tapa 10 cm Shorbull
SIN SUB	p96315	Otros/Varios			T- Fal Batería Talent 9 Piezas
SIN SUB	p96323	Otros/Varios			Cilindro 9kg válvula tradicional – kit con regulador y manguera reforzada
SIN SUB	p96325	Otros/Varios			Cilindro 4kg – kit compacto multiusos + manguera 2mts
SIN SUB	p96334	Otros/Varios			Trompo Bluelander Para Tacos Al Pastor 64 x 40 x 50 cm
SIN SUB	p96335	Otros/Varios			Bascula Industrial Bluelander Digital y Plegable 110 V de 300 Kilogramos
SIN SUB	p96343	Otros/Varios			Báscula Comercial Stay Elit Recargable Hasta 40kg Negocio
SIN SUB	p96345	Otros/Varios			Báscula Digital Comercial, 40 kg / 2g Precisión, Puerto USB, BAR-8RS
SIN SUB	p96348	Otros/Varios			Tuff stuff espuma limpiador multiusos hogar
SIN SUB	p96351	Otros/Varios			Calentador de mantequilla CLEABANKE 2 piezas 142 ml cerámica
SIN SUB	p96362	Otros/Varios			Soplete Sterno Culinary de Doble Llama Recargable
SIN SUB	p96374	Otros/Varios			Set de utensilios para hornear Our Place de 3 piezas: redondo cuadrado y para muffins
SIN SUB	p96377	Otros/Varios			Funda para parrilla Coleman 135 cm negra para plancha de 4 quemadores
SIN SUB	p96382	Otros/Varios			Juego de Herramientas Babish de 11 Piezas en Madera de Teca y Acero Inoxidable
SIN SUB	p96383	Otros/Varios			Cubo para Palomitas Hutzler Rojo Grande
SIN SUB	p96385	Cocina y comedor/None			Barra de afilado Cutluxe de acero al carbono 30 cm para cocina
SIN SUB	p96390	Otros/Varios			Cesto para vapor de verduras SAYFINE Plegable 23 cm‑25 cm
SIN SUB	p96391	Otros/Varios			Envase de alimentos Spare Essentials 110 unidades 22 x 15 x 4 cm
SIN SUB	p96397	Cocina y comedor/None			Bolsa para Plancha Grande Camp Chef 51x79 cm Negra
SIN SUB	p96398	Otros/Varios			Funda para parrilla Coleman 142 cm × 157 cm negra
SIN SUB	p96414	Otros/Varios			Toalla HONEST WEAVE 69 cm Pack de 12 Algodón Orgánico
SIN SUB	p96418	Otros/Varios			Cazuelas Souper Cubes 13 cm Arándano – Pack de 2
SIN SUB	p96420	Otros/Varios			Toalla Infinitee Xclusives 38x64 cm Algodón Verde
SIN SUB	p96423	Cocina y comedor/None			Cubierta para Microondas HOVER COVER 30 cm Gris Claro
SIN SUB	p96425	Otros/Varios			EcoStrong Removedor de manchas y olores para mascotas 946 ml – Santal Woods
SIN SUB	p96426	Otros/Varios			Tijeras Gidli de Acero Inoxidable con Garantía de Por Vida
SIN SUB	p96445	Otros/Varios			Juego de 4 toallas Homaxy de algodón 33 × 71 cm blanco
SIN SUB	p96460	Otros/Varios			Molino Eléctrico para Café SK-3026 200W 75 g Blanco
SIN SUB	p96462	Otros/Varios			Balanza inteligente Smart Weigh 199 kg x 56 g USB‑C
SIN SUB	p96466	Otros/Varios			Popotes Dakoufish reutilizables de 33 cm – Pack de 12 7 colores
SIN SUB	p96468	Otros/Varios			Pesas de Fermentación Country Trading Co. 69 cm (4 unidades)
SIN SUB	p96470	Otros/Varios			Exprimidor a Vapor Cooks Standard 28 L Acero Inoxidable
SIN SUB	p96474	Otros/Varios			Delantal Serrenf Pack de 2 babero ajustable y 2 bolsillos
SIN SUB	p96475	Otros/Varios			Asadera Moss & Stone de 6 L 30×21 cm con tapa
SIN SUB	p96477	Otros/Varios			Tapete de silicona Ninsula 42 x 29 cm Pack de 2 reutilizable – Grizzly
SIN SUB	p96481	Otros/Varios			Kit de Limpieza Roobi Breville Espresso Completo
SIN SUB	p96488	Otros/Varios			Arrocera COOK WITH COLOR 06 L 300 W azul pizarra
SIN SUB	p96495	Otros/Varios			Bolsas para Alimentos Palksky 20 cm x 86 cm 200 piezas con Pegatinas
SIN SUB	p96496	Otros/Varios			Bolsas de Almacenamiento de Alimentos NKLEI 10 × 15 cm Holográficas Pack de 100
SIN SUB	p96497	Otros/Varios			Bolsas de basura simplehuman 200 unidades 16‑18 L blancas con cordón
SIN SUB	p96500	Otros/Varios			Limpiador de Frutas Fabenix Rotatorio con Purificador de Iones OH
SIN SUB	p96508	Otros/Varios			Caja de recetas ZICOTO 16x13x12 cm capacidad para 250 tarjetas
SIN SUB	p96523	Otros/Varios			Plancha de camping Coghlan's 42 × 25 cm antiadherente de cerámica
SIN SUB	p96526	Otros/Varios			Limpiadora a Vapor Alta Presión 2 L con Accesorios para Hogar
SIN SUB	p96527	Otros/Varios			Kit de decoración de pasteles Kootek 253 piezas de aleación de aluminio
SIN SUB	p96530	Otros/Varios			Toallitas para mascotas POOPH eliminadoras de olores - 100 unidades
SIN SUB	p96536	Otros/Varios			Limpiador de pajillas YOUCOX 30 cm 10 unidades reutilizables
SIN SUB	p96539	Otros/Varios			Tijeras KAI Seki Magoroku de Acero Inoxidable Forjado
SIN SUB	p96540	Otros/Varios			Juego de 8 piezas medidoras plegables de silicona GRANDFORT
SIN SUB	p96547	Otros/Varios			Utensilios Cocktail Bar Kit 23 Piezas 750ml Plateado
SIN SUB	p96554	Otros/Varios			Medidor Dosificador Jigger 1x2 Onzas 3pc Plateado
SIN SUB	p96564	Otros/Varios			Molinos De Sal Molinos De Sal Y Pimienta 2 Pzs Negro
SIN SUB	p96566	Otros/Varios			Molino Manual con Manivela para Nixtamal y Granos, de Acero Ajustable Gris
SIN SUB	p96573	Otros/Varios			Prensa Manual Para Tortillas Gris
SIN SUB	p96574	Cocina y comedor/None			Guantes Para Fuego Aptos Para Horno Barbacoa O Asador Negro
SIN SUB	p96587	Otros/Varios			Bolsas para pan Cupplation 46 cm x 10 cm x 46 cm paquete de 40
SIN SUB	p96591	Otros/Varios			Prensa de Ajo Global Digitronix de Aleación de Zinc Plateada
SIN SUB	p96594	Otros/Varios			Envoltura de alimentos EcoDispose 36 cm x 41 cm 500 unidades
SIN SUB	p96595	Otros/Varios			Deshuesador de Cerezas Brighoot Acero Inoxidable Negro
SIN SUB	p96596	Otros/Varios			Inserto para Vapor Anolon Classic de Acero Inoxidable
SIN SUB	p96597	Otros/Varios			Tijeras HUINF 3 unidades con cuchilla dentada de acero inoxidable
SIN SUB	p96600	Otros/Varios			Bolsas de basura simplehuman 200 uds 10-12 L blancas con cordón
SIN SUB	p96602	Otros/Varios			Rollos de sellado al vacío FoodSaver 28 cm × 48 m – Pack de 3
SIN SUB	p96603	Otros/Varios			Deshuesador de cerezas Brighoot de acero inoxidable rojo
SIN SUB	p96610	Otros/Varios			Juego de Tijeras OTOTO Boo-tiful Crew - Decoración de Halloween
SIN SUB	p96612	Otros/Varios			Carpeta de Recetas ZICOTO 9.5x8.5" Tarjetas Impermeables
SIN SUB	p96613	Otros/Varios			Alfombrilla de barra XieNie 30x15 cm Antideslizante de PVC negra
SIN SUB	p96614	Otros/Varios			Cepillo limpiador de pajillas KINGSEM 12 piezas 2‑25 mm 16‑25 cm
SIN SUB	p96616	Otros/Varios			Ambientador Febreze Tropical Blend 235 ml - Pack de 2
SIN SUB	p96620	Otros/Varios			Guantes para Barbacoa PepperMate 100 unidades 10 mil descartables
SIN SUB	p96631	Otros/Varios			Encendedor tipo chimenea Char-Griller 30 cm con liberación rápida
SIN SUB	p96632	Otros/Varios			Spa Purge de Natural Chemistry 1 L Paquete Individual
SIN SUB	p96634	Otros/Varios			Cobertura para Parrilla Royal Gourmet 136 cm Resistente al Agua Negra
SIN SUB	p96637	Otros/Varios			Rejas de Parrilla QuliMetal 47 cm para Weber Genesis II E-410/E-415
SIN SUB	p96639	Otros/Varios			Set de 4 delantales impermeables loteaf 78 × 67 cm con 2 bolsillos
SIN SUB	p96642	Otros/Varios			Desodorante adhesivo Earth Ninja con aroma a océano
SIN SUB	p96644	Otros/Varios			Centrifugador de Ensaladas NPJGKY 45 L Manual
SIN SUB	p96645	Otros/Varios			Cazuela para utensilios Le Creuset 1 L blanco de loza de piedra
SIN SUB	p96646	Otros/Varios			Herramienta de huevo newyolk (2 unidades) - Removedor de chalaza y cáscara
SIN SUB	p96648	Otros/Varios			Brochetas metálicas EMMZ de 42 cm (paquete de 8) planas para barbacoa
SIN SUB	p96649	Otros/Varios			FUNNEL Trybuy Sistema de Drenaje de Grasa Trasero para Blackstone 36"/28"/22"/17"
SIN SUB	p96652	Otros/Varios			Centrifugadora de ensaladas Shatomo 53 qt verde con base antideslizante
SIN SUB	p96653	Otros/Varios			Plancha Grimate 43 × 33 cm Antiadherente con Manijas
SIN SUB	p96654	Otros/Varios			Kit Ahumador de Whiskey Smoky Crafts – Virutas de Madera y Pistola
SIN SUB	p96655	Otros/Varios			Centrifugador de Ensaladas Brieftons 63 cuartos Manual
SIN SUB	p96657	Otros/Varios			Exprimidor Chef'n FreshForce Blanco para Limones
SIN SUB	p96658	Otros/Varios			Desgranador de Maíz LLIEIFQ de Acero Inoxidable con Mango Largo
SIN SUB	p96664	Otros/Varios			Vasitos para salsa DJZZ 75 ml paquete de 50 acero inoxidable
SIN SUB	p96666	Otros/Varios			Balanza Digital de Laboratorio Bonvoisin 500 g con resolución de 0001 g
SIN SUB	p96672	Otros/Varios			Abre Latas Dext Color Turquesa con Anilla y Agarre Fácil
SIN SUB	p96674	Otros/Varios			Set de 2 dispensadores de cereales Snapware 57 L para almacenamiento de alimentos
SIN SUB	p96677	Otros/Varios			Bolsas de Almacenamiento de Alimentos Ziploc 30 Unidades 38 × 15 cm
SIN SUB	p96678	Otros/Varios			JGO Ekco mod. Ivystone 29180 3.0 mm 20 26 30 cm Aluminio Duraflon Stone de 6 Capas Mango de Baquelit
SIN SUB	p96681	Otros/Varios			Set de pala para pizza YUNNO 20 cm + cepillo de 26 pulgadas
SIN SUB	p96687	Otros/Varios			Centrifugador de Ensaladas Tarkeen 53 cuartos Acero Inoxidable con Tapa
SIN SUB	p96695	Otros/Varios			Paellera ZENDEU 34 cm de acero al carbono esmaltado – 6 raciones
SIN SUB	p96704	Otros/Varios			Cookit Pocillo 1.5 L Acero Inoxidable CMP015
SIN SUB	p96712	Otros/Varios			Báscula Taylor 31 cm Esmerilada Marroquí Transparente/Gris
SIN SUB	p96716	Otros/Varios			Encendedores de fuego Wufoty 80 piezas 08 kg cera natural
SIN SUB	p96718	Otros/Varios			Virutas de Madera Shop Square 27 kg Paquete de 4 de Mesquite 100 % Natural
SIN SUB	p96719	Otros/Varios			Virutas de Madera Shop Square 14 kg Pack de 4 para Ahumador de Pacana
SIN SUB	p96722	Otros/Varios			Barras Flavorizer Terefour para Weber Genesis II Serie 300
SIN SUB	p96723	Otros/Varios			Limpiador y Pulidor CRC HydroForce para Acero Inoxidable 591 ml (aerosol)
SIN SUB	p96727	Otros/Varios			Báscula de Plataforma Rhino, 150 kg / 50g kg, Superficie Antiderrapante, Función TARA y Pesaje de An
SIN SUB	p96728	Otros/Varios			Cucharilla medidora de café CoaGu 15 ml juego de 2 acero inoxidable
SIN SUB	p96730	Otros/Varios			Cobertor para Parrilla Coleman 127‑137 cm Negro de Alta Resistencia
SIN SUB	p96732	Otros/Varios			Bentgo 5 Compartimentos Libre de BPA para Almacenamiento de Alimentos
SIN SUB	p96734	Otros/Varios			Delantal TOSHE de 3 Bolsillos Resistente al Agua y Algodón para Chef
SIN SUB	p96735	Otros/Varios			Delantal TOSHE de cintura con 3 bolsillos resistente a gotas de agua algodón
SIN SUB	p96737	Otros/Varios			Delantal TOSHE de algodón con 3 bolsillos y resistencia a salpicaduras
SIN SUB	p96738	Otros/Varios			Cobertura para Parrilla Cloakman Pit Boss Laredo 1000 130x65x110 cm
SIN SUB	p96740	Otros/Varios			Delantal TOSHE de 3 Bolsillos Resistente a Salpicaduras de Algodón
SIN SUB	p96741	Otros/Varios			Delantal TOSHE de 3 Bolsillos Resistente al Agua – Algodón
SIN SUB	p96745	Otros/Varios			Paellera ZENDEU de 30 cm de acero al carbono esmaltado – 4 raciones
SIN SUB	p96746	Otros/Varios			Trapeador Microfibra, Cubeta con Pedal, Color Rojo/Blanco
SIN SUB	p96749	Otros/Varios			Kit de Encendedor Weber con Botón Pulsador
SIN SUB	p96750	Otros/Varios			Delantal TOSHE de algodón resistente a salpicaduras con 3 bolsillos
SIN SUB	p96753	Otros/Varios			Rejillas para Parrilla COGRICHBF Nexgrill 720-0896B (Pack de 3)
SIN SUB	p96759	Otros/Varios			Cubierta para Tanque de Propano Weber 9 kg con Logo – Accesorio de Parrilla
SIN SUB	p96769	Otros/Varios			Toallitas húmedas GOJO 130 unidades por cubo - Toallas de limpieza rápida
SIN SUB	p96771	Otros/Varios			Delantal INMTIE de Lona Encerada Gris tallas M a XXL
SIN SUB	p96772	Otros/Varios			Bolsas de compra aisladas WhoseBags 18 L negras pack de 2
SIN SUB	p96779	Cocina y comedor/None			Plancha de Acero para Pizza OLEEK 41x34 cm Horno Pro
SIN SUB	p96780	Cocina y comedor/None			Plancha de Acero para Pizza OLEEK 41 × 34 cm – Apta para Horno
SIN SUB	p96788	Otros/Varios			Pala de pizza Outset 46 × 36 cm bambú color caqui extra grande
SIN SUB	p96789	Otros/Varios			Bolsas de basura CUSHIO 15 unidades con borde reforzado – súper resistentes
SIN SUB	p96791	Otros/Varios			Exprimidor de Vapor Cook N Home 11 Qt Acero Inoxidable
SIN SUB	p96793	Cocina y comedor/None			Bolsa para plancha Hiticover 51 × 36 cm Oxford impermeable
SIN SUB	p96794	Otros/Varios			Caja para pan Oggi 38x25x20 cm Acero inoxidable con tapa enrollable
SIN SUB	p96797	Otros/Varios			Caja Bento YANLIFY 21x15x5 cm 4 Compartimentos Rosa
SIN SUB	p96799	Otros/Varios			Brochetas extensibles CORQUE 81 cm paquete de 8 multicolores
SIN SUB	p96800	Cocina y comedor/None			Portarrollos de papel toalla GBESTWOOW 30 cm magnético negro
SIN SUB	p96801	Otros/Varios			Soporte para toalla de papel CHIKESI autoadhesivo dorado - 1 unidad
SIN SUB	p96803	Otros/Varios			Almacenamiento de alimentos Rubbermaid 350/820 ml Pack de 4 con compartimentos divididos
SIN SUB	p96806	Otros/Varios			Toallas Amazon Basics 38 × 64 cm – Pack de 6 en algodón orgánico
SIN SUB	p96812	Otros/Varios			Kit de Germinación Masontops – 2 Paquetes de Semillas Incluidos
SIN SUB	p96819	Otros/Varios			Libro de recetas Rileys & Co 215 × 28 cm Verde (en blanco)
SIN SUB	p96825	Otros/Varios			Caja de Recetas Rileys & Co 175 × 125 × 78 cm Cítricos – 50 Tarjetas
SIN SUB	p96827	Otros/Varios			Dealusy 100 unidades de cajas transparentes de plástico resistente para pasteles
SIN SUB	p96832	Otros/Varios			Placa de control digital FlameEngine P-1205 compatible
SIN SUB	p96836	Otros/Varios			Cobertura para Parrilla Mont Alpi MABi805 Impermeable y Resistente a los Rayos UV
SIN SUB	p96840	Otros/Varios			Pajillas BIO AGAVE 825" de fibras de agave biodegradable 2400 uds
SIN SUB	p96844	Otros/Varios			Matraz EISCO de 1000 ml de vidrio borosilicato con base plana
SIN SUB	p96845	Otros/Varios			Báscula de Pesaje TIMEMORE Basic 3 Temporizador para Café USB-C
SIN SUB	p96853	Otros/Varios			Encendedor de Carbón Total Control EFS‑Z para Big Green Egg
SIN SUB	p96854	Otros/Varios			Bolsa de transporte para plancha BLACKSTONE 43 cm negra
SIN SUB	p96857	Otros/Varios			Tapa para Lata Healthy Surplus de Silicona Libre de BPA 3 Tallas
SIN SUB	p96858	Otros/Varios			Matraz volumétrico EISCO 10 ml Clase A ±0020 ml con tapón de vidrio
SIN SUB	p96859	Otros/Varios			Delantal EISCO Pequeño 69 cm x 76 cm Negro de Caucho
SIN SUB	p96866	Otros/Varios			Matraz Erlenmeyer EISCO de 1000 mL con cuello estrecho de vidrio borosilicato 3.3
SIN SUB	p96869	Otros/Varios			Virutas de Madera WITANHURST Pack de 4 Piezas - Variedad de Pera y Manzana
SIN SUB	p96870	Otros/Varios			Matraz volumétrico EISCO 5 ml Clase A ±0020 ml con tapón de vidrio
SIN SUB	p96871	Otros/Varios			Piedra de aplanado Suehiro 2B006 #280 206x53x27 mm
SIN SUB	p96875	Otros/Varios			Chafer Bufetera 3 Espacios De Acero Inoxidable Para Chef, Color Plateado
SIN SUB	p96877	Cocina y comedor/None			Flameador Soplete Butano De Cocina Gourmet Encendedor, Color Rojo
SIN SUB	p96883	Otros/Varios			Tijeras KYOCERA de 7 cm con hojas de cerámica de zirconia
SIN SUB	p96886	Otros/Varios			Tijeras KUNIFU Desmontables Multiuso - Azul
SIN SUB	p96887	Otros/Varios			Tijeras KUNIFU Desmontables Todo Uso Morado
SIN SUB	p96891	Otros/Varios			Tapas de silicona GRIDAF 6 tamaños (6 cm‑19 cm) reutilizables
SIN SUB	p96892	Otros/Varios			Tijeras Multiusos de Cerámica KYOCERA 7 cm
SIN SUB	p96895	Otros/Varios			Tapa de Vidrio Cuadrada de 30 cm con Ventilación IFITTING – 1 Unidad
SIN SUB	p96898	Otros/Varios			Fregadora giratoria Fanttik sin cable IPX7 con pantalla LED blanca
SIN SUB	p96899	Otros/Varios			Tijeras KUNIFU Desmontables de Uso General - Negro
SIN SUB	p96901	Otros/Varios			Bolsas de maceración Bellamei 2 pzas 41x28 cm / 46x41 cm malla fina
SIN SUB	p96906	Otros/Varios			Bolsas de elaboración Eselect 28 cm paquete de 100 unidades de malla de algodón
SIN SUB	p96907	Otros/Varios			Arrocera BLACK+DECKER 4 L con Canasta para Vapor – Acabado Piedra
SIN SUB	p96908	Otros/Varios			Kadai Vinod Platinum de Acero Inoxidable Triple 28 cm 37 L
SIN SUB	p96910	Otros/Varios			Paellera Magefesa de 30 cm 4 raciones acero al carbono
SIN SUB	p96925	Otros/Varios			Juego de almacenamiento de alimentos Tribello 16 piezas plástico libre de BPA rojo
SIN SUB	p96926	Otros/Varios			Enfriador de Lata HydroJug 355 ml Acero Inoxidable Sage
SIN SUB	p96927	Otros/Varios			Deshuesador de cerezas Fanlory 7 en 1 multi‑funcional
SIN SUB	p96929	Otros/Varios			Pinchos Kadden 20 unidades 9 cm resistentes al calor
SIN SUB	p96936	Otros/Varios			Gancho de Almacenamiento Command (2 unidades 11 kg)
SIN SUB	p96939	Otros/Varios			Glad Mini Redondos de 118 ml – Pack de 8 para Almacenamiento de Alimentos
SIN SUB	p96942	Otros/Varios			Cazuela Pyrex 28 × 18 cm con tapa de plástico
SIN SUB	p96943	Otros/Varios			Alfombrilla de silicona para hornear Mimekitchen 66 × 41 cm antiadherente y resistente al calor
SIN SUB	p96947	Otros/Varios			Enfriador de latas BrüMate Trio 12/16 oz Agave azul a prueba de fugas
SIN SUB	p96954	Cocina y comedor/None			Bolsas para horno WRAPOK 55x60 cm - 20 bolsas para asado de pavo
SIN SUB	p96956	Otros/Varios			Prensa de Galletas Hosetim con 8 puntas y 13 discos de acero inoxidable
SIN SUB	p96958	Otros/Varios			Desodorizante y descomponedor de residuos enzimático Walex Bio-Pak 50 unidades
SIN SUB	p96959	Otros/Varios			Toallitas Kimberly-Clark 37 × 42 cm 140 por caja – 15 cajas
SIN SUB	p96963	Otros/Varios			Cortapizzas Joseph Joseph Duo con protector de cuchilla
SIN SUB	p96964	Otros/Varios			Aguja Premium Timeless CORAVIN para sistemas Coravin Timeless
SIN SUB	p96967	Otros/Varios			Máquina de Pasta Fante's 23x11x15 cm para Cavatelli
SIN SUB	p96968	Otros/Varios			Almacenamiento de alimentos Anyday 2 unidades 473 ml de vidrio (Kale)
SIN SUB	p96969	Otros/Varios			Balanza de alimentos Escali 22x15x4 cm 5 kg blanca digital
SIN SUB	p96971	Otros/Varios			Cepillo Removedor de Hilos de Maíz THE FRYOILSAVER COMPANY 25x8x5 cm
SIN SUB	p96977	Otros/Varios			Paellera Magefesa de 20 cm de acero al carbono ligera
SIN SUB	p96986	Otros/Varios			Soplador carbón tramontina 25cm 95g acero inox
SIN SUB	p96989	Otros/Varios			Cobertura para Parrilla Nexgrill 140 cm x 57 cm x 112 cm Negra
SIN SUB	p96992	Otros/Varios			Tapa UDOHBLUE de vidrio resistente al calor 16‑32 cm
SIN SUB	p96993	Otros/Varios			Bolsas resellables sailorsunny 75 × 11 cm rosa con perro – paquete de 50
SIN SUB	p96994	Otros/Varios			Paellera Magefesa de 38 cm de acero esmaltado – 8 raciones
SIN SUB	p97000	Otros/Varios			Cazo CookCraft 1.5 Qt Acero Inoxidable Triplex
SIN SUB	p97001	Otros/Varios			Funda para parrilla Traeger FLATROCK BAC749 de vinilo
SIN SUB	p97002	Otros/Varios			Cazo CookCraft de Acero Inoxidable Triplex 2.8L
SIN SUB	p97005	Otros/Varios			Clip para Bolsa Cuisipro Acero Inoxidable 13 cm Resorte Fuerte
SIN SUB	p97007	Otros/Varios			Cubierta del capó de la parrilla: parrilla eléctrica Weber Lumin
SIN SUB	p97009	Otros/Varios			Cera Protectora para Superficies FLITZ FB-TS010-100 Paquete de 2g
SIN SUB	p97011	Otros/Varios			Limpiador Urnex para Cápsulas K-Cup 5 unidades para máquinas Keurig 2.0
SIN SUB	p97017	Otros/Varios			Matraz EISCO 2000 ml Clase A ±05 ml con tapón de vidrio
SIN SUB	p97018	Otros/Varios			Réplica de Baguette de Sésamo de 48 cm – Pan Falso GiftYou
SIN SUB	p97020	Otros/Varios			Cepillo para parrilla Nexgrill 48 cm de nailon paquete de 2
SIN SUB	p97021	Otros/Varios			Virutas de Madera de Cereza Shop Square 27 kg (Pack de 4) 100 % Natural
SIN SUB	p97022	Otros/Varios			Parrilla/Cazoleta de Cenizas MECO para parrilla Aussie/Americana
SIN SUB	p97023	Otros/Varios			Tijeras SofGrip 19 cm Mango de Goma
SIN SUB	p97026	Otros/Varios			Tostonera Casita 9 cm × 2 cm × 19 cm Naranja
SIN SUB	p97027	Otros/Varios			Tapa de vidrio transparente RENGTIN de 30 cm con anillo de silicona
SIN SUB	p97028	Otros/Varios			Matraz Erlenmeyer EISCO 500 ml de vidrio borosilicato con tapa de rosca PTFE
SIN SUB	p97031	Otros/Varios			Juego de Herramientas para Barbacoa Coleman 12 Piezas Acero Inoxidable Negro
SIN SUB	p97035	Otros/Varios			Balanza Digital de Envío Selegere 10 kg/1 g Recargable Plateado Negro
SIN SUB	p97036	Otros/Varios			Exprimidor de Silicona con Forma de Pasta Monkey Business
SIN SUB	p97038	Otros/Varios			Bolsas de filtro de té Chielor 30 piezas 25x20 cm algodón reutilizable
SIN SUB	p97039	Otros/Varios			Juego de Utensilios de Horneado Caraway 11 Piezas Cerámica Antiadherente Color Marino
SIN SUB	p97045	Otros/Varios			Adaptador T POWER 12V 10A GMG P-1001 100-240V
SIN SUB	p97052	Otros/Varios			Matraz EISCO 1000 ml de vidrio borosilicato con tapa de rosca PTFE
SIN SUB	p97058	Otros/Varios			Balanza de Grúa Digital Kongsen 300 kg Azul
SIN SUB	p97064	Otros/Varios			Protector Estufa Quemador Parrilla Reutilizable 10psc Plateado/Negro
SIN SUB	p97065	Otros/Varios			Alfombra De Silicona Para Hornear No Adhesiva 5 Piezas Marrón
SIN SUB	p97067	Otros/Varios			Bolsas para almuerzo CulinWare 4 lb de capacidad paquete de 500 unidades blancas
SIN SUB	p97070	Otros/Varios			Limpiador de Alfombras Resolve 946 ml Especialista para Mascotas con Gatillo
SIN SUB	p97072	Otros/Varios			Juego de Vapor Imusa 28 Qt y 10 Qt Aluminio Plateado
SIN SUB	p97073	Otros/Varios			Recambio de pulidor de cuero SHARPAL 25 × 150 mm (1 pieza)
SIN SUB	p97074	Otros/Varios			Cesta de vapor LAIHIFA 16-26 cm Acero inoxidable expandible
SIN SUB	p97077	Otros/Varios			Bolsas para almuerzo CulinWare 12 × 8 × 25 cm 500 unidades 4 lb
SIN SUB	p97079	Otros/Varios			Cesta Giratoria Universal de Acero Inoxidable TURBRO para Parrilla
SIN SUB	p97081	Otros/Varios			Plancha COZEER 43 cm × 33 cm de Acero Inoxidable Antiadherente
SIN SUB	p97082	Otros/Varios			Limpiador de Líneas de Cerveza Bar‑King 6 pzas 05 oz cada una
SIN SUB	p97084	Otros/Varios			Juego de Utensilios para Hornear Caraway 11 Piezas Cerámica Antiadherente Salvia
SIN SUB	p97085	Otros/Varios			Prensa para Plancha BLACKSTONE Plegable OTG
SIN SUB	p97087	Otros/Varios			Galleta Goldilocks Polvorón UBE 30 uds. 2 bolsas
SIN SUB	p97088	Otros/Varios			Sacabolas de melón CAT CORA 10/15 mm de acero inoxidable
SIN SUB	p97098	Otros/Varios			Bolsas de Almacenamiento de Alimentos Stasher 4 Unidades Reutilizables de Silicona
SIN SUB	p97109	Otros/Varios			Juego de 10 bolsas de papas LOVYNO 74 × 99 cm coloridas reutilizables
SIN SUB	p97110	Otros/Varios			Saco de Patata LOVYNO 74x99 cm Pack de 20 Multicolor
SIN SUB	p97120	Otros/Varios			Tabletas de limpieza Caffenu DeLonghi 10 unidades de 14 g cada una
SIN SUB	p97122	Otros/Varios			Polvo de Limpieza Caffenu 900 g para Máquinas de Espresso
SIN SUB	p97128	Otros/Varios			Kadai Tramontina Utsava de 18 L acero inoxidable de triple capa
SIN SUB	p97132	Otros/Varios			Pantallas de limpieza para plancha AmerCareRoyal 10 cm × 14 cm (paquete de 400)
SIN SUB	p97150	Otros/Varios			Cazo GreenLife de 24 L rosa con recubrimiento cerámico antiadherente
SIN SUB	p97151	Otros/Varios			Removedor de membrana de costilla Concons de acero inoxidable naranja
SIN SUB	p97162	Otros/Varios			Kit de vapor de bambú Dasoguy 30 cm con forros y utensilios
SIN SUB	p97163	Otros/Varios			Bolsa de snack congelable PackIt 23 cm x 10 cm Ice Cream Critters
SIN SUB	p97169	Otros/Varios			Cazo Caraway 1.75 qt Cerámico Antiadherente con Tapa
SIN SUB	p97175	Otros/Varios			Pellets de carbón Royal Oak 136 kg con mesquite para parrilla
SIN SUB	p97182	Otros/Varios			AG-OLLEL202EP
SIN SUB	p97183	Otros/Varios			Decantador Signature Edition VANLIG | Ripon Revolver & Grenade Glasses
SIN SUB	p97187	Otros/Varios			Decantador Signature Edition: VANLIG Brent Revolver & Grenade Glasses
SIN SUB	p97190	Otros/Varios			Kit de Piedras para Whisky Cork VANLIG | Enfriadores Naturales Reutilizables en Estuche de Lujo
SIN SUB	p97196	Otros/Varios			Alfombrilla de silicona para recoger el goteo del grifo - Diseño mejor
SIN SUB	p97262	Otros/Varios			IMUSA BAM-10007 Jumbo Tostonera, Natural - Pataconera de Bambú, Prensa
SIN SUB	p97380	Otros/Varios			Set de minigafas Silver Buffalo Disney Vintage Minnie Mouse
SIN SUB	p97396	Otros/Varios			Vidrio sin tallo plateado Buffalo Disney Lilo and Stitch 590 ml
SIN SUB	p97412	Otros/Varios			Set de minitazas Silver Buffalo Winnie the Pooh paquete de 4
SIN SUB	p97436	Otros/Varios			Set de Sushi Silver Buffalo Disney Buscando a Nemo Azul
SIN SUB	p97483	Otros/Varios			Juego de minitazas Silver Buffalo Care Bears paquete de 4 unidades 45 ml plástico
SIN SUB	p97518	Otros/Varios			Set de Sushi Silver Buffalo Hello Kitty con Moño Rojo
SIN SUB	p97537	Otros/Varios			Set de Sushi Retro de 3 piezas Silver Buffalo Scooby Doo
SIN SUB	p97538	Otros/Varios			Bote Cold Cup Silver Buffalo Winnie the Pooh Hunny de 700 ml
SIN SUB	p97556	Otros/Varios			Barril de Envejecimiento THOUSAND OAKS 3L con Soporte y Grifo
SIN SUB	p97558	Otros/Varios			Tenedores de Plástico Transparente GUSTO 100 unidades – Alta resistencia
SIN SUB	p97566	Otros/Varios			Pajillas de plástico TREEHAC 23 cm Jumbo anchas y coloridas 700 piezas
SIN SUB	p97589	Cocina y comedor/None			Delantal de Cocina Entero con Bolsillos Ajuste en Cuello Cintura 2 Pzs Negro
SIN SUB	p97610	Otros/Varios			Tapa para HydroJug 40 oz RXZHZYM color crema - Pack de 2
SIN SUB	p97644	Otros/Varios			Utensilios Milestones LLC para zurdos con protector
SIN SUB	p97667	Otros/Varios			Tenedores Hefty ECOSAVE Compostables 24 unidades
SIN SUB	p97685	Otros/Varios			Protectores de calor Cazzon 18 cm Mezcla Marrón 5 uds. con cesta incluida
SIN SUB	p97717	Otros/Varios			Cubertería CAMBRIDGE 45 piezas acabado satinado dorado servicio para 8
SIN SUB	p97733	Otros/Varios			Juego de 6 platillos de 10 cm The Mask El Turko
SIN SUB	p97755	Otros/Varios			Bolsas de elaboración Eselect 28 cm (paquete de 25) malla de algodón
SIN SUB	p97811	Otros/Varios			Juego de 2 Bolas de Mezcla Notana 8 L Acero Inoxidable
SIN SUB	p97831	Otros/Varios			Cucharilla para mantequilla Le Creuset Heritage Riviera
SIN SUB	p97835	Otros/Varios			Cáñon dispensador THERMOS 19 L gris metálico
SIN SUB	p97842	Otros/Varios			Set de Herramientas de Bar Mixología y Artesanal Plateado a Prueba de Fugas
SIN SUB	p97850	Otros/Varios			Thermos Pure Zen Tea 450 ml Azul con Infusor
SIN SUB	p97857	Otros/Varios			Matraz EISCO 1000 ml de vidrio borosilicato cónico con brazo lateral
SIN SUB	p97858	Otros/Varios			Palillos agitadores de café OULIGET 185 cm color marrón - paquete de 100
SIN SUB	p97861	Otros/Varios			Pajillas de Papel OULIGET 40 Unidades con Forma de Limón
SIN SUB	p97866	Otros/Varios			Cuchara‑pajilla 2 en 1 OULIGET 20 cm negro 50 unidades
SIN SUB	p97869	Otros/Varios			Juego de 16 bolsas para vino aromeili – Funda protectora reutilizable
SIN SUB	p97895	Cocina y comedor/None			Modernas Caminos De Mesa Con Lentejuelas, Color Plateado 2pz
SIN SUB	p97897	Otros/Varios			Matraz EISCO de 2000 ml de vidrio borosilicato con vertedor
SIN SUB	p97909	Otros/Varios			Posavasos Algodón Antideslizante Duradero+soporte 12 Pzs Negro
SIN SUB	p97915	Otros/Varios			Vertedor de Licor Poura 2 Unidades Plateado sin BPA
SIN SUB	p97947	Otros/Varios			Juego de Cuchillos Tramontina Ultracut 6 pz Soporte de Madera
SIN SUB	p97956	Otros/Varios			Licorera Y Ánfora De Bolsillo De 8 Onzas (236 Ml), Color Negro
SIN SUB	p97975	Otros/Varios			Propagador de Mantequilla Nemco 120V Acero Inoxidable 18 kg
SIN SUB	p97977	Otros/Varios			Tapones para Bebidas STIXTOGO 19 cm Negro Pack de 2000 unidades
SIN SUB	p97992	Otros/Varios			Glass Riedel Grape Martini y Cocktail Diamond 200 ml (paquete de 2)
SIN SUB	p98013	Otros/Varios			Delantal DASHUAIGE Set de Suministros para Puesto de Limonada Infantil
SIN SUB	p98034	Otros/Varios			Bolsa de Vino TBITON 40.º Cumpleaños Lino de Algodón Beige
SIN SUB	p98040	Otros/Varios			Tapa Thermos Bubba 950 ml Opal Shimmer de Doble Sorbo
SIN SUB	p98115	Otros/Varios			Base giratoria Ateco de plástico blanco de 30 cm
SIN SUB	p98154	Cocina y comedor/None			Bote para comida Hydro Flask aislante 350 ml agave
SIN SUB	p98160	Otros/Varios			Palitos agitadores de madera AmerCareRoyal 18 cm biodegradables 10 000 uds
SIN SUB	p98166	Otros/Varios			Set de 4 Cucharitas Demi de Acero Inoxidable Bañadas en Oro Fino
SIN SUB	p98180	Otros/Varios			Salvamantel Magnético de Madera Dura STAUB Resistente al Calor
SIN SUB	p98183	Otros/Varios			Pinchos de Bambú Handy Housewares 10 cm Paquete de 600
SIN SUB	p98187	Otros/Varios			Líquido para Cigarrillo Electrónico Flavour Blaster Neutral 10 ml
SIN SUB	p98192	Otros/Varios			Set Ultimate Bar Caddy de 120 piezas con Popotes Flexibles y Palitos Mezcladores
SIN SUB	p98197	Otros/Varios			Palitos de Bambú Handy Housewares 10 cm Paquete de 1200
SIN SUB	p98216	Cocina y comedor/None			Set de 6 cucharas para sopa de melamina con diseño de bambú azul de 145 cm
SIN SUB	p98218	Otros/Varios			Juego de 8 Tablas de Pizarra Negra Yousonew 30x18 cm
SIN SUB	p98225	Otros/Varios			Soporte para Goteo de Café Makidar de Acero Inoxidable Negro
SIN SUB	p98233	Otros/Varios			Kit de Inicio Easy Fermenter con 3 Tapas y 3 Pesas para Fermentación de 3 L
SIN SUB	p98264	Otros/Varios			Mantequera Kangaroo de Vidrio Transparente con Tapa para Encimera
SIN SUB	p98312	Otros/Varios			Juego de Té Lenox Butterfly Meadow de 8 Piezas para 2 Personas
SIN SUB	p98321	Otros/Varios			Palillos FOFAYU de Metal 5 Pares Multicolor Acero Inoxidable 235 cm
SIN SUB	p98329	Otros/Varios			Cesta Ovalada Cuisinox de Acero Inoxidable 22x15 cm
SIN SUB	p98355	Otros/Varios			Cucharitas Nice Kitchen 12 piezas Acero Inoxidable 17 cm
SIN SUB	p98366	Otros/Varios			Popotes Flexibles ALINK Paquete de 500 19.7 cm x 0.6 cm
SIN SUB	p98421	Otros/Varios			Tenedores de Plástico Glad Resistentes Transparentes Paquete de 70
SIN SUB	p98432	Otros/Varios			Tenedores de Cena Nice Kitchen 16 piezas 20 cm Acero Inoxidable
SIN SUB	p98444	Otros/Varios			Juego de 3 Bowls Corelle Livingware 828 ml Clásico con Borde Negro
SIN SUB	p98447	Otros/Varios			Fundas de silicona Brieftons 6 unidades aislantes antideslizantes
SIN SUB	p98451	Otros/Varios			Set de 3 Bowls Corelle Livingware Country Cottage 828 ml
SIN SUB	p98455	Otros/Varios			Juego de 2 Bowls para Servir Corelle Bella Faenza de 1 cuarto
SIN SUB	p98464	Otros/Varios			Airpot Coffee Pro 2.2L de Acero Inoxidable con Bomba
SIN SUB	p98581	Otros/Varios			Infusor de Bola para Té Joie Unicornio Acero Inoxidable Libre de BPA
SIN SUB	p98588	Otros/Varios			2 Anfora De Bolsillo  De Acero Inoxidable, 8oz Color Plata
SIN SUB	p98796	Otros/Varios			Fuente para Servir STAUB de Cerámica 29 cm Cereza
SIN SUB	p98806	Otros/Varios			Juego de 4 Cucharitas Demi Fino de Acero Inoxidable Plateado
SIN SUB	p98908	Otros/Varios			Juego de té de 3 piezas Royal Albert 1920 Spring Meadow 20 cm
SIN SUB	p98915	Otros/Varios			Tea for One Royal Albert Old Country Roses de porcelana ósea
SIN SUB	p98916	Otros/Varios			Set de mate LA FEE de acero inoxidable 240 ml marrón
SIN SUB	p98958	Otros/Varios			Hervidor de cuello de cisne Barista Warrior 12 L negro mate
SIN SUB	p98960	Otros/Varios			Infusor de té NAWTOR de acero inoxidable con malla de 11 cm
SIN SUB	p98966	Otros/Varios			Tamiz de malla fina BlendWell Gold de acero inoxidable
SIN SUB	p98971	Otros/Varios			YETI MagSlider imán 3 piezas Key Lime
SIN SUB	p98981	Otros/Varios			Bol de vidrio para matcha Britegleam con textura y pico vertedor
SIN SUB	p98998	Otros/Varios			Soft Flask SWIFTER 2x 500 ml Plegable y Antifugas
SIN SUB	p98999	Otros/Varios			Dispensador de café Royal Genuss de 22 L de acero inoxidable con bomba
SIN SUB	p99000	Otros/Varios			Infusor de té Teabloom de acero inoxidable grande diseño geométrico
SIN SUB	p99032	Otros/Varios			Infusor de té Teabloom de acero inoxidable pequeño diseño geométrico
SIN SUB	p99391	Otros/Varios			Biberón Thermos Baby de acero inoxidable de 300 ml con aislamiento al vacío
SUBCATEGORÍA	p105046	Cocina y comedor/	Cocina y comedor/Vasos térmicos y de viaje		Vasos con pajilla Zak Designs 295 ml (2 unidades) Plaza Sésamo
SUBCATEGORÍA	p105619	Belleza y cuidado personal/	Belleza y cuidado personal/Corporales		Loción Corporal Hidratante Diaria Aveeno Baby para Piel Sensible Loción Hipoalergénica con Avena Nut
SUBCATEGORÍA	p114946	Cámaras y fotografía/	Cámaras y fotografía/Accesorios		Drone VAK K1 Doble Camara 4K Wifi control 360 6 ejes foto y video
SUBCATEGORÍA	p117617	Almacenamiento/	Almacenamiento/Tarjetas de memoria		ADATA - Tarjeta de Memoria microSDXC/SDHC UHS-I (256 GB, con Adaptador
SUBCATEGORÍA	p12236	Joyería y bisutería/	Joyería y bisutería/Aretes		Vintage Oval Stud Earrings Blue White And Black Rhinstones Designer Jewelry Fantacy Forrest Accessor
SUBCATEGORÍA	p126998	Laptops/	Laptops/Laptops de 15" y 16"		Procesador Amd Ryzen 5 7600 Radeon Graphics S Am5 3.8 Ghz Six Core
SUBCATEGORÍA	p127000	Laptops/	Laptops/Laptops de 15" y 16"		Procesador Amd Ryzen 7 8700g Radeon Graphics 780m S Am5 4.20 Ghz 8 Core
SUBCATEGORÍA	p128263	Bocinas/	Bocinas/Radios y reproductores		Tocadiscos De Vinilo Tornamesa Retro Portátil Vintage Bluetooth Recargable Radio Fm BT8000 Select So
SUBCATEGORÍA	p1356	Celulares/	Celulares/Resistentes		Blackview XPLORE 1 Walkie Talkie Rugged Phone, 12GB+256GB, 6.78 inch Android 15 Dimensity 7050 MT879
SUBCATEGORÍA	p139658	Cargadores y adaptadores/	Cargadores y adaptadores/De pilas		Hub de Cargador de Batería Rápido para X3, Estación de Almacenamiento de Carga de Batería de 2 Canal
SUBCATEGORÍA	p139925	Teclados/	Teclados/Membrana		Amazon Basics - Teclado USB con cable de perfil bajo con diseño de Estados Unidos (QWERTY), negro ma
SUBCATEGORÍA	p139939	Teclados/	Teclados/Switches, keycaps y accesorios		SteelSeries Apex 3 RGB - Teclado para Videojuegos - Iluminación RGB de 10 Zonas - Resistente al Agua
SUBCATEGORÍA	p140834	Electrodomésticos/	Electrodomésticos/Extractores de jugo		AUNMAS Vaso de Repuesto para Licuadora con Cuchilla Extractora Vaso Exprimidor de Acero Inoxidable A
SUBCATEGORÍA	p141897	Celulares/	Celulares/Accesorios		iOttie Easy One Touch - Soporte Universal de 5 Tazas para iPhone, Google, Samsung, Moto, Huawei, Nok
SUBCATEGORÍA	p142026	Celulares/	Celulares/Android		40SE Celular Smartphone 4G Liberado, 12GB RAM, 256GB ROM, Pantalla 6.75" 90Hz NXTVISION, Cámara 50MP
SUBCATEGORÍA	p143088	Celulares/	Celulares/Resistentes		Ulefone Armor 25T Pro 5G Teléfono resistente, cámara térmica de 64 MP+50 MP, 16 GB+256 GB MTK Dimens
SUBCATEGORÍA	p143118	Celulares/	Celulares/Resistentes		Ulefone Armor 27T 4G teléfono resistente, cámara térmica de 64 MP+50 MP, 24 GB+256 GB MTK Helio G99,
SUBCATEGORÍA	p143204	Laptops/	Laptops/Laptops básicas y mini		Windows 10 Intel Celeron J3455 de Cuatro núcleos hasta 2,3 GHz, Tarjeta del TF y Bluetooth y Wi-Fi d
SUBCATEGORÍA	p143205	Laptops/	Laptops/Laptops básicas y mini		Windows 10 Intel Celeron J3455 de Cuatro núcleos hasta 2,3 GHz, Tarjeta del TF y Bluetooth y Wi-Fi d
SUBCATEGORÍA	p143237	Laptops/	Laptops/Laptops básicas y mini		Windows 10 Intel Celeron J3455 de Cuatro núcleos hasta 2,3 GHz, Tarjeta del TF y Bluetooth y Wi-Fi d
SUBCATEGORÍA	p143287	Cargadores y adaptadores/	Cargadores y adaptadores/Cable		Cable de enlace extendido USB a tipo C, cable de carga rápida, cable de transferencia de datos para 
SUBCATEGORÍA	p143909	Laptops/	Laptops/Laptops básicas y mini		Windows 10 Intel Celeron J3455 de Cuatro núcleos hasta 2,3 GHz, Tarjeta del TF y Bluetooth y Wi-Fi d
SUBCATEGORÍA	p144231	Cargadores y adaptadores/	Cargadores y adaptadores/Base de carga		Cargador Inalambrico,Estación de Carga para iPhone,Mini Bluetooth Bocina Portátil,Gadgets,Luz LED,Ba
SUBCATEGORÍA	p144542	Bocinas/	Bocinas/Accesorios para bocinas		BENSN Cargador para Bose SoundLink I/II/III / 1/2/3 Bluetooth Altavoz 17V ~ 20V, Cable de Alimentaci
SUBCATEGORÍA	p144651	Cargadores y adaptadores/	Cargadores y adaptadores/De auto		DEWALT USB C Cargador de Coche, 120W 2-Puerto PD 3.0 Tipo C Adaptador, PPS Carga Rápida con Power De
SUBCATEGORÍA	p144753	Cargadores y adaptadores/	Cargadores y adaptadores/Inalámbrico		Cargador de 45 W para Sonos Move Gen 2nd y 1st Altavoz Bluetooth Inalámbrico Portátil con 6.6 pies U
SUBCATEGORÍA	p144819	Cargadores y adaptadores/	Cargadores y adaptadores/De auto		DEWALT 72W USB C Cargador de Coche de 5 Puertos, iPhone 15 USB Cargador de Coche de Carga rápida, PD
SUBCATEGORÍA	p144927	Cargadores y adaptadores/	Cargadores y adaptadores/Inalámbrico		DEWALT Cargador Inalámbrico 10W Max Fast Wireless Charging Pad Compatible con iPhone 15/15 Plus/15 P
SUBCATEGORÍA	p144953	Cargadores y adaptadores/	Cargadores y adaptadores/Adaptador de corriente		Cargador original ultrarrápido de 210 W 53.6 V 3.9 A para Segway Ninebot MAX G3, F3, F3 Pro, GT3, ZT
SUBCATEGORÍA	p144991	Cargadores y adaptadores/	Cargadores y adaptadores/De pilas		Cargador rápido de 4 puertos de repuesto para estación de cargador de batería Dewalt 12V 20V Max DCB
SUBCATEGORÍA	p145313	Cargadores y adaptadores/	Cargadores y adaptadores/De pilas		DEWALT Cargador de batería 12 V MAX, 20 V MAX, FLEXVOLT 20 V/60 V MAX, 4 Amp, Cargador rápido, estac
SUBCATEGORÍA	p145568	Belleza y cuidado personal/	Belleza y cuidado personal/Rasuradoras		Cable cargador para andis barba, cargador de 5 V para andis eléctrico cortadora de pelo U-1176, kits
SUBCATEGORÍA	p145875	Cargadores y adaptadores/	Cargadores y adaptadores/Base de carga		7 en 1 Estación de Carga Inalámbrica con Reloj y Luz Nocturna,Cargador para iPhone 17/16/15/14/13/12
SUBCATEGORÍA	p145883	Cargadores y adaptadores/	Cargadores y adaptadores/De auto		DEWALT - Adaptador de cargador de coche USB + USB C, cargador USBA, cargador de encendedor de cigarr
SUBCATEGORÍA	p145927	Cargadores y adaptadores/	Cargadores y adaptadores/Base de carga		Midland - AVP25 Cargador de computadora doble con cable USB para radios X-Talker Series T71 T75 T77 
SUBCATEGORÍA	p145951	Cargadores y adaptadores/	Cargadores y adaptadores/De auto		DEWALT Cargador de Auto USB 24 W, Adaptador de Encendedor con 2 Puertos USB-A Heavy Duty, Carga Rápi
SUBCATEGORÍA	p146099	Cargadores y adaptadores/	Cargadores y adaptadores/Para herramientas		DEWALT Cargador Alta Resistencia con 3 Puertos USB C duales, Adaptador de Corriente USB C, Cargador 
SUBCATEGORÍA	p146274	Cargadores y adaptadores/	Cargadores y adaptadores/Base de carga		Alxum - Estación de Carga USB de 60 W, 10 Puertos, estación de Carga múltiple, Soporte Organizador U
SUBCATEGORÍA	p146317	Cargadores y adaptadores/	Cargadores y adaptadores/De auto		KFD - Cargador de coche de 12 V - 24 V - Adaptador CC para Resmed AirSense 11 y ResMed AirMini DC Co
SUBCATEGORÍA	p146373	Cargadores y adaptadores/	Cargadores y adaptadores/Cable		Cable de Carga para Scooter E Compatible con Xiaomi 4 Pro Plus, 4 Pro MAX, 5 MAX, E Scooter Cargador
SUBCATEGORÍA	p146412	Baterías portátiles/	Baterías portátiles/Accesorios y repuestos		DEWALT Cargador inalámbrico magnético con soporte de cargador de computadora MagSafe compatible con 
SUBCATEGORÍA	p146490	Cámaras de seguridad/	Cámaras de seguridad/Cámaras espía		Cargador USB WiFi Cámara oculta, cargador USB inalámbrico 1080P, cámaras espía de seguridad, cámara 
SUBCATEGORÍA	p146510	Cámaras de seguridad/	Cámaras de seguridad/Cámaras espía		Cámara de seguridad WiFi cargador inalámbrico para teléfono, cámara de seguridad activada por movimi
SUBCATEGORÍA	p146548	Cámaras de seguridad/	Cámaras de seguridad/Cámaras espía		Cargador inalámbrico para teléfono, cargador de cámara oculta WiFi con detección de movimiento, cont
SUBCATEGORÍA	p146593	Baterías portátiles/	Baterías portátiles/Accesorios y repuestos		NEBO DAVINCI Linterna y cargador portátil | Lúmenes muy altos, recargable, impermeable linterna de m
SUBCATEGORÍA	p146615	Otros/	Otros/Inversores		Inversor de potencia de onda sinusoidal pura de 500 W para batería DeWalt de 20 V, 2 puertos CC 20 V
SUBCATEGORÍA	p146617	Otros/	Otros/Inversores		Inversor de potencia de onda sinusoidal pura de 500 W para batería Ryobi de 18 V, 2 puertos CC 18 V 
SUBCATEGORÍA	p146895	Bocinas/	Bocinas/Amplificadores y receptores		Cargador de 24 V para altavoz Bose Home 300, receptor inalámbrico Bose SL2 y sistema envolvente de a
SUBCATEGORÍA	p146990	Cargadores y adaptadores/	Cargadores y adaptadores/De pilas		Fosa AC 100-240V DC 16.8V 2A Adaptador de Fuente de alimentación de reemplazo de Carga Segura El Car
SUBCATEGORÍA	p147238	Computadoras de escritorio/	Computadoras de escritorio/Mini PC		Cargador de 19V para JBL Xtreme Xtreme2 Harman Kardon Onyx Studio 7 6 5 4 3 2 1 Altavoz Bluetooth, 6
SUBCATEGORÍA	p147277	Cargadores y adaptadores/	Cargadores y adaptadores/De pared		Cargador de afeitadora de 15 V para afeitadora Philips HQ8505 HQ7120 7000 5000 3000 Series 5000 S300
SUBCATEGORÍA	p147322	Cargadores y adaptadores/	Cargadores y adaptadores/Cargadores de pared de 65 W o más		Cargador rápido USB C PD de 65 W para JB-L Extreme 3 Bluetooth Altavoz Xtreme 3 Cable de alimentació
SUBCATEGORÍA	p147364	Cargadores y adaptadores/	Cargadores y adaptadores/Inalámbrico		Cargador para JBL Charge 4 Charge 5, Flip 5 Flip 6, Pulse 4 Pulse 5, Clip 4, Go 3, Tuner 2, JR POP A
SUBCATEGORÍA	p147368	Cargadores y adaptadores/	Cargadores y adaptadores/Cargadores de pared de 65 W o más		Cargador de 65W Compatible con altavoz Bluetooth JBL Extreme 3/4/5/6 Flip 5/6/7 Pulse 4/5, Clip 4/5,
SUBCATEGORÍA	p147376	Cargadores y adaptadores/	Cargadores y adaptadores/Inalámbrico		Repuesto para cargador de afeitadora BaByliss PRO FXFS2, adaptador de corriente de 4.5 V compatible 
SUBCATEGORÍA	p147606	Cargadores y adaptadores/	Cargadores y adaptadores/Inalámbrico		KFD 18 V AC adaptador cargador para Bose SoundDock Series 2, 3, II, III (sólo); 310583 – 1130, 31058
SUBCATEGORÍA	p147650	Cargadores y adaptadores/	Cargadores y adaptadores/Inalámbrico		22V 4A Cargador de altavoz de repuesto compatible con Skullcandy Barrel Bluetooth Boombox XT Party A
SUBCATEGORÍA	p147691	Cargadores y adaptadores/	Cargadores y adaptadores/Adaptador de corriente		Cargador de 65 W compatible con la fuente de alimentación Resmed AirSense 11, adaptador de CA de 24 
SUBCATEGORÍA	p147761	Cargadores y adaptadores/	Cargadores y adaptadores/Para laptop		Repuesto para cargador de portátil HP de 150 W; compatible con ZBook Studio 15 16 17 15U 15V G3 G4 G
SUBCATEGORÍA	p148025	Cargadores y adaptadores/	Cargadores y adaptadores/Cable		Cargador de 54.6 V para iScooter Li-ion batería compatible con IX3 IX4 800 W, 48V10 Ah 720 Wh 48 VDC
SUBCATEGORÍA	p148083	Baterías portátiles/	Baterías portátiles/Accesorios y repuestos		Aramox Kit de Panel Solar de Carga Rápida de 100 W, Controlador de Cargador de BateríA con Puertos U
SUBCATEGORÍA	p148089	Cargadores y adaptadores/	Cargadores y adaptadores/Inalámbrico		Odokee - Radio despertador de carga inalámbrica: cargador inalámbrico rápido certificado Qi para iPh
SUBCATEGORÍA	p148104	Cargadores y adaptadores/	Cargadores y adaptadores/Inalámbrico		Odokee - Radio despertador de carga inalámbrica: cargador inalámbrico rápido certificado Qi para iPh
SUBCATEGORÍA	p148134	Drones/	Drones/Accesorios		Hub de cargador de batería dual compatible con baterías DJI Mavic 4 Pro Drone
SUBCATEGORÍA	p148138	Cargadores y adaptadores/	Cargadores y adaptadores/De pilas		Adaptador De Corriente Del Cargador, Compatible Con Dyson, Gen 5 G5, SV23, Accesorios For Aspiradora
SUBCATEGORÍA	p148244	Cargadores y adaptadores/	Cargadores y adaptadores/Cable		Cable de Carga E Scooter Compatible con Xiaomi 4 Ultra, 4 Pro 2nd Gen, 5, 5 Pro, E Scooter Cargador 
SUBCATEGORÍA	p148312	Otros/	Otros/Radios		Radio de emergencia, radio meteorológica de 5000 mAh/18500 mWh, radio solar de manivela con alerta A
SUBCATEGORÍA	p148400	Cámaras de seguridad/	Cámaras de seguridad/Cámaras espía		Cargador portátil para cámara oculta, cámara espía Full HD 1080P con WiFi y visión nocturna, mini cá
SUBCATEGORÍA	p148407	Baterías portátiles/	Baterías portátiles/Accesorios y repuestos		Cargador E para Scooter, Cable de Carga 54,6 V 2 A para Xiaomi 4 Pro MAX, 4 Pro Plus, 5 MAX, Ninebot
SUBCATEGORÍA	p148505	Cargadores y adaptadores/	Cargadores y adaptadores/Inalámbrico		Statik MagStack Slim Pro - Cable USB C a USB C, cable magnético antienredos, cargador plano tipo C, 
SUBCATEGORÍA	p148559	Cargadores y adaptadores/	Cargadores y adaptadores/Inalámbrico		Statik MagStack Slim Pro - Cable USB C a USB C, cable magnético antienredos, cargador plano tipo C, 
SUBCATEGORÍA	p148747	Otros/	Otros/Generadores		Manivela manual USB para generador de cargador para energía, banco de baterías de dinamo portátil pa
SUBCATEGORÍA	p148792	Baterías portátiles/	Baterías portátiles/Accesorios y repuestos		Manivela manual USB manual para fuente de alimentación, banco de baterías de dinamo portátil con luz
SUBCATEGORÍA	p148810	Cámaras de seguridad/	Cámaras de seguridad/Cámaras interiores		Cámara de Seguridad, Cámara WiFi Portátil de Rotación de 360° con Visión Nocturna, 1080P, Batería Re
SUBCATEGORÍA	p148921	Baterías portátiles/	Baterías portátiles/Accesorios y repuestos		Luz de trabajo LED inalámbrica compatible con batería Dewalt de 20 V, linterna de 70 W 7000 lm, luz 
SUBCATEGORÍA	p149292	Otros/	Otros/Estaciones de energía		EF ECOFLOW TRAIL 200 DC-Estación de Energía Portátil, Banco de Baterías LFP de 192 Wh con Asa, Gener
SUBCATEGORÍA	p149569	Bocinas/	Bocinas/De fiesta y karaoke		FOL Torre de Sonido Portátil Bluetooth, 100W, Subwoofer 10", RGB, Micrófono Inalámbrico, Batería 100
SUBCATEGORÍA	p149611	Otros/	Otros/Generadores		Generador De Manivela Portátil De 12 V CC, Cargador USB De Manivela De Respaldo, para Camping Y Emer
SUBCATEGORÍA	p150457	Otros/	Otros/Generadores		Manivela manual USB para generador de cargador para energía, banco de baterías de dinamo portátil pa
SUBCATEGORÍA	p150595	Otros/	Otros/Generadores		12AWG Anderson Cable conector de enchufe de 1 pies, cable de batería con conector Anderson de 30 amp
SUBCATEGORÍA	p150677	Iluminación/	Iluminación/Lámparas de escritorio		Luces de escalera para interiores, luces adheridas, sensor de movimiento, luz nocturna, regulable, b
SUBCATEGORÍA	p150820	Baterías portátiles/	Baterías portátiles/Accesorios y repuestos		Mobile Power Bank Box, QC PD PPS DCP Protocolo PE PE Pet Cargador de Batería Portátil 5V 9V 12V Tipo
SUBCATEGORÍA	p150856	Cargadores y adaptadores/	Cargadores y adaptadores/Para herramientas		Inversor de corriente portátil de 220 W compatible con batería Milwaukee de 18 V, CC 18 V a CA 110 V
SUBCATEGORÍA	p151381	Baterías portátiles/	Baterías portátiles/10,000 a 20,000 mAh		Batería Ebike 10S4P 36V 20Ah Paquete de batería de Litio 720W Batería de Iones de Litio 20000mAh Bat
SUBCATEGORÍA	p151382	Baterías portátiles/	Baterías portátiles/10,000 a 20,000 mAh		Batería Ebike 10S4P 36V 20Ah Paquete de batería de Litio 720W Batería de Iones de Litio 20000mAh Bat
SUBCATEGORÍA	p152380	Teclados/	Teclados/Inalámbricos		Vbestlife Mini Teclado inalámbrico con touchpad, Teclado portátil inalámbrico Recargable USB de 2,4 
SUBCATEGORÍA	p152382	Mouse/	Mouse/Oficina		Finger Mouse, 2.4Ghz USB Drived Ergonómico 1000DPI Resolución Super Long Standby Ratón Inalámbrico d
SUBCATEGORÍA	p152510	Otros/	Otros/Cargadores solares portátiles		Panel solar plegable 10W Cargador de batería portátil con energía solar Material de polisilicio de a
SUBCATEGORÍA	p152646	Baterías portátiles/	Baterías portátiles/Accesorios y repuestos		Ecarke - Inversor de energía portátil de 300 W compatible con batería DeWALT de 20 V, CC de 20 V a C
SUBCATEGORÍA	p152670	Cargadores y adaptadores/	Cargadores y adaptadores/Para herramientas		Starlink Mini adaptador de batería USB de 138 W para Milwaukee 20 V MAX, convertidor de inversor de 
SUBCATEGORÍA	p152765	Cámaras de seguridad/	Cámaras de seguridad/Cámaras interiores		Minicámara WiFi de Batería, Cámara Portátil Inalámbrica HD1080P para Grabación de Video en Vivo, Cám
SUBCATEGORÍA	p152772	Otros/	Otros/Cargadores solares portátiles		Panel de batería solar de silicio monocristalino de 50 W, panel de cargador solar portátil de alta e
SUBCATEGORÍA	p152837	Baterías portátiles/	Baterías portátiles/Accesorios y repuestos		Cargador de Batería Portátil, 5V 9V 12V Salida Tipo C Alta Eficiencia Eco Estándar Modo de Baja Corr
SUBCATEGORÍA	p153193	Baterías portátiles/	Baterías portátiles/Accesorios y repuestos		GOOLOO G7 - Arrancador de 3000 A con cable incorporado, banco de energía portátil para carga rápida 
SUBCATEGORÍA	p153263	Cámaras y fotografía/	Cámaras y fotografía/Accesorios		Estabilizador de cardán de Mano para teléfono Inteligente, grabación de vídeo antivibración de 3 Eje
SUBCATEGORÍA	p153296	Baterías portátiles/	Baterías portátiles/10,000 a 20,000 mAh		Batería portátil de Litio para Exteriores de 24 V y 18200 mAh, Power Bank portátil de 24 voltios par
SUBCATEGORÍA	p153659	Cámaras de seguridad/	Cámaras de seguridad/Cámaras espía		Mini cámara 1080P visión Nocturna cámaras de vigilancia la Noche Movimiento Incorporado en batería p
SUBCATEGORÍA	p153695	Baterías portátiles/	Baterías portátiles/10,000 a 20,000 mAh		Paquete de baterías de PVC de 12V, 18000mAh, 21000mAh, 24000mAh, 36000mAh, batería de Litio portátil
SUBCATEGORÍA	p153696	Baterías portátiles/	Baterías portátiles/10,000 a 20,000 mAh		Paquete de baterías de PVC de 12V, 18000mAh, 21000mAh, 24000mAh, 36000mAh, batería de Litio portátil
SUBCATEGORÍA	p153874	Baterías portátiles/	Baterías portátiles/Más de 20,000 mAh		3000A 200000mAh Arrancador de batería para automóvil Brújula de Desplazamiento Ilimitado Carga rápid
SUBCATEGORÍA	p153902	Laptops/	Laptops/Laptops básicas y mini		HP Portátil delgado y portátil de 14 pulgadas, batería todo el día, visualización HD Micro-Edge, tec
SUBCATEGORÍA	p153937	Otros/	Otros/Kits solares y controladores de carga		Kit de panel solar portátil, cargador de energía solar plegable Estación de energía portátil Banco d
SUBCATEGORÍA	p153963	Otros/	Otros/Kits solares y controladores de carga		Kit de Panel Solar de 400 W 800 W Paneles solares monocristalinos Flexibles con Controlador de Carga
SUBCATEGORÍA	p154000	Baterías portátiles/	Baterías portátiles/Hasta 10,000 mAh		Generador portátil de manivela de 150 W, batería de litio de gran capacidad incorporada de 5000 mAh,
SUBCATEGORÍA	p154025	Otros/	Otros/Kits solares y controladores de carga		Kit de Paneles solares, Paneles solares Panel Solar Paneles solares Negros de Alta eficiencia Cargad
SUBCATEGORÍA	p154026	Otros/	Otros/Kits solares y controladores de carga		Kit de Panel Solar, Panel Solar de Alta eficiencia, Paneles solares Negros, Cargador de batería Sola
SUBCATEGORÍA	p154087	Otros/	Otros/Paneles solares		Paneles Solares Panel Solar 600/1200 Watt Kit De Módulo De Paneles Solares Monocristalino Cargador D
SUBCATEGORÍA	p154089	Otros/	Otros/Paneles solares		Panel Solar 600/1200 vatios Kit de módulo de Paneles solares, Cargador de batería Solar portátil mon
SUBCATEGORÍA	p154231	Otros/	Otros/Kits solares y controladores de carga		Kit de Paneles solares, Paneles solares Paneles solares Paneles solares de Alta eficiencia Cargador 
SUBCATEGORÍA	p155744	Laptops/	Laptops/Laptops básicas y mini		HP Stream 14 pulgadas HD BrightView, procesador Intel N150, 16 GB de RAM, 416 GB de almacenamiento (
SUBCATEGORÍA	p156001	Monitores/	Monitores/Portátiles		QQH - Extensor de visualización para laptop, 15.6" 1080P triple portátil con visualización IPS Full 
SUBCATEGORÍA	p156015	Laptops/	Laptops/Laptops de 15" y 16"		M.2 2230 SSD 1TB NVMe PCIe Gen3.0X4 Unidad Interna para Steam Deck Microsoft Surface Pro7/Pro8+/ProX
SUBCATEGORÍA	p156118	Laptops/	Laptops/Laptops de 15" y 16"		Portátil con Pantalla de Alta Definición 2K de 15,6 Pulgadas, Core I3-6006U, 16 GB de RAM DDR4, Tecl
SUBCATEGORÍA	p156151	Laptops/	Laptops/Laptops básicas y mini		HP dq6012dx 14 pulgadas, procesador Intel N150 (hasta 3,6 GHz), 4 GB de RAM, 128 GB de almacenamient
SUBCATEGORÍA	p156638	Laptops/	Laptops/Laptops de 15" y 16"		NIMO 17.3 Ryzen 9 8945HS (>i9-13900H) 32GB de RAM, 1TB SSD, Radeon 780M Graphics, PD 100W Type-C 4.0
SUBCATEGORÍA	p156649	Laptops/	Laptops/Workstation y empresariales		HP ZBook Firefly G10 Estación de trabajo móvil de 16 pulgadas - WUXGA - 1920 x 1200 - Intel Core i5 
SUBCATEGORÍA	p157044	Laptops/	Laptops/Workstation y empresariales		DELL Latitude E6440 – Core i5 4200 M/2.5 GHz – Windows 7 Pro 64-bit – 4 GB RAM – 320 GB HDD – DVD-wr
SUBCATEGORÍA	p157243	Laptops/	Laptops/Laptops básicas y mini		HP 14 pulgadas, procesador Intel N150 (hasta 3,6 GHz) 8 GB RAM 256 GB de almacenamiento (128 GB UFC 
SUBCATEGORÍA	p157283	Laptops/	Laptops/Laptops básicas y mini		HP Porttil 14 Pulgadas - Intel Quad-Core N4120, 8 GB RAM, 256 GB (128 GB eMMC+ 128 GB), WiFi, Window
SUBCATEGORÍA	p157603	Tabletas/	Tabletas/Tabletas Android de 10 a 11 pulgadas		Tableta Android 15 de 10 pulgadas, tableta 2 en 1 con teclado. 8GB RAM+32GB ROM con soporte de expan
SUBCATEGORÍA	p157795	Tabletas/	Tabletas/Tabletas Windows y rugged		Compatible con Xiaomi Redmi Pad 2 Pro de 12.1 pulgadas 2025, funda protectora a prueba de golpes, co
SUBCATEGORÍA	p157869	Suplementos/	Suplementos/Magnesio		ANEVYRAQ Tabletas de agua de hidrógeno molecular con magnesio - 8 PPM Tableta de hidrógeno molecular
SUBCATEGORÍA	p157895	Teclados/	Teclados/Membrana		Ajazz AF84 Teclado inalámbrico de membrana silenciosa, conexión Bluetooth/2.4G de modo dual, bonito 
SUBCATEGORÍA	p157914	Teclados/	Teclados/Combos con mouse		Combo de teclado y mouse inalámbrico, teclas redondas retro, teclado de máquina de escribir elegante
SUBCATEGORÍA	p157951	Tabletas/	Tabletas/Accesorios para tableta		Tablet de 10 Pulgadas Android 15 tabletas 2 en 1 con Funda para Teclado, Mouse Stylus Android Tablet
SUBCATEGORÍA	p158156	Tabletas/	Tabletas/Tabletas Android de 10 a 11 pulgadas		LincPlus T4 Tableta Android 11 Pulgadas 2K IPS 90Hz, Stylus Activo USI 2.0 con Soporte Magnético, 12
SUBCATEGORÍA	p158182	Tabletas/	Tabletas/Accesorios para tableta		Galaxy Tab S10 FE │ Tab S9 | Tab S9 FE Book Cover Keyboard Slim — AI Key | Negro | Funda para Tablet
SUBCATEGORÍA	p158200	Tabletas/	Tabletas/Tabletas Android		OnePlus Pad Lite 128gb ROM 6gb Ram WiFi Mediatek Helio G100 Aliméntate con 33w Pantalla 11 IPS LCD 9
SUBCATEGORÍA	p158257	Laptops/	Laptops/Laptops básicas y mini		PC de panel integrado industrial de 10.1 pulgadas, computadora Win 11 con tablet de visualización tá
SUBCATEGORÍA	p158300	Computadoras de escritorio/	Computadoras de escritorio/All in One		OuOee Computadoras de computadora todo en uno de 15.6 pulgadas, FHD 180° visualización táctil ajusta
SUBCATEGORÍA	p158309	Bocinas/	Bocinas/De fiesta y karaoke		Moukey Máquina de Karaoke, Sistema PA Portátil de 10" Woofer, Altavoz Bluetooth con 2 Micrófonos Ina
SUBCATEGORÍA	p158492	Tabletas/	Tabletas/Tabletas Android de 12 pulgadas o más		Lenovo - Yoga Tab Plus - Tablet de 12.7" 3K (2944 x 1840) - 256GB con soporte para teclado + lápiz -
SUBCATEGORÍA	p158498	Tabletas/	Tabletas/Tabletas Android de 12 pulgadas o más		Lenovo Tab P11 (2nd Gen) - 2023 - Tablet - Long Battery Life - 11.5" LCD - Front 8MP & Rear 13MP Cam
SUBCATEGORÍA	p158506	Laptops/	Laptops/Gamer		Lenovo Tablet Tab Plus 11.5" 2K MediaTek Helio 8GB RAM 128GB Funda Auriculares Moto + ASUS ROG Xbox 
SUBCATEGORÍA	p158513	Tabletas/	Tabletas/Tabletas Android de 10 a 11 pulgadas		Lenovo Tab P11 Plus (1ª generación) - 2021 - tablet - Batería de larga duración - LCD de 11 pulgadas
SUBCATEGORÍA	p158538	Laptops/	Laptops/Laptops básicas y mini		Panasonic Toughpad FZ-G1 MK5, Intel Core i5-7300U @2,60 GHz, 10,1 pulgadas, multitáctil + digitaliza
SUBCATEGORÍA	p158541	Laptops/	Laptops/2 en 1 y convertibles		Microsoft Surface Go (Intel Pentium Gold, 8GB RAM, 128 GB), Solo el dispositivo, 128 GB SSD
SUBCATEGORÍA	p158546	Laptops/	Laptops/2 en 1 y convertibles		CHUWI 2025 Hi10 MAX 2 in 1 Windows Tablet 12.96", 512GB SSD 12GB LPDDR5 RAM,Intel N150(up to 3.6GHz)
SUBCATEGORÍA	p158653	Tabletas/	Tabletas/Tabletas Android de 12 pulgadas o más		Prestige Elite 11Q [2 en 1] -11.6 Pulgadas IPS Quad-Core 32GB Android 5.1 Lollipop Tablet con Funda 
SUBCATEGORÍA	p158805	Laptops/	Laptops/Laptops básicas y mini		Trimble Yuma 2 CX Net-tablet PC - 7" - LAN inalámbrica - 3.75G - Intel Atom N2600 1.60 GHz - Amarill
SUBCATEGORÍA	p158825	Tabletas/	Tabletas/Tabletas Android de 10 a 11 pulgadas		Samsung Galaxy Tab S11 Tablet de 11 pulgadas 256 GB (2025) Plata + Tarjeta microSD de 128 GB + Carga
SUBCATEGORÍA	p158896	Laptops/	Laptops/2 en 1 y convertibles		Nuevo paquete de Microsoft Surface Pro 7: Intel Core i5-1035G4 de 10ª generación, 8 GB de RAM, 256 G
SUBCATEGORÍA	p158970	Tabletas/	Tabletas/Tabletas Windows y rugged		Nuevo paquete de tablet Microsoft Surface Pro 7 con visualización táctil de 12.3 pulgadas con cubier
SUBCATEGORÍA	p159048	Laptops/	Laptops/Laptops básicas y mini		Trimble Navegación – t7148l-h3s-00 – Trimble Yuma 2 CLX Net-tablet PC – 7 – 3,75 G – Intel Atom N260
SUBCATEGORÍA	p159171	Laptops/	Laptops/Laptops de 15" y 16"		Microsoft Surface Book 2 3GHz computadora Negro Puesto de trabajo, 34.29 cm, Intel Core i7, 16GB RAM
SUBCATEGORÍA	p159184	Laptops/	Laptops/Laptops de 15" y 16"		Microsoft Surface Book 2 3GHz computadora Negro Puesto de trabajo, 38.1 cm, Intel Core i7, 16GB RAM,
SUBCATEGORÍA	p159188	Laptops/	Laptops/Gamer		Microsoft Surface Book 3 (TLQ-00001) | Pantalla táctil de 15 pulgadas (3240 x 2160) | Procesador Int
SUBCATEGORÍA	p159238	Suplementos/	Suplementos/Electrolitos y minerales		Electrolitos Efervescentes Sin Azúcar | Tabletas con Minerales Magnesio Vitaminas C y D3 | Hidrataci
SUBCATEGORÍA	p159270	Drones/	Drones/DJI		Soporte de montaje para tableta Drone para controladores DJI - Soporte ajustable de 4.7-12.9 pulgada
SUBCATEGORÍA	p159273	Suplementos/	Suplementos/Antioxidantes		Source Naturals | DIM 100 mg - 30 Tabletas | Suplemento Antioxidante y de Apoyo Celular
SUBCATEGORÍA	p159353	Tabletas/	Tabletas/Tabletas Android con 4G o 5G		BYANDBY Tablet Android 14, 2 en 1 con teclado, tabletas de 10 pulgadas, 8GB+64GB/1TB Expand, 2.4G+5G
SUBCATEGORÍA	p159388	Tabletas/	Tabletas/Tabletas Android de 10 a 11 pulgadas		Xiaomi Pad 7 Tablet de 11,2 pulgadas, 12 + 256 GB, pantalla de 3,2 K 144 Hz, Snapdragon 7+Gen 3,8850
SUBCATEGORÍA	p159449	Tabletas/	Tabletas/Tabletas Android de 10 a 11 pulgadas		XIAOMI Pad 7 Tablet de 11,2 pulgadas, 8 + 256 GB, pantalla de 3,2 K 144 Hz, Snapdragon 7+ Gen 3, bat
SUBCATEGORÍA	p159493	Tabletas/	Tabletas/Tabletas Android de 12 pulgadas o más		2018 RCA Galileo Pro 11.5" 32GB Touchscreen Tablet Computer with Keyboard Case Quad-Core 1.3Ghz Proc
SUBCATEGORÍA	p159505	Tabletas/	Tabletas/Tabletas Android con 4G o 5G		Tablet PC Android 9.0 MT6762 Octa Core de 2,0 GHz hasta, con el Teclado del Cuero de la Caja, Soport
SUBCATEGORÍA	p159753	Laptops/	Laptops/Laptops de 15" y 16"		QUJUSO OneXFLY - Consola de juegos portátil de 7 pulgadas, mini PC portátil UMPC 1920 x 1080 visuali
SUBCATEGORÍA	p159794	Laptops/	Laptops/Laptops de 15" y 16"		P1 Mini Touch PC, Intel Atom X5-Z8350 Quad-Core 1.44 Ghz, 2 GB de RAM en DDR3 y 32 GB en almacenamie
SUBCATEGORÍA	p159815	Laptops/	Laptops/Laptops de 15" y 16"		Equipo de juego excepcional, PowerLux, MXPWU-041, Intel Core i7 10750H, 8GB RAM, 512GB SSD, Mochila 
SUBCATEGORÍA	p159966	Laptops/	Laptops/2 en 1 y convertibles		Nuevo paquete de Microsoft Surface Pro 7: Intel Core i5-1035G4 de 10ª generación, 8 GB de RAM, 128 G
SUBCATEGORÍA	p159976	Tabletas/	Tabletas/Tabletas Windows y rugged		Microsoft QWU-00001 Surface Pro 7 12.3 pulgadas Touch Intel i5-1035G4 8GB/128GB Kit Platinum Bundle 
SUBCATEGORÍA	p160086	Laptops/	Laptops/Laptops de 15" y 16"		OneXFly Apex Handheld Game Console 8" Touchscreen Win11 AMD Ryzen AI Max 395 Radeon 8060S 64GB LPDDR
SUBCATEGORÍA	p160143	Cafeteras/	Cafeteras/Espresso		TOPINCN Tabletas de Limpieza de la Máquina de Espresso, Máquina de Limpieza Automática de café, Herr
SUBCATEGORÍA	p160156	Teclados/	Teclados/Ergonómicos		EOTOW Teclado Bluetooth inalámbrico multidispositivo, Teclado portátil con Soporte para teléfono y T
SUBCATEGORÍA	p160185	Teclados/	Teclados/Inalámbricos		memumi [Actualizar Versión Bluetooth Teclado Multidispositivo en Español Ñ con Touchpad y Soporte pa
SUBCATEGORÍA	p160962	Drones/	Drones/DJI		HeiyRC - Soporte ajustable para tablet DJI Neo/4K/4 Pro/2/Mini 3/AIR 3/2S/Mavic 3 Drone - Soporte de
SUBCATEGORÍA	p160994	Tabletas/	Tabletas/Apple		Zooparty - Enfriador magnético para tabletas para iPad/Surface Pro/Samsung Tab/Steam Deck, compatibl
SUBCATEGORÍA	p160998	Cargadores y adaptadores/	Cargadores y adaptadores/Cable		HangTon Cable de USB-C a HDMI 4K 60p para computadora portátil, teléfono, tableta a monitor TV HD, p
SUBCATEGORÍA	p161138	Equipo comercial/	Equipo comercial/Punto de venta		Caja registradora, Tableta con Pantalla táctil capacitiva de 10 Pulgadas, Caja registradora POS, Com
SUBCATEGORÍA	p161238	Muebles/	Muebles/Sillones y reclinables		Sillón moderno tipo tableta con ruedas giratorias, ideal para salas de espera y áreas de recepción d
SUBCATEGORÍA	p161601	Equipo comercial/	Equipo comercial/Punto de venta		AGAGA Caja registradora Tableta con Pantalla táctil capacitiva de 10 Pulgadas, Caja registradora POS
SUBCATEGORÍA	p161636	Muebles/	Muebles/Mesas auxiliares y laterales		Mesa Auxiliar,Mesas auxiliares de café anidadas, Muebles Modernos, decoración Cuadrada para Sala de 
SUBCATEGORÍA	p161806	Laptops/	Laptops/Laptops de 15" y 16"		Cable de alimentación universal de 3 clavijas para portátil de 5 pies, 125 V, para Dell HP, LG, Leno
SUBCATEGORÍA	p161896	Monitores/	Monitores/Gaming		Cable Displayport 2.1 (5m), cable de fibra óptica DP 2.1 ultra suave y ligero, 40Gbps [16K@30Hz, 8K@
SUBCATEGORÍA	p161903	Monitores/	Monitores/Táctiles e industriales		GeeekPi - visualización táctil de 3.5 pulgadas con funda para Raspberry Pi 4, con ventilador y disip
SUBCATEGORÍA	p161929	Monitores/	Monitores/23 a 25 pulgadas		AKWOR Adaptador VGA a HDMI+VGA para monitores duales, adaptador VGA a HDMI Splitter 2 en 1,1080 p a 
SUBCATEGORÍA	p161976	Monitores/	Monitores/Portátiles		Pantalla Raspberry Pi, pantalla táctil de 7 pulgadas, IPS 1024 × 600, altavoces duales, monitor port
SUBCATEGORÍA	p161992	Monitores/	Monitores/Portátiles		GeeekPi - Pantalla LCD de 7 pulgadas para Raspberry Pi, 1024x600 IPS LCD con soporte, monitor portát
SUBCATEGORÍA	p162006	Monitores/	Monitores/Táctiles e industriales		NEW! visualización táctil de 7 pulgadas, visualización IPS 1024 x 600 HDMI, visualización táctil cap
SUBCATEGORÍA	p162170	Monitores/	Monitores/Táctiles e industriales		ASHATA Pantalla LCD de 7 Pulgadas HDMI HDMI 1024x600 Ultra HD Pantalla táctil capacitiva para/Raspbe
SUBCATEGORÍA	p162181	Monitores/	Monitores/Portátiles		Pantalla Táctil de 7 Pulgadas, Panel TN, Altavoces Duales LCD HD Resolución 1024 X 600, Monitor Port
SUBCATEGORÍA	p162227	Monitores/	Monitores/Monitores 4K y profesionales		Adaptador de Monitor Dual enchufable para Sistemas macOS M1/M2/M3/M4, Windows, ChromeOS. Amplia comp
SUBCATEGORÍA	p162242	Monitores/	Monitores/Monitores 4K y profesionales		WAVLINK Adaptador USB 3.0 o USB C a HDMI Dual, Divisor HDMI Pantalla Extendida para Monitores Duales
SUBCATEGORÍA	p162272	Monitores/	Monitores/23 a 25 pulgadas		Monitor de Full HD, relación de Contraste 4000:1, Puertos HDMI/DP y Soporte VESA. Ideal para Juegos,
SUBCATEGORÍA	p162326	Monitores/	Monitores/Portátiles		Monitor de visualización táctil de 2.5K de 11 pulgadas, 2560 x 1600 IPS 16:10, 400 nits, visualizaci
SUBCATEGORÍA	p162350	Monitores/	Monitores/Gaming		Monitor Curvo de 27" Full HD, 240 Hz, relación de Contraste 4000:1, Bordes ultrafinos, Puertos HDMI/
SUBCATEGORÍA	p162356	Monitores/	Monitores/Gaming		Monitor Curvo de 27" Full Hd con 240Hz, Relación de Contraste 4000:1, Bordes Ultrafinos, Puertos Hdm
SUBCATEGORÍA	p162378	Monitores/	Monitores/Portátiles		2.5K QHD 10.1 pulgadas USB y tipo C visualización LCD 2560 x 1600 IPS 92% sRGB VESA HDMI extensor de
SUBCATEGORÍA	p162405	Monitores/	Monitores/23 a 25 pulgadas		AOC 24B3HM Monitor LED VA Wide Viewing Angle, 23.8", Resolución 1920x1080, Brillo 250CD/M2, Adaptive
SUBCATEGORÍA	p162469	Monitores/	Monitores/Gaming		MSI mag 274CF X24 27" 1920 x 1080 (FHD), 240Hz, AMD Adaptive-Sync, HDR Ready, HDMI, Puerto VGA, Mont
SUBCATEGORÍA	p162516	Monitores/	Monitores/Ultrawide y curvos		Monitor de Full HD, relación de Contraste 4000:1, Puertos HDMI/DP y Soporte VESA. Ideal para Juegos,
SUBCATEGORÍA	p162558	Monitores/	Monitores/Portátiles		Monitor portátil de visualización táctil de 15.6 pulgadas, FHD 1920 × 1080 IPS portátil para computa
SUBCATEGORÍA	p162573	Monitores/	Monitores/Portátiles		Prechen Monitor táctil portátil de 21,5 Pulgadas, Pantalla táctil para Ordenador 1080p con Soporte V
SUBCATEGORÍA	p162587	Monitores/	Monitores/Portátiles		CIDETTY - Extensor de visualización para portátil, visualización ultradelgada FHD 1080P IPS de 14 pu
SUBCATEGORÍA	p162624	Monitores/	Monitores/Gaming		KTC Monitor Curvo Gaming de 32 Pulgadas, 1080P 165Hz 1ms, Panel VA 1500R, Relación de Contraste 3000
SUBCATEGORÍA	p162649	Monitores/	Monitores/Gaming		msi mag 275QF E20 - Pantalla para Juegos (27", 2560 x 1440 (WQHD), 200 Hz, AMD Adaptive Sync, HDR-Re
SUBCATEGORÍA	p162882	Monitores/	Monitores/Gaming		MSI MPG 274URDFW E16M 27" 3840 x 2160 (UHD), 160Hz, sincronización adaptativa AMD, HDR Ready, HDMI, 
SUBCATEGORÍA	p163021	Monitores/	Monitores/Gaming		Cooler Master Tempest GP27Q 27 Pulgadas 2K IPS 165Hz QD Tech QHD 2560 x 1440 Monitor de PC, HDR1000,
SUBCATEGORÍA	p163126	Monitores/	Monitores/Monitores 4K y profesionales		YOGAES Pantalla para Juegos con Superficie IPS Dual QHD (5120 x 1440) de 49 Pulgadas, montior. 5K. H
SUBCATEGORÍA	p163156	Monitores/	Monitores/Táctiles e industriales		Atomos Shinobi 7 pulgadas RX HDMI/SDI en la cámara Monitor/receptor - visualización táctil de resolu
SUBCATEGORÍA	p163184	Monitores/	Monitores/Gaming		YOGAES Pantalla para Juegos con Superficie IPS Dual QHD (5120 x 1440) de 49 Pulgadas, 144Hz, montior
SUBCATEGORÍA	p163237	Monitores/	Monitores/Gaming		Monitor Gamer Curvo MSI MPG 491CQP QD-OLED Panel Quantum Dot OLED, 5120x1440, 144 Hz, 0.03 ms de res
SUBCATEGORÍA	p163312	Monitores/	Monitores/28 a 34 pulgadas		HP P32u G5 32 pulgadas 2560 x 1440 QHD Edge Monitor LCD LED, paquete de 2 con altavoces integrados, 
SUBCATEGORÍA	p163420	Monitores/	Monitores/Monitores 4K y profesionales		ASUS ProArt PA278QV 27" 1440P 2K WQHD 100% sRGB IPS Monitor profesional, paquete de 2 paquetes con D
SUBCATEGORÍA	p163451	Monitores/	Monitores/Táctiles e industriales		Hikvision Pantalla Interactiva Touch de 65" Android 13 (Actualizable a Android 14) / Cámara Web 8 MP
SUBCATEGORÍA	p163458	Monitores/	Monitores/Gaming		LG UltraWide 40WP95C-W (5120 x 2160) 40" 21:9 curvado FreeSync 5K2K HDR IPS Monitor (40WP95C-W) + ki
SUBCATEGORÍA	p163485	Monitores/	Monitores/Monitores 4K y profesionales		Asus ProArt PA279CRV Monitor profesional 27 pulgadas 2160P 4K UHD, paquete de 2 paquetes con USB-C 9
SUBCATEGORÍA	p163523	Monitores/	Monitores/Gaming		MSI Creator PS321QR 32" 2560 x 1440 WQHD 165Hz 1ms Tiempo de respuesta 16:9 Relación de aspecto visu
SUBCATEGORÍA	p163549	Monitores/	Monitores/23 a 25 pulgadas		Lenovo ThinkVision P27h 2560 x 1440 LED QHD Monitor LCD, paquete de 2 paquetes con HDMI, DisplayPort
SUBCATEGORÍA	p163621	Monitores/	Monitores/Gaming		GIGABYTE - AORUS CO49DQ - 49 Pulgadas QD OLED - 5120x1440 DQHD 32:9-1800R - 144Hz - 0.03ms GTG - AMD
SUBCATEGORÍA	p163798	Monitores/	Monitores/Táctiles e industriales		Hosyond - visualización táctil de 8,8 pulgadas, visualización secundaria de 1920 x 480 FHD IPS LCD p
SUBCATEGORÍA	p163880	Monitores/	Monitores/Portátiles		Raspberry PI - Pantalla táctil Mini HDMI de 9 pulgadas, 1280 x 720, pantalla capacitiva de unión ópt
SUBCATEGORÍA	p163884	Monitores/	Monitores/Portátiles		Topmonitor - Pantalla táctil portátil de 15.6 pulgadas 1080P FHD IPS, pantalla táctil para juegos de
SUBCATEGORÍA	p163994	Monitores/	Monitores/Táctiles e industriales		Pantalla de 10,1 pulgadas 1280x800 16: 10 pantalla ancha HDMI en VGA carcasa metálica USB marco abie
SUBCATEGORÍA	p164041	Monitores/	Monitores/Gaming		ASUS Monitor Eye Care VA24DQ, Full HD, Sin Marco, 75 Hz, Adaptive-Sync/FreeSync, Filtro de luz Azul,
SUBCATEGORÍA	p164154	Monitores/	Monitores/Gaming		CUNPU Monitor de Juego de 27 Pulgadas 4K 144/160Hz, Monitor PC de Panel IPS Rápido UHD 3840x2160, 13
SUBCATEGORÍA	p164224	Monitores/	Monitores/Hasta 22 pulgadas		waveshare Pi - Kit de monitor Oficial Raspberry Pi de 15.6 pulgadas, resolución 1920 × 1080, puerto 
SUBCATEGORÍA	p164481	Monitores/	Monitores/Portátiles		Monitor portátil OLED apilado de doble visualización todo en uno, sin costuras, 1080P 13.3 pulgadas,
SUBCATEGORÍA	p164504	Monitores/	Monitores/Táctiles e industriales		Planar Systems 997-8286-00 Proyectado Capacitivo Multi-Touch IPS Edge-Lit LED LCD, Pct2235, Altavoce
SUBCATEGORÍA	p164555	Monitores/	Monitores/Portátiles		Gran monitor portátil 4K de 61 cm UHD 3840 x 2160 120% sRGB - Segunda pantalla externa para MacBook,
SUBCATEGORÍA	p164562	Monitores/	Monitores/Gaming		Cooler Master GM34-CWQ2 34" Curvo 165Hz|180Hz (OC) VA Quantum Dot UWQHD 3440 x 1440 Monitor de PC, 2
SUBCATEGORÍA	p164627	Monitores/	Monitores/Gaming		YOGAES Pantalla para Juegos con Superficie IPS Dual QHD (5120 x 1440) de 49 Pulgadas, montior. 5K. H
SUBCATEGORÍA	p164644	Monitores/	Monitores/Gaming		YOGAES Pantalla para Juegos con Superficie IPS Dual QHD (5120 x 1440) de 49 Pulgadas, montior. 3800R
SUBCATEGORÍA	p164932	Monitores/	Monitores/27 pulgadas		HP P27h G4 27 pulgadas FHD IPS LED retroiluminado LCD paquete de 2 monitores con HDMI, altavoces int
SUBCATEGORÍA	p164964	Monitores/	Monitores/Gaming		BenQ MOBIUZ EX381U 38" 4K eARC 144Hz 1ms DP 1.4 HDMI 2.1 90W USB-C Monitor para juegos, 98% P3, Disp
SUBCATEGORÍA	p164996	Monitores/	Monitores/Ultrawide y curvos		HP Z Display Z34c G3 34" Curvo 2K WQHD 3440 x 1440 LED retroiluminado LCD IPS Monitor, con HDMI, USB
SUBCATEGORÍA	p165096	Monitores/	Monitores/Gaming		Ultra-Delgada Pantalla de 15,6 Pulgadas, HDR 4K IPS visualización de la Pantalla de Juego, Dos Altav
SUBCATEGORÍA	p165226	Relojes inteligentes/	Relojes inteligentes/Smartwatches		Reloj Inteligente para Mujer, Alexa, GPS, HRV, VO2 MAX, oxígeno en Sangre, Monitor de sueño y estrés
SUBCATEGORÍA	p165275	Monitores/	Monitores/Gaming		Pantalla Full HD de 15,6 Pulgadas con Altavoz 1920x1080 BNC AV VGA HD Interfaz Multimedia Pantalla d
SUBCATEGORÍA	p165372	Monitores/	Monitores/Portátiles		UPERFCET Monitor Portátil, 15.6 pulgadas 1080P 125% sRGB 2000:1 de contraste, monitor ultradelgado p
SUBCATEGORÍA	p165382	Monitores/	Monitores/Portátiles		Monitor de visualización táctil industrial de 13.3 pulgadas, FHD 1920 × 1080 IPS para portátil, moni
SUBCATEGORÍA	p165406	Monitores/	Monitores/Gaming		AOPEN by Acer 24KG3Y Hbi 23.8 Pulgadas Full HD (1920 x 1080) ultradelgado para Juegos y Trabajo con 
SUBCATEGORÍA	p165409	Monitores/	Monitores/Gaming		Lenovo L27-4C - Pantalla FHD de 27 Pulgadas (IPS, 144 Hz, 1 ms, VGA+2 HDMI, Cable HDMI) - Gris
SUBCATEGORÍA	p165504	Audífonos/	Audífonos/Earbuds con cable		Linsoul ZiiGaat Lush Monitor de oído,1DD+4BA Auriculares híbridos IEM, Auriculares con Cable para mo
SUBCATEGORÍA	p165620	Monitores/	Monitores/Portátiles		LivElect-m Extensor de visualización triple para portátil de 15.6 pulgadas, FHD 1080P IPS Monitor de
SUBCATEGORÍA	p165749	Monitores/	Monitores/Gaming		Cooler Master GM27-CFX 27 pulgadas 240Hz curvado FHD QD Tech 1920 x 1080 monitor de juegos de PC sin
SUBCATEGORÍA	p166011	Monitores/	Monitores/Gaming		KTC QHD Mini monitor LED de 27 pulgadas, 1440P 200Hz (OC 210Hz), monitor de PC para juegos, HDR 1000
SUBCATEGORÍA	p166081	Monitores/	Monitores/27 pulgadas		Acer Vero B7 B277 E 27 pulgadas 1080P Full HD IPS 100 Hz 4 ms Monitor LCD de visualización panorámic
SUBCATEGORÍA	p166122	Monitores/	Monitores/Portátiles		Pantalla táctil Dual portátil de 15,6 Pulgadas, Plegable, Doble Pantalla 100% sRGB, Pantalla de expa
SUBCATEGORÍA	p166141	Monitores/	Monitores/Portátiles		MAGICRAVEN Monitor portátil doble, monitor portátil, visualización grande para juegos, segunda visua
SUBCATEGORÍA	p166352	Monitores/	Monitores/Portátiles		Monitor Portátil con Soporte, Pantalla LED Ultradelgada de 13,3 Pulgadas 1080P HD para HDMI / PS3 / 
SUBCATEGORÍA	p166452	Monitores/	Monitores/Gaming		Cooler Master Tempest GZ2711 - Pantalla OLED de 27 Pulgadas, WQHD (2560 x 1440) 240 Hz, 0,03 ms GtG,
SUBCATEGORÍA	p166763	Monitores/	Monitores/27 pulgadas		HP Series 3 Pro 27 pulgadas 327ph Full HD (1920 x 1080) 100Hz 5ms LCD IPS Monitor, paquete de 2 unid
SUBCATEGORÍA	p166859	Monitores/	Monitores/28 a 34 pulgadas		ASUS VA329HE Monitor LCD Full HD de 32 pulgadas 1080P 75 Hz con retroiluminación LED, paquete de 2 p
SUBCATEGORÍA	p167032	Monitores/	Monitores/Hasta 22 pulgadas		Panel LCD de montaje en rack, monitor de montaje en rack de 8U de 19 pulgadas, 1280 x 1024, entrada 
SUBCATEGORÍA	p167046	Monitores/	Monitores/23 a 25 pulgadas		Dell Panel Ultrasharp U2419HC, ultradelgado de 24 Pulgadas, 1920 x 1080 @ 60 Hz, FHD, tecnología IPS
SUBCATEGORÍA	p167049	Monitores/	Monitores/Gaming		GreenTouch - visualización táctil capacitiva de 32 pulgadas con marco LED con visualización LCD indu
SUBCATEGORÍA	p167113	Cámaras de seguridad/	Cámaras de seguridad/Cámaras exteriores		HASTHIP® Soporte de Cámara de Seguridad 2PCS Montaje Pared Ajustable con Almacenamiento Cable,Soport
SUBCATEGORÍA	p167173	Monitores/	Monitores/Gaming		SANSUI Monitor de juego curvado de 27 pulgadas de 160 Hz, monitor de juego de computadora curvado 15
SUBCATEGORÍA	p167277	Monitores/	Monitores/Portátiles		Golday Pantalla táctil portátil Industrial de 15,6 Pulgadas, FHD 1920 × 1080 IPS para Pantalla de Or
SUBCATEGORÍA	p167387	Monitores/	Monitores/Portátiles		Pantalla táctil para PC (21,5 pulgadas, 10 puntos, 16:9-300cd/m², 75 Hz, 98 % sRGB FHD 1920 × 1080 M
SUBCATEGORÍA	p167607	Monitores/	Monitores/Gaming		Pixio PXC325 32 pulgadas 165Hz Frecuencia de actualización FHD 1080p Resolución 1500R Panel VA curva
SUBCATEGORÍA	p167752	Monitores/	Monitores/Portátiles		MAGICRAVEN Monitor portátil, monitor portátil, visualización grande para juegos, segunda visualizaci
SUBCATEGORÍA	p167889	Monitores/	Monitores/Portátiles		Soporte portátil para visualización táctil, monitor USB C de 15.6 pulgadas, relación de contraste 20
SUBCATEGORÍA	p167933	Monitores/	Monitores/23 a 25 pulgadas		VSDISPLAY LTA149B780F Pantalla LCD 1280X390 con HD VGA DVI Audio LCD Controlador Board M.NT68676 Fun
SUBCATEGORÍA	p168064	Monitores/	Monitores/28 a 34 pulgadas		iiyama X3270QSU-B1 32" Panel IPS, 2560x1440, 250cd/m², 3ms, Altavoces, DisplayPort, 2xHDMI, USB 3X 3
SUBCATEGORÍA	p168074	Monitores/	Monitores/Táctiles e industriales		ANGEL POS Pantalla Visualización Táctil con Diseño de Marco Abierto de 17 Pulgadas con VESA y Soport
SUBCATEGORÍA	p168112	Monitores/	Monitores/Táctiles e industriales		54,5cm/21,5" (1920x1080) iiyama ProLite T2255MSC-B1 16:9 FHD IPS Touch 5ms 60Hz HDMI DP Speaker Blac
SUBCATEGORÍA	p168169	Monitores/	Monitores/Ultrawide y curvos		81,3cm/32'' (1920x1080) Philips E-line 322E1C Curved 16:9 4ms HDMI VGA DisplayPort VESA Full HD Blac
SUBCATEGORÍA	p168297	Monitores/	Monitores/27 pulgadas		HP Paquete de monitores FHD IPS (1920 x 1080) de 27 pulgadas con base Docztorm, visualización de 75 
SUBCATEGORÍA	p168333	Monitores/	Monitores/Gaming		Monitor táctil de barra 4K de 14 pulgadas, pantalla IPS HD de 3840x1100, compatible con consola de j
SUBCATEGORÍA	p168412	Monitores/	Monitores/27 pulgadas		acer Vero B7 B277 E 27" 1080P Full HD IPS 100 Hz 4 ms Monitor LCD panorámico retroiluminado, con sin
SUBCATEGORÍA	p168413	Monitores/	Monitores/23 a 25 pulgadas		AOC 24B2XH Monitor LED IPS de 23.8", Resolución 1920x1080, Brillo 250CD/M2, Soporte VESA, Conexión H
SUBCATEGORÍA	p168507	Monitores/	Monitores/Portátiles		Monitor dual de 14 pulgadas 2K OLED, monitor táctil portátil para extensor de portátil | 2K | 100% D
SUBCATEGORÍA	p168560	Monitores/	Monitores/Portátiles		Monitor portátil, 1080P 1920 * 1080 IPS HDR Monitor de juego ultra delgado Soporte de visualización 
SUBCATEGORÍA	p168569	Monitores/	Monitores/Táctiles e industriales		Monitor táctil IPS FHD 1080P de 15,6 Pulgadas con Sistema Android 11, Soporte VESA 100x100 mm, Panta
SUBCATEGORÍA	p168628	Monitores/	Monitores/Portátiles		DEPGI - Extensor de visualización para portátil de 21 pulgadas, enfriador integrado, 1080P FHD de un
SUBCATEGORÍA	p168718	Monitores/	Monitores/27 pulgadas		Acer Vero V7 V277 E BMIPX 27 pulgadas 1080P Full HD IPS retroiluminado LCD Monitor con visualización
SUBCATEGORÍA	p168807	Monitores/	Monitores/Portátiles		WIMAXIT Monitor portátil de 13.3 pulgadas, USB-C 1080P IPS pantalla HDMI externa de vidrio templado 
SUBCATEGORÍA	p168885	Monitores/	Monitores/Gaming		LG Electronics 27UP85NP-W 4K UHD 27" (68 cm), 3840 x 2160, 16:9, VESA DisplayHDR™ 400, AMD FreeSync™
SUBCATEGORÍA	p169017	Monitores/	Monitores/Gaming		LG 34WQ650-W 34 Inch 21:9 UltraWide Full HD (2560 x 1080) 100Hz IPS Monitor, 100Hz Refresh Rate with
SUBCATEGORÍA	p169802	Monitores/	Monitores/Hasta 22 pulgadas		HP Series 3 Pro 22" 322ph Full HD (1920 x 1080), monitor LCD IPS de 2 unidades, VGA, DisplayPort, al
SUBCATEGORÍA	p169803	Monitores/	Monitores/Portátiles		UPERFECT Monitor portátil con visualización táctil, sensor de gravedad giratorio automático de 13.3 
SUBCATEGORÍA	p169805	Monitores/	Monitores/Portátiles		UPERFECT - Teclado magnético portátil 1080P, visualización táctil de 17.3 pulgadas con bisel sin mar
SUBCATEGORÍA	p169945	Monitores/	Monitores/Monitores 4K y profesionales		iiyama ProLite LE3240S-B2 - Pantalla profesional de gran formato, 32 pulgadas, panel VA, resolución 
SUBCATEGORÍA	p169949	Monitores/	Monitores/Táctiles e industriales		GVision P17BH-AB-459G 17IN LCD Touch SCN, Desktop, VGA+DVI, SXGA 1280X1024, 350 NITS, 1000:1 Contras
SUBCATEGORÍA	p170097	Monitores/	Monitores/Portátiles		21.5 Pulgadas de Pantalla táctil FHD1920x1080 Soporte HDMI VGA AV USB BNC, 10 Puntos táctil capaciti
SUBCATEGORÍA	p170149	Monitores/	Monitores/Portátiles		Golday Pantalla táctil portátil industrial de 14 pulgadas, pantalla táctil FHD 1920 × 1080 IPS para 
SUBCATEGORÍA	p170154	Monitores/	Monitores/Táctiles e industriales		Pantalla táctil de marco abierto de 10,4 pulgadas, 1024x768 relación de aspecto impermeable, VESA + 
SUBCATEGORÍA	p170245	Monitores/	Monitores/Portátiles		Pantalla Táctil Portátil, Pantalla 18,5 Pulgadas 1920x1280 SRGB con Interfaz Multimedia HD Tipo C, P
SUBCATEGORÍA	p170302	Monitores/	Monitores/Portátiles		KEFEYA Extensión de Pantalla de Ordenador portátil de 14 Pulgadas FHD 1080P IPS para portátiles de 1
SUBCATEGORÍA	p170331	Monitores/	Monitores/Portátiles		UPERFECT 18,5 pulgadas 120 Hz Pantalla portátil con pantalla mate Full HD 1920 x 1080 | Protección d
SUBCATEGORÍA	p170345	Monitores/	Monitores/Gaming		Monitor de barra con caja de Metal de 12,6 pulgadas, pantalla de Panel IPS de 1920x515, compatible c
SUBCATEGORÍA	p170683	Bocinas/	Bocinas/Bafles y audio profesional		Paquete de 2 piezas de repuesto de diafragma de 25,4 mm para altavoces de bobina de voz, bocina de r
SUBCATEGORÍA	p170854	Bocinas/	Bocinas/Mini bocinas y de llavero		Altavoces Bluetooth portátiles, altavoces retro inalámbricos Bluetooth Mini Boombox Bluetooth con ca
SUBCATEGORÍA	p170998	Bocinas/	Bocinas/Mini bocinas y de llavero		Kaiser Bocina Bluetooth de 8 Pulgadas Portatil Recargable Circle Light KSR-Link Entradas USB Micro S
SUBCATEGORÍA	p171019	Bocinas/	Bocinas/Bocinas para auto		Pyle Bocinas Marinas Dobles de 6x9. Sistema de Sonido Estéreo para Exteriores Resistente al Agua. 2 
SUBCATEGORÍA	p171139	Bocinas/	Bocinas/De estantería y Hi-Fi		AIYIMA S500 Altavoz activo de estantería de 4 pulgadas Bluetooth 5.0 HiFi con salida SUB, entrada co
SUBCATEGORÍA	p171752	Bocinas/	Bocinas/De estantería y Hi-Fi		Edifier R2000DB 2.0 - Altavoces de estantería con woofer grande, altavoces de computadora RMS de 120
SUBCATEGORÍA	p171925	Bocinas/	Bocinas/De estantería y Hi-Fi		Edifier S880DB MKII - Altavoces de estantería de alta fidelidad, sistema de altavoces activos Premiu
SUBCATEGORÍA	p172199	Cámaras de seguridad/	Cámaras de seguridad/Cámaras PTZ		Hikvision Cámara de Seguridad Exterior, PTZ IP TandemVu, 4MP, Zoom 25X, IR 100m, Luz Blanca 30m, IP6
SUBCATEGORÍA	p172392	Laptops/	Laptops/Laptops de 15" y 16"		Genérico Pc Computadora Armada Ryzen 5, 16gb Ram 960Gb SSD Bocinas, Wifi, CAM Web, Monitor 21.5" Ful
SUBCATEGORÍA	p172418	Laptops/	Laptops/Laptops de 15" y 16"		Genérico Pc Computadora Armada Ryzen 7, 16gb Ram 960Gb SSD Bocinas, Wifi, CAM Web, Monitor 21.5" Ful
SUBCATEGORÍA	p172442	Bocinas/	Bocinas/De estantería y Hi-Fi		JBL Professional PRX One Active, Sistema de Altavoces de línea de Columna alimentada, Potencia máxim
SUBCATEGORÍA	p172780	Bocinas/	Bocinas/Accesorios para bocinas		Cargador de Altavoz Bocina Harman Kardon, Compatible con El Sistema de Altavoces Portátiles Inalámbr
SUBCATEGORÍA	p173502	Bocinas/	Bocinas/Barras de sonido		Edifier MG300 Barra de Sonido para Computadora: Altavoces con Graves Profundos, Interruptor de Micró
SUBCATEGORÍA	p173927	Bocinas/	Bocinas/De estantería y Hi-Fi		Edifier R1380DB Altavoces de estantería Bluetooth Activos - Entrada óptica/coaxial - Altavoz de Moni
SUBCATEGORÍA	p173947	Bocinas/	Bocinas/De fiesta y karaoke		LG xboom Stage 301 by will.i.am, xboom Signature Sonund, Altavoz portátil para Fiesta, woofer de 6.5
SUBCATEGORÍA	p173978	Bocinas/	Bocinas/Bocinas Bluetooth		Samsung LS60D - Altavoz Inteligente con Marco de música Dolby Atmos Audio, Q-Symphony, diseño Person
SUBCATEGORÍA	p174100	Bocinas/	Bocinas/De estantería y Hi-Fi		Edifier WiFi Audiophile Active Bookshelf 2.0 Altavoces, Altavoz inalámbrico de Alta fidelidad, Siste
SUBCATEGORÍA	p174411	Laptops/	Laptops/Laptops de 15" y 16"		Genérico Pc Computadora Armada Core I7, 16gb Ram 960Gb SSD Bocinas, Wifi, CAM Web, Monitor 21.5" Ful
SUBCATEGORÍA	p174420	Laptops/	Laptops/Laptops de 15" y 16"		Genérico Pc Computadora Armada Core I3, 16gb Ram 960Gb SSD Bocinas, Wifi, CAM Web, Monitor 21.5" Ful
SUBCATEGORÍA	p174580	Bocinas/	Bocinas/Bocinas Bluetooth		Outdoor Portable Bluetooth Speaker Home Center System Deep Heavy Bass Subwoofer Wireless Powerbank A
SUBCATEGORÍA	p174846	Audífonos/	Audífonos/Earbuds inalámbricos		EBTOOLS Auricular, Auriculares Inalámbricos con de Oreja Abierta 5.4 con Unidad de Bocina de 10 Mm e
SUBCATEGORÍA	p176079	Bocinas/	Bocinas/Bocinas Bluetooth impermeables		BOGASING - Altavoces Bluetooth M5 portátil inalámbrico con sonido estéreo de 40 W y graves impactant
SUBCATEGORÍA	p176083	Bocinas/	Bocinas/Bocinas Bluetooth impermeables		BOGASING - Altavoces Bluetooth M5 portátil inalámbrico con sonido estéreo de 40 W y graves impactant
SUBCATEGORÍA	p176123	Drones/	Drones/DJI		STARTRC Altavoz Drone, Megáfono Universal Portátil Drone, Altavoz Drone En Tiempo Real Sin Interfere
SUBCATEGORÍA	p176497	Bocinas/	Bocinas/Bocinas Bluetooth con radio, USB y micrófono		Altec Lansing HydraShock Altavoz Bluetooth USB Type-C Recargable Portátil Altavoz Inalámbrico con Ca
SUBCATEGORÍA	p177348	Bocinas/	Bocinas/De estantería y Hi-Fi		NEUMITECH NEUMI BS5P-ARC Altavoces de estantería alimentados de 75 W, Bluetooth, HDMI, USB, óptico, 
SUBCATEGORÍA	p177756	Bocinas/	Bocinas/Subwoofers		KICKER CompQ Subwoofer de 12 pulgadas (30 cm), 51CWQ122, DVC de 2 ohmios, 1000 vatios RMS, pico de 2
SUBCATEGORÍA	p178433	Autos, bicicletas y motos/	Autos, bicicletas y motos/Amplificadores para auto		Rockford Fosgate HD14-STG3 - Altavoces de carenado, altavoces de alforja y kit de amplificador de 80
SUBCATEGORÍA	p178772	Audífonos/	Audífonos/Diadema con cancelación de ruido		GENGXIN Audífonos Inalámbricos Diadema,30 Horas de Batería,Bluetooth 5.4, Micrófono, Altavoz Dinámic
SUBCATEGORÍA	p178821	Audífonos/	Audífonos/Earbuds con cable		Auriculares intraurales de alta fidelidad, Auriculares intraurales con cable,auriculares HiFi de gra
SUBCATEGORÍA	p178914	Audífonos/	Audífonos/De oído abierto		SoundPEATS Runfree Lite2 Audífonos Bluetooth Inalámbricos de Conducción de Aire, Audífonos de Oído A
SUBCATEGORÍA	p178976	Audífonos/	Audífonos/Earbuds con cable		Audifonos Auriculares con Cable Auxiliar 3.5mm Aislamiento del Ruido, Micrófono Integrado, Manos Lib
SUBCATEGORÍA	p179307	Audífonos/	Audífonos/Gamer		Balam Rush Audífonos Gamer ORPHIX II HS699 Alámbricos + Over Ear + Bocinas 50 mm + Mic Fijo/Sonido D
SUBCATEGORÍA	p179356	Audífonos/	Audífonos/Earbuds con cable		Audífonos KZ ZSN Pro 2 intrauditivos Auriculares de Metal 1BA+1DD Tecnología híbrida HiFi Bass Sonid
SUBCATEGORÍA	p179944	Audífonos/	Audífonos/Earbuds inalámbricos		JLab JBuds - Auriculares inalámbricos abiertos, color negro, espalda abierta, sonido inmersivo, dobl
SUBCATEGORÍA	p180045	Audífonos/	Audífonos/Gamer		SteelSeries Arctis GameBuds for PlayStation/PC/Switch/Mobile — Quick-Switch 2.4GHz + Bluetooth 5.3 —
SUBCATEGORÍA	p180333	Audífonos/	Audífonos/Earbuds con cable		Hidizs MK12 Turris Audífonos Alámbricos In Ear Monitor, Diafragma de Magnesio Puro 91%, 12 mm Dinámi
SUBCATEGORÍA	p180354	Audífonos/	Audífonos/Earbuds inalámbricos		Jabra Evolve2 75 - Auriculares inalámbricos para PC con base de carga y tecnología de 8 micrones, au
SUBCATEGORÍA	p180399	Audífonos/	Audífonos/Diadema con cancelación de ruido		Sonos Ace Audífonos Inalámbricos Over-Ear con Cancelación Activa de Ruido, Audio Espacial, Audio Los
SUBCATEGORÍA	p180410	Audífonos/	Audífonos/Diadema con cancelación de ruido		Sonos Ace Audífonos Inalámbricos Over-Ear con Cancelación Activa de Ruido, Audio Espacial, Audio Los
SUBCATEGORÍA	p180478	Audífonos/	Audífonos/Diadema con cancelación de ruido		Jabra Evolve2 75 PC Wireless Headset with Charging Stand and 8-Mic Technology - Dual Foam Stereo Hea
SUBCATEGORÍA	p181011	Audífonos/	Audífonos/Diadema con cancelación de ruido		Sony WH1000XM3 Wireless Bluetooth Noise Canceling Over Ear Headphone Bundle with Anker 2-Port USB Ca
SUBCATEGORÍA	p182082	Audífonos/	Audífonos/De oído abierto		SoundPEATS GoFree2s Audífonos Inalámbricos Abiertos Open Ear Hi Res LDAC
SUBCATEGORÍA	p182083	Audífonos/	Audífonos/Gamer		HyperX Cloud Alpha - Audífonos para gaming, Rojo- Altavoces de cámara doble - Comodidad galardonada 
SUBCATEGORÍA	p182552	Audífonos/	Audífonos/Earbuds con cable		Hidizs MK12 Turris Audífonos Alámbricos In Ear Monitor, Diafragma de Magnesio Puro 91%, 12 mm Dinámi
SUBCATEGORÍA	p182688	Audífonos/	Audífonos/Gamer		SteelSeries Arctis Nova Pro Wireless para Gaming (Xbox, Multi-Sistema) con Controladores magnéticos 
SUBCATEGORÍA	p182794	Audífonos/	Audífonos/Earbuds inalámbricos		El ruido inalámbrico cancelando los auriculares de arriba con micrófono, bajos profundos, auriculare
SUBCATEGORÍA	p182851	Audífonos/	Audífonos/Earbuds inalámbricos		HIDIZS MS5 4BA+1DD Hybrid 5 Units HiFi Intraaural Monitor de Auriculares Intraaural, Lsolación activ
SUBCATEGORÍA	p182883	Audífonos/	Audífonos/Earbuds inalámbricos		Sennheiser Consumer Audio TV Clear Set 2 Auriculares – Auriculares inalámbricos de televisión con ca
SUBCATEGORÍA	p182977	Audífonos/	Audífonos/Diadema con cancelación de ruido		Sony WH-1000XM5 Auriculares inalámbricos con cancelación de ruido sobre la oreja (negro) Paquete con
SUBCATEGORÍA	p183121	Audífonos/	Audífonos/Diadema inalámbrica		Wireless TWS Headphone Bluetooth 5.0 Earphone HiFi Headset Sports Earbuds with Charge Box for All Sm
SUBCATEGORÍA	p183122	Audífonos/	Audífonos/Diadema inalámbrica		Wireless TWS Headphone Bluetooth 5.0 Earphone HiFi Headset Sports Earbuds with Charge Box for All Sm
SUBCATEGORÍA	p183123	Audífonos/	Audífonos/Diadema inalámbrica		Wireless TWS Headphone Bluetooth 5.0 Earphone HiFi Headset Sports Earbuds with Charge Box for All Sm
SUBCATEGORÍA	p183398	Audífonos/	Audífonos/Earbuds inalámbricos		EBTOOLS Auricular, Auriculares Inalámbricos con de Oreja Abierta 5.4 con Unidad de Bocina de 10 Mm e
SUBCATEGORÍA	p183832	Mouse/	Mouse/Oficina		Combinación de Teclado y Ratón para Ordenador Teclado de Tamaño Completo con Soporte para Teléfono M
SUBCATEGORÍA	p183879	Teclados/	Teclados/Combos con mouse		MageGee - Combo de teclado y mouse - GK980 Teclado con cable RGB retroiluminado y mouse para juegos 
SUBCATEGORÍA	p183988	Mouse/	Mouse/Oficina		YOMYM Mouse Ratón óptico Inalámbrico Recargable 2.4 G, Silencioso Click con Receptor USB y Tipo-c Ad
SUBCATEGORÍA	p184110	Mouse/	Mouse/Oficina		Acogedor Ratón Ultrafino Plegable 2.4G Wireless ARC Mouse 1000 dpi Ratón óptico Portátil Universal c
SUBCATEGORÍA	p184570	Cámaras y fotografía/	Cámaras y fotografía/Accesorios		MOKOSE Cámara web HD USB 3840 x 2160 Cámara digital industrial con montura CS 5-50 mm teleobjetivo z
SUBCATEGORÍA	p184621	Cámaras y fotografía/	Cámaras y fotografía/Videocámaras		XUMIUZIY Cámara Digital 5K 75MP con WiFi y Pantalla Giratoria 180°, Cámara Vlogging para Youtube con
SUBCATEGORÍA	p185062	Iluminación/	Iluminación/Decorativa		Luz Led Con Sensor De Movimiento,Lostrain Luces para Debajo del Clóset 1800mAh Recargable USB 3 Colo
SUBCATEGORÍA	p185377	Audífonos/	Audífonos/Earbuds con cable		Auriculares con Cable USB para PC, Auriculares para Ordenador con Micrófono con Cancelación De Ruido
SUBCATEGORÍA	p185443	Baterías portátiles/	Baterías portátiles/Hasta 10,000 mAh		SPORTLINK Base de Cargador para Spot - Batería 5000mAh, Soporte Portátil con Puerto USB-C, Carga Tu 
SUBCATEGORÍA	p185825	Audífonos/	Audífonos/De oído abierto		Suunto Wing 2 Auriculares de conducción ósea inalámbricos, Running Auriculares Deportivos Bluetooth 
SUBCATEGORÍA	p186274	Teclados/	Teclados/Switches, keycaps y accesorios		50 piezas de teclado azul Clicky para impresora 3D, interruptores de teclado mecánicos, teclado clic
SUBCATEGORÍA	p186358	Teclados/	Teclados/Membrana		HP Teclado con cable 125 - Conectividad de cable - Interfaz USB tipo A - Teclas de acceso rápido de 
SUBCATEGORÍA	p186360	Teclados/	Teclados/Switches, keycaps y accesorios		SABLUTE K31PRO Teclado retroiluminado con impresión grande, teclado USB Plug and Play con cable con 
SUBCATEGORÍA	p186366	Teclados/	Teclados/Switches, keycaps y accesorios		Teclado de EE. UU. compatible con HP 14-DK0002DX 14-DK0028WM 14-DK1022WM 14-DK1025WM 14-DK1032WM 14-
SUBCATEGORÍA	p186504	Teclados/	Teclados/Switches, keycaps y accesorios		ATTACK SHARK X820 Ultra Teclado Mecánico Gaming Inalámbrico 75%, Hot-Swappable con Montaje Gasket, R
SUBCATEGORÍA	p186526	Teclados/	Teclados/Switches, keycaps y accesorios		ATTACK SHARK X820 Ultra Teclado Mecánico Gaming Inalámbrico 75%, Hot-Swappable con Montaje Gasket, R
SUBCATEGORÍA	p186573	Teclados/	Teclados/Switches, keycaps y accesorios		Teclado latino para portátil compatible con HP 14-DK 14-CF 14-DF 240 G8 245 G8 246 G8 L24817-001 L24
SUBCATEGORÍA	p186583	Teclados/	Teclados/Numéricos		2.4Ghz Mini Teclado Inalámbrico con Touchpad Teclado Numérico Portátil Ultrathin Remote Keyboard Mou
SUBCATEGORÍA	p186636	Teclados/	Teclados/Switches, keycaps y accesorios		Pink Creamy Keyboard, 104 Keys All-Metal Panel, Rainbow LED Backlit Silent Gaming Keyboard, Wrist Re
SUBCATEGORÍA	p186637	Teclados/	Teclados/Switches, keycaps y accesorios		Teclado de repuesto para portátil Dell Inspiron 15 3510 3511 3515 3520 3525 00GTPK 0HRHC5 054WVM 09C
SUBCATEGORÍA	p186770	Teclados/	Teclados/Inalámbricos		Teclado delgado Bluetooth para Mac, teclado recargable de aluminio inalámbrico, llave plana silencio
SUBCATEGORÍA	p186776	Teclados/	Teclados/Switches, keycaps y accesorios		Teclado español para portátil compatible con Dell Inspiron 3501 080V09 0V3d36 Funda superior para re
SUBCATEGORÍA	p186794	Teclados/	Teclados/Membrana		AULA Hero 68 HE 60% Teclado para juegos con cable, teclado de interruptor magnético con efecto salón
SUBCATEGORÍA	p186815	Teclados/	Teclados/Membrana		AULA Hero 68 HE 60% Teclado para juegos con cable, teclado con interruptor magnético de efecto salón
SUBCATEGORÍA	p186829	Teclados/	Teclados/Switches, keycaps y accesorios		Combo de teclado y mouse inalámbricos, teclado de máquina de escribir retroiluminado con reposamuñec
SUBCATEGORÍA	p186889	Teclados/	Teclados/Switches, keycaps y accesorios		Razer Ornata V3 TKL Gaming Keyboard: Low-Profile Keys - Mecha-Membrane Switches - UV-Coated Keycaps 
SUBCATEGORÍA	p186900	Teclados/	Teclados/Switches, keycaps y accesorios		Razer Ornata V3 TKL Gaming Keyboard: Low-Profile Keys - Mecha-Membrane Switches - UV-Coated Keycaps 
SUBCATEGORÍA	p187044	Teclados/	Teclados/Combos con mouse		Cooler Master MK770 Macaron Teclado mecánico inalámbrico RGB para Juegos, Kailh Box V2 interruptores
SUBCATEGORÍA	p187113	Teclados/	Teclados/Inalámbricos		Logitech MX Keys S para Mac, teclado inalámbrico, fluido, escritura precisa similar a un portátil, t
SUBCATEGORÍA	p187114	Teclados/	Teclados/Switches, keycaps y accesorios		Keychron K10 Pro Wireless Teclado Mecánico Personalizado, Tamaño Completo QMK/Via Macros Programable
SUBCATEGORÍA	p187132	Teclados/	Teclados/Membrana		GravaStar Mercury V75 HE Teclado 75% HE Interruptor magnético para juegos con efecto salón‑Effect, s
SUBCATEGORÍA	p187165	Teclados/	Teclados/Membrana		ASUS ROG Falchion Ace HFX salón Effect Teclado para Juegos con Cable – 65% TKL, Dual USB-C, Interrup
SUBCATEGORÍA	p187250	Teclados/	Teclados/Mecánicos inalámbricos		Keychron K2 Pro Teclado mecánico inalámbrico y con cable RGB personalizado con interruptor rojo K Pr
SUBCATEGORÍA	p187251	Teclados/	Teclados/Membrana		K5 Pro TMR - Teclado magnético para juegos con cable, interruptores de vidrio MK personalizables, in
SUBCATEGORÍA	p187254	Teclados/	Teclados/Inalámbricos		ZAGG Pro Keys 2 iPad Air 13 Pulgadas (M3) / Air 13 Pulgadas (M2) - Funda para Teclado inalámbrico y 
SUBCATEGORÍA	p187303	Teclados/	Teclados/Inalámbricos		Logitech MX Keys S Combo para Mac, teclado inalámbrico y mouse con reposamanos, teclado retroilumina
SUBCATEGORÍA	p187313	Tabletas/	Tabletas/Accesorios para tableta		Teclado Microsoft Surface Pro con lápiz Delgado 2 para Pro Copilot+ (11ª edición), Pro 9 y Pro 8, Ma
SUBCATEGORÍA	p187416	Teclados/	Teclados/Switches, keycaps y accesorios		Keychron Q6 Max Teclado mecánico inalámbrico 100% de tamaño completo con perilla, QMK/VIA programabl
SUBCATEGORÍA	p187724	Laptops/	Laptops/2 en 1 y convertibles		Dell 16 Plus 2 en 1, visualización táctil de 16 pulgadas 1920 x 1200, Core Ultra 5 226V (>i7-1355U),
SUBCATEGORÍA	p187752	Laptops/	Laptops/Laptops de 17" o más		HP Teclado retroiluminado de 17.3 con lector de huellas dactilares | Lifetime Office 365 para la web
SUBCATEGORÍA	p187757	Laptops/	Laptops/Laptops de 15" y 16"		Lenovo PC completo para oficina profesional i7 8700 hasta 4,6 GHz – Monitor 27 pulgadas FHD 32 GB RA
SUBCATEGORÍA	p187764	Laptops/	Laptops/2 en 1 y convertibles		Dell 16 Plus 2 en 1, visualización táctil de 16 pulgadas, 1920 x 1200, Core Ultra 7 256V (>i9-13900H
SUBCATEGORÍA	p187814	Laptops/	Laptops/Gamer		ASUS-TUF RTX 4070 MUX140W - i7-13620H - Teclado retroiluminado RGB - visualización IPS 15.6 FHD 100%
SUBCATEGORÍA	p187872	Mouse/	Mouse/Oficina		LED Mouse Inalámbrico Recargable, Fotgear Ratón Wireless 2.4G Ergonómico Wireless Ratón óptico Silen
SUBCATEGORÍA	p187955	Mouse/	Mouse/Gaming		AULA - mouse para juegos, con cable RGB con 13 modos retroiluminados y 6 botones programables, 12800
SUBCATEGORÍA	p188024	Mouse/	Mouse/Gaming		MSI Forge GM320 - Mouse para Juegos, 12800 dpi, microinterruptor de 20 m+clics, Sensor óptico, diseñ
SUBCATEGORÍA	p188046	Mouse/	Mouse/Gaming		LICAEVEY Ratón para Juegos con 12 Botones Programables, Ratón óptico con Cable RGB con Alta Precisió
SUBCATEGORÍA	p188056	Mouse/	Mouse/Oficina		Cuifati Ratón Inalámbrico Plegable con Receptor USB 2.4GHz, Diseño Ergonómico, Negro para PC, Portát
SUBCATEGORÍA	p188148	Mouse/	Mouse/Oficina		Macally - Ratón USB tipo C, diseño delgado y compacto, USB C para MacBook Pro iMac PC, etc. - Diseño
SUBCATEGORÍA	p188193	Mouse/	Mouse/Gaming		msi Forge GM340 W - Mouse para Juegos Azul Marino, 12800 dpi, microinterruptor de 50 M+ Clicks, Sens
SUBCATEGORÍA	p188253	Mouse/	Mouse/Gaming		AJAZZ AJ159APEX 8Khz Ratón Inalámbrico para Juegos Ultra Liviano de 56g con Base de Carga Magnética 
SUBCATEGORÍA	p188389	Mouse/	Mouse/Oficina		8Bitdo - mouse retro R8 con base de carga, sensor óptico PAW 3395 DPI 26K, frecuencia de sondeo 4K, 
SUBCATEGORÍA	p188400	Mouse/	Mouse/Gaming		ATTACK SHARK X8 Ultimate Ratón Gaming Inalámbrico 55g Ultra Ligero,8K Polling Rate,Sensor PAW3950MAX
SUBCATEGORÍA	p188404	Mouse/	Mouse/Gaming		MSI Versa Pro W - Mouse para Juegos, 26000 dpi, 70 M+ Clics, OMRON Micro Interruptor óptico, Sensor 
SUBCATEGORÍA	p188454	Mouse/	Mouse/Gaming		Cooler Master MM712 - Mouse inalámbrico para Juegos, Color Blanco con 19.000 dpi, 2.4 GHz y Bluetoot
SUBCATEGORÍA	p188478	Mouse/	Mouse/Gaming		ASUS TUF Gaming M4 Air - Ratón para Juegos (Ultraligero, 47 g, 16000 dpi, 6 Botones programables, IP
SUBCATEGORÍA	p188605	Mouse/	Mouse/Ergonómicos		HP Mouse Vertical ergonómico 920 inalámbrico Bluetooth 5.3 y Adaptador USB, 5 Botones programables, 
SUBCATEGORÍA	p188826	Mouse/	Mouse/Gaming		mouse para juegos con calefacción y refrigeración Black Shark con diseño ergonómico, NearLink y dobl
SUBCATEGORÍA	p188828	Mouse/	Mouse/Gaming		Sistema de Carga Inalámbrica Razer HyperFlux V2: Alfombrilla de ratón para Juegos con Carga Continua
SUBCATEGORÍA	p188864	Mouse/	Mouse/Oficina		Logitech MX Anywhere 3S para Mac, Mouse Bluetooth inalámbrico Compacto, 8K dpi en Cualquier Superfic
SUBCATEGORÍA	p188891	Mouse/	Mouse/Gaming		ASUS TUF Gaming M3 - mouse ergonómico RGB con cable para juegos con sensor de 7000 ppp, construcción
SUBCATEGORÍA	p188922	Mouse/	Mouse/Oficina		Logitech MX Anywhere 3S - Ratón inalámbrico Bluetooth compacto 8000 DPI en cualquier superficie, cli
SUBCATEGORÍA	p188936	Mouse/	Mouse/Oficina		GEBSKI 1000PCS Botón de Silencio DC12V 50mA 6 * 6 * 7.3 Interruptor silencioso Ratón inalámbrico Bot
SUBCATEGORÍA	p189019	Mouse/	Mouse/Gaming		Angry miao AM Infinity - mouse inalámbrico para juegos, 49 g de magnesio-aluminio, PAW3950 30K DPI, 
SUBCATEGORÍA	p189116	Mouse/	Mouse/Oficina		interruptor electronico 1000PCS Botón de silencio DC12V 50mA 6 * 6 * 7.3 Interruptor silencioso Rató
SUBCATEGORÍA	p189118	Mouse/	Mouse/Oficina		GEBSKI 1000PCS Botón de Silencio DC12V 50mA 6 * 6 * 7.3 Interruptor silencioso Ratón inalámbrico Bot
SUBCATEGORÍA	p189333	Laptops/	Laptops/Laptops de 15" y 16"		Potencia estilizada y confiable, RapidStorm, MXRPM-136, AMD Ryzen R5 5600U, 64GB RAM, 1T SSD, Mochil
SUBCATEGORÍA	p189348	Laptops/	Laptops/Workstation y empresariales		Computadora empresarial confiable, GameFury, MXGRY-111, AMD Ryzen R7 4800U, 8GB RAM, 1T SSD, Mochila
SUBCATEGORÍA	p189355	Laptops/	Laptops/Laptops de 15" y 16"		HP computadora todo en uno para negocios, visualización táctil FHD de 27 pulgadas, Intel Core i7-135
SUBCATEGORÍA	p193192	Cafeteras/	Cafeteras/Manuales		Prensa Francesa 1L,Prensa Francesa de Vidrio con Émbolo de Acero Inoxidable y Agarradera de Plástico
SUBCATEGORÍA	p193427	Refrigeradores/	Refrigeradores/Frigobares		Frigidaire Mini refrigerador personal retro de 9 latas portátil para coche, oficina, recámara, recám
SUBCATEGORÍA	p193441	Refrigeradores/	Refrigeradores/Frigobares		Frigidaire Mini refrigerador personal retro de 9 latas enfriador portátil para coche, oficina, dormi
SUBCATEGORÍA	p193551	Refrigeradores/	Refrigeradores/Refrigeradores		Refrigerador de vino de 12 pulgadas, 21 botellas, pequeño con puerta de vidrio, integrado o no empot
SUBCATEGORÍA	p193708	Refrigeradores/	Refrigeradores/Frigobares		Frigidaire Mini refrigerador personal retro de 12 latas portátil para coche, oficina, recámara, recá
SUBCATEGORÍA	p193978	Proyectores y accesorios/	Proyectores y accesorios/Pantallas con trípode y portátiles		Pantalla portátil HD de 100 pulgadas 16:9 sin marco, plegable para pared montado para salas de cine 
SUBCATEGORÍA	p194858	Iluminación/	Iluminación/Plafones y lámparas de sobreponer		Lámpara De Techo LED Astronauta Para Habitación De Niños Con Proyector De Estrellas Lámpara Colgante
SUBCATEGORÍA	p197443	Proyectores y accesorios/	Proyectores y accesorios/Proyectores		Pantalla de proyector de 50 Pulgadas, portátil, de pie, Plegable, Enrollable, Manual, para Exteriore
SUBCATEGORÍA	p197444	Proyectores y accesorios/	Proyectores y accesorios/Proyectores		Pantalla de proyector de 50 Pulgadas, portátil, de pie, Plegable, Enrollable, Manual, para Exteriore
SUBCATEGORÍA	p197445	Proyectores y accesorios/	Proyectores y accesorios/Proyectores		Pantalla de proyector de 50 Pulgadas, portátil, de pie, Plegable, Enrollable, Manual, para Exteriore
SUBCATEGORÍA	p197446	Proyectores y accesorios/	Proyectores y accesorios/Proyectores		Pantalla de proyector de 50 Pulgadas, portátil, de pie, Plegable, Enrollable, Manual, para Exteriore
SUBCATEGORÍA	p197970	Proyectores y accesorios/	Proyectores y accesorios/Pantallas con trípode y portátiles		Pantalla de proyección con trípode - Pantalla de proyección móvil HD 4:3/16:9 para Exteriores e Inte
SUBCATEGORÍA	p198938	Joyería y bisutería/	Joyería y bisutería/Collares		Ipetboom Collar Proyección de Corazón Dorado, Cadena de Clavícula para Mujer, Joyería Creativa Mensa
SUBCATEGORÍA	p198947	Joyería y bisutería/	Joyería y bisutería/Collares		Holibanna Collar De Proyección De Corazón Para Mujer, Colgante Joyería Dije Metálico Dorado, Liviano
SUBCATEGORÍA	p200621	Lavadoras/	Lavadoras/Secadoras		Filtro de Lavadora, Caja de Filtro de Lavandería caja de cubeta con filtro colector de pelusa para s
SUBCATEGORÍA	p201183	Electrodomésticos/	Electrodomésticos/Purificadores bajo tarja		Filtro de agua ACF de 2 micrones, sistema de filtro de agua visible para lavadora, 99.5% de eliminac
SUBCATEGORÍA	p201206	Equipo comercial/	Equipo comercial/Carros de servicio		Carrito de almacenamiento delgado de 4 niveles con ruedas para lavadero entre lavadora y secadora, c
SUBCATEGORÍA	p202364	Otros/	Otros/Accesorios y limpieza de paneles solares		Herramienta de limpieza automática de paneles solares, kit de poste alimentado con agua de 7 m, limp
SUBCATEGORÍA	p202403	Otros/	Otros/Accesorios y limpieza de paneles solares		Limpieza De Paneles Solares EléCtricos De 240 W, Cabezal De Cepillo Giratorio De 60 Cm, Lavadora Fot
SUBCATEGORÍA	p202488	Otros/	Otros/Kits solares y controladores de carga		Kit de cepillo para polvo de limpieza de panel solar eléctrico eficiente, varilla alimentada con agu
SUBCATEGORÍA	p202489	Otros/	Otros/Kits solares y controladores de carga		Kit de cepillo para polvo de limpieza de paneles solares eléctricos, varilla alimentada con agua de 
SUBCATEGORÍA	p203041	Electrodomésticos/	Electrodomésticos/Microondas		BOOSEN 12 Pcs Kit Air Fryer Silicona, Accesorios Freidora de Aire Reutilizable, Bandeja para Hornear
SUBCATEGORÍA	p203259	Electrodomésticos/	Electrodomésticos/Purificadores de grifo y encimera		Filtro de Agua para Grifo y Lavadora Purificador Elimina Sedimentos Garosa Hogar
SUBCATEGORÍA	p204432	Electrodomésticos/	Electrodomésticos/Vaporizadores de ropa		Oster Vaporizador de Mano Plegable, con Boton de Vapor Continuo, con Deposito de Agua de 200 ml, Inc
SUBCATEGORÍA	p205742	Electrodomésticos/	Electrodomésticos/Robots limpiacristales		BESPORTBLE Escobilla Limpiacristales, Raspador de Ventana Multifuncional, Herramienta de Goma para L
SUBCATEGORÍA	p206947	Electrodomésticos/	Electrodomésticos/Robots limpiacristales		Robot limpiacristales,3 rutas de limpieza automática,Protección de apagado del UPS,Herramientas de l
SUBCATEGORÍA	p207494	Electrodomésticos/	Electrodomésticos/Accesorios y repuestos para freidora de aire		Rejilla Para Freidora De Aire - Rejilla Para Freidora De Aire Con Brochetas, Parrilla Acero Inoxidab
SUBCATEGORÍA	p207507	Electrodomésticos/	Electrodomésticos/Accesorios y repuestos para freidora de aire		Cesta giratoria para freidora de aire a la parrilla, jaulas giratorias de calefacción de 360 grados,
SUBCATEGORÍA	p207509	Electrodomésticos/	Electrodomésticos/Accesorios y repuestos para freidora de aire		Rejilla Para Air Fryer Y Horno | Bandeja En Acero Inoxidable De 20 Cm - con Brochetas Estante Acero 
SUBCATEGORÍA	p207513	Electrodomésticos/	Electrodomésticos/Lavavajillas		Placa de Repuesto para Freidora de Aire, Sartén de Hierro para Parrilla, Revestimiento Antiadherente
SUBCATEGORÍA	p207515	Electrodomésticos/	Electrodomésticos/Accesorios y repuestos para freidora de aire		Yomvzake Bandeja para Muffins de Freidora de Aire, 2 Envases para Cupcake para Freidora de Aire y Ho
SUBCATEGORÍA	p207526	Electrodomésticos/	Electrodomésticos/Lavavajillas		Rejilla para freidora de aire, sartén redonda para freidora de aire 8, 66 pulgadas, antiadherente, a
SUBCATEGORÍA	p207527	Electrodomésticos/	Electrodomésticos/Accesorios y repuestos para freidora de aire		125 forros perforados para freidora de aire compatibles con Cuisinart TOA-70NAS, papel de pergamino 
SUBCATEGORÍA	p207529	Electrodomésticos/	Electrodomésticos/Lavavajillas		Rejilla para Freidora de Aire, Rejilla de Secado con Inserción de Acero Inoxidable, Antiadherente, A
SUBCATEGORÍA	p207534	Electrodomésticos/	Electrodomésticos/Accesorios y repuestos para freidora de aire		Sartén de repuesto para freidora de aire mejorada para Chefman de 8 cuartos de galón, bandeja antiad
SUBCATEGORÍA	p207537	Electrodomésticos/	Electrodomésticos/Accesorios y repuestos para freidora de aire		Sartén de repuesto para freidora de aire Power Dash Chefman, freidoras de aire de 5 cuartos de galón
SUBCATEGORÍA	p207540	Electrodomésticos/	Electrodomésticos/Freidoras de aire		Rejillas de Enfriamiento de Cocción Redondas Rejilla Redonda de Acero Inoxidable para Cocinar Al Vap
SUBCATEGORÍA	p207542	Electrodomésticos/	Electrodomésticos/Accesorios y repuestos para freidora de aire		Ipetboom Cesta de Malla de Acero Inoxidable 8.25 Pulgadas para Freidora de Aire Asa Ergonómica, Repu
SUBCATEGORÍA	p207546	Electrodomésticos/	Electrodomésticos/Accesorios y repuestos para freidora de aire		Rejilla Para Freidora De Aire,Rejilla Redonda Air Fryer, Rejilla De Cocción Redonda De Acero Inoxida
SUBCATEGORÍA	p207550	Electrodomésticos/	Electrodomésticos/Accesorios y repuestos para freidora de aire		Rejilla para Freidora de Acero Inoxidable de 3 Capas, Rejilla Apilable para Parrilla para Horno Frei
SUBCATEGORÍA	p207551	Electrodomésticos/	Electrodomésticos/Accesorios y repuestos para freidora de aire		Rejilla para freidora de Aire, Cesta Cuadrada de Acero Inoxidable 3 Capas para freidora Aire 8 Pulga
SUBCATEGORÍA	p207553	Electrodomésticos/	Electrodomésticos/Lavavajillas		Sartén de repuesto para freidora de aire, 21 freidoras de aire de 20,5 x 0,6 cm, plato de parrilla d
SUBCATEGORÍA	p207556	Electrodomésticos/	Electrodomésticos/Lavavajillas		Rejilla para freidora de aire, sartén redonda para freidora de aire 8, 66 pulgadas, antiadherente, a
SUBCATEGORÍA	p207566	Electrodomésticos/	Electrodomésticos/Accesorios y repuestos para freidora de aire		Accesorios de freidora de aire para Gourmia GAF716 GAF778 GAF798 7QT Air Fryer, 8.97 '' * 8.97 '' Ba
SUBCATEGORÍA	p207567	Electrodomésticos/	Electrodomésticos/Accesorios y repuestos para freidora de aire		Accesorios de freidora de aire para Gourmia GTF7655 GTF7465 GTF7460 Francia puerta tostador horno fr
SUBCATEGORÍA	p207576	Electrodomésticos/	Electrodomésticos/Accesorios y repuestos para freidora de aire		GWYSY - Piezas de repuesto para freidora de aire Kalorik MAXX, horno de freidora de aire de 26 cuart
SUBCATEGORÍA	p207577	Electrodomésticos/	Electrodomésticos/Freidoras de aire de 8 L o más		Micro interruptor para horno de freidora de aire Instant Vortex Plus de 10 cuartos de galón y 1500 W
SUBCATEGORÍA	p207583	Electrodomésticos/	Electrodomésticos/Accesorios y repuestos para freidora de aire		Bandeja para Hornear de Freidora de Aire para Horno Tostador Freidora de Aire Nuwave Bravo 12 en 1 d
SUBCATEGORÍA	p207585	Electrodomésticos/	Electrodomésticos/Lavavajillas		Piezas de repuesto para horno tostador Gourmia GTF7655 GTF7460 GTF7465 freidora de aire Combo de 25 
SUBCATEGORÍA	p207586	Electrodomésticos/	Electrodomésticos/Accesorios y repuestos para freidora de aire		Piezas de repuesto para freidora de aire Ninja AF141 Air Fryer Pro 4 en 1 AF142 Air Fry Max 5 en 1 5
SUBCATEGORÍA	p207592	Electrodomésticos/	Electrodomésticos/Accesorios y repuestos para freidora de aire		Healifty Cesta de Repuesto para Freidora de Aire Acero al Carbono con Recubrimiento Antiadherente Ba
SUBCATEGORÍA	p207599	Electrodomésticos/	Electrodomésticos/Accesorios y repuestos para freidora de aire		Accesorios de freidora de aire de doble cesta para Ninja Foodi DZ201 DZ100 SL201 y otras freidoras d
SUBCATEGORÍA	p207601	Electrodomésticos/	Electrodomésticos/Accesorios y repuestos para freidora de aire		Forros de silicona grandes para freidora de aire cuadrados de 5 a 9 cuartos de galón, revestimientos
SUBCATEGORÍA	p207607	Electrodomésticos/	Electrodomésticos/Accesorios y repuestos para freidora de aire		Bandeja de Cesta de Freidora de Aire de Repuesto para Cuisinart TOA-60 TOA-65 TOA-70 Tostador Horno 
SUBCATEGORÍA	p207610	Electrodomésticos/	Electrodomésticos/Accesorios y repuestos para freidora de aire		Rejilla para Freidora de Aire de Acero Inoxidable de 3 Piezas, Rejilla para Cocinar al Vapor, Enfria
SUBCATEGORÍA	p207612	Electrodomésticos/	Electrodomésticos/Accesorios y repuestos para freidora de aire		Crispi - Forros de freidora de aire desechables para Ninja, 260 piezas de accesorios de freidora de 
SUBCATEGORÍA	p207619	Electrodomésticos/	Electrodomésticos/Accesorios y repuestos para freidora de aire		Cesta para Freidora de Aire para Horno Freidora de Aire Kalorik MAXX de 26 Cuartos de Galón 10 en 1 
SUBCATEGORÍA	p207628	Electrodomésticos/	Electrodomésticos/Lavavajillas		Sartén de Repuesto para Freidora de Aire, Redonda, Resistente Al Calor, Antiadherente, para Freidora
SUBCATEGORÍA	p207630	Electrodomésticos/	Electrodomésticos/Accesorios y repuestos para freidora de aire		Rejilla para freidora de aire Cesta para freidora de aire Estante para freidora de aire apilable de 
SUBCATEGORÍA	p207645	Electrodomésticos/	Electrodomésticos/Accesorios y repuestos para freidora de aire		Bandeja antiadherente para hornear con cesta crujiente de cobre y freidora de aire (2 unidades)
SUBCATEGORÍA	p207664	Electrodomésticos/	Electrodomésticos/Accesorios y repuestos para freidora de aire		Bandeja de acero inoxidable 304 TOA-65 CTOA-130PC2 piezas de repuesto para freidora de aire digital 
SUBCATEGORÍA	p207665	Electrodomésticos/	Electrodomésticos/Accesorios y repuestos para freidora de aire		Tefal XA1120 Easy Fry XL - Juego de accesorios para cesta de cocción (4 accesorios, freidora de aire
SUBCATEGORÍA	p207668	Electrodomésticos/	Electrodomésticos/Accesorios y repuestos para freidora de aire		Juego de 3 piezas de repuesto para Cuisinart TOA-60 TOA-65 TOA-70 freidora de aire, cesta de freidor
SUBCATEGORÍA	p207670	Electrodomésticos/	Electrodomésticos/Accesorios y repuestos para freidora de aire		3 piezas de repuesto para freidora de aire (cesta/sartén/bastidor) compatibles con Cuisinart TOA-60 
SUBCATEGORÍA	p207674	Electrodomésticos/	Electrodomésticos/Freidoras de aire de 8 L o más		Juego de 4 piezas para freidora de aire con cesta para freidora de aire digital multifuncional de 10
SUBCATEGORÍA	p207676	Electrodomésticos/	Electrodomésticos/Accesorios y repuestos para freidora de aire		Cesta de freidora de aire y bandeja crujiente para Ninja AF141, piezas de repuesto para freidora de 
SUBCATEGORÍA	p207682	Electrodomésticos/	Electrodomésticos/Accesorios y repuestos para freidora de aire		Cajón de Vidrio Cuadrado para Freidora de Aire 45L Recipiente Interior Reemplazo Bandeja para Hornea
SUBCATEGORÍA	p207692	Electrodomésticos/	Electrodomésticos/Lavavajillas		Forro de vidrio reutilizable para freidora de aire, forro de silicona con anillo de silicona extraíb
SUBCATEGORÍA	p207697	Electrodomésticos/	Electrodomésticos/Accesorios y repuestos para freidora de aire		KCO124 KCO124BM - Cesta de repuesto para freidora de aire, cesta de horno Kitchenaid, cesta de malla
SUBCATEGORÍA	p207700	Electrodomésticos/	Electrodomésticos/Accesorios y repuestos para freidora de aire		Juego de freidora de aire para Ninja Foodi DT251 DT201 DT200 - Freidora de aire digital, accesorios 
SUBCATEGORÍA	p207724	Electrodomésticos/	Electrodomésticos/Hornos freidora y multifunción		Paquete de 3 Cestas para Freidora de Aire para Horno, Cesta para Parrilla de Acero Inoxidable Juego 
SUBCATEGORÍA	p207726	Electrodomésticos/	Electrodomésticos/Accesorios y repuestos para freidora de aire		predolo Cesta de Acero Inoxidable para Freidora de Aire (6 Piezas) con Asa, Ideal para Freír, Asar Y
SUBCATEGORÍA	p209246	Electrodomésticos/	Electrodomésticos/Freidoras de aire de 8 L o más		Alimentos Esenciales y ayudantes Familiares Freidora de Aire Inteligente Freidora eléctrica sin Acei
SUBCATEGORÍA	p209537	Electrodomésticos/	Electrodomésticos/Filtros y membranas de repuesto		Aramox Filtro Purificador de Agua, Prefiltro para Lavadoras Domésticas, Elimina Impurezas para una R
SUBCATEGORÍA	p209640	Electrodomésticos/	Electrodomésticos/Dispensadores de agua		llave de filtro cepillado de acero inoxidable, llave de agua potable, llave de fregadero de cocina, 
SUBCATEGORÍA	p209894	Electrodomésticos/	Electrodomésticos/Filtros para refrigerador y cafetera		Waterdrop - Dispensador de filtro de agua delgado para nevera, gran capacidad, 35 tazas, 200 galones
SUBCATEGORÍA	p233639	Videojuegos/	Videojuegos/Fundas, micas y protectores		Carrying Case Travel Compatible with PS5/ Slim/ Pro Console, PS5 Backpack Fits 16" Laptop, Protectiv
SUBCATEGORÍA	p234653	Cargadores y adaptadores/	Cargadores y adaptadores/Cargadores multipuerto y estaciones de carga		Sxhlseller Extensor de Concentrador USB de 5 Puertos para Accesorios de PS5, Incluye 4X USB 2.0, 1x 
SUBCATEGORÍA	p234802	Cargadores y adaptadores/	Cargadores y adaptadores/Cable		Hub USB de 6 puertos para accesorios PS5, adaptador divisor de cargador de concentrador de expansión
SUBCATEGORÍA	p234825	Videojuegos/	Videojuegos/Cables y adaptadores		HORI Cable HDMI de ultra alta velocidad para Playstation® 5 - Ultra High Speed HDMI Cable for Playst
SUBCATEGORÍA	p234939	Laptops/	Laptops/Gamer		ASUS ROG XBOX Ally/AMD Ryzen™ Z2 A/AMD Radeon™ Graphics/ 16GB 512GB SSD/FHD 16:9 120Hz/ Wi-Fi 6E + B
SUBCATEGORÍA	p235318	Almacenamiento/	Almacenamiento/Externo		Seagate Disco Duro Externo portátil para Xbox 2 TB – USB 3.2 Gen 1, Negro con Barra LED Verde incorp
SUBCATEGORÍA	p235778	Laptops/	Laptops/MacBook		ORICO Soporte de Laptop para Escritorio Giratorio 360° y Ajustable, Base de Aluminio Plegable con di
SUBCATEGORÍA	p236214	Muebles/	Muebles/Sofás de 2 y 3 plazas		BRO A SIS Sofá de 3 Plazas para Sala Estilo Nórdico, Mueble Moderno con Bolsillos de Almacenamiento 
SUBCATEGORÍA	p236746	Juegos de mesa/	Juegos de mesa/De rol y dados		La Compañía de los Juegos | Cabras al Monte | Juego de Mesa Familiar | Dados, Estrategia y Rey de la
SUBCATEGORÍA	p236815	Equipo comercial/	Equipo comercial/Mobiliario		Mesa 120x60x86.5 cm Isla de Trabajo Comercial de Acero Inoxidable para Restaurantes, Negocio, Almacé
SUBCATEGORÍA	p236821	Equipo comercial/	Equipo comercial/Mobiliario		VEVOR Mesa de Trabajo de Acero Inoxidable de 89 x 61 x 84 cm, Capacidad de Carga de 317 kg, con 4 Ru
SUBCATEGORÍA	p238794	Muebles/	Muebles/Roperos		BRO A SIS Cómoda Cajonera Negra Estilo Industrial con Perchero - Ropero Armable con Luz LED y Estaci
SUBCATEGORÍA	p238930	Juegos de mesa/	Juegos de mesa/De mesa clásicos		Battleship Hasbro Gaming Juego de Mesa versión en español para 2 Jugadores a Partir de los 7 años
SUBCATEGORÍA	p238933	Juegos de mesa/	Juegos de mesa/De estrategia		Devir - Catan, Juego de Mesa, 3-4 jugadores, Juego de Mesa Familiar, Juego de Mesa para jugar con Am
SUBCATEGORÍA	p238938	Juegos de mesa/	Juegos de mesa/De cartas		¡Paren la Nave! Que Me Bajo | Juego de Cartas y Suposiciones para Toda la Familia | No Necesitas Sab
SUBCATEGORÍA	p238945	Juegos de mesa/	Juegos de mesa/De estrategia		Bonsai por DV Games, juego de mesa familiar para 2 a 4 jugadores, edad recomendada a partir de 8 año
SUBCATEGORÍA	p238946	Juegos de mesa/	Juegos de mesa/De mesa clásicos		Hasbro Gaming Monopoly - Juego de Mesa de Negociar Propiedades con Bandeja de Almacenamiento y Token
SUBCATEGORÍA	p238957	Juegos de mesa/	Juegos de mesa/De estrategia		Novelty Corp Juego de Mesa de Estrategia Spectrum: 2-4 Jugadores, Edad Recomendada 2+
SUBCATEGORÍA	p238963	Juegos de mesa/	Juegos de mesa/De estrategia		Juego de mesa de Jamaica (nueva edición) – Juego de carreras de piratas para la familia, juego de es
SUBCATEGORÍA	p238966	Juegos de mesa/	Juegos de mesa/Ajedrez		Lexibook, juego electrónico de ajedrez de viaje, 32 piezas, 64 niveles de dificultad, 1 a 2 jugadore
SUBCATEGORÍA	p238988	Juegos de mesa/	Juegos de mesa/De rol y dados		Ravensburger Las Vegas | Juego de Mesa de Estrategia de Casino con Dados para 2 a 6 Jugadores | Jueg
SUBCATEGORÍA	p238990	Juegos de mesa/	Juegos de mesa/Clásicos		| Coffee Rush Grab & Go | Juego de Cartas Rápido y Portátil para 2-4 Jugadores | Sé el Barista Más R
SUBCATEGORÍA	p239010	Juegos de mesa/	Juegos de mesa/De estrategia		Asmodee Azul: Juego de Mesa y Estrategia - 2 a 4 Jugadores - Edad Recomendada 8 Años en Adelante - E
SUBCATEGORÍA	p239013	Juegos de mesa/	Juegos de mesa/De estrategia		La Compañía de los Juegos | Alta Sociedad | Juego de Mesa de Subastas y Estrategia | Reiner Knizia |
SUBCATEGORÍA	p239021	Juegos de mesa/	Juegos de mesa/De mesa clásicos		Hasbro Gaming Operando - Juego de Mesa de Viaje Familiar con luz y Sonido para 2 a 4 Jugadores a Par
SUBCATEGORÍA	p239028	Juegos de mesa/	Juegos de mesa/De cartas		La Compañía de los Juegos | Quartz: El Juego de Cartas | Juego de Mesa Familiar de Awawas colecciona
SUBCATEGORÍA	p239035	Juegos de mesa/	Juegos de mesa/Clásicos		Juego de Mesa Don't Go in There – Juego de Aventura de casa embrujada, Juego de Estrategia para niño
SUBCATEGORÍA	p239041	Juegos de mesa/	Juegos de mesa/De cartas		Sequence Juego de Mesa, Sequence Game, Juego de Mesa Estrategia Familiar - Juego de Cartas con Table
SUBCATEGORÍA	p239047	Juegos de mesa/	Juegos de mesa/De estrategia		Cash 'N Guns Second Edition Party, juego de mesa de estrategia de robo de dinero, juego de gángster 
SUBCATEGORÍA	p239053	Juegos de mesa/	Juegos de mesa/Clásicos		Parchis Juego de Mesa Familiar, Estrategia y Concentración, para Niños 5+, Incluye Tablero, 16 Ficha
SUBCATEGORÍA	p239055	Juegos de mesa/	Juegos de mesa/De cartas		Genérico Lotería Mexicana Tradicional – Juego de Mesa Familiar con 20 Tablas y 54 Cartas Baraja
SUBCATEGORÍA	p239065	Juegos de mesa/	Juegos de mesa/Infantiles		Hasbro Gaming Juego de Mesa para niños de 8 años en adelante, Juego de Pistas reimaginado para 2 a 6
SUBCATEGORÍA	p239077	Juegos de mesa/	Juegos de mesa/De cartas		Chao Pescao | Juego de Mesa Party Game para 4-10 Jugadores | Pesca las Respuestas Falsas y Evita la 
SUBCATEGORÍA	p239083	Juegos de mesa/	Juegos de mesa/De estrategia		Ravensburger Scotland Yard | Juego de Mesa Clásico de Estrategia y Deducción | Captura al Misterioso
SUBCATEGORÍA	p239085	Juegos de mesa/	Juegos de mesa/De estrategia		Juego de Mesa Heat | Juego de Mesa en Español | Juego de Carreras y Estrategia | para niños de 10 añ
SUBCATEGORÍA	p239093	Juegos de mesa/	Juegos de mesa/De estrategia		Asmodee Abalone Go, Juego Familiar, Juego de Mesa, 2 Jugadores, a Partir de 7 años, 20 Minutos
SUBCATEGORÍA	p239098	Juegos de mesa/	Juegos de mesa/De cartas		Asmodee Mysterium Juego de mesa (Actualización 2025) - Juego cooperativo de misterio psíquico con co
SUBCATEGORÍA	p239103	Juegos de mesa/	Juegos de mesa/De estrategia		Ravensburger Puerto Rico | Juego de Mesa de Estrategia y Construcción | Versión Moderna del Clásico 
SUBCATEGORÍA	p239114	Juegos de mesa/	Juegos de mesa/De mesa clásicos		2-6 Jugadores Rummy Juego de Mesa, The Clásico Rummy Game con 6 Bases Antideslizantes, 160 Tarjetas 
SUBCATEGORÍA	p239116	Juegos de mesa/	Juegos de mesa/De estrategia		Juego de Mesa de 7 Maravillas (Nueva edición) – ¡Lleva tu civilización a la Prosperidad! Juego de Es
SUBCATEGORÍA	p239118	Juegos de mesa/	Juegos de mesa/De cartas		Asmodee Juego de Mesa Monkey Palace|Lego| Juego Cooperativo, Competitivo| para niños de 10 años en a
SUBCATEGORÍA	p239122	Juegos de mesa/	Juegos de mesa/De estrategia		Cascadia en Español Juego de Mesa, Delirium Games | 1-4 Jugadores de 10+ Años, Tiempo de Juego 30-45
SUBCATEGORÍA	p239126	Juegos de mesa/	Juegos de mesa/De cartas		MAR LÚDICO | Barrio | Juego de Mesa de Construcción y Estrategia | 54 Cartas de Materiales, 39 Carta
SUBCATEGORÍA	p239131	Juegos de mesa/	Juegos de mesa/De estrategia		Devir Catan en Español, Juego de Mesa, Catan Ampliación 5 a 6 Jugadores en Español
SUBCATEGORÍA	p239137	Juegos de mesa/	Juegos de mesa/De cartas		Lotería Mexicana Tradicional en Caja Grande - Juego de Mesa Familiar con 10 Tableros, 54 Cartas, 70 
SUBCATEGORÍA	p239138	Juegos de mesa/	Juegos de mesa/De estrategia		MAR LÚDICO Temple of Five | Juego de Mesa de Estrategia, Colocación de Trabajadores y Losetas | Cons
SUBCATEGORÍA	p239144	Juegos de mesa/	Juegos de mesa/De estrategia		FUNKO GAMES Scream The Game - Juego de mesa para 2-4 jugadores, a partir de 13 años
SUBCATEGORÍA	p239156	Juegos de mesa/	Juegos de mesa/De rol y dados		Floodgate Games Sagrada - Juego de mesa para niños y adultos | Juego de estrategia de colocación y d
SUBCATEGORÍA	p239157	Juegos de mesa/	Juegos de mesa/De estrategia		Asmodee Survive The Island Monster Pack Expansión de Juego de Mesa – Añade 3 nuevos Monstruos, Diver
SUBCATEGORÍA	p239159	Juegos de mesa/	Juegos de mesa/De cartas		IDEOTAS El Trompo Juego de Cartas de Estrategia para 2 a 6 Jugadores, Juego de Mesa Familiar de Bluf
SUBCATEGORÍA	p239163	Juegos de mesa/	Juegos de mesa/De estrategia		Blue Orange - Juego de mesa Games Planet: galardonado juego de mesa 3D de estrategia para niños, fam
SUBCATEGORÍA	p239167	Juegos de mesa/	Juegos de mesa/Educativos		Ravensburger Juego de Mesa Familiar Educativo La Cucaracha Diversión Interactiva para Niños y Adulto
SUBCATEGORÍA	p239173	Juegos de mesa/	Juegos de mesa/De cartas		Ravensburger Piñata Blast Juego de Mesa de Cartas, Dados y Reflejos 3 a 6 Jugadores | Ideal 7 años e
SUBCATEGORÍA	p239179	Juegos de mesa/	Juegos de mesa/De estrategia		Darkest Dungeon: The Board Game - Juego de Mesa de Mythic Games 1-4 Jugadores - 90-120 Minutos de Ju
SUBCATEGORÍA	p239181	Juegos de mesa/	Juegos de mesa/De cartas		Sequence Juego de Mesa, Sequence Game, Juego de Mesa Estrategia Familiar - Juego de Cartas con Table
SUBCATEGORÍA	p239196	Mouse/	Mouse/Gaming		Mouse Pad xxl,100x40cm Alfombrilla para Ratón Tapete para Escritorio, Mousepad Grande Desk Mat Antid
SUBCATEGORÍA	p239401	Cargadores y adaptadores/	Cargadores y adaptadores/Cargadores de pared hasta 20 W		Regleta Empotrada con Tipo C 20W PD Carga Rápida Toma de Corriente de Escritorio 4 Puntos de Venta U
SUBCATEGORÍA	p239757	Cargadores y adaptadores/	Cargadores y adaptadores/Cargadores de pared de 65 W o más		4 LEAF Regleta de Enchufes Empotrada USB C 65W,Enchufe de Escritorio Empotrable 3 Tomas 3 USB (PD 65
SUBCATEGORÍA	p239836	Domótica y hogar inteligente/	Domótica y hogar inteligente/Lámparas y plafones inteligentes		Lloyd's Lámpara Escritorio WiFi RGB control por App y Voz, Brazo Ajustable
SUBCATEGORÍA	p240066	Iluminación/	Iluminación/Lámparas de escritorio		NAIL FACTORY Lámpara LED de Escritorio Glow Bar Lamp, Luz Regulable 180°, Luz Cálida y Blanca. Corri
SUBCATEGORÍA	p240537	Equipo comercial/	Equipo comercial/Mobiliario		Mesa de Acero Inoxidable para Preparación y Trabajo 30x60 pulgadas, 5 pies, Mesa Comercial de Servic
SUBCATEGORÍA	p240780	Equipo comercial/	Equipo comercial/Mobiliario		Mesa de trabajo comercial de acero inoxidable con puertas corredizas, mesa de preparación de cocina 
SUBCATEGORÍA	p242490	Juguetes y bebés/	Juguetes y bebés/Juguetes para bebé		INFANTI | Silla para Bebe Alta 3 en 1 MILA | Convertible para Bebes de 6 Meses a 25 kg | Arnés de 5 
SUBCATEGORÍA	p244534	Blancos y ropa de cama/	Blancos y ropa de cama/Cobijas		Inhand - Mantas de Punto para sofá y Cama, Manta de Punto Suave y acogedora con Borla, Mantas Decora
SUBCATEGORÍA	p244549	Blancos y ropa de cama/	Blancos y ropa de cama/Cobijas		WDCOZY - Manta de muselina 100% algodón, tamaño individual, 4 capas, transpirable, ligera, suave par
SUBCATEGORÍA	p244628	Blancos y ropa de cama/	Blancos y ropa de cama/Cobijas		Bedsure GentleSoft - Manta de forro polar individual XL, ligera, suave y acogedora para cama, sofá, 
SUBCATEGORÍA	p244634	Blancos y ropa de cama/	Blancos y ropa de cama/Cobijas		WDCOZY Manta de Tiro de Burbujas de Lujo, Manta de Tiro de Felpa de Piel Sintética de Visón para Sof
SUBCATEGORÍA	p244644	Blancos y ropa de cama/	Blancos y ropa de cama/Cobijas		EMME - Manta de Algodón para Sofá, Muselina Suave y Aireada, 127 x 178 cm, Ligera y Transpirable, pa
SUBCATEGORÍA	p244652	Blancos y ropa de cama/	Blancos y ropa de cama/Cobijas		Bedsure GentleSoft - Manta de forro polar amarillo con natillas para sofá, mantas súper suaves y aco
SUBCATEGORÍA	p244720	Blancos y ropa de cama/	Blancos y ropa de cama/Cobijas		WDCOZY Manta de Tiro de Burbujas de Lujo, Manta de Tiro de Felpa de Visón de Piel de Conejo Sintétic
SUBCATEGORÍA	p244757	Blancos y ropa de cama/	Blancos y ropa de cama/Cobijas		Bedsure - Manta para decorar la sala de estar, regalos para mujeres y hombres, suave y esponjosa man
SUBCATEGORÍA	p244763	Blancos y ropa de cama/	Blancos y ropa de cama/Cobijas		CREVENT - Manta de Punto Bohemio para sofá, Silla, Cama, decoración del hogar, Suave, cálida, acoged
SUBCATEGORÍA	p244777	Blancos y ropa de cama/	Blancos y ropa de cama/Cobijas		Manta suave para todas las estaciones, primavera, verano, otoño, invierno, cálida y suave, microfelp
SUBCATEGORÍA	p244782	Blancos y ropa de cama/	Blancos y ropa de cama/Cobijas		Bedsure GentleSoft Manta de Forro Polar Cypress King para Sofá - Mantas Suaves y Acogedoras para Muj
SUBCATEGORÍA	p244900	Blancos y ropa de cama/	Blancos y ropa de cama/Cobijas		SmoothNovelty - 18 mantas a granel para boda de 50 x 60 pulgadas, suaves y cálidas, ligeras mantas d
SUBCATEGORÍA	p244901	Blancos y ropa de cama/	Blancos y ropa de cama/Almohadas		Laura Ashley Home - Juego de Cama de sofá Cama Floral con Fundas a Juego y Funda de Almohada, decora
SUBCATEGORÍA	p244919	Blancos y ropa de cama/	Blancos y ropa de cama/Cobijas		Manta bohemia para cama 100% algodón ultra suave y rústica tipo colcha, decoración de casa de campo,
SUBCATEGORÍA	p244928	Muebles/	Muebles/Mesas de centro		Protector rectangular de mesa de conferencias de PVC transparente, mantel de vinilo y plástico, tape
SUBCATEGORÍA	p245349	Muebles/	Muebles/Sillones y reclinables		Silla convertible 3 en 1 con puertos USB, portavasos y soporte para teléfono, sofá cama extraíble de
SUBCATEGORÍA	p245803	Celulares/	Celulares/Resistentes		Celular Kingkong X, 5G Rugged Smartphone Android 14 Desbloqueado,32GB(16+16 Virtual) RAM 512GB ROM,1
SUBCATEGORÍA	p246044	Otros/	Otros/Kits solares y controladores de carga		Anker SOLIX S2000 - Estación de energía portátil con panel solar biifacial de 400 W, generador solar
SUBCATEGORÍA	p246373	Bocinas/	Bocinas/De estantería y Hi-Fi		Cable de Altavoz de Audio HiFi con Conector Banana y Cable de bocina (1 Pieza o 1 par), Amplificador
SUBCATEGORÍA	p246376	Bocinas/	Bocinas/De estantería y Hi-Fi		Cable de Altavoz de Audio HiFi con Conector Banana y Cable de bocina (1 Pieza o 1 par), Amplificador
SUBCATEGORÍA	p246441	Bocinas/	Bocinas/Para PC y escritorio		Logitech Z625 Sistema de Audio 2.1 Subwoofer, THX, 200W RMS, Graves Profundos, Entrada Óptica 3.5 mm
SUBCATEGORÍA	p246448	Bocinas/	Bocinas/Radios y reproductores		Tocadiscos de Vinilo con Bluetooth, gramófono Antiguo de Madera con Cuerno Grande Retro y Soporte de
SUBCATEGORÍA	p246451	Bocinas/	Bocinas/Radios y reproductores		Tocadiscos de Vinilo con Bluetooth, gramófono Antiguo de Madera con Cuerno Grande Retro y Soporte de
SUBCATEGORÍA	p246528	Laptops/	Laptops/Gamer		HP Z2 G1i Workstation - Intel Core Ultra 7 265K - 32 GB - SSD de 1 TB - Torre - Negro - Chip Intel W
SUBCATEGORÍA	p246563	Monitores/	Monitores/Táctiles e industriales		Chengying 50 Inch Multi-Touch 10points Infrarrojos Touch Marco, IR Panel Táctil, visualización tácti
SUBCATEGORÍA	p246564	Monitores/	Monitores/Táctiles e industriales		Marco táctil infrarrojo 98 Inch Multi-Touch 20points Infrarrojos Touch Marco Compatible con HID táct
SUBCATEGORÍA	p246583	Monitores/	Monitores/Táctiles e industriales		waveshare visualización táctil capacitiva DSI de 10.1 pulgadas, cómoda con Raspberry Pi 5/4B/3B, 800
SUBCATEGORÍA	p246584	Monitores/	Monitores/Táctiles e industriales		Chengying 24 Inch Multi-Touch 10points Infrarrojos Touch Marco, IR Panel Táctil, visualización tácti
SUBCATEGORÍA	p246585	Monitores/	Monitores/Táctiles e industriales		Chengying 27 Inch Multi-Touch 10points Infrarrojos Touch Marco, IR Panel Táctil, visualización tácti
SUBCATEGORÍA	p246586	Monitores/	Monitores/Táctiles e industriales		Monitor de Pantalla táctil de Marco Abierto incrustado de 12,1 Pulgadas, 1024x768 IK08 / IP65, monta
SUBCATEGORÍA	p246587	Monitores/	Monitores/Táctiles e industriales		60 inch Multi-Touch 10points infrarrojos Touch marco, IR Panel Táctil, visualización táctil de infra
SUBCATEGORÍA	p246588	Monitores/	Monitores/Táctiles e industriales		Marco táctil infrarrojo 60 Inch Multi-Touch 20points Infrarrojos Touch Marco Compatible con HID táct
SUBCATEGORÍA	p246589	Monitores/	Monitores/Táctiles e industriales		70 inch Multi-Touch 10points infrarrojos Touch marco, IR Panel Táctil, visualización táctil de infra
SUBCATEGORÍA	p246591	Monitores/	Monitores/Táctiles e industriales		Marco táctil infrarrojo 86 Inch Multi-Touch 20points Infrarrojos Touch Marco Compatible con HID táct
SUBCATEGORÍA	p246598	Monitores/	Monitores/Táctiles e industriales		Marco táctil infrarrojo 49 Inch Multi-Touch 20points Infrarrojos Touch Marco Compatible con HID táct
SUBCATEGORÍA	p246610	Monitores/	Monitores/Táctiles e industriales		Chengying 55 Inch Multi-Touch 10points Infrarrojos Touch Marco, IR Panel Táctil, visualización tácti
SUBCATEGORÍA	p246611	Monitores/	Monitores/Táctiles e industriales		Chengying 46 Inch Multi-Touch 10points Infrarrojos Touch Marco, IR Panel Táctil, visualización tácti
SUBCATEGORÍA	p246612	Monitores/	Monitores/Táctiles e industriales		Marco táctil infrarrojo 55 Inch Multi-Touch 20points Infrarrojos Touch Marco Compatible con HID táct
SUBCATEGORÍA	p246730	Otros/	Otros/Paneles solares		APUM Paneles solares monocristalinos, módulo Flexible de Alta eficiencia de 600 W, Cargador de energ
SUBCATEGORÍA	p246731	Cargadores y adaptadores/	Cargadores y adaptadores/Cable		MORNWELL Cable V8 Micro USB Carga Rápid,1M Cable Compatible con Galaxy S7 S6 Edge S5 Note 5 4,Xiaomi
SUBCATEGORÍA	p246732	Cargadores y adaptadores/	Cargadores y adaptadores/Cargadores multipuerto y estaciones de carga		Simpeak 30W 4 Puertos Cargador Escritorio 4 USB PowerPort Cargador, Enchufe Empotrable Tira Alimenta
SUBCATEGORÍA	p246776	Laptops/	Laptops/MacBook		LETTURE Soporte para Computadora Portátil, Soporte Laptop Plegable Mesa 6 Ángulos Ajustables para Or
SUBCATEGORÍA	p246885	Otros/	Otros/Soportes para dispositivos		Soporte for Tableta Ajustable Plegable 360 ​​° Giratorio for Escritorio for teléfono Celular for tab
SUBCATEGORÍA	p246953	Otros/	Otros/Soportes para dispositivos		Soporte para tablet de cuello de cisne para teléfono celular, soporte para tablet de computadora, so
SUBCATEGORÍA	p247010	Otros/	Otros/Soportes para dispositivos		Soporte para tablet de cuello de cisne para teléfono celular, soporte para tablet de computadora, so
SUBCATEGORÍA	p247011	Otros/	Otros/Soportes para dispositivos		Soporte for Tableta Soporte Ajustable Plegable 360 ​​° Soporte Giratorio for Escritorio Soporte for 
SUBCATEGORÍA	p247220	Otros/	Otros/Soportes para dispositivos		Soporte for Tableta Soporte Ajustable Plegable 360 ​​° Soporte Giratorio for Escritorio Soporte for 
SUBCATEGORÍA	p247249	Laptops/	Laptops/Laptops de 15" y 16"		Ordenador, procesador CPU, Unidad Central de proce I7-7700K CPU de Cuatro núcleos 4.2GHz 8 Presiones
SUBCATEGORÍA	p247519	Iluminación/	Iluminación/Decorativa		3PCS Sensor Movimiento para Luces, Luz LED con Sensor de Movimiento, Luz LED de 3 Colores Regulables
SUBCATEGORÍA	p247642	Iluminación/	Iluminación/Lámparas de escritorio		Luz Nocturna con Sensor de Movimiento Paquete de 3, Luces Debajo del Armario Recargable 800mAh Regul
SUBCATEGORÍA	p248626	Cocina y comedor/	Cocina y comedor/Termos y botellas térmicas		Termo Personalizado con Nombre 20 OZ, Vaso Acero Inoxidable Cafe, Termos para Cafe Personalizados Va
SUBCATEGORÍA	p248849	Equipo comercial/	Equipo comercial/Mobiliario		2 Paquetes Organizador Bajo del Fregadero con Deslizamiento Ajustables, Estante Organizador de Frega
SUBCATEGORÍA	p248885	Equipo comercial/	Equipo comercial/Mobiliario		Organizador de Botellas Apilable, Estante de Almacenamiento de Botellas de Agua, Porta de Vino, 4 Ca
SUBCATEGORÍA	p249795	Autos, bicicletas y motos/	Autos, bicicletas y motos/Cascos para moto		Casco Motocicleta, Casco con Auriculares Bluetooth, Integral Cascos para Motos Certificados Dot, par
SUBCATEGORÍA	p250204	Autos, bicicletas y motos/	Autos, bicicletas y motos/Cascos para moto		Casco Motocicleta, Casco con Auriculares Bluetooth, Integral Cascos para Motos Certificados Dot, par
SUBCATEGORÍA	p250216	Autos, bicicletas y motos/	Autos, bicicletas y motos/Cascos para moto		Casco Motocicleta, Casco con Auriculares Bluetooth, Integral Cascos para Motos Certificados Dot, par
SUBCATEGORÍA	p250236	Autos, bicicletas y motos/	Autos, bicicletas y motos/Cascos para moto		Casco Motocicleta, Casco con Auriculares Bluetooth, Integral Cascos para Motos Certificados Dot, par
SUBCATEGORÍA	p250354	Autos, bicicletas y motos/	Autos, bicicletas y motos/Cascos para moto		ILM Casco de Moto WS902 Dual Sport Adventure Blanca, XXL | Certificado Dot FMVSS-218 | Visera Pinloc
SUBCATEGORÍA	p250715	Autos, bicicletas y motos/	Autos, bicicletas y motos/Estéreos para auto		5Ghz WiFi 2G+64G Android 15 Radio de coche para Dodge Charger/Magnum 2005-2007 Estéreo de coche con 
SUBCATEGORÍA	p250871	Autos, bicicletas y motos/	Autos, bicicletas y motos/Estéreos para auto		Radio de coche 4G+64G para Jeep Grand Cherokee 2014-2021, para Dodge Charger Challenger 2015-2023, W
SUBCATEGORÍA	p250932	Autos, bicicletas y motos/	Autos, bicicletas y motos/Estéreos para auto		Rimoody 4+64GB Radio estéreo para Coche Android 15 para for Mitsubishi Lancer 2008-2017. Pantalla 10
SUBCATEGORÍA	p250993	Bocinas/	Bocinas/Amplificadores y receptores		JBL Concert A652 - Amplificador de coche (2 canales, clase AB, 2 x 65 W RMS, 2 o 1 canal: punta de 5
SUBCATEGORÍA	p251193	Cargadores y adaptadores/	Cargadores y adaptadores/Inalámbrico		Adaptador inalámbrico CarPlay para iPhone, actualización 2025, convertidor de cable a inalámbrico Ap
SUBCATEGORÍA	p251509	Cargadores y adaptadores/	Cargadores y adaptadores/Inalámbrico		25W Magnetisches Wireless Ladegerät Auto, polmxs für MagSafe Auto Ladegerät mit 45W USB-C Autoladege
SUBCATEGORÍA	p251547	Otros/	Otros/Inversores		FINYQBET Inversor de Corriente para Auto 3000W, Onda Sinusoidal Pura 12V/24V a 127V, con Pantalla LC
SUBCATEGORÍA	p251560	Otros/	Otros/Inversores		Inversor de Corriente de Onda Sinusoidal Pura de 600W, Convertidor de Corriente Auto Portátil de CC 
SUBCATEGORÍA	p251828	Tabletas/	Tabletas/Tabletas Android con 4G o 5G		TBOX Plus Caja AI para Auto, Android 13, QCM6125 de 8 Núcleos, 4 GB RAM + 64 GB ROM, CarPlay Inalámb
SUBCATEGORÍA	p252347	Autos, bicicletas y motos/	Autos, bicicletas y motos/Estéreos para auto		14.4 Pulgadas Android 8+128GB para Ford F150 F250 2015-2021 Navegación GPS Multimedia Estilo Tesla R
SUBCATEGORÍA	p252434	Autos, bicicletas y motos/	Autos, bicicletas y motos/Estéreos para auto		Repuesto de radio de 9.7 pulgadas para Jaguar XJ 2004-2008. Reproductor de unidad principal Android 
SUBCATEGORÍA	p252514	Equipo comercial/	Equipo comercial/Carros de servicio		Carros de Almacenamiento, Servicio de Autos, vehículo utilitario, Carrito portátil multifunción, Car
SUBCATEGORÍA	p253400	Autos, bicicletas y motos/	Autos, bicicletas y motos/Llantas para bicicleta		BREEZEE Bicicleta Balance 12 Pulgadas Asiento Y Manubrio Ajustables con Neumáticos De Aire Y Freno D
SUBCATEGORÍA	p253532	Deportes y fitness/	Deportes y fitness/Máquinas de cardio		CyclingDeal - Tapete para entrenamiento de bicicleta, compatible con la cinta de correr de bicicleta
SUBCATEGORÍA	p254630	Autos, bicicletas y motos/	Autos, bicicletas y motos/Llantas para bicicleta		Triciclos rickshaw con pedales, triciclo cruiser para exteriores para viajar, bicicleta de 3 ruedas 
SUBCATEGORÍA	p254816	Autos, bicicletas y motos/	Autos, bicicletas y motos/Triciclos y bicicletas de carga		Triciclo Eléctrico para Adultos,20"x4.0"Neumáticos Plegables de Grasa Ancha Trike Eléctrico de 3 Rue
SUBCATEGORÍA	p254893	Autos, bicicletas y motos/	Autos, bicicletas y motos/Llantas para bicicleta		Triciclos Rickshaw con Pedales, Triciclo para Exteriores para Viajar, Bicicleta de 3 Ruedas con llan
SUBCATEGORÍA	p255645	Autos, bicicletas y motos/	Autos, bicicletas y motos/Pedales, manubrios y puños		MAGICLULU Asistente De Acelerador De Motocicleta Control De Crucero Universal Para Manillar Repuesto
SUBCATEGORÍA	p255877	Autos, bicicletas y motos/	Autos, bicicletas y motos/Bolsas, canastas y portabultos		Bolsas laterales para sillín de motocicleta,alforjas,piel de PVC para Harley Sportster,impermeable,b
SUBCATEGORÍA	p256162	Autos, bicicletas y motos/	Autos, bicicletas y motos/Cascos para moto		Casco Motocicleta, Casco con Auriculares Bluetooth, Integral Cascos para Motos Certificados Dot, par
SUBCATEGORÍA	p256965	Otros/	Otros/Kits solares y controladores de carga		Kit de paneles solares de 50 W 12 V monocristalinos, mantenedor solar con controlador de carga de ba
SUBCATEGORÍA	p256972	Otros/	Otros/Kits solares y controladores de carga		Equipo de paneles solares, Kit de inicio de panel solar de módulo fotovoltaico monocristalino de alt
SUBCATEGORÍA	p257178	Cocina y comedor/	Cocina y comedor/Botellas de agua		Sportisimo Botella Plegable de Silicón 475 ml | Collapsible Water Bottle | BPA-Free · Tapa Flip · Po
SUBCATEGORÍA	p257203	Relojes inteligentes/	Relojes inteligentes/Bandas de actividad		2 Piezas de Correas Elásticas Ajustables Compatibles con Xiaomi Smart Band 9 active/Redmi Smart Band
SUBCATEGORÍA	p257204	Relojes inteligentes/	Relojes inteligentes/Bandas de actividad		WolliLe Elásticas Correa de Nailon Compatible con Xiaomi Smart Band 9 Active/Redmi Smart Band 3, Tra
SUBCATEGORÍA	p257206	Relojes inteligentes/	Relojes inteligentes/Bandas de actividad		2 Piezas de Correas Elásticas Ajustables Compatibles con Xiaomi Smart Band 9 active/Redmi Smart Band
SUBCATEGORÍA	p257207	Relojes inteligentes/	Relojes inteligentes/Bandas de actividad		WolliLe Elásticas Correa de Nailon Compatible con Xiaomi Smart Band 9 Active/Redmi Smart Band 3, Tra
SUBCATEGORÍA	p257231	Relojes inteligentes/	Relojes inteligentes/Smartwatches		FreshFun Smartwatch 1.43" AMOLED con Llamada Bluetooth, Reloj Inteligente Hombre Impermeable IP67, M
SUBCATEGORÍA	p257238	Cámaras de seguridad/	Cámaras de seguridad/Kits de vigilancia		EZVIZ CB5, Kit de Cámara WiFi 4K para Exterior con Bateria y Panel Solar, Grabación 24/7 con Modo AO
SUBCATEGORÍA	p257240	Cámaras de seguridad/	Cámaras de seguridad/Cámaras exteriores		TP-Link Tapo Cámara Wi-Fi de Seguridad Exterior con batería de 180 días, 3MP, Visión Nocturna Full-C
SUBCATEGORÍA	p257242	Cámaras de seguridad/	Cámaras de seguridad/Kits de vigilancia		Tapo Kit de cámara de vigilancia para Exteriores con energía Solar, inalámbrica, 2 K 3 MP, Seguimien
SUBCATEGORÍA	p257244	Cámaras de seguridad/	Cámaras de seguridad/Kits de vigilancia		TP-Link Tapo C400 Kit Cámara WiFi Exterior con Panel Solar, 1080P Full HD, Visión Nocturna a Color, 
SUBCATEGORÍA	p257252	Cámaras de seguridad/	Cámaras de seguridad/Alarmas		Reobiux 2-1 Lente Doble Camara de Seguridad Exterior, 4K 8MP Cámara de Seguridad con Visión Nocturna
SUBCATEGORÍA	p257265	Cámaras de seguridad/	Cámaras de seguridad/Cámaras exteriores		Imou Cámara de Seguridad Exterior, 1080P Cámaras de Seguridad WiFi Exterior, HD Cámara de Vigilancia
SUBCATEGORÍA	p257269	Cámaras de seguridad/	Cámaras de seguridad/Cámaras exteriores		2NLF Cámara de Seguridad Exterior Solar 3 Lentes, Cámaras de Seguridad Inalámbricas 2K 4MP con Panel
SUBCATEGORÍA	p257271	Cámaras de seguridad/	Cámaras de seguridad/Kits de vigilancia		Kit de 4 Cámaras Seguridad Exterior 2MP + DVR 4CH, Audio bidireccional, Detección de Persona/Vehícul
SUBCATEGORÍA	p257272	Cámaras de seguridad/	Cámaras de seguridad/Alarmas		Cámara De Seguridad Exterior Solar Inalámbrica 4G, con SIM, Camara 360 con 3 Lentes, Vision Nocturna
SUBCATEGORÍA	p257274	Cámaras de seguridad/	Cámaras de seguridad/Cámaras exteriores		STEREN Cámara de Seguridad Wi-Fi* 6, 4 Mpx robotizada con Panel Solar, para Exterior, Compatible con
SUBCATEGORÍA	p257278	Cámaras de seguridad/	Cámaras de seguridad/Cámaras PTZ		ANRAN 5MP Cámaras de Seguridad Solar Inalámbricas para Exteriores, Cámara WiFi 2.4G para Seguridad d
SUBCATEGORÍA	p257281	Cámaras de seguridad/	Cámaras de seguridad/Cámaras exteriores		Cámara Solar de Seguridad 4G para Exteriores, Triple Lente con Zoom Híbrido 15X, Compatible con Rede
SUBCATEGORÍA	p257283	Cámaras de seguridad/	Cámaras de seguridad/Alarmas		Cámara De Seguridad Exterior Solar Inalámbrica 4G, con SIM, Camara 360 con 4 Lentes, Vision Nocturna
SUBCATEGORÍA	p257285	Cámaras de seguridad/	Cámaras de seguridad/Cámaras exteriores		Asixxsix Cámara Web Panorámica de 360 ​​Grados HD 1080P Cámara de Vigilancia Domo Cámara de Segurida
SUBCATEGORÍA	p257288	Cámaras de seguridad/	Cámaras de seguridad/Kits de vigilancia		EZVIZ 4K Cámara Vigilancia WiFi Exterior Bateria con Solar,AOV 2.0 360° Cámara Inalámbrica 10400mAh,
SUBCATEGORÍA	p257326	Cámaras de seguridad/	Cámaras de seguridad/Cámaras interiores		Diyeeni Cámara de Ventana de 4MP 2K, Cámaras Interiores WiFi de 2,4 GHz y 5 GHz, Detección de Person
SUBCATEGORÍA	p257330	Cámaras de seguridad/	Cámaras de seguridad/Cámaras interiores		Cámara de Reloj Inteligente, Cámara de Seguridad Interior Inalámbrica WiFi FHD, Monitor Doméstico Co
SUBCATEGORÍA	p257331	Cámaras de seguridad/	Cámaras de seguridad/Cámaras exteriores		AlfredCam Plus 2 Cámara de seguridad inteligente para el hogar 2.5K, WiFi 2.4 y 5GHz, interior y ext
SUBCATEGORÍA	p257332	Cámaras de seguridad/	Cámaras de seguridad/Cámaras exteriores		Vbestlife Cámara de Ventana 2K, Cámara de Seguridad para el Hogar Interior WiFi 5G y 2,4G sin Taladr
SUBCATEGORÍA	p257333	Cámaras de seguridad/	Cámaras de seguridad/Cámaras espía		Mini cámara WiFi A9 Mini cámara APLICACIÓN Monitor remoto Seguridad para el hogar Cámara 1080P Cámar
SUBCATEGORÍA	p257347	Domótica y hogar inteligente/	Domótica y hogar inteligente/Sensores		Timbre de Video Inalámbrico Inteligente, Cámara de Seguridad de Timbre HD 2.4GHz WiFi Soporte de Tel
SUBCATEGORÍA	p257351	Domótica y hogar inteligente/	Domótica y hogar inteligente/Sensores		Sistema de control de acceso de video intercomunicador y timbre WiFi inteligente Tuya, teclado de hu
SUBCATEGORÍA	p257373	Cámaras de seguridad/	Cámaras de seguridad/Kits de vigilancia		Kit de sistema de cámara de seguridad PoE, NVR de vigilancia, 4 cámaras con detección de personas/ma
SUBCATEGORÍA	p257381	Cámaras de seguridad/	Cámaras de seguridad/Alarmas		Sistema de seguridad de cámara de 16 canales PoE con micrófono, detección de vehículos humanos, 8 do
SUBCATEGORÍA	p257383	Cámaras de seguridad/	Cámaras de seguridad/Kits de vigilancia		Cámara inalámbrica de 3/5MP con Monitor de 10,1 Pulgadas, Kit de cámara de vigilancia CCTV WiFi, Kit
SUBCATEGORÍA	p257385	Cámaras de seguridad/	Cámaras de seguridad/Kits de vigilancia		Swann Sistema de cámara de seguridad para el hogar, 6 cámaras H.265 con cable con detección de vehíc
SUBCATEGORÍA	p257386	Cámaras de seguridad/	Cámaras de seguridad/Kits de vigilancia		Hilook IK28P-480T - Kit de vigilancia para exteriores 4K, 4 cámaras PoE de torreta 4K, disco duro NV
SUBCATEGORÍA	p257390	Cámaras de seguridad/	Cámaras de seguridad/Kits de vigilancia		Hieasy Sistema de cámara de seguridad PoE 4K 8CH, kit de reconocimiento facial AI de 5MP 8MP con 8 c
SUBCATEGORÍA	p257392	Cámaras de seguridad/	Cámaras de seguridad/Kits de vigilancia		AKAVIG Sistema de Cámara de Seguridad Solar de 4MP con Monitor de 10 "Y NVR - Kit de Vigilancia al A
SUBCATEGORÍA	p257393	Cámaras de seguridad/	Cámaras de seguridad/Cámaras espía		Mini Cámara Espía WiFi 1080P HD, Cámara de Vigilancia Oculta con Gran Angular 150°, Visión Nocturna,
SUBCATEGORÍA	p257397	Cámaras de seguridad/	Cámaras de seguridad/Cámaras espía		Mini Cámara Espía WiFi 1080P HD, Cámara de Vigilancia Oculta con Gran Angular 150°, Visión Nocturna,
SUBCATEGORÍA	p257398	Cámaras de seguridad/	Cámaras de seguridad/Cámaras espía		Cámara Espía para Coche con Llave de 64GB, Batería de 360 Minutos, Mini Cámara Oculta para Niñera, P
SUBCATEGORÍA	p257399	Cámaras de seguridad/	Cámaras de seguridad/Cámaras espía		Cámara WiFi espía oculta en altavoz Bluetooth con ángulo de visión de 240°, HD 1080P, cámaras de seg
SUBCATEGORÍA	p257400	Cámaras de seguridad/	Cámaras de seguridad/Cámaras espía		Mini Cámara Espía WiFi 1080P para Interior con Detección de Movimiento y Visión Nocturna, Cámara de 
SUBCATEGORÍA	p257403	Cámaras de seguridad/	Cámaras de seguridad/Cámaras espía		Cámara con cargador USB dual, cámara de seguridad WiFi Full HD 1080P, mini cámara de vigilancia inal
SUBCATEGORÍA	p257408	Cámaras y fotografía/	Cámaras y fotografía/Cámaras de acción		Mini Cámara Corporal, Grabadora de Vídeo Portátil con Visión Nocturna Infrarroja, Cámara con Clip Tr
SUBCATEGORÍA	p257409	Cámaras de seguridad/	Cámaras de seguridad/Cámaras espía		Cámara espía pequeña, cámara de seguridad interior 1080P, cargador USB, cámaras ocultas con detecció
SUBCATEGORÍA	p257410	Cámaras de seguridad/	Cámaras de seguridad/Cámaras espía		Cámara oculta espía de 1080p cámaras ocultas de coche para video y fotos, detección de movimiento, v
SUBCATEGORÍA	p257411	Cámaras de seguridad/	Cámaras de seguridad/Kits de vigilancia		Cámara de seguridad oculta 1080P para llave de coche, cámara espía portátil DVR oculta con visión no
SUBCATEGORÍA	p257418	Cámaras de seguridad/	Cámaras de seguridad/Cámaras interiores		NJINALW - Cámara de reloj inteligente, WiFi HD 1080P minicámara inalámbrica con visión nocturna, det
SUBCATEGORÍA	p257419	Cámaras y fotografía/	Cámaras y fotografía/Cámaras de acción		Mini Cámara Corporal, 1080P HD Cámara Espía Oculta de Bolsillo Usable Cuerpo de la Cámara Grabadora 
SUBCATEGORÍA	p257627	Domótica y hogar inteligente/	Domótica y hogar inteligente/Cerraduras de puerta inteligentes		Cerrojo electrónico antirrobo inteligente oculto para puerta con control remoto y acceso por aplicac
SUBCATEGORÍA	p257649	Iluminación/	Iluminación/Focos inteligentes		3 Focos Inteligentes con Sensor de Movimiento, Luz con Auto-On/Off para Porche, Foco LED 12W Luz Bla
SUBCATEGORÍA	p257671	Domótica y hogar inteligente/	Domótica y hogar inteligente/Sensores		Interruptor de sensor de puerta de gabinete para control de luz LED, CC 12V-24 V, disparador automát
SUBCATEGORÍA	p257673	Domótica y hogar inteligente/	Domótica y hogar inteligente/Controladores e interruptores de luz		Lutron MS-VPS2H-WH Maestro - Interruptor de sensor de movimiento vacante para baño, cochera, lavader
SUBCATEGORÍA	p257700	Cámaras y fotografía/	Cámaras y fotografía/Videocámaras		TONGVEO Sistema de Cámara para Sala de Conferencias 4K, Cámara PTZ de Seguimiento Automático AI 5X Z
SUBCATEGORÍA	p257704	Cámaras de seguridad/	Cámaras de seguridad/Cámaras PTZ		Hikvision Cámara de Seguridad Exterior, Domo PTZ IP, 4MP, con Micrófono y Bocina, ACUSENSE H.265, IR
SUBCATEGORÍA	p257713	Cámaras de seguridad/	Cámaras de seguridad/Cámaras PTZ		HIK 4MP PTZ PoE domo cámara IP con zoom óptico 4X, panorama de 350°, inclinación de 90°, detección h
SUBCATEGORÍA	p257718	Cámaras de seguridad/	Cámaras de seguridad/Cámaras PTZ		Yunseity Controlador de Cámara PTZ, Pantalla HD de 5 Pulgadas, Joystick 3D, Teclado de Control de Cá
SUBCATEGORÍA	p257720	Cámaras de seguridad/	Cámaras de seguridad/Cámaras PTZ		REOLINK Cámara de Seguridad con Cable 4K WiFi para Exteriores, Lente Dual de 8MP, cámara PTZ 360, Se
SUBCATEGORÍA	p257725	Cámaras de seguridad/	Cámaras de seguridad/Kits de vigilancia		Teclado de Cámara PTZ, Interfaz RS485 232 Ideal para Controlar hasta 32 DVR NVR, 256 Ball, Cámaras P
SUBCATEGORÍA	p257731	Cámaras y fotografía/	Cámaras y fotografía/Videocámaras		Cámara PTZ 20X Zoom Óptico 60fps HDMI USB SDI LAN PoE AI Auto Tracking PTZ Cámara de Conferencia par
SUBCATEGORÍA	p257733	Cámaras de seguridad/	Cámaras de seguridad/Cámaras PTZ		LIWAN - Cámara solar inalámbrica para exteriores, cámaras de seguridad WiFi de 2.4 G para seguridad 
SUBCATEGORÍA	p257738	Cámaras de seguridad/	Cámaras de seguridad/Cámaras PTZ		4K 8MP Mini cámara PTZ para exteriores, 3X zoom óptico PoE cámara domo IP, detección de vehículos hu
SUBCATEGORÍA	p257764	Domótica y hogar inteligente/	Domótica y hogar inteligente/Sensores		de Alarma Inteligente WiFi+gsm+GPRS Detector antirrobo TFT de 2,4 Pulgadas con botón SOS Sensor de M
SUBCATEGORÍA	p257826	Redes/	Redes/Repetidores		TP-Link WiFi 7 Deco BE25 Mesh WiFi, BE3600Mbps Dual-Band, Router, Ap, 2 Puertos Ethernet de 2,5 Gbps
SUBCATEGORÍA	p257872	Redes/	Redes/Módems		Cable de Red CAT6 30m, alta velocidad sólido plano CAT6 Ethernet Cable, Gigabit Internet, cables de 
SUBCATEGORÍA	p257906	Domótica y hogar inteligente/	Domótica y hogar inteligente/Iluminación inteligente		TP-LINK HS200 Kasa Smart Wi-Fi - Interuptor inteligente de luz, control de dispositivos desde cualqu
SUBCATEGORÍA	p257909	Redes/	Redes/Switches		Switch Ethernet Gigabit de 5 Puertos, 1000 Mbps, Plug & Play sin Ventilador
SUBCATEGORÍA	p257983	Domótica y hogar inteligente/	Domótica y hogar inteligente/Controladores e interruptores de luz		DEWENWILS Kit de interruptor y receptor de luz inalámbrico de 3 vías, control remoto para luces de t
SUBCATEGORÍA	p258037	Redes/	Redes/Routers		TP-Link Next-Gen Wi-Fi 6 AX3000 Mbps Gigabit Dual Band Wireless Router, OneMesh Compatible, CPU Dual
SUBCATEGORÍA	p258075	Redes/	Redes/Repetidores		TP-Link Deco X50-PoE Sistema WiFi 6 Mesh AX3000, Dual Band con IA, Puerto 2.5G, PoE+, Compatible con
SUBCATEGORÍA	p258080	Redes/	Redes/Repetidores		Vonets Banda Dual 2.4GHz/5GHz WiFi Bridge Router Repetidor WiFi Ethernet Convert/Cubierta de señal d
SUBCATEGORÍA	p258083	Redes/	Redes/Repetidores		TP-Link Deco X50-PoE Wi-Fi 6 Mesh WLAN Set (1 Paquete), AX3000 Dual Band Router & Repetidor (Soporta
SUBCATEGORÍA	p258087	Redes/	Redes/Repetidores		TP-Link RE500XD Wi-Fi 6 Amplificador Repetidor WLAN, AX1500 Dual Banda, Puerto Gigabit, MU-MIMO, WPA
SUBCATEGORÍA	p258093	Redes/	Redes/Repetidores		Revotech Extensor POE Gigabit de 2 puertos, estándar IEEE 802.3af/at PoE+, 10,100,1000Mbps, repetido
SUBCATEGORÍA	p258096	Redes/	Redes/Repetidores		VONETS AC1200 Mini puente inalámbrico de banda dual Ethernet/WiFi repetidor/enrutador Ethernet RJ45 
SUBCATEGORÍA	p258110	Drones/	Drones/Mini drones		AXNEN Mini Drones con cámara 4K Dual, Dron Plegable con Motor con Escobillas, Auto-Seguimiento, Giro
SUBCATEGORÍA	p258116	Drones/	Drones/Mini drones		AXNEN Mini Drones con cámara 4K Dual,Dron Plegable con Motor con Escobillas, Vuelo por Puntos de Ref
SUBCATEGORÍA	p258121	Drones/	Drones/FPV		Dron con Cámara Dual, 360° Adjustable Eléctricamente Mini Drone para Principiantes, Drones con Cámar
SUBCATEGORÍA	p258123	Drones/	Drones/FPV		Dron GPS con cámara EIS pantalla LCD de 4.5" en el controlador, drones FPV con modo Al Track&Orbit c
SUBCATEGORÍA	p258126	Drones/	Drones/FPV		Dron con Cámara Dual, 360° Adjustable Eléctricamente Mini Drone para Principiantes, Drones con Cámar
SUBCATEGORÍA	p258133	Drones/	Drones/FPV		Holy Stone HS440 Drone FPV plegable con cámara WiFi 1080P para adultos principiantes y niños; contro
SUBCATEGORÍA	p258135	Drones/	Drones/Accesorios		Qinlorgo Hélices de Dron, 76 mm PC Ventiladores De Aspas Probados Equilibrio Dinámico Drone Propelle
SUBCATEGORÍA	p258163	Impresoras/	Impresoras/Inyección de tinta		Canon PIXMA 3722 Impresora todo en uno de inyección de tinta a color | Escaneo de copia de impresión
SUBCATEGORÍA	p258183	Cámaras y fotografía/	Cámaras y fotografía/Instantáneas		Impresora para smartphone Fujifilm INSTAX Mini Link 3 | Rosado, con película instantánea Fujifilm IN
SUBCATEGORÍA	p258190	Impresoras/	Impresoras/Consumibles		Brother MFC-J1205W INKvestment - Impresora inalámbrica multifunción de inyección de Tinta a Color co
SUBCATEGORÍA	p258250	Otros/	Otros/Luces y ventiladores solares		Conjunto de Paneles solares, Ventilador Solar, pequeño Ventilador de energía Solar, Panel de Cargado
SUBCATEGORÍA	p258381	Otros/	Otros/Paneles solares		Panel solar para comedero de ciervos, panel solar de 12 V, alimentador de caza al aire última interv
SUBCATEGORÍA	p258428	Otros/	Otros/Kits solares y controladores de carga		Kit de panel solar monocristalino de 600 W con driver de 100 A, sistema de energía completo fuera de
SUBCATEGORÍA	p258685	Otros/	Otros/Paneles solares		Panel solar flexible de 500 W, cargador de batería de 12 V, doble con controlador de 10-100 A, célul
SUBCATEGORÍA	p258703	Otros/	Otros/Paneles solares		Panel solar flexible de 500 W, cargador de batería de 12 V, doble con controlador de 10-100 A, célul
SUBCATEGORÍA	p258728	Otros/	Otros/Paneles solares		Panel solar flexible de 500 W, cargador de batería de 12 V, doble con controlador de 10-100 A, célul
SUBCATEGORÍA	p258769	Otros/	Otros/Paneles solares		Operitacx Paneles Solares Panel de Carga Solar Cargador Solar para Exteriores Útil para Emergencias 
SUBCATEGORÍA	p258839	Otros/	Otros/Cargadores solares portátiles		FTVOGUE Cargador de Paneles Solares Panel de Carga Solar Plegable Portátil 40W 18V SP PET Impermeabl
SUBCATEGORÍA	p258853	Otros/	Otros/Paneles solares		Panel solar flexible de 500 W, cargador de batería de 12 V, doble con controlador de 10-100 A, célul
SUBCATEGORÍA	p258854	Otros/	Otros/Paneles solares		Panel solar flexible de 500 W, cargador de batería de 12 V, doble con controlador de 10-100 A, célul
SUBCATEGORÍA	p258927	Otros/	Otros/Kits solares y controladores de carga		Kit De Pértiga con Suministro De Agua 9 Metros con Pértiga Telescópica Extensible De Aluminio Y Cepi
SUBCATEGORÍA	p259092	Otros/	Otros/Kits solares y controladores de carga		Kit de panel solar de 1000 W, paneles solares flexibles de 12 V con driver de carga de 100 A, kit de
SUBCATEGORÍA	p259103	Otros/	Otros/Cargadores solares portátiles		Hilitand Cargador de Panel Solar Plegable Cargador de Paneles Solares Portátiles de Silicona Monocri
SUBCATEGORÍA	p259109	Otros/	Otros/Cargadores solares portátiles		Fafeicy Cargador de Panel Solar Plegable, Cargador de Paneles Solares Portátiles de Silicio Monocris
SUBCATEGORÍA	p259117	Otros/	Otros/Cargadores solares portátiles		Cargador de panel solar plegable 80W Silicona monocristalina Impermeable Cargador de paneles solares
SUBCATEGORÍA	p259133	Otros/	Otros/Cargadores solares portátiles		Panel solar portátil de 200 W, 18 V, cargador solar plegable para energía portátil, panel solar pleg
SUBCATEGORÍA	p259246	Otros/	Otros/Accesorios y limpieza de paneles solares		Máquina Limpieza Lavado Paneles fotovoltaicos,Herramienta Eléctrica Limpieza Paneles Solares - Cepil
SUBCATEGORÍA	p259296	Otros/	Otros/Accesorios y limpieza de paneles solares		Máquina De Limpieza De Paneles Fotovoltaicos, Varilla Telescópica, Kit De Limpieza De Paneles Solare
SUBCATEGORÍA	p259337	Otros/	Otros/Accesorios y limpieza de paneles solares		Herramienta De Limpieza De Paneles Solares, Cabezal De Cepillo Giratorio De 60 Cm, Lavadora Automáti
SUBCATEGORÍA	p259370	Otros/	Otros/Accesorios y limpieza de paneles solares		Máquina Limpieza Lavado Paneles fotovoltaicos,Herramienta Eléctrica Limpieza Paneles Solares - Cepil
SUBCATEGORÍA	p259444	Otros/	Otros/Cargadores solares portátiles		Lavadora de Paneles solares portátil, pértiga Ajustable de 7,6 m (25 pies) con Suministro de Agua, C
SUBCATEGORÍA	p259490	Otros/	Otros/Accesorios y limpieza de paneles solares		Herramienta De Limpieza De Paneles Solares, Cabezal De Cepillo Giratorio De 60 Cm, Lavadora Automáti
SUBCATEGORÍA	p259626	Otros/	Otros/Accesorios y limpieza de paneles solares		Herramienta Eléctrica Para La Limpieza De Paneles Solares: Varilla Telescópica De 5,5 M, Cepillo De 
SUBCATEGORÍA	p259637	Otros/	Otros/Accesorios y limpieza de paneles solares		Herramienta Eléctrica Para La Limpieza De Paneles Solares: Varilla Telescópica De 5,5 M, Cepillo De 
SUBCATEGORÍA	p259644	Otros/	Otros/Accesorios y limpieza de paneles solares		Herramienta Eléctrica De Limpieza De Paneles Solares con Varilla Telescópica Y Cepillo para Un Mante
SUBCATEGORÍA	p259690	Otros/	Otros/Accesorios y limpieza de paneles solares		Herramienta Eléctrica Para La Limpieza De Paneles Solares: Varilla Telescópica De 5,5 M, Cepillo De 
SUBCATEGORÍA	p259691	Otros/	Otros/Accesorios y limpieza de paneles solares		Herramienta Eléctrica Para La Limpieza De Paneles Solares: Varilla Telescópica De 5,5 M, Cepillo De 
SUBCATEGORÍA	p259692	Otros/	Otros/Accesorios y limpieza de paneles solares		Herramienta Eléctrica Para La Limpieza De Paneles Solares: Varilla Telescópica De 5,5 M, Cepillo De 
SUBCATEGORÍA	p259762	Otros/	Otros/Kits solares y controladores de carga		Kit de cepillo para polvo de limpieza eléctrico para paneles solares – poste alimentado con agua de 
SUBCATEGORÍA	p260091	Cargadores y adaptadores/	Cargadores y adaptadores/Inalámbrico		Odokee - Radio despertador de carga inalámbrica: cargador inalámbrico rápido certificado Qi para iPh
SUBCATEGORÍA	p260355	Otros/	Otros/Radios		Lifetime Free Global Walkie Talkies Radio PoC de alcance ilimitado 4G a nivel nacional de larga dist
SUBCATEGORÍA	p260472	Autos, bicicletas y motos/	Autos, bicicletas y motos/Estéreos para auto		4+128GB Android 15 Radio de coche para Dodge Charger 2011-2014 Carplay Android Auto, 10.1 pulgadas 1
SUBCATEGORÍA	p260556	Otros/	Otros/Radios		Lifetime Free Global Walkie Talkies Radio PoC de alcance ilimitado 4G a nivel nacional de larga dist
SUBCATEGORÍA	p260799	Autos, bicicletas y motos/	Autos, bicicletas y motos/Triciclos y bicicletas de carga		Triciclo con pedales para adultos 16 pulgadas,triciclo de scooter de movilidad para personas mayores
SUBCATEGORÍA	p261009	Bocinas/	Bocinas/Radios y reproductores		GagalU Tocadiscos Retro, Tocadiscos de Vinilo Gramófono Tocadiscos Retro con parlantes inalámbricos 
SUBCATEGORÍA	p261086	Cocina y comedor/	Cocina y comedor/Botellas de agua		Paquete de 22 botellas de deportes acuáticos para niños a granel, 18 onzas, reutilizables de plástic
SUBCATEGORÍA	p261107	Cocina y comedor/	Cocina y comedor/Termos y botellas térmicas		Stanley Cross Bottle | Botella de Viaje de 23 onzas con Correa de Jacquard | Tapa Tritan a Prueba de
SUBCATEGORÍA	p261110	Cocina y comedor/	Cocina y comedor/Termos y botellas térmicas		Stanley Classic Legendary - Botella de aspiradora de 2.0 cuartos | boca ancha con tapa de copa a pru
SUBCATEGORÍA	p261125	Cocina y comedor/	Cocina y comedor/Botellas de agua		RINGO PRO - Botella de agua con soporte magnético para teléfono y tapa con popote para sorber, botel
SUBCATEGORÍA	p261933	Instrumentos musicales/	Instrumentos musicales/Amplificadores de guitarra y bajo		Tyenaza Mini Altavoz Amplificador de Guitarra Portátil, PG-3 Amplificador de Guitarras Eléctrica de 
SUBCATEGORÍA	p261962	Instrumentos musicales/	Instrumentos musicales/Boquillas, cañas y accesorios de viento		Holy Voice Kosher Ram Shofar Cuerno de Israel de 14 a 16 pulgadas tradicional medio pulido, instrume
SUBCATEGORÍA	p261970	Instrumentos musicales/	Instrumentos musicales/Micrófonos		Teclado Musical: 61 Teclas Piano Eléctrico - Soporte para Partituras,Fuente de Alimentación,Micrófon
SUBCATEGORÍA	p262261	Blancos y ropa de cama/	Blancos y ropa de cama/Cobijas		Juego de manta de tambor de roca, manta de sherpa de rayas geométricas, moderna manta de forro polar
SUBCATEGORÍA	p262333	Instrumentos musicales/	Instrumentos musicales/Trompetas, trombones y metales		Generic Tuba Tenor Trompa Tenor Instrumento Musical de Latón con Proyección Clara 3 Válvulas Respons
SUBCATEGORÍA	p262334	Instrumentos musicales/	Instrumentos musicales/Trompetas, trombones y metales		Profesional Bombardino Bombardino Giratorio De 3 Teclas Instrumento Musical Vertical Latón Bocina Ba
SUBCATEGORÍA	p262335	Instrumentos musicales/	Instrumentos musicales/Trompetas, trombones y metales		Profesional Bombardino Bombardino Giratorio De 3 Teclas Instrumento Musical Vertical Latón Bocina Ba
SUBCATEGORÍA	p262337	Instrumentos musicales/	Instrumentos musicales/Trompetas, trombones y metales		Bombardino Instrumentos Musicales Bombardino Giratorio De 3 Teclas Instrumento Musical Vertical Lató
SUBCATEGORÍA	p262338	Instrumentos musicales/	Instrumentos musicales/Trompetas, trombones y metales		Bombardino Instrumentos Musicales Bombardino Giratorio De 3 Teclas Instrumento Musical Vertical Lató
SUBCATEGORÍA	p262340	Instrumentos musicales/	Instrumentos musicales/Trompetas, trombones y metales		Profesional Bombardino Bombardino Giratorio De 3 Teclas Instrumento Musical Vertical Latón Bocina Ba
SUBCATEGORÍA	p262355	Instrumentos musicales/	Instrumentos musicales/Saxofones		E Flat Baritone Saxophone Surface Professional Brass Instrumentos Musicales Sax Saxofón Estudiante
SUBCATEGORÍA	p262360	Instrumentos musicales/	Instrumentos musicales/Trompetas, trombones y metales		harayaa Tuba de Latón Tuba Instrumento Pistones Campana Grande con 4 Llaves de Afinación y Proyecció
SUBCATEGORÍA	p262390	Instrumentos musicales/	Instrumentos musicales/Accesorios de guitarra		Luqeeg Pasadores de Puente de Guitarra, Sillín Inferior de Tuerca Superior, Repuesto Fundido a Presi
SUBCATEGORÍA	p262436	Instrumentos musicales/	Instrumentos musicales/Accesorios de guitarra		4 Piezas de Clavija de Afinación de Violín, Flor Tallada a Mano, Clavija de Violín de de ébano, Acce
SUBCATEGORÍA	p262490	Blancos y ropa de cama/	Blancos y ropa de cama/Cobijas		Erosebridal - Manta de guitarra clásico con notas musicales para cama, manta de forro polar para ins
SUBCATEGORÍA	p266266	Baterías portátiles/	Baterías portátiles/Hasta 10,000 mAh		Generador portátil de manivela de 150 W, batería de litio de gran capacidad incorporada de 5000 mAh,
SUBCATEGORÍA	p266361	Electrodomésticos/	Electrodomésticos/Freidoras de aire de 8 L o más		Alimentos Esenciales y ayudantes Familiares Freidora de Aire Inteligente Freidora eléctrica sin Acei
SUBCATEGORÍA	p266362	Electrodomésticos/	Electrodomésticos/Freidoras de aire de 8 L o más		Alimentos Esenciales y ayudantes Familiares Freidora de Aire Inteligente Freidora eléctrica sin Acei
SUBCATEGORÍA	p267533	Cámaras de seguridad/	Cámaras de seguridad/Cámaras espía		Mini cámara 1080P visión Nocturna cámaras de vigilancia la Noche Movimiento Incorporado en batería p
SUBCATEGORÍA	p267535	Bocinas/	Bocinas/Bocinas Bluetooth		Outdoor Portable Bluetooth Speaker Home Center System Deep Heavy Bass Subwoofer Wireless Powerbank A
SUBCATEGORÍA	p267536	Bocinas/	Bocinas/Bocinas Bluetooth		Outdoor Portable Bluetooth Speaker Home Center System Deep Heavy Bass Subwoofer Wireless Powerbank A
SUBCATEGORÍA	p269157	Instrumentos musicales/	Instrumentos musicales/Violines, mandolinas y otras cuerdas		Thomastik-Infeld Evertone - Juego completo de cuerdas para violín dominante, tensión media para prin
SUBCATEGORÍA	p269237	Instrumentos musicales/	Instrumentos musicales/Cuerdas de guitarra y bajo		D'Addario | Folk | Cuerdas para Guitarra Clásica | 6 cuerdas | Bronce 80/20, Nylon transparente | EJ
SUBCATEGORÍA	p269630	Cámaras y fotografía/	Cámaras y fotografía/Videocámaras		LVM1 Micrófono de Solapa, Lavalier Micrófono para Canon Nikon Sony Réflex Digitales Videocámaras Cám
SUBCATEGORÍA	p269797	Bocinas/	Bocinas/Amplificadores y receptores		Herdio 4 Canales Amplificador de Audio,Amplificador de Potencia Bluetooth 5.0 para 200W,con Fuente d
SUBCATEGORÍA	p270690	Instrumentos musicales/	Instrumentos musicales/Accesorios de guitarra		Wilkinson Vintage Alnico 5 PAF Pastillas Humbucker Pickups Set para Guitarra Eléctrica Epiphone USA 
SUBCATEGORÍA	p273558	Instrumentos musicales/	Instrumentos musicales/Baterías electrónicas		Donner DED-200 Lite Juego de Tambor Electrónico para Principiantes con Más de 450 Sonidos, USB MIDI,
SUBCATEGORÍA	p275313	Instrumentos musicales/	Instrumentos musicales/Ukuleles		ukelele,mewmewcat Ukelele de 25 pulgadas,ukelele de fibra de carbono de 4 cuerdas,Uke portátil con b
SUBCATEGORÍA	p275314	Instrumentos musicales/	Instrumentos musicales/Ukuleles		Ukelele de 25 pulgadas, ukelele de fibra de carbono de 4 cuerdas, Uke portátil con bolsa de transpor
SUBCATEGORÍA	p275335	Instrumentos musicales/	Instrumentos musicales/Ukuleles		Ukelele de 25 pulgadas, ukelele de fibra de carbono de 4 cuerdas, Uke portátil con bolsa de transpor
SUBCATEGORÍA	p275336	Instrumentos musicales/	Instrumentos musicales/Ukuleles		Ukelele de 25 pulgadas, ukelele de fibra de carbono de 4 cuerdas, Uke portátil con bolsa de transpor
SUBCATEGORÍA	p275379	Instrumentos musicales/	Instrumentos musicales/Ukuleles		Amantes de la música Ukelele Ukelele De Nogal 21 Pulgadas Y 4 Cuerdas Pequeño Instrumento Musical Po
SUBCATEGORÍA	p275598	Instrumentos musicales/	Instrumentos musicales/Ukuleles		Amantes de la música Ukelele Ukelele De Nogal 21 Pulgadas Y 4 Cuerdas Pequeño Instrumento Musical Po
SUBCATEGORÍA	p277643	Instrumentos musicales/	Instrumentos musicales/Baterías electrónicas		Instrumento de Viento Electrónico MIDI, Saxofón Electrónico con 13 Opciones de Tono Botones Sensible
SUBCATEGORÍA	p278576	Cámaras y fotografía/	Cámaras y fotografía/Cámaras de acción		C?mara Deportiva 4K 30FPS con 3 Bater?as, C?mara de Acci?n 20MP con Eis y Wifi, Action Cam Sumergibl
SUBCATEGORÍA	p278608	Cámaras y fotografía/	Cámaras y fotografía/Compactas		Bewinner C?mara 4K Mini Action, Cuerpo de Port?til Pov Magn?tico, Pantalla de 1.47 Pulgadas, C?mara 
SUBCATEGORÍA	p278626	Cámaras y fotografía/	Cámaras y fotografía/Cámaras de acción		1080P Mini Camara de Accion Cámara Deportiva Portátil con Soporte Cámara Grabadora Impermeable panta
SUBCATEGORÍA	p278666	Audífonos/	Audífonos/Earbuds con cancelación de ruido		DJI Osmo Action 4 + Transmisor Mic Mini (Infinity Black), cámara de acción, micrófono inalámbrico, S
SUBCATEGORÍA	p278668	Drones/	Drones/FPV		RunCam Thumb 2 FPV Mini cámara de acción 4K60FPS 27 g grabación con control remoto con estabilizació
SUBCATEGORÍA	p278714	Cámaras y fotografía/	Cámaras y fotografía/Cámaras de acción		Bewinner Cámara Corporal de Acción Portátil con Audio y Vídeo, Cámaras Portátiles de 2,7 K y 12 MP, 
SUBCATEGORÍA	p278715	Cámaras y fotografía/	Cámaras y fotografía/Cámaras de acción		Drift Innovation Ghost XL Cámara de acción – Cámara de vídeo Full HD 1080 con lente giratoria y modo
SUBCATEGORÍA	p278722	Cámaras y fotografía/	Cámaras y fotografía/Accesorios		Soporte de Correa de Mano para Cámara de Acción GoPro Hero, Soporte de Muñeca Ajustable Rotación 360
SUBCATEGORÍA	p278749	Cámaras y fotografía/	Cámaras y fotografía/Accesorios		Soporte para Cámara Motocicleta,Magic Arm 360°,Compatible con Gopro Bike Mount,para GoPro MAX Hero 1
SUBCATEGORÍA	p278781	Cámaras y fotografía/	Cámaras y fotografía/Cámaras de acción		Cámara de Bicicleta con visualización OLED con Driver con Cable, WiFi GPS HD 1080P 150° Gran Angular
SUBCATEGORÍA	p278999	Cámaras y fotografía/	Cámaras y fotografía/Videocámaras		Cámaras Digitales para Fotografía, 4K 48 MP Auto Focus Vlogging Camera para YouTube, Front Rear Dual
SUBCATEGORÍA	p279002	Cámaras y fotografía/	Cámaras y fotografía/Videocámaras		SmallRig VT-20 Trípode Mini Aluminio de 20", para Escritorio con Cabeza Esférica 360°, Compacto para
SUBCATEGORÍA	p279041	Cámaras y fotografía/	Cámaras y fotografía/Videocámaras		Cámara de Video 4K 60FPS, videocámara Ultra HD 4K con micrófono Lavalier inalámbrico, cámara 4K de 4
SUBCATEGORÍA	p279048	Cámaras y fotografía/	Cámaras y fotografía/Videocámaras		XUMIUZIY Videocámara de Cámara de Video, Grabadora de Cámara Digital 4K 48MP, Videocámara Vlogging c
SUBCATEGORÍA	p279094	Cámaras y fotografía/	Cámaras y fotografía/Videocámaras		Dpofirs Cámara DV Pequeña, Videocámara DVR de Bolsillo con Pantalla a Color de 3,66 cm y Linterna, p
SUBCATEGORÍA	p279109	Cámaras y fotografía/	Cámaras y fotografía/Cámaras de acción		LVM3 6M Micrófono de Solapa con Paravientos,lavalier Micrófono de Condensador para DSLR Canon EOS Ni
SUBCATEGORÍA	p279114	Cámaras y fotografía/	Cámaras y fotografía/Videocámaras		LVM2 Dual-Headed Micrófono de Solapa con 2 Parabrisas Mini Lavalier Mic para iPad Cámara Réflex Digi
SUBCATEGORÍA	p279116	Cámaras y fotografía/	Cámaras y fotografía/Videocámaras		Bewinner Cámara de Mano con Ventilador, Videocámara de Mano 4K 64MP con Lente Giratoria de 180 Grado
SUBCATEGORÍA	p279118	Cámaras y fotografía/	Cámaras y fotografía/Videocámaras		Bewinner Cámara de Mano con Ventilador, Videocámara de Mano 4K 64MP con Lente Giratoria de 180 Grado
SUBCATEGORÍA	p279123	Cámaras y fotografía/	Cámaras y fotografía/Videocámaras		Bewinner Cámara de Mano con Ventilador, Videocámara de Mano 4K 64MP con Lente Giratoria de 180 Grado
SUBCATEGORÍA	p279146	Cámaras y fotografía/	Cámaras y fotografía/Accesorios		Dpofirs Gafas de Cámara, Gafas de Sol de Grabación de Vídeo Full HD 1080P, Compatible con Tarjeta de
SUBCATEGORÍA	p279183	Cámaras y fotografía/	Cámaras y fotografía/Mirrorless		YONGNUO YN12-35 mm F2.8-4M Lente de zoom estándar, ASPH Auto Focus para cámaras Micro Cuatro Tercios
SUBCATEGORÍA	p279226	Cámaras y fotografía/	Cámaras y fotografía/Lentes		CCYLEZ Gafas de Sol Inteligentes con Cámara, Gafas con Cámara HD 1080P de 12 MP con Lente Gran Angul
SUBCATEGORÍA	p279229	Cámaras y fotografía/	Cámaras y fotografía/Lentes		Andoer MF Cámara Super Teleobjetivo Zoom Lente F/8.3-16 420-800mm Montaje en T con anillo adaptador 
SUBCATEGORÍA	p279237	Cámaras y fotografía/	Cámaras y fotografía/Mirrorless		Canon EOS R50 Cámara de vlogging sin Espejo (Negro) con RF-S18-45mm F4.5-6.3 es Lente STM, 24.2 MP, 
SUBCATEGORÍA	p279355	Cámaras y fotografía/	Cámaras y fotografía/Accesorios		Cámara Digital 4K HD, Fotografía Macro Temporizada con Zoom 16X con Pantalla de 2,88 Pulgadas, Cámar
SUBCATEGORÍA	p279362	Cámaras y fotografía/	Cámaras y fotografía/Mirrorless		Sony a6400 Mirrorless Digital Camera and 16-50mm Lens Bundle with 64 GB SDXC Card, Filter Kit, Batte
SUBCATEGORÍA	p279392	Cámaras y fotografía/	Cámaras y fotografía/Instantáneas		Panasonic LUMIX G85MK 4K Mirrorless Interchangeable Lens Camera Kit, 12-60mm Lens, Polaroid 64GB, 2 
SUBCATEGORÍA	p279454	Cámaras y fotografía/	Cámaras y fotografía/Accesorios		Genérico Trípode portátil Nuevo Soporte estabilizador de Escritorio para transmisión en Vivo con tel
SUBCATEGORÍA	p279586	Cámaras y fotografía/	Cámaras y fotografía/Accesorios		Cámaras para fotografía, cámara digital 6K/5K/4K con visualización abatible de 180°, cámara de vlogg
SUBCATEGORÍA	p279593	Cámaras y fotografía/	Cámaras y fotografía/Videocámaras		Digital Camera for Photography, 50 MP Compact Camera with Auto Focus 16x Zoom, 1080P Full HD Video 2
SUBCATEGORÍA	p279612	Cámaras y fotografía/	Cámaras y fotografía/Accesorios		Kodak PIXPRO AZ425 - Paquete de cámara digital con tarjeta de memoria de 64 GB + funda para cámara (
SUBCATEGORÍA	p279616	Cámaras y fotografía/	Cámaras y fotografía/Accesorios		Kodak PIXPRO FZ45 Cámara digital, tarjeta de memoria de 32 GB, funda para cámara de punto y disparo,
SUBCATEGORÍA	p279623	Cámaras y fotografía/	Cámaras y fotografía/Accesorios		Kodak PIXPRO AZ425 Cámara digital + tarjeta de memoria de 32 GB + funda para cámara (negro) + baterí
SUBCATEGORÍA	p279674	Cámaras y fotografía/	Cámaras y fotografía/Videocámaras		Andoer Mini trípode de mesa con cabezal de bola compatible con Canon Nikon Sony DSLR DSLR videocámar
SUBCATEGORÍA	p279691	Almacenamiento/	Almacenamiento/Externo		Seagate Disco Duro Externo Portátil para Xbox 5 TB, USB 3.2 Gen 1, Negro con luz LED Verde incorpora
SUBCATEGORÍA	p279704	Almacenamiento/	Almacenamiento/Externo		Seagate Disco Duro Externo portátil para Xbox 4 TB – USB 3.2 Gen 1, Negro con Barra LED Verde incorp
SUBCATEGORÍA	p279718	Almacenamiento/	Almacenamiento/Externo		Seagate Disco Duro Externo Portátil para PS5 2 TB, USB 3.2, Blanco con luz LED Azul incorporada, Cer
SUBCATEGORÍA	p279724	Almacenamiento/	Almacenamiento/Externo		ANGGREK 8Tb Externo Duro, Caja de Disco Duro Móvil Usb3.0 Portátil 2.5in Ssd/HDD Sata Caja de Aleaci
SUBCATEGORÍA	p279728	Almacenamiento/	Almacenamiento/Externo		ADATA Unidad de Estado Solido SSD Externo 1TB SD620 USB 3.2 Xbox PS5 (Negro SD620-1TBCBK)
SUBCATEGORÍA	p279752	Almacenamiento/	Almacenamiento/Externo		Seagate Game Drive PS4/PS5 5TB - Disco Duro Externo portátil (2,5 Pulgadas, USB 3.0, LED Azul, Inclu
SUBCATEGORÍA	p279779	Almacenamiento/	Almacenamiento/Externo		Aiibe - Disco duro externo SSD externo de 256 GB, 256 GB, USB C, SSD portátil, hasta 500 MB/s, USB 3
SUBCATEGORÍA	p279794	Almacenamiento/	Almacenamiento/Externo		ModusTech Disco Duro Externo de 500 GB, USB 3.0 y Tipo C de Alta Velocidad, Compatible con Windows, 
SUBCATEGORÍA	p279796	Almacenamiento/	Almacenamiento/Externo		ADATA Disco Duro Sólido SSD Externo SC730 1TB USB 3.2 Gen2 Tipo C para PS5 / Xbox X Windows Mac Linu
SUBCATEGORÍA	p279822	Almacenamiento/	Almacenamiento/Externo		SanDisk Extreme - Disco Duro portátil SSD para PlayStation 5 y PC de 1TB, SSD Externo, Rendimiento N
SUBCATEGORÍA	p279829	Almacenamiento/	Almacenamiento/Externo		SSK Disco Duro Externo USB C SSD de 256 GB, con hasta 1000 MB/s, Memoria USB rápida, Dual USBC + USB
SUBCATEGORÍA	p279832	Almacenamiento/	Almacenamiento/SSD		ADATA EC700G - Adaptador de Caja Externa portátil de Aluminio USB 3 Gen 2 Type-C M.2 2280/2242/2230 
SUBCATEGORÍA	p279833	Almacenamiento/	Almacenamiento/Tarjetas de memoria		Seagate Game Drive para Xbox 5TB, Sistema Externo de Carga Externa, USB 3.2 Gen 1, Tarjeta de Xbox, 
SUBCATEGORÍA	p279847	Almacenamiento/	Almacenamiento/Externo		Disco duro externo de 500 GB HDD de 2.5 pulgadas de almacenamiento de datos externo de tamaño de bol
SUBCATEGORÍA	p279870	Almacenamiento/	Almacenamiento/Memorias USB		Unidad de Disco Externa compacta USB C Transferencia de Datos de Velocidad Diseño Resistente a los a
SUBCATEGORÍA	p279876	Almacenamiento/	Almacenamiento/Memorias USB		Unidad de Disco Externa compacta USB C Transferencia de Datos de Velocidad Diseño Resistente a los a
SUBCATEGORÍA	p279879	Almacenamiento/	Almacenamiento/Memorias USB		Unidad de Disco Externa compacta USB C Transferencia de Datos de Velocidad Diseño Resistente a los a
SUBCATEGORÍA	p279955	Almacenamiento/	Almacenamiento/Externo		Disco Duro Interno Sata para portátil de 500 GB y 500 GB de 2.5 Pulgadas, 5400 RPM para portátil/Mac
SUBCATEGORÍA	p280011	Almacenamiento/	Almacenamiento/Interno		Disco Duro Interno for videograbadora de vigilancia P300 500G 1T 2T 3T 4TB HDD for PC de Escritorio,
SUBCATEGORÍA	p280072	Almacenamiento/	Almacenamiento/Externo		Cosiki Consola de Juegos Disco Duro Interno Almacenamiento de Datos Extendido Superior para 360 Unid
SUBCATEGORÍA	p280111	Almacenamiento/	Almacenamiento/SSD		KingSpec SSD M.2 2230 de 1 TB NVMe Gen3x4, SSD PCIe 3.0 con flash NAND 3D, disco duro interno de est
SUBCATEGORÍA	p280113	Laptops/	Laptops/2 en 1 y convertibles		M.2 2230 SSD 256GB NVMe PCIe Gen3.0X4 Unidad de Estado sólido Interna Steam Deck Surface Pro 7/Pro 8
SUBCATEGORÍA	p280153	Laptops/	Laptops/2 en 1 y convertibles		SSD 512GB M.2 2230 NVMe PCIe Gen 3.0X4 Unidad Interna de Estado sólido, para Steam Deck, Microsoft S
SUBCATEGORÍA	p280155	Laptops/	Laptops/Laptops de 15" y 16"		M.2 2230 SSD 1TB NVMe PCIe Gen4.0X4 Unidad Interna de 30 mm para Juegos Steam Deck Microsoft Surface
SUBCATEGORÍA	p280159	Laptops/	Laptops/2 en 1 y convertibles		SSD 128 GB M.2 2230 NVMe PCIe Gen 3.0X4 Unidad Interna de Estado sólido, Compatible con Steam Deck, 
SUBCATEGORÍA	p280172	Almacenamiento/	Almacenamiento/Externo		Bottone Controlador de Estado sólido Interno de 64G, Medio Adelgazado, Disco Duro de 64G, 6Gbps para
SUBCATEGORÍA	p280221	Almacenamiento/	Almacenamiento/SSD		ADATA SSD Legend 900 PCIe Gen4x4 NVMe M.2 SSD Interno para Juegos de 512GB hasta 7,000 MB/s Compatib
SUBCATEGORÍA	p280250	Almacenamiento/	Almacenamiento/SSD		KingSpec 512GB M.2 2230 SSD NVMe Gen3x4, PCIe 3.0 SSD con 3D NAND Flash, unidad de estado sólido int
SUBCATEGORÍA	p280259	Almacenamiento/	Almacenamiento/SSD		ADATA SSD Legend 900 PCIe Gen4x4 NVMe M.2 SSD Interno para Juegos de 2 TB hasta 7,000 MB/s Compatibl
SUBCATEGORÍA	p280281	Almacenamiento/	Almacenamiento/SSD		Lexar SSD NM790 de 1 TB con disipador de calor PCIe Gen4 NVMe M.2 2280 unidad interna de estado sóli
SUBCATEGORÍA	p280324	Almacenamiento/	Almacenamiento/Externo		SIX NVME M.2 SSD PCIe 4.0-1TB m.2 2280 ssd, lectura de hasta 7350MB/s SSD 1TB para juegos PS5 expans
SUBCATEGORÍA	p280325	Laptops/	Laptops/Gamer		Kingspec 1TB M.2 2230 PCIe Gen4x4 NVMe SSD con Heatsink, velocidades R/W de hasta 5000/4400MB/s, Uni
SUBCATEGORÍA	p280332	Almacenamiento/	Almacenamiento/SSD		Verbatim Vi7000G NVMe M.2 - Unidad SSD Interna Interna con Memoria de Datos de 1 TB e Interfaz PCIe 
SUBCATEGORÍA	p280391	Almacenamiento/	Almacenamiento/SSD		Lexar Play 2280 4TB SSD con disipador de Calor, PCle Gen 4x4 NVMe, Perfecto para PS5, Velocidad de h
SUBCATEGORÍA	p280396	Almacenamiento/	Almacenamiento/SSD		KingSpec VP14000 4TB M.2 Gen5 NVMe SSD 2280 Unidad Interna de Estado sólido, hasta 14.000 MB/s de Ve
SUBCATEGORÍA	p280416	Almacenamiento/	Almacenamiento/SSD		Lexar Unidad de Estado sólido Interna SSD NQ780 PCIe Gen4 NVMe M.2 2280, hasta 7000/6000 MB/s de Lec
SUBCATEGORÍA	p280418	Laptops/	Laptops/Laptops de 15" y 16"		Aiibe - Unidad interna de estado sólido NVMe M.2 SSD PCIe 4.0 M.2 2280 512G SSD velocidades de lectu
SUBCATEGORÍA	p280518	Almacenamiento/	Almacenamiento/Memorias USB		ORICO - Unidad flash USB C de 32 GB, doble USB-A y USB-C, USB 3.2 Gen 1, hasta 90 MB/s de lectura, m
SUBCATEGORÍA	p280631	Almacenamiento/	Almacenamiento/Memorias USB		Divertido Negro Forma De Guitarra USB Flash Drive Pendrive Disco Unidad (16, GB)
SUBCATEGORÍA	p280639	Almacenamiento/	Almacenamiento/Memorias USB		Unidad USB pequeña, Unidad Flash Mini USB-c de 1 Paquete, Pulgar ultracompacto Resistente al Agua Ip
SUBCATEGORÍA	p280667	Almacenamiento/	Almacenamiento/Memorias USB		Unidad Flash USB con Forma de Llave, Disco de Memoria USB de Alta Velocidad, Memoria Portátil de Ale
SUBCATEGORÍA	p280668	Almacenamiento/	Almacenamiento/Externo		HERCHR Flash Stick, Unidades Flash USB Portátiles Apariencia de Guitarra Memory Stick de Almacenamie
SUBCATEGORÍA	p280707	Almacenamiento/	Almacenamiento/Memorias USB		Unidad USB pequeña de 32 GB, Unidad Flash Mini USB-c, Unidades Flash ultracompactas a Prueba de Agua
SUBCATEGORÍA	p280748	Almacenamiento/	Almacenamiento/Tarjetas de memoria		HIKSEMI Tarjeta de Memoria SDXC, 256GB, V30, UHS-I, hasta 180MB/s Lectura y 150MB/s Escritura, para 
SUBCATEGORÍA	p280788	Almacenamiento/	Almacenamiento/Tarjetas de memoria		Lexar Tarjeta SD 800x Pro de Alto Rendimiento de 128 GB, UHS-I, C10, U3, V30, 4K, Tarjeta de Memoria
SUBCATEGORÍA	p280810	Almacenamiento/	Almacenamiento/Tarjetas de memoria		Adaptador de Memory Stick para PSP con 32GB Tarjeta de Memoria MicroSD, Micro SD/SDHC/SDXC a Memory 
SUBCATEGORÍA	p280820	Almacenamiento/	Almacenamiento/Tarjetas de memoria		SanDisk Creator MicroSDXC UHS-I - Tarjeta de Memoria (512 GB, Adaptador para Smartphones, cámaras y 
SUBCATEGORÍA	p280822	Almacenamiento/	Almacenamiento/Tarjetas de memoria		Gigastone 256GB Tarjeta de Memoria Micro SD, Gaming Plus, Compatible con Nintendo Switch 1, Alta Vel
SUBCATEGORÍA	p280839	Almacenamiento/	Almacenamiento/Tarjetas de memoria		Adaptador de Tarjeta SD2Vita 6.0 para PS Vita con Tarjeta de Memoria MicroSD de 64GB, Tarjeta de Mem
SUBCATEGORÍA	p280884	Almacenamiento/	Almacenamiento/Tarjetas de memoria		GIGASTONE Tarjeta Micro SD de 100 GB, paquete de 2 unidades, A1 V30, grabación de video 4K, compatib
SUBCATEGORÍA	p281043	Cámaras y fotografía/	Cámaras y fotografía/Accesorios		PRETYZOOM Clip para cámara con Gorra de béisbol, Soporte para cámara de acción Compatible con GoPro,
SUBCATEGORÍA	p281076	Cámaras y fotografía/	Cámaras y fotografía/Accesorios		Soporte de cuello de metal para cámara de acción con rotación completa, perfecto para deportes al ai
SUBCATEGORÍA	p281077	Cámaras y fotografía/	Cámaras y fotografía/Accesorios		Soporte para cámara de manubrio de bicicleta GoPro/Insta360, soporte de barra plana ABS para cámaras
SUBCATEGORÍA	p281107	Cámaras y fotografía/	Cámaras y fotografía/Accesorios		Soporte giratorio para cámara de 360 grados, para bicicleta para abrazadera de manillar y trípode pa
SUBCATEGORÍA	p281152	Cámaras y fotografía/	Cámaras y fotografía/Cámaras de acción		SmallRig Barra de Selfie Invisible Extensible de 150 cm (59") para Insta360 X5/X4/X3/X2 y DJI OSMO 3
SUBCATEGORÍA	p281190	Cámaras y fotografía/	Cámaras y fotografía/Accesorios		NEEWER Soporte Poste para Cámara de Acción con Dos 360° Cabezales Bola Adaptador Cámara Acción, Abra
SUBCATEGORÍA	p281191	Cámaras y fotografía/	Cámaras y fotografía/Accesorios		TELESIN - Soporte de abrazadera para manillar de bicicleta para DJI Osmo Action 6 5 Pro 4 Pocket GoP
SUBCATEGORÍA	p281199	Cámaras y fotografía/	Cámaras y fotografía/Accesorios		NEEWER Montaje Correa de Barbilla Casco Motocicleta para Cámara de Acción, Montaje Casco con Adaptad
SUBCATEGORÍA	p281217	Cámaras y fotografía/	Cámaras y fotografía/Accesorios		PULUZ - Clip de montaje para parabrisas de motocicleta para GoPro Hero12 negro 11 10/ DJI Osmo Actio
SUBCATEGORÍA	p281223	Cámaras y fotografía/	Cámaras y fotografía/Cámaras de acción		Montura de barbilla para casco para cámaras de acción, soporte universal para barbilla GoPro con cor
SUBCATEGORÍA	p281225	Cámaras y fotografía/	Cámaras y fotografía/Cámaras de acción		Kit universal de accesorios para cámaras de acción para GoPro Hero 13 12 11 10 9 8 Go pro Max 2 Inst
SUBCATEGORÍA	p281233	Cámaras y fotografía/	Cámaras y fotografía/Accesorios		TELESIN - Soporte magnético de metal para cámara de acción, accesorio rápido de soporte de coche 360
SUBCATEGORÍA	p281241	Cámaras y fotografía/	Cámaras y fotografía/Cámaras de acción		VRIG TP29 - Trípode extensible para cámara web, portátil con mango pequeño, para cámara web, selfie,
SUBCATEGORÍA	p281290	Cámaras y fotografía/	Cámaras y fotografía/Cámaras de acción		SUPER HD 1080P Cámara deportiva, videocomplía de video de acción montada en la cabeza, Mini Registra
SUBCATEGORÍA	p281297	Cámaras y fotografía/	Cámaras y fotografía/Cámaras de acción		Eujgoov Mini Cámara Corporal 2.7K HD Cámaras de Video FPV Montadas en la Cabeza, Pantalla de 0.96 Pu
SUBCATEGORÍA	p281300	Cámaras y fotografía/	Cámaras y fotografía/Accesorios		Soporte Magnético para Cámara de Acción, Soporte de Cuello para Manos Libres, POV, para Ciclismo, Vl
SUBCATEGORÍA	p281340	Cámaras y fotografía/	Cámaras y fotografía/Cámaras de acción		NEEWER - Paquete de 2 Soportes Adhesivos compatibles con cámara de acción Insta 360 GoPro dji AKASO,
SUBCATEGORÍA	p281344	Cámaras y fotografía/	Cámaras y fotografía/Cámaras de acción		NEEWER 35 en 1 Kit Accesorios para Cámara Acción Compatible con dji Osmo Action 5 Pro 4 3 GoPro, Mon
SUBCATEGORÍA	p281345	Cámaras y fotografía/	Cámaras y fotografía/Cámaras de acción		Cámara de acción 4K, cámara Deportiva de 48 MP con Soporte magnético, diseño POV portátil, Pantalla 
SUBCATEGORÍA	p281347	Cámaras y fotografía/	Cámaras y fotografía/Cámaras de acción		Meoilkolnm - Mini cámara corporal de 32 GB FHD 1080P, cámara corporal de acción portátil, tamaño de 
SUBCATEGORÍA	p281361	Cámaras y fotografía/	Cámaras y fotografía/Accesorios		Correa de montaje para cinturón de cintura + palo de selfie ajustable de repuesto para cámaras de ac
SUBCATEGORÍA	p281367	Cámaras y fotografía/	Cámaras y fotografía/Accesorios		Kewig - Soporte para cámara de parabrisas de motocicleta con base de clip de aleación de aluminio pa
SUBCATEGORÍA	p281380	Cámaras y fotografía/	Cámaras y fotografía/Accesorios		Soporte para cámara de Moto para GoPro Hero 13/12/11, Accesorio de cámara de acción de 1/4 Pulgadas,
SUBCATEGORÍA	p281388	Cámaras y fotografía/	Cámaras y fotografía/Accesorios		SMALLRIG Soporte de Ventosa Magnética 2 en 1 para Gopro, Soporte Exterior para Cámara de Coche para 
SUBCATEGORÍA	p281391	Cámaras y fotografía/	Cámaras y fotografía/Accesorios		SMALLRIG - Soporte para manubrio de motocicleta para Gopro, poste y barra enrollable, CNC de metal d
SUBCATEGORÍA	p281396	Cámaras y fotografía/	Cámaras y fotografía/Accesorios		Soporte magnético de acción resistente para cámara GoPro 13/12/11/10, soporte magnético de metal res
SUBCATEGORÍA	p281397	Cámaras y fotografía/	Cámaras y fotografía/Cámaras de acción		PGYTECH CapLock trípode de extensión con Clip para teléfono para dji Osmo Action 5/4/3, para Gopro 1
SUBCATEGORÍA	p281398	Cámaras y fotografía/	Cámaras y fotografía/Accesorios		SEASKY M02 - Abrazadera para parabrisas de motocicleta de metal de aluminio para GoPro Hero 13 12 11
SUBCATEGORÍA	p281441	Cámaras y fotografía/	Cámaras y fotografía/Cámaras de acción		Acouto Cámara 4K Action Cámara Deportiva con WiFi 150 ° Lente de Gran Angular de 1.4 Pulgadas Pantal
SUBCATEGORÍA	p281475	Cámaras y fotografía/	Cámaras y fotografía/Accesorios		ULANZI - Kit de montaje invisible para motocicleta y bicicleta de liberación rápida para Insta360 X5
SUBCATEGORÍA	p281520	Almacenamiento/	Almacenamiento/Tarjetas de memoria		KEXIN - Tarjeta micro SD de 64 GB con adaptador – Hasta 85 MB/s 4K, V30, A1, C10, 4K UHD microSDXC U
SUBCATEGORÍA	p281521	Cámaras y fotografía/	Cámaras y fotografía/Cámaras de acción		TELESIN G3 Palo Selfie Invisible Largo (3M/118"), Monopod Subacuático Resistente al Agua de Fibra de
SUBCATEGORÍA	p281523	Cámaras y fotografía/	Cámaras y fotografía/Accesorios		Soporte magnético para cámara GoPro, Insta360, DJI Action – Fuerte fuerza de tracción de 65 libras, 
SUBCATEGORÍA	p281643	Drones/	Drones/FPV		RunCam Thumb 2 FPV Mini cámara de acción 4K60FPS 27g grabación de control remoto con estabilización 
SUBCATEGORÍA	p281660	Cámaras y fotografía/	Cámaras y fotografía/Cámaras de acción		CáMara Para Motocicleta: CáMara De AccióN Hd 5k Con Soporte MagnéTico, Doble Pantalla, áNgulo De 130
SUBCATEGORÍA	p281667	Cámaras y fotografía/	Cámaras y fotografía/Cámaras de acción		Cámara de acción con estabilización Imagen, Mini cámara Deportiva HD 1080P, Descarga inalámbrica víd
SUBCATEGORÍA	p281704	Cámaras y fotografía/	Cámaras y fotografía/Cámaras de acción		Monitor de ciclismo C100+ cámara de acción 2K 30M impermeable cámara deportiva grabadora de motocicl
SUBCATEGORÍA	p281734	Cámaras y fotografía/	Cámaras y fotografía/Cámaras de acción		Mini cámara de cuerpo 4K con tarjeta de 64 GB, soporte magnético para cámara de acción de pulgar, fu
SUBCATEGORÍA	p281740	Cámaras y fotografía/	Cámaras y fotografía/Cámaras de acción		SJSSSJ Cámara de acción, Cámara de acción de Bolsillo 4K con batería de Larga duración, estabilizaci
SUBCATEGORÍA	p281768	Cámaras y fotografía/	Cámaras y fotografía/Cámaras de acción		CáMara Para Motocicleta: CáMara De AccióN Hd 5k Con Soporte MagnéTico, Doble Pantalla, áNgulo De 130
SUBCATEGORÍA	p281787	Cámaras y fotografía/	Cámaras y fotografía/Cámaras de acción		Cámara de Acción, Cámara de acción 4K, 2 0mp Cámara impermeable con WiFi, Eis Cámara de deportes de 
SUBCATEGORÍA	p281789	Cámaras y fotografía/	Cámaras y fotografía/Cámaras de acción		Cámara de acción, Cámara de acción de Bolsillo 4K con batería de Larga duración, estabilización, cám
SUBCATEGORÍA	p281840	Cámaras y fotografía/	Cámaras y fotografía/Cámaras de acción		Cámara de acción 4K HD WiFi Impermeable, cámara Deportiva para Exteriores con Soporte para Bicicleta
SUBCATEGORÍA	p281872	Cámaras y fotografía/	Cámaras y fotografía/Cámaras de acción		Cámara de acción, Cámara de acción de Bolsillo 4K con batería de Larga duración, estabilización, cám
SUBCATEGORÍA	p281903	Cámaras y fotografía/	Cámaras y fotografía/Cámaras de acción		SWEPER Cámara de acción 4K 1080P 60fps estabilizada IP68 Impermeable subacuático Motocicleta Deporte
SUBCATEGORÍA	p281907	Cámaras y fotografía/	Cámaras y fotografía/Cámaras de acción		Cámara para bicicleta, videocámaras grabadoras, cámaras de acción 4K 30 fps EIS 40MP, cámaras de vlo
SUBCATEGORÍA	p281908	Cámaras y fotografía/	Cámaras y fotografía/Cámaras de acción		SWEPER Cámara de acción 4K 1080P 60fps estabilizada IP68 Impermeable subacuático Motocicleta Deporte
SUBCATEGORÍA	p281931	Cámaras y fotografía/	Cámaras y fotografía/Cámaras de acción		dji Pack de Exteriores Osmo Action 3-4K/120 fps Cámara de acción con Soportes de Correa de Pecho y d
SUBCATEGORÍA	p281948	Cámaras y fotografía/	Cámaras y fotografía/Cámaras de acción		SJSSSJ Cámara de acción, Cámara de acción de Bolsillo 4K con batería de Larga duración, estabilizaci
SUBCATEGORÍA	p281972	Drones/	Drones/FPV		RunCam Thumb Pro FPV Mini cámara de acción 4K 16g 150°FOV grabación de control remoto con estabiliza
SUBCATEGORÍA	p281975	Cámaras y fotografía/	Cámaras y fotografía/Cámaras de acción		Cámara de acción 5K 30FPS Cámara subacuática Snorkeling 131 pies, micrófono inalámbrico 2 en 1 y con
SUBCATEGORÍA	p281977	Cámaras y fotografía/	Cámaras y fotografía/Cámaras de acción		Cámara de acción, Cámara de acción de Bolsillo 4K con batería de Larga duración, estabilización, cám
SUBCATEGORÍA	p282032	Cámaras y fotografía/	Cámaras y fotografía/Videocámaras		Acción De La Cámara, 4K 12MP WiFi Webcam Cámara Subacuática Impermeable De Los Deportes, con Control
SUBCATEGORÍA	p282064	Drones/	Drones/FPV		RunCam 6 4K FPV Cámara de acción, mini cámara de video HD con WiFi EIS y GyroFlow HDMI PWM compatibl
SUBCATEGORÍA	p282139	Cámaras y fotografía/	Cámaras y fotografía/Cámaras de acción		DJI Osmo Action 6 Pack para Ciclismo en Carretera, cámara de acción con Kit de Accesorios para Cicli
SUBCATEGORÍA	p282143	Cámaras y fotografía/	Cámaras y fotografía/Cámaras de acción		Cámara de Acción, Cámara de acción a Prueba de Agua Negra 4k Ultra HD Video 1 2MP Fotos de la cámara
SUBCATEGORÍA	p282152	Cámaras y fotografía/	Cámaras y fotografía/Cámaras de acción		GoPro HERO9 Black - Cámara de acción impermeable con LCD frontal, pantallas traseras táctiles, video
SUBCATEGORÍA	p282164	Cámaras y fotografía/	Cámaras y fotografía/Accesorios		DJI Osmo Action 4 + Transmisor Mic 3, cámara de acción Sumergible 4K/120 fps, micrófono inalámbrico 
SUBCATEGORÍA	p282210	Cámaras y fotografía/	Cámaras y fotografía/Cámaras de acción		GoPro LUIBOR HERO9 Negro, cámara Deportiva y de acción, Video 5K/4K, Paquete de alimentación con Car
SUBCATEGORÍA	p282222	Cámaras y fotografía/	Cámaras y fotografía/Cámaras de acción		Cámara de acción Gowe 2,7 K 30 fps 1080P Full HD 8X con zoom digital WiFi, videocámara DV coche DVR 
SUBCATEGORÍA	p282288	Cámaras y fotografía/	Cámaras y fotografía/Cámaras de acción		Cámara de Acción, Cámara de acción a Prueba de Agua Negra 4k Ultra HD Video 1 2MP Fotos de la cámara
SUBCATEGORÍA	p282289	Cámaras y fotografía/	Cámaras y fotografía/Cámaras de acción		Cámara de Acción, Cámara de acción a Prueba de Agua Negra 4k Ultra HD Video 1 2MP Fotos de la cámara
SUBCATEGORÍA	p282290	Cámaras y fotografía/	Cámaras y fotografía/Cámaras de acción		Cámara de Acción, Cámara de acción a Prueba de Agua Negra 4k Ultra HD Video 1 2MP Fotos de la cámara
SUBCATEGORÍA	p282312	Cámaras y fotografía/	Cámaras y fotografía/Cámaras de acción		DJI Osmo Pocket 4 Creator Combo, cámaras de vlogging, cámara Vlog de 4K/240fps, estabilización de 3 
SUBCATEGORÍA	p282332	Cámaras y fotografía/	Cámaras y fotografía/Cámaras de acción		GoPro HERO10 (Hero 10) Negro - Cámara de acción impermeable con pantalla frontal LCD y trasera tácti
SUBCATEGORÍA	p282336	Cámaras y fotografía/	Cámaras y fotografía/Cámaras de acción		GoPro HERO10 (Hero 10) Negro - Cámara de acción impermeable con LCD frontal y pantallas traseras tác
SUBCATEGORÍA	p282339	Cámaras y fotografía/	Cámaras y fotografía/Cámaras de acción		DJI Osmo Action 5 Pro Combo estándar, paquete de video 4K con trípode Vlogging, tarjeta de 64 GB, fu
SUBCATEGORÍA	p282344	Cámaras y fotografía/	Cámaras y fotografía/Cámaras de acción		DJI Osmo Pocket 3 Creator Combo Bundle con transmisor/grabadora de clip, lente gran angular, trípode
SUBCATEGORÍA	p282345	Cámaras y fotografía/	Cámaras y fotografía/Accesorios		Insta360 X5 - Paquete de batería impermeable 8K 360 cámara de acción con sensores de 1/1.3 pulgadas,
SUBCATEGORÍA	p282380	Cámaras y fotografía/	Cámaras y fotografía/Cámaras de acción		DJI Osmo Pocket 3 Creator Combo Bundle con transmisor/grabadora de clip, lente gran angular, trípode
SUBCATEGORÍA	p282382	Cámaras y fotografía/	Cámaras y fotografía/Cámaras de acción		DJI Osmo Pocket 3 Vlog Combo, cámara de vlogging con CMOS de 1 '' y 4K/120 fps para YouTube, micrófo
SUBCATEGORÍA	p282387	Cámaras y fotografía/	Cámaras y fotografía/Cámaras de acción		DJI Osmo Pocket 3 Vlog Combo, cámara de vlogging con CMOS de 1 '' y 4K/120 fps para YouTube, micrófo
SUBCATEGORÍA	p282389	Cámaras y fotografía/	Cámaras y fotografía/Cámaras de acción		DJI Osmo Pocket 3 Vlog Combo, cámara de vlogging con 1 '' CMOS y 4 K/120 fps para YouTube, micrófono
SUBCATEGORÍA	p282390	Cámaras y fotografía/	Cámaras y fotografía/Cámaras de acción		DJI Osmo Pocket 3 Vlog Combo, cámara de vlogging con 1 '' CMOS y 4 K/120 fps, sistema de micrófono i
SUBCATEGORÍA	p282391	Cámaras y fotografía/	Cámaras y fotografía/Cámaras de acción		DJI Osmo Pocket 3 Vlog Combo, cámara de vlogging con 1 '' CMOS y 4 K/120 fps para YouTube, micrófono
SUBCATEGORÍA	p282404	Cámaras y fotografía/	Cámaras y fotografía/Cámaras de acción		DJI Osmo Pocket 4 Creator Combo, cámara Vlog de 4K/240fps, estabilización de 3 ejes, pista activa 7.
SUBCATEGORÍA	p282432	Cámaras y fotografía/	Cámaras y fotografía/Accesorios		Insta360 X5 - Paquete de batería impermeable 8K 360 cámara de acción con sensores de 1/1.3 pulgadas,
SUBCATEGORÍA	p282433	Cámaras y fotografía/	Cámaras y fotografía/Accesorios		Insta360 X5 - Paquete de batería impermeable 8K 360 cámara de acción con sensores de 1/1.3 pulgadas,
SUBCATEGORÍA	p282500	Cámaras y fotografía/	Cámaras y fotografía/Accesorios		XIIYUN Mini marco de fotos de mesa de plástico de 3 "para Fujifilm Instax mini 8 7s 90 25 50s 9 SP-1
SUBCATEGORÍA	p282803	Cámaras y fotografía/	Cámaras y fotografía/Instantáneas		Fujifilm Instax Mini LiPlay - Impresora híbrida para cámara instantánea e smartphone (bronce profund
SUBCATEGORÍA	p282948	Cámaras y fotografía/	Cámaras y fotografía/Videocámaras		Videocámara de Bolsillo con Detección de Movimiento y Visión Nocturna con Lente Giratoria de 180 Gra
SUBCATEGORÍA	p283109	Cámaras y fotografía/	Cámaras y fotografía/Videocámaras		Videocámara Digital, DH90 16X Zoom Digital Cámara de Alta Definición con Pantalla Colorida de 2,7 Pu
SUBCATEGORÍA	p283132	Cámaras y fotografía/	Cámaras y fotografía/Videocámaras		Cámara de vídeo, 4K 48MP Cámara DV de 2,7 Pulgadas Videocámara con Zoom Digital de 16x Pantalla gira
SUBCATEGORÍA	p283184	Cámaras y fotografía/	Cámaras y fotografía/Accesorios		Cámara Digital FHD 1080P 40MP con Trípode Doble Lente para Selfies y Grabación de Video - Ideal para
SUBCATEGORÍA	p283277	Cámaras y fotografía/	Cámaras y fotografía/Videocámaras		Cámara de Vídeo Digital, DH 90 16X Zoom Digital Videocámara HD en Color de 2, 7 Pulgadas, Rotación d
SUBCATEGORÍA	p283331	Cámaras y fotografía/	Cámaras y fotografía/Cámaras de acción		Videocámara Personal Cámara 2K Pequeña Videocámara Deportiva Portátil para Ciclismo Grabación de Vid
SUBCATEGORÍA	p283344	Cámaras y fotografía/	Cámaras y fotografía/Cámaras de acción		Cámara de acción de tamaño de bolsillo con lente de 125 ° para viajes, fiestas, diarios, videocámara
SUBCATEGORÍA	p283345	Cámaras y fotografía/	Cámaras y fotografía/Cámaras de acción		Cámara Corporal WiFi 4K con función de grabación de Video y videocámara con Clip y Lente giratoria d
SUBCATEGORÍA	p283382	Cámaras y fotografía/	Cámaras y fotografía/Videocámaras		Cámara de vídeo Videocámara, 16x 1080P 30FPS Vlogging Camera Recorder con pantalla giratoria TFT de 
SUBCATEGORÍA	p283569	Cámaras y fotografía/	Cámaras y fotografía/Videocámaras		Videocámara de vídeo de 16 x 1080P 30FPS Vlogging con Pantalla TFT giratoria de 2,7 Pulgadas, luz de
SUBCATEGORÍA	p283592	Cámaras y fotografía/	Cámaras y fotografía/Videocámaras		Tbest Videocámara 6K HD con Doble Lente, Pantalla Giratoria, Grabadora Digital, Micrófono Inalámbric
SUBCATEGORÍA	p283613	Cámaras y fotografía/	Cámaras y fotografía/Videocámaras		Sanpyl Videocámara con Cámara de Vídeo 6K, Videocámara Digital de Doble Lente de 64MP con Pantalla d
SUBCATEGORÍA	p283632	Cámaras y fotografía/	Cámaras y fotografía/Videocámaras		Cámara montada portátil 4K 30FPS WiFi videocámara Webcam con Lente de ángulo Amplio 120 Anti-Shake b
SUBCATEGORÍA	p283639	Cámaras y fotografía/	Cámaras y fotografía/Videocámaras		Videocámara con Cámara de Video, 5MP 16X Zoom Digital 1080P HD Pantalla TFT LCD 3 Pulgadas Cámara de
SUBCATEGORÍA	p283797	Cámaras y fotografía/	Cámaras y fotografía/Videocámaras		SWEPER Cámara de vídeo de 48MP, visión Nocturna, 4K, videocámara Digital, Parasol, WiFi, cámara, Vlo
SUBCATEGORÍA	p283864	Almacenamiento/	Almacenamiento/SSD		Lexar 8TB NM790 SSD PCIe Gen4 NVMe M.2 2280 Unidad Interna de Estado sólido, hasta 7000/6200 MB/s de
SUBCATEGORÍA	p283934	Almacenamiento/	Almacenamiento/SSD		Gigastone M.2 SSD de 2 TB (paquete de 4) PCIe 4.0 NVMe SSD 7.000 MB/s Disco duro interno de estado s
SUBCATEGORÍA	p283973	Almacenamiento/	Almacenamiento/Externo		G-Technology 18TB G-Drive con Thunderbolt 3 y USB-C Disco Duro Externo de Escritorio, Plateado – 0G1
SUBCATEGORÍA	p284009	Almacenamiento/	Almacenamiento/SSD		Mushkin Gamma Gen 4.0 – 8TB PCIe Gen4 x4 NVMe 1.3 – M.2 (2280) Gaming PS5 Unidad interna de estado s
SUBCATEGORÍA	p284126	Almacenamiento/	Almacenamiento/Memorias USB		Azul Guitarra En Forma De Unidad Flash USB Pendrive Disco (16, GB)
SUBCATEGORÍA	p284133	Almacenamiento/	Almacenamiento/Memorias USB		4GB Cello Modelo Unidad Flash USB 3.0 Memory Stick PenDrive Unidad Flash Unidad Jump Unidad de Memor
SUBCATEGORÍA	p284143	Almacenamiento/	Almacenamiento/Memorias USB		Unidad Flash USB de 16 GB – Memoria USB para Guitarra, Unidad Flash novedosa – 16 GB Pen Drive (Guit
SUBCATEGORÍA	p284160	Almacenamiento/	Almacenamiento/Memorias USB		8GB Forma de Guitarra Memoria USB USB 2.0 Unidades Flash Almacenamiento Unidad de Memoria USB Memory
SUBCATEGORÍA	p284161	Almacenamiento/	Almacenamiento/Memorias USB		16GB Modelo de máquina de Coser Negra Unidad Flash USB Unidades de Pulgar USB 2.0 Unidad de Memoria 
SUBCATEGORÍA	p284170	Almacenamiento/	Almacenamiento/Memorias USB		32 GB USB 2.0 Flash Drive Metal en forma de música, guitarra Pen Drive Memory Stick pulgar Drive, Ne
SUBCATEGORÍA	p284219	Almacenamiento/	Almacenamiento/Memorias USB		Genérico Memoria USB - Memorias USB en Forma de Coche Clásico,Diseño Retro de Coche Clásico 4 GB Alm
SUBCATEGORÍA	p284337	Almacenamiento/	Almacenamiento/Memorias USB		Pluma USB personalizada de 128 GB personalizada con tu logotipo, personaliza música DJ, logotipo de 
SUBCATEGORÍA	p284358	Almacenamiento/	Almacenamiento/Memorias USB		64GB Forma de violonchelo Unidad flash USB Unidad USB Memoria USB Disco Flash USB Disco USB Unidad d
SUBCATEGORÍA	p284387	Almacenamiento/	Almacenamiento/Memorias USB		Unidad Flash USB con Forma de Violín Almacenamiento de Datos Encantador para Música, Fotos, Película
SUBCATEGORÍA	p284436	Almacenamiento/	Almacenamiento/Memorias USB		Paquete de 5 unidades flash USB de 64 GB con 2 adaptadores USB C en estuche de transporte portátil, 
SUBCATEGORÍA	p284466	Almacenamiento/	Almacenamiento/Memorias USB		RAOYI - memoria USB C de 128 GB tipo C, unidad flash USB 3.0, unidad flash dual OTG, unidad de pulga
SUBCATEGORÍA	p284497	Almacenamiento/	Almacenamiento/Memorias USB		128GB Forma de acordeón Unidades Flash USB Pen Drive Memoria Flash Stick PenDrives Disco Flash USB U
SUBCATEGORÍA	p284509	Almacenamiento/	Almacenamiento/Memorias USB		128GB Modelo de máquina de Coser Negra Unidad Flash USB Unidades de Pulgar USB 2.0 Unidad de Memoria
SUBCATEGORÍA	p284511	Almacenamiento/	Almacenamiento/Externo		MOVE SPEED - Unidad flash de 128 GB, 1000 MB/s, velocidad de escritura, USB 3.2 Gen2+USB C SSD exter
SUBCATEGORÍA	p284530	Almacenamiento/	Almacenamiento/Memorias USB		SSK Unidad flash Dual USB C 256GB, velocidad de lectura de hasta 200 MB/s Unidad USB pequeña, unidad
SUBCATEGORÍA	p284582	Almacenamiento/	Almacenamiento/Memorias USB		SanDisk - Unidad Flash Ultra USB 3.0 de 32 GB, 32 GB, Paquete de 3 Unidades, SDCZ48-032G-GAM46T, Col
SUBCATEGORÍA	p284601	Almacenamiento/	Almacenamiento/Memorias USB		iDsonix - Unidad flash USB externa de 256 GB, hasta 1073 MB/s, unidad de pulgar con doble USB A 3.2 
SUBCATEGORÍA	p284603	Almacenamiento/	Almacenamiento/Memorias USB		fanxiang - Unidad flash de 512 GB de hasta 560 MB/s SSD externa, tipo C y USB-A 3.2 Gen 2, unidad de
SUBCATEGORÍA	p284610	Almacenamiento/	Almacenamiento/Memorias USB		MOVE SPEED Unidad de disco de pulgar de 256 GB, velocidad de lectura de 1000 MB/s, USB 3.2 Gen2+tipo
SUBCATEGORÍA	p284697	Almacenamiento/	Almacenamiento/Memorias USB		Kanayu - 50 unidades de memoria flash USB de 4 Gb, unidades de memoria flash USB de 2.0 para computa
SUBCATEGORÍA	p284701	Almacenamiento/	Almacenamiento/Memorias USB		Move Speed Unidad de Disco de Pulgar de 512 GB, Velocidad de Lectura de 1000 MB/s, USB 3.2 Gen2+Tipo
SUBCATEGORÍA	p284703	Almacenamiento/	Almacenamiento/Memorias USB		Kanayu - 50 unidades flash a granel de 2 GB USB 2.0, memorias USB pequeñas portátiles de transferenc
SUBCATEGORÍA	p284706	Almacenamiento/	Almacenamiento/Memorias USB		Kanayu - 50 unidades flash a granel de 2 GB USB 2.0 unidades de pulgar pequeñas con cierre de salto 
SUBCATEGORÍA	p284735	Almacenamiento/	Almacenamiento/Memorias USB		iDsonix - Unidad flash USB externa de 512 GB, hasta 1073 MB/s, unidad de pulgar con doble USB A 3.2 
SUBCATEGORÍA	p284754	Almacenamiento/	Almacenamiento/Memorias USB		SSK 256 GB SSD USB C se pega hasta 1000 MB/s, unidad rápida de pulgar, unidad dual tipo C + USB A 3.
SUBCATEGORÍA	p284775	Almacenamiento/	Almacenamiento/Externo		Unidad flash USB 3.0 de 128 GB, paquete de 5 unidades de memoria para almacenamiento de datos, mini 
SUBCATEGORÍA	p284819	Almacenamiento/	Almacenamiento/Externo		SSK 1TB USB Drive, SSD externo rápido de 550MB/s 2-en-1 de doble unidad tipo C+ A USB3.2 Gen2 unidad
SUBCATEGORÍA	p284841	Almacenamiento/	Almacenamiento/Externo		SSK 1Tb Unidad de Pulgar USB C Hasta 1000Mb/S, Unidad Flash Dual Rápida, SSD Externo Tipo C+USB A 3.
SUBCATEGORÍA	p284858	Almacenamiento/	Almacenamiento/Externo		TOPESEL - Paquete de 50 unidades flash USB 2.0 de 4 GB, unidad flash de alta velocidad, unidad de me
SUBCATEGORÍA	p284881	Almacenamiento/	Almacenamiento/Externo		Buffalo SSD Externo de 1 TB - hasta 600 MB/s - USB-C - USB-A - USB 3.2 Gen 2 (Compatible con PS4 / P
SUBCATEGORÍA	p284898	Almacenamiento/	Almacenamiento/Externo		SSK 2TB SSD USB C Stick hasta 1000MB/s, SSD externo rápido de doble unidad tipo C + USB A 3.2 Gen 2 
SUBCATEGORÍA	p284956	Almacenamiento/	Almacenamiento/Externo		BUFFALO SSD Externo de 2 TB - hasta 600 MB/s - USB-C - USB-A - USB 3.2 Gen 2 (Compatible con PS4 / P
SUBCATEGORÍA	p284966	Cámaras y fotografía/	Cámaras y fotografía/Accesorios		Kodak PIXPRO AZ425 Cámara digital + tarjeta de memoria de 64 GB + funda para cámara (negro) + lector
SUBCATEGORÍA	p284975	Almacenamiento/	Almacenamiento/Externo		SSD externo portátil SSK de 2TB Dual USB 3.2 Gen 2 Unidad de estado sólido de hasta 550MB/s en lectu
SUBCATEGORÍA	p284981	Cámaras y fotografía/	Cámaras y fotografía/Accesorios		Kodak PIXPRO AZ425 Cámara digital + tarjeta de memoria de 64 GB + funda para cámara (negro) + lector
SUBCATEGORÍA	p284989	Almacenamiento/	Almacenamiento/Memorias USB		SSK 4TB SSD USB C Unidad de hasta 1000MB/s, SSD externa rápida de doble unidad tipo C + USB-A 3.2 Ge
SUBCATEGORÍA	p285037	Almacenamiento/	Almacenamiento/Externo		Transcend SSD Externo de 2 TB, hasta 1.050 MB/s, Disco Duro USB Dual para Tesla, iPhone15, 16 iPad&M
SUBCATEGORÍA	p285418	Laptops/	Laptops/Gamer		MSI MPG Trident AS 10SC-1208US SFF Escritorio para Juegos, Intel Core i7-10700F, GeForce RTX 2060 Su
SUBCATEGORÍA	p285438	Laptops/	Laptops/Gamer		MSI Escritorio para Videojuegos Trident 3 (SFF), Intel Core i7-11700F, GeForce RTX 3060 (ITX), Memor
SUBCATEGORÍA	p285445	Laptops/	Laptops/Gamer		MSI Meg Trident X 10SD-864US SFF Escritorio para Juegos, Intel Core i7-10700KF, GeForce RTX 2070 Sup
SUBCATEGORÍA	p285446	Laptops/	Laptops/Gamer		MSI Trident AS (SFF) Escritorio para Juegos, Intel Core i7-12700F, GeForce RTX 3060 Ti, Memoria de 1
SUBCATEGORÍA	p285486	Almacenamiento/	Almacenamiento/Tarjetas de memoria		Adaptador de Memory Stick para PSP con 16GB Tarjeta de Memoria MicroSD, Micro SD/SDHC/SDXC a Memory 
SUBCATEGORÍA	p285546	Almacenamiento/	Almacenamiento/Tarjetas de memoria		Adaptador de Memory Stick para PSP con 64GB Tarjeta de Memoria MicroSD, Micro SD/SDHC/SDXC a Memory 
SUBCATEGORÍA	p295623	Mascotas/	Mascotas/Casas para mascotas		Casita para niños，Tienda de Campaña para Niños de Lona , Carpa Tipi con Colchón y Luces, Casa de Jue
SUBCATEGORÍA	p296057	Deportes y fitness/	Deportes y fitness/Barras y discos		Newan - Trampolín de fitness de 48 pulgadas con barra de mango ajustable, cama elástica silenciosa, 
SUBCATEGORÍA	p296228	Juegos de mesa/	Juegos de mesa/De mesa clásicos		Hasbro Gaming, Monopoly Edición Mario Kart, Nintendo, Juego de Mesa Familiar, Juego para 2 a 4 Jugad
SUBCATEGORÍA	p296267	Equipo comercial/	Equipo comercial/Mobiliario		Vitrina Transparente para Coleccionables, 2 Niveles Mini Estante de Exhibición de Figuras de Acción 
SUBCATEGORÍA	p296858	Juguetes y bebés/	Juguetes y bebés/Carriolas		mosquitero para bebé, para carriola, portabebés y moisés, cordón elástico para una Red de Ajuste cóm
SUBCATEGORÍA	p297277	Mascotas/	Mascotas/Transportadoras		Beberoad Pets T4 - carriola para mascotas para perros pequeños y medianos, cochecitos de gato para 2
SUBCATEGORÍA	p297292	Mascotas/	Mascotas/Transportadoras		Pettingzoo - Carrito de perro con 4 ruedas, carriola plegable para gatos y perros pequeños/medianos/
SUBCATEGORÍA	p297366	Mascotas/	Mascotas/Transportadoras		Beberoad Pets T4 Max - carriola para perros pequeños y medianos y gatos, 4 ruedas plegable de viaje,
SUBCATEGORÍA	p297767	Mascotas/	Mascotas/Transportadoras		carriolas para Perro Cochecito para Mascotas De 4 Ruedas, Ligero Y Plegable, para Perros Y Gatos Peq
SUBCATEGORÍA	p297770	Mascotas/	Mascotas/Transportadoras		carriolas para Perro Cochecito para Mascotas, Cómodo Y Plegable, Cochecito con Portavasos Y Rejilla 
SUBCATEGORÍA	p297772	Mascotas/	Mascotas/Transportadoras		carriolas para Perro Cochecito para Mascotas, Cochecito para Mascotas Ligero Y Plegable, Cochecito c
SUBCATEGORÍA	p297834	Mascotas/	Mascotas/Transportadoras		carriolas para Perro Cochecito para Mascotas, Ligero Y Fácil De Plegar, Apto para Perros Y Gatos Peq
SUBCATEGORÍA	p297838	Mascotas/	Mascotas/Transportadoras		carriolas para Perro El Cochecito para Mascotas Es Ligero Y Plegable, para Perros Pequeños Y Mediano
SUBCATEGORÍA	p299362	Mascotas/	Mascotas/Juguetes para perro		Juguete Pelota Interactiva Autodesplazable para Gatos, Pelota Automática 360 Grados con Diseño De An
SUBCATEGORÍA	p299534	Mascotas/	Mascotas/Juguetes para perro		Juguete Pelota Interactiva Autodesplazable para Gatos, Pelota Automática 360 Grados con Diseño De An
SUBCATEGORÍA	p299749	Mascotas/	Mascotas/Camas para perro		Rollup - Cama para perro al aire última intervensión, colchoneta de viaje para perros medianos y gra
SUBCATEGORÍA	p299770	Mascotas/	Mascotas/Camas para perro		Cama para Mascotas con Forma de Perro Caliente, innovadora, extraíble, otoño Invierno, cálida Alfomb
SUBCATEGORÍA	p300064	Mascotas/	Mascotas/Jaulas para perro		NOVAKA Jaula de Hámster Portátil, Botella de Agua，Casa de Mascotas Pequeñas para Roedores, Ratones y
SUBCATEGORÍA	p300137	Mascotas/	Mascotas/Casas para mascotas		Dog & Cat Teepee portátiles Pet Tents con cojín y Pizarra pequeña de 24 Pulgadas de Altura Casa de P
SUBCATEGORÍA	p300147	Mascotas/	Mascotas/Casas para mascotas		Carga de Mascotas Dog & Cat Tepee portátiles Pet Tents con cojín y Pizarra pequeña de 28 Pulgadas de
SUBCATEGORÍA	p300165	Mascotas/	Mascotas/Casas para mascotas		Tienda para mascotas de 20 pulgadas de alto, tipi para perros y gatos, tiendas tipi portátiles para 
SUBCATEGORÍA	p300225	Mascotas/	Mascotas/Jaulas y hábitats para roedores		Tienda de jaulas para animales pequeños, corralito plegable pequeño para mascotas, tienda de carpas 
SUBCATEGORÍA	p300239	Mascotas/	Mascotas/Camas para perro		Zerodis Mini Cama para Dormir Suave y Bonita de algodón para Mascotas, para hámster, Erizo, Ardilla,
SUBCATEGORÍA	p300674	Mascotas/	Mascotas/Comederos elevados		Aramox Bandeja Elevada de Acero Inoxidable para Comedero para Perros, Mesa de Comedor Antideslizante
SUBCATEGORÍA	p300850	Mascotas/	Mascotas/Casas para mascotas		Esponja de memoria para interiores, plegable para casa de perro, con cojín para perros pequeños, med
SUBCATEGORÍA	p300851	Mascotas/	Mascotas/Camas para perro		Genérico Alfombra de Agua para Juegos,Cama Plegable de Agua para Perros - Colchoneta Inflable Gruesa
SUBCATEGORÍA	p300873	Mascotas/	Mascotas/Jaulas para aves		Yosoo Huhushop Jaula de Pájaros de Cama Columpio Cueva Juguetes con Escalera Linterna de Cáscara de 
SUBCATEGORÍA	p300879	Mascotas/	Mascotas/Jaulas para aves		Fenteer Casa de Nido de pájaro cálido, Suave, Hamaca, Cueva Colgante, Loros duraderos, Cama de, Sumi
SUBCATEGORÍA	p300908	Mascotas/	Mascotas/Camas para perro		POPETPOP Cama Calentita para Mascotas De Diseño Jirafa Almohadilla Confortable para Hámster Ratón Er
SUBCATEGORÍA	p300925	Mascotas/	Mascotas/Adiestramiento		Casa Laberinto para Hámster 2 Piezas Juguete Creativo Túnel y Columpio Laberinto para Ratones y Pequ
SUBCATEGORÍA	p300942	Mascotas/	Mascotas/Gallineros y conejeras		Genérico Nido de Paja de 28 CM para Gallinas Ponedoras y Mascotas Pequeñas, Cama Tejida para Galline
SUBCATEGORÍA	p300961	Mascotas/	Mascotas/Casas para mascotas		Balacoo Trompeta de Iglú para Hámster Casa de Verano de Cerámica Escondite para Mascotas Nido para A
SUBCATEGORÍA	p300963	Mascotas/	Mascotas/Rascadores y torres		COLLBATH Castillo de Madera y Espacio de Juego 3 Niveles y Escalera para Hámster Juguete para Trepar
SUBCATEGORÍA	p300995	Mascotas/	Mascotas/Gallineros y conejeras		Genérico Nido de Paja de 28 CM para Gallinas Ponedoras y Mascotas Pequeñas, Cama Tejida para Galline
SUBCATEGORÍA	p301007	Mascotas/	Mascotas/Cuevas, iglús y tiendas para mascotas		Cama para Cobayas, Casa Cálida para Cobayas, Cuevas, Escondites, Accesorios para Jaulas De Mascotas 
SUBCATEGORÍA	p301010	Mascotas/	Mascotas/Jaulas para perro		Genérico Casa de Peluche algodón Suave para pequeños Animales Cama cálida Lavable y Accesorios Jaula
SUBCATEGORÍA	p301048	Mascotas/	Mascotas/Camas para perro		Cama De Conejos - Estera De Hierba Roer Y Anidar,Estera Heno - Apto para Animales Pequeños y Mascota
SUBCATEGORÍA	p301104	Mascotas/	Mascotas/Casas para mascotas		Esponja de memoria para interiores, plegable para casa de perro, con cojín para perros pequeños, med
SUBCATEGORÍA	p301134	Mascotas/	Mascotas/Casas para mascotas		Esponja de memoria para interiores, plegable para casa de perro, con cojín para perros pequeños, med
SUBCATEGORÍA	p301266	Mascotas/	Mascotas/Higiene y limpieza		Almohadillas de orina lavables para perros Whelping reutilizables (paquete de 2) acolchadas grandes 
SUBCATEGORÍA	p301406	Mascotas/	Mascotas/Casas para mascotas		BXEBUI - Esponja de memoria para interiores, plegable para casa de perro, con cojín para perros pequ
SUBCATEGORÍA	p301419	Mascotas/	Mascotas/Casas para mascotas		Aramox Castillo Modular de Pino con Escalera, Casa Compacta de Madera para Cobayas, Conejos, Chinchi
SUBCATEGORÍA	p301514	Mascotas/	Mascotas/Jaulas para perro		X-ZONE PET Parque De Juegos para Perros, Corral De Juegos para Cachorros Y Gatos, Jaula Portátil Ple
SUBCATEGORÍA	p301593	Mascotas/	Mascotas/Casas para mascotas		Cama con Control de Temperatura Cueva Refugio Casa para Mascotas con Diseño Cerrado con Packs de Hie
SUBCATEGORÍA	p301603	Mascotas/	Mascotas/Rascadores y torres		Cat Living in Famous Painting – Pintura al óleo de doble cara para gatos con rascador, marco de foto
SUBCATEGORÍA	p301612	Mascotas/	Mascotas/Puertas para mascotas		Parque Infantil para Perros, 42.51 X 42.51 X 26 Pulgadas, Portatil Parque para Mascotas, con Puerta,
SUBCATEGORÍA	p301705	Mascotas/	Mascotas/Jaulas para perro		Perreras y jaulas para perros medianos, jaula portátil para mascotas de interior con marco de alambr
SUBCATEGORÍA	p301745	Mascotas/	Mascotas/Higiene y limpieza		Paw Inspired PopCorner - Forros de jaula de cobayas | Ropa de cama de forro polar lavable para cobay
SUBCATEGORÍA	p301815	Mascotas/	Mascotas/Puertas para mascotas		ZJSF - Puerta plegable no empotrado para interior para casa, puertas largas para mascotas, valla de 
SUBCATEGORÍA	p301859	Mascotas/	Mascotas/Puertas para mascotas		Mumeasy Puerta de bebé extra ancha, puerta de 75-130 cm de presión montada para perros con puerta de
SUBCATEGORÍA	p301908	Mascotas/	Mascotas/Puertas para mascotas		COMOMY - Puerta de bebé de 29.5 a 43.5 pulgadas, extra ancha para escaleras, puertas de perro con ci
SUBCATEGORÍA	p301947	Mascotas/	Mascotas/Higiene y limpieza		Paw Inspired PopCorner - Forros de jaula de cobayas | Ropa de cama de forro polar lavable para cobay
SUBCATEGORÍA	p301993	Mascotas/	Mascotas/Puertas para mascotas		LZRS Puerta independiente de madera de roble, puertas de madera para perros, puertas de perro para l
SUBCATEGORÍA	p301998	Mascotas/	Mascotas/Puertas para mascotas		Babelio - Puerta de bebé de 75.4 a 118.1 cm, sin parte inferior, para escaleras, puertas de segurida
SUBCATEGORÍA	p302021	Mascotas/	Mascotas/Puertas para mascotas		Babelio Puerta de bebé extra ancha de 29 a 48 pulgadas con puerta ajustable para gatos, fácil de ins
SUBCATEGORÍA	p302031	Mascotas/	Mascotas/Puertas para mascotas		Corralito de juegos para mascotas, puerta plegable para perros, de plástico pesado, corral de ejerci
SUBCATEGORÍA	p302046	Mascotas/	Mascotas/Puertas para mascotas		Cumbor - Puerta de bebé extra alta de 34 pulgadas sin parte inferior para escaleras, puerta de perro
SUBCATEGORÍA	p302049	Mascotas/	Mascotas/Puertas para mascotas		Cumbor - Puerta de bebé de 29.5 a 46 Pulgadas para escaleras, Regalos para mamá, Puerta de Perro con
SUBCATEGORÍA	p302162	Mascotas/	Mascotas/Higiene y limpieza		Forros de jaula de conejillos de indias inspirados en la pata | Ropa de cama de forro polar lavable 
SUBCATEGORÍA	p302197	Mascotas/	Mascotas/Puertas para mascotas		Cumbor - Puerta de bebé de 75,4 a 103,1 cm para escaleras, puerta de perro ganadora de los premios M
SUBCATEGORÍA	p303806	Mascotas/	Mascotas/Platos y tazones para mascotas		masoe Comedero Exprimidor de Barra de Gato, Cuchara Dispensadora Golosinas Húmedas Gatos - 3 Uds. Al
SUBCATEGORÍA	p303816	Mascotas/	Mascotas/Comederos automáticos		Alimentador Automático Para Mascotas Comedero Para Pájaros Contenedor De Comida Automático Transpare
SUBCATEGORÍA	p303823	Mascotas/	Mascotas/Comederos elevados		FOMIYES Comedero Elevado y Almacenamiento de Alimentos para Gatos y Perros Pequeños con Cuenco de Ce
SUBCATEGORÍA	p303853	Mascotas/	Mascotas/Comederos automáticos		Dispensador de alimentos para gatos con fugas de alimentos, mouse, alimentador más lento, alimentado
SUBCATEGORÍA	p303975	Mascotas/	Mascotas/Fuentes y dispensadores de agua		Yosoo Dispensador Automático de Agua para Comedero de Hámster 2 en 1 con Diseño Antipunta de 80 Ml p
SUBCATEGORÍA	p304145	Mascotas/	Mascotas/Comederos lentos y antivoracidad		Tazones Comedero Lento para Perros, Tazón de Comida de Silicona Anti-Engullimiento, Comedero Lento p
SUBCATEGORÍA	p304524	Mascotas/	Mascotas/Tapetes y accesorios de alimentación		Soporte para Comedero para Mascotas Comedero Estación Alimentación Trípode con Tazones de Acero Inox
SUBCATEGORÍA	p305069	Mascotas/	Mascotas/Bebederos		Comederos Elevados De Cerámica para Perros, De 21 Cm con Soporte, Comederos Y Bebederos Elevados par
SUBCATEGORÍA	p305184	Mascotas/	Mascotas/Comederos automáticos		Comedero automático for Perros con cámara y vídeo, dispensador de Comida for Mascotas, aplicación In
SUBCATEGORÍA	p305343	Mascotas/	Mascotas/Comederos automáticos		Comederos automáticos para Gatos Cuenco automático para Perros con hervidor Lento, dispensador de Co
SUBCATEGORÍA	p305352	Mascotas/	Mascotas/Comederos automáticos		Comederos automáticos para Gatos Cámara Alimentador Temporización Inteligente Automático Gato Perro 
SUBCATEGORÍA	p305439	Mascotas/	Mascotas/Comederos elevados		DBD2001A-2SET Billie 24 x 15.7 Pulgadas, Cama pequeña y Moderna para Mascotas con cojín Lavable y co
SUBCATEGORÍA	p305547	Mascotas/	Mascotas/Acuarios y terrarios		Hohopeti Tienda de Campaña para Reptiles y Animales Pequeños de Algodón, Cama Portátil y Ligera, Ref
SUBCATEGORÍA	p305567	Mascotas/	Mascotas/Casas para mascotas		Genérico Sugar Glider - De Escondite para Pequeños Animales En Invierno - Cama para Dormir Cómoda - 
SUBCATEGORÍA	p305592	Mascotas/	Mascotas/Casas para mascotas		Balacoo Nido De Hámster De Lunares Casa para Mascotas Casita Calefactada para Animales Pequeños Cama
SUBCATEGORÍA	p305701	Mascotas/	Mascotas/Casas para mascotas		Tipi Para , 34x36x30cm Tela Lavable Desmontable Casa Para Gatos Casa Para Suave y Cómoda para Perros
SUBCATEGORÍA	p305719	Mascotas/	Mascotas/Jaulas y hábitats para roedores		Chinchilla, Erizo, Conejillo de Indias, Accesorios para Cama, Jaula, Juguetes, casa de dragón Barbud
SUBCATEGORÍA	p305723	Mascotas/	Mascotas/Cuevas, iglús y tiendas para mascotas		Nido de pájaro de Invierno cálido con Cojín extraíble, casa de pájaros Estilo tocón, Hamaca de Cama 
SUBCATEGORÍA	p305736	Mascotas/	Mascotas/Puertas para mascotas		Puerta mágica para mascotas, puerta de malla para perro, 71 x 28.3 pulgadas, puertas para cachorros,
SUBCATEGORÍA	p305753	Mascotas/	Mascotas/Camas para perro		Almohadilla Lavable para Dormir de Animales pequeños, nidos portátiles para Chinchillas, Conejos, có
SUBCATEGORÍA	p305760	Mascotas/	Mascotas/Cuevas, iglús y tiendas para mascotas		Casa de cama de conejillo de indias acogedora cueva para hámsteres, erizos, hurones, conejos pequeño
SUBCATEGORÍA	p305789	Mascotas/	Mascotas/Cuevas, iglús y tiendas para mascotas		YUEPET cobayas Cama Abrazos Cueva Lana cálida casa acogedora Ropa de Cama Almohadas jaulas Nido Anim
SUBCATEGORÍA	p305932	Mascotas/	Mascotas/Casas para mascotas		Cama escondite de Refugio para Animales pequeños de 2 Niveles con Cubierta extraíble y Decoraciones 
SUBCATEGORÍA	p305960	Mascotas/	Mascotas/Cuevas, iglús y tiendas para mascotas		Tienda de Carpa de Mascotas, Carpas de teepe de Mascotas portátiles para Perros y Gatos con cojín y 
SUBCATEGORÍA	p305992	Mascotas/	Mascotas/Jaulas y hábitats para roedores		Genérico Chinchilla, Erizo, cobaya, Cama, Accesorios, Jaula, Juguetes, casa de dragón Barbudo, Sumin
SUBCATEGORÍA	p306112	Mascotas/	Mascotas/Casas para mascotas		BXEBUI - Esponja de memoria para interiores, plegable para casa de perro, con cojín para perros pequ
SUBCATEGORÍA	p306127	Mascotas/	Mascotas/Casas para mascotas		Niteangel - Casa de hámster con escalera de escalada para hámsters, ratones o mascotas de tamaño sim
SUBCATEGORÍA	p306238	Mascotas/	Mascotas/Casas para mascotas		ORFOFE Casa Tejida de Paja para Conejos y Cobayas Pequeños, Cama Cómoda y Fácil de Limpiar, Adecuado
SUBCATEGORÍA	p306303	Mascotas/	Mascotas/Casas para mascotas		Cama con Control de Temperatura Cueva Refugio Casa para Mascotas con Diseño Cerrado con Packs de Hie
SUBCATEGORÍA	p306566	Mascotas/	Mascotas/Casas para mascotas		Cama con Control de Temperatura Cueva Refugio Casa para Mascotas con Diseño Cerrado con Packs de Hie
SUBCATEGORÍA	p306573	Mascotas/	Mascotas/Casas para mascotas		Cama con Control de Temperatura Cueva Refugio Casa para Mascotas con Diseño Cerrado con Packs de Hie
SUBCATEGORÍA	p306745	Mascotas/	Mascotas/Puertas para mascotas		LZRS Puerta independiente de madera de roble, puertas de madera para perros, puertas de perro para l
SUBCATEGORÍA	p306996	Mascotas/	Mascotas/Higiene y limpieza		Paw Inspired PopCorner - Forros de jaula de cobayas | Ropa de cama de forro polar lavable para cobay
SUBCATEGORÍA	p307081	Mascotas/	Mascotas/Camas para gato		Cama de Perro Cama Gato Cama Perro Cama Para Mascotas Con Forma De Pez Linterna, Casa Para Mascotas,
SUBCATEGORÍA	p307812	Mascotas/	Mascotas/Jaulas y hábitats para roedores		Jaulas para Interiores y Exteriores - Jaulas para Animales pequeños - Casas con cercas para Mascotas
SUBCATEGORÍA	p308005	Mascotas/	Mascotas/Jaulas y hábitats para roedores		Jaulas para Interiores y Exteriores - Jaulas para Animales pequeños - Casas con cercas para Mascotas
SUBCATEGORÍA	p30859	Cocina y comedor/	Cocina y comedor/Vajillas		Set Vajilla Platos Vasos y Cubiertos de Vidrio Crisa 12 Piezas
SUBCATEGORÍA	p308773	Mascotas/	Mascotas/Platos y tazones para mascotas		Genérico Cuenco De Cristal para Perros De Gran Capacidad Comedero para Mascotas Fácil De Limpiar par
SUBCATEGORÍA	p308819	Mascotas/	Mascotas/Comederos lentos y antivoracidad		Happyyami Tazón De Comida Lenta Aumentó Bol Lento Bochas Alimentación Tazón para Perros para Comedor
SUBCATEGORÍA	p309261	Mascotas/	Mascotas/Comederos elevados		Cuenco elevado de cerámica para gatos, cuenco elevado inclinado antivómito para gatos de interior, c
SUBCATEGORÍA	p309298	Mascotas/	Mascotas/Platos y tazones para mascotas		Comedero para Mascotas Cuenco Tazón Recipiente de Goma con Forma Abocinada y Altura 10.2 Cm Gran Cap
SUBCATEGORÍA	p309314	Mascotas/	Mascotas/Bebederos		Abaodam Bandeja para Comedero De Mascotas Bandeja para Bebedero De Gatos Adecuada para Comederos De 
SUBCATEGORÍA	p309329	Mascotas/	Mascotas/Bebederos		Yardwe Dispensador de Agua para Perro Plato de Comida para Perros Bebedero automatico para Mascotas 
SUBCATEGORÍA	p309772	Belleza y cuidado personal/	Belleza y cuidado personal/Masajeadores		Shiatsu Masajeador de cuello y espalda con calor relajante, Nekteck Electric Deep Tissue 3D Almohada
SUBCATEGORÍA	p309804	Belleza y cuidado personal/	Belleza y cuidado personal/Masajeadores		Masajeador Anticelulítico, Herramienta de Masaje de Drenaje Linfático, Máquina para Esculpir el Cuer
SUBCATEGORÍA	p309809	Belleza y cuidado personal/	Belleza y cuidado personal/Masajeadores		Masajeador AnticelulíTico,Masajeador Corporal Multifuncional,con Tablero Gua Sha,Herramienta de Masa
SUBCATEGORÍA	p310115	Suplementos/	Suplementos/Antioxidantes		MitoQ Joint 60 cápsulas de gel suave Super CoQ10 antioxidante – MitoQ con extracto de aceite omega d
SUBCATEGORÍA	p310124	Suplementos/	Suplementos/Antioxidantes		Nordic Naturals Nordic CoQ10 Ubiquinol Sport - 60 mini geles suaves - 100 mg Ubiquinol - Salud del c
SUBCATEGORÍA	p310228	Suplementos/	Suplementos/Antioxidantes		LongLifeNutri- “Espermidina 20mg, Apoya la Salud Celular y la Función Cerebral 180 Count, 2 Tamaño d
SUBCATEGORÍA	p310310	Suplementos/	Suplementos/Energía y vitalidad		Pure Encapsulations Renual | Apoyo para la función muscular, producción de energía celular, salud mi
SUBCATEGORÍA	p310342	Relojes inteligentes/	Relojes inteligentes/Smartwatches		Fitbit Versa 3 Smartwatch de Salud y Fitness, con GPS integrado, Frecuencia Cardiaca 24/7, Alexa inc
SUBCATEGORÍA	p310428	Equipo comercial/	Equipo comercial/Carros de servicio		Carro Médico Móvil De Acero Inoxidable con Ruedas Giratorias para Uso En Centros De Salud, Salones D
SUBCATEGORÍA	p310554	Belleza y cuidado personal/	Belleza y cuidado personal/Masajeadores		Aplicador de Aceite para el Cabello 2 en 1, Scalp Massager, Cepillo Infrarrojo para Masajeador Cuero
SUBCATEGORÍA	p310579	Belleza y cuidado personal/	Belleza y cuidado personal/Limpiadores y tónicos		MIST JEWEL Aceite de Jojoba para Masaje Facial y Corporal, Aceite Hidratante 100% natural prensado e
SUBCATEGORÍA	p310783	Blancos y ropa de cama/	Blancos y ropa de cama/Sábanas king size		ZIMASILK Juego de ropa de cama de seda pura de morera 19 Momme 100%, juego de 4 piezas para dormir, 
SUBCATEGORÍA	p310808	Belleza y cuidado personal/	Belleza y cuidado personal/Pelucas		Peluca Cabello Humano Ondulado Flequillo Densidad 130% for Mujeres Negras, Sin Encaje Frontal, 14 A 
SUBCATEGORÍA	p311150	Equipo comercial/	Equipo comercial/Carros de servicio		Carrito Utilitario Médico con Cajones, Carrito De 3 Niveles con Ruedas Carro Servicio De Acero Inoxi
SUBCATEGORÍA	p311221	Equipo comercial/	Equipo comercial/Carros de servicio		Carro Médico De Acero Inoxidable Para Laboratorio De 3 Niveles, Carrito De Servicio, Carro Multiusos
SUBCATEGORÍA	p311223	Equipo comercial/	Equipo comercial/Carros de servicio		Carro Médico De Acero Inoxidable Para Laboratorio De 3 Niveles, Carrito De Servicio, Carro Multiusos
SUBCATEGORÍA	p311232	Equipo comercial/	Equipo comercial/Carros de servicio		Carro Médico De Acero Inoxidable Para Laboratorio De 3 Niveles, Carrito De Servicio, Carro Multiusos
SUBCATEGORÍA	p311416	Belleza y cuidado personal/	Belleza y cuidado personal/Masajeadores		Masajeador avanzado para el cuidado del cuero cabelludo, cepillo masajeador eléctrico portátil 2 en 
SUBCATEGORÍA	p311518	Belleza y cuidado personal/	Belleza y cuidado personal/Masajeadores		Papillon Masajeador de espalda con calor, masajeador shiatsu de espalda y cuello con amasado de teji
SUBCATEGORÍA	p311538	Belleza y cuidado personal/	Belleza y cuidado personal/Masajeadores		RIKE Shiatsu - Masajeador de cuello con calor, masajeador 3D para cuello, hombros y espalda, con ada
SUBCATEGORÍA	p311576	Belleza y cuidado personal/	Belleza y cuidado personal/Masajeadores		Masajeador de espalda con calor, masajeadores para cuello y espalda, almohada de masaje de cuello sh
SUBCATEGORÍA	p311589	Belleza y cuidado personal/	Belleza y cuidado personal/Masajeadores		Masajeador de percusión de tela profundo TheraFlow, masajeador de espalda de mano, amasador muscular
SUBCATEGORÍA	p31175	Deportes y fitness/	Deportes y fitness/Máquinas multifuncionales y poleas		Power Rack Smith Gym Pesas Multifuncional Casa Completo
SUBCATEGORÍA	p311771	Muebles/	Muebles/Sillones y reclinables		IDEALHOUSE - Silla reclinable de Masaje con Calor, Giratorio Manual con Masaje vibratorio, Bolsillos
SUBCATEGORÍA	p311858	Belleza y cuidado personal/	Belleza y cuidado personal/Masajeadores		Aparato profesional de terapia con ondas de choque extracorpóreas, masajeador neumático de ondas de 
SUBCATEGORÍA	p312040	Climatización/	Climatización/Ventiladores de pared		Aire Acondicionado y Ventilador de Pared de 1800 W, Sistema Inteligente 2 en 1 de Refrigeración y Ca
SUBCATEGORÍA	p312302	Climatización/	Climatización/Aires acondicionados portátiles		Aire acondicionado portátil de 12 V, ventilador evaporativo de refrigeración de agua con tanque de h
SUBCATEGORÍA	p312659	Domótica y hogar inteligente/	Domótica y hogar inteligente/Iluminación inteligente		Roomratv - Ventiladores de techo con luces, ventiladores de techo inteligentes de 52 pulgadas con lu
SUBCATEGORÍA	p313144	Climatización/	Climatización/Purificadores de aire		MOOKA Purificadores de aire para el hogar, habitación grande de hasta 1076 pies cuadrados, H13 True 
SUBCATEGORÍA	p313541	Climatización/	Climatización/Deshumidificadores		4500 pies cuadrados Energy Star 2026 Deshumidificador para sótano y habitaciones grandes con manguer
SUBCATEGORÍA	p313739	Climatización/	Climatización/Deshumidificadores		Deshumidificador de 850 ml para 215 pies cuadrados. Ft-deshumidificador pequeño portátil, protección
SUBCATEGORÍA	p314164	Climatización/	Climatización/Climatizadores evaporativos		Airconditioner Portable, 7 Luces De Colores Aire Climatizador Portatil, ProteccióN del Medio Ambient
SUBCATEGORÍA	p314462	Climatización/	Climatización/Aires acondicionados para auto y RV		Rejilla Para Radiador Peine de Aletas para Coche Refrigeración Aire Acondicionado Condensador Enfria
SUBCATEGORÍA	p314729	Climatización/	Climatización/Accesorios y refacciones de aire acondicionado		Aire acondicionado de torre AC, ventilador de refrigeración de aire de torre para dormitorio, refrig
SUBCATEGORÍA	p315290	Climatización/	Climatización/Aires acondicionados portátiles		Antarctic Star - Aire acondicionado portátil 10000 BTU (ASHRAE), control remoto, modo ventilador, re
SUBCATEGORÍA	p317182	Climatización/	Climatización/Extractores y ventilación		Ventilador de escape de baño 4 en 1 con calentador de 1800 W, luz LED con 4 modos RGB, altavoz y con
SUBCATEGORÍA	p317356	Climatización/	Climatización/Ventiladores de pedestal		Ventilador de Pie con Panel Solar Portátil,Ventiladores de Pedestal con Pilas Recargables,Ventilador
SUBCATEGORÍA	p319423	Climatización/	Climatización/Ventiladores de pedestal		Calentador de Ventilador Ptc Con Cable de Alimentación, 110 V, 100 W, Eléctrico, Cerámico, Ahorro de
SUBCATEGORÍA	p321961	Deportes y fitness/	Deportes y fitness/Máquinas de abdominales		Bullworker Bow - Equipo de ejercicio isométrico clásico de 36 pulgadas, equipo portátil de entrenami
SUBCATEGORÍA	p322063	Deportes y fitness/	Deportes y fitness/Máquinas multifuncionales y poleas		Silla Romana de Hiperextensión Ajustable, Banco de Hiperextension Multifuncional para Casa, Gimnasio
SUBCATEGORÍA	p322183	Deportes y fitness/	Deportes y fitness/Balones		Balón Fútbol No.5 Oficial, Set Entrenamiento Juvenil con Red + Pasador, Juegos Familiares Ideal para
SUBCATEGORÍA	p322186	Deportes y fitness/	Deportes y fitness/Balones		Balón de Fútbol de Entrenamiento Juvenil, Tamaño Normal de Partido 5 con Red de Pasador, Soccer Love
SUBCATEGORÍA	p322189	Deportes y fitness/	Deportes y fitness/Balones		Balón de Fútbol de Entrenamiento Juvenil, Tamaño Normal de Partido 5 con Red de Pasador, Soccer Love
SUBCATEGORÍA	p322213	Deportes y fitness/	Deportes y fitness/Balones		Balón Fútbol No.5 Oficial, Set Entrenamiento Juvenil con Red + Pasador, Juegos Familiares Ideal para
SUBCATEGORÍA	p322254	Deportes y fitness/	Deportes y fitness/Balones		Balón de fútbol de Entrenamiento Juvenil, Balón de fútbol No.5, con Red + Pasador, Fútbol recreativo
SUBCATEGORÍA	p322256	Deportes y fitness/	Deportes y fitness/Balones		Balón de Fútbol de Entrenamiento Juvenil, Tamaño Normal de Partido 5 con Red de Pasador, Soccer Love
SUBCATEGORÍA	p322448	Deportes y fitness/	Deportes y fitness/Yoga		APEXUP - Pelota de Ejercicio y Yoga, Antideslizante, Tipo Silla de Estabilidad, Resistente, Grande, 
SUBCATEGORÍA	p322467	Deportes y fitness/	Deportes y fitness/Yoga		APEXUP - Pelota de Ejercicio y Yoga, Antideslizante, Tipo Silla de Estabilidad, Resistente, Grande, 
SUBCATEGORÍA	p322511	Deportes y fitness/	Deportes y fitness/Bicicletas fijas		Bicicleta de ejercicio con pedal para personas mayores, brazo, pierna, rodilla, fisioterapia con mon
SUBCATEGORÍA	p322533	Deportes y fitness/	Deportes y fitness/Bicicletas fijas		Bicicleta Estática de Aire (Air Bike) – Airo Biker para Crossfit y Entrenamiento Funcional de Cuerpo
SUBCATEGORÍA	p322552	Deportes y fitness/	Deportes y fitness/Bicicletas fijas		MDFitness Air Bike Bicicleta de Aire Ventilador Fan Bike | Resistencia Ilimitada CrossFit HIIT Full 
SUBCATEGORÍA	p322979	Deportes y fitness/	Deportes y fitness/Voleibol		12 toallas de enfriamiento de béisbol, sóftbol, fútbol, voleibol, baloncesto, tenis, microfibra de s
SUBCATEGORÍA	p323155	Juegos de mesa/	Juegos de mesa/Rompecabezas		Juegos de ajedrez magnéticos,Juegos de Mesa Batalla Intelectual con Juego de Imanes,Juego de Mesa Ma
SUBCATEGORÍA	p323158	Juegos de mesa/	Juegos de mesa/Rompecabezas		Juegos de ajedrez magnéticos,Juegos de Mesa Batalla Intelectual con Juego de Imanes,Juego de Mesa Ma
SUBCATEGORÍA	p323272	Deportes y fitness/	Deportes y fitness/Raquetas		ZORBES Genérico® Juego de Mesa de Ping Pong, Kit de Raquetas con 2 Pelotas para Casa, Colegio y Club
SUBCATEGORÍA	p323394	Deportes y fitness/	Deportes y fitness/Raquetas		Genérico Juego de Pong Puerta para Niños, 2 Raquetas Juego Pong para Puerta, Juegos Ligero Tenis Mes
SUBCATEGORÍA	p323420	Deportes y fitness/	Deportes y fitness/Raquetas		Juego de pong para puerta, juego de tenis de mesa colgante, portátil, para niños, con 2 raquetas y 6
SUBCATEGORÍA	p323570	Deportes y fitness/	Deportes y fitness/Pesas de tobillo y chalecos con peso		Polainas para Tobillo - Par 1 a 5 libras por tobillo (10 lb total) - Pesas ajustables con 5 sacos ex
SUBCATEGORÍA	p324593	Deportes y fitness/	Deportes y fitness/Yoga		Ligas de Resistencia - Juego 11 Piezas - Bandas elásticas tubulares 48 Pulgadas, Cinco Niveles de te
SUBCATEGORÍA	p324647	Deportes y fitness/	Deportes y fitness/Yoga		Banda de Cuerpo Total, Banda de Fitness Todo en uno, Banda de Ejercicio de Cuerpo Completo para Ejer
SUBCATEGORÍA	p324795	Deportes y fitness/	Deportes y fitness/Natación		Trajes de Baño Mujer Completo Traje de Baño Mujer Natacion Curvy Control Abdomen Mujer Secado Rápido
SUBCATEGORÍA	p325054	Deportes y fitness/	Deportes y fitness/Balones		Balón Fútbol No.5 Oficial, Set Entrenamiento Juvenil con Red + Pasador, Juegos Familiares Ideal para
SUBCATEGORÍA	p325071	Deportes y fitness/	Deportes y fitness/Fútbol		Kit de Entrenamiento para Futbol，6M Escalera Entrenamiento para Ejercicio，1 Cinturon de Entrenamient
SUBCATEGORÍA	p325093	Deportes y fitness/	Deportes y fitness/Fútbol		12 pares Calcetines Deportivos para Hombre, Calcetines Deportivos Algodon Transpirables, Antidesliza
SUBCATEGORÍA	p325105	Deportes y fitness/	Deportes y fitness/Fútbol		12 pares Calcetines Deportivos para Hombre, Calcetines Deportivos Algodon Transpirables, Antidesliza
SUBCATEGORÍA	p325110	Deportes y fitness/	Deportes y fitness/Fútbol		12 pares Calcetines Deportivos para Hombre, Calcetines Deportivos Algodon Transpirables, Antidesliza
SUBCATEGORÍA	p325444	Movilidad eléctrica/	Movilidad eléctrica/Patinetes eléctricos		Scooter para Niños, Adolescentes y Adultos, Patinete Plegable con Pedales más Anchos, Campana, Freno
SUBCATEGORÍA	p325642	Viajes/	Viajes/Camping		RAINSMORE 40L Mochila Senderismo Mujer Hombre Mochila Impermeable Mochila Camping Bandas Reflectante
SUBCATEGORÍA	p325739	Blancos y ropa de cama/	Blancos y ropa de cama/Toallas de baño		Toallas de Refrigeración,Ejercicios de Secado Rápido Microfibras Toalla con Funda de Almacenamiento,
SUBCATEGORÍA	p326105	Deportes y fitness/	Deportes y fitness/Patines y patinetas		Rodilleras para niños y niñas de 3 a 8 años de edad, rodilleras y coderas con muñequeras, juego de e
SUBCATEGORÍA	p326298	Deportes y fitness/	Deportes y fitness/Bandas de resistencia		Máquina de torsión de cintura con manubrio y soporte para teléfono, retorcido de cintura con bandas 
SUBCATEGORÍA	p326372	Deportes y fitness/	Deportes y fitness/Equipo de gimnasio		Toddmomy Empuñaduras de espuma de repuesto para equipos de fitness, cubiertas de esponja para tubos 
SUBCATEGORÍA	p326376	Deportes y fitness/	Deportes y fitness/Bicicletas fijas		Pull Pin Spring Pins Fitness Pop Pin Ejercicio Máquinas de entrenamiento Liberar equipo de bicicleta
SUBCATEGORÍA	p326422	Deportes y fitness/	Deportes y fitness/Accesorios de fuerza		Sunny Health & Fitness Caminadora para Caminar con Banco de Perfil Bajo y Pasamanos de Agarre Múltip
SUBCATEGORÍA	p326478	Deportes y fitness/	Deportes y fitness/Equipo de gimnasio		2 almohadillas para orejas de goma negra que absorben los golpes para equipos de fitness, protectore
SUBCATEGORÍA	p326485	Deportes y fitness/	Deportes y fitness/Yoga		Esterilla Fitness Puzzle para Suelos de Gimnasio | Set de Protección Goma Espuma Losas Caucho para M
SUBCATEGORÍA	p326553	Deportes y fitness/	Deportes y fitness/Yoga		Repuesto de Gym de Espuma para Colchoneta de Gimnasio 2 Piezas, Protección Práctica para Entrenamien
SUBCATEGORÍA	p326565	Deportes y fitness/	Deportes y fitness/Yoga		Almohadilla para Barra Gym, 2 Grilletes para Tobillo de Fitness, 3 Ligas de Resistencia para Ejercic
SUBCATEGORÍA	p326588	Deportes y fitness/	Deportes y fitness/Equipo de gimnasio		Srliya Selector Magnético de Pasadores de Pesas para Gimnasio, 8mm de Diámetro con Cordón, Accesorio
SUBCATEGORÍA	p326679	Deportes y fitness/	Deportes y fitness/Bandas de resistencia		HERCHR Pecho Expander, Portátil Robusto Ergonómico Elástico Desmontable Fuerza De Brazo con 5 Cuerda
SUBCATEGORÍA	p326688	Deportes y fitness/	Deportes y fitness/Mancuernas		Bnineteenteam Guantes de Fitness Guantes de Entrenamiento para Hombres y Mujeres Guantes de Ejercici
SUBCATEGORÍA	p326718	Deportes y fitness/	Deportes y fitness/Accesorios de fuerza		Zunate Pasador de Gimnasio de 7,8 Mm, Pasador de Pila de Pesas Antioxidante, Gympin de Pila de Pesas
SUBCATEGORÍA	p326801	Deportes y fitness/	Deportes y fitness/Bandas de resistencia		Almohadilla para Barra Gym,3 Ligas de Resistencia para Ejercicio,2 Grilletes para Tobillo Gym,3 Tobi
SUBCATEGORÍA	p326893	Deportes y fitness/	Deportes y fitness/Accesorios de fuerza		Zunate Pasador de Gimnasio de 7,8 Mm, Pasador de Pila de Pesas Antioxidante, Gympin de Pila de Pesas
SUBCATEGORÍA	p327192	Deportes y fitness/	Deportes y fitness/Equipo de gimnasio		Barra de levantamiento de pesas EZ de 47 pulgadas, para empujes de cadera, sentadillas, estocadas, p
SUBCATEGORÍA	p327278	Deportes y fitness/	Deportes y fitness/Accesorios de fuerza		Kipika - Convertidor ajustable de mancuernas a barra - Adaptador EZ de barra de rizador - Equipo ver
SUBCATEGORÍA	p327367	Deportes y fitness/	Deportes y fitness/Equipo de gimnasio		Banco de hiperextensión para silla romana – Máquina de extensión trasera ajustable para glúteos, isq
SUBCATEGORÍA	p327555	Deportes y fitness/	Deportes y fitness/Máquinas de abdominales		Bullworker X5 Pro 28 pulgadas, equipo de ejercicio isométrico, entrenamiento de fuerza portátil en c
SUBCATEGORÍA	p327662	Deportes y fitness/	Deportes y fitness/Máquinas multifuncionales y poleas		ASSICON Silla Romana Banco de extensión de Respaldo Ajustable Banco de Abdominales Multifuncional En
SUBCATEGORÍA	p327690	Deportes y fitness/	Deportes y fitness/Equipo de gimnasio		Banco de extensión Silla romana de hiperextensión, equipo de entrenamiento Ab ajustable, banco de ex
SUBCATEGORÍA	p327692	Deportes y fitness/	Deportes y fitness/Equipo de gimnasio		ASSICON Silla Romana de hiperextensión, Equipo de Entrenamiento AB Ajustable, Banco de extensión de 
SUBCATEGORÍA	p327721	Deportes y fitness/	Deportes y fitness/Máquinas multifuncionales y poleas		Banco de extensión de espalda Silla romana Banco de extensión de respaldo ajustable Banco de abdomin
SUBCATEGORÍA	p327801	Deportes y fitness/	Deportes y fitness/Equipo de gimnasio		Silla Romana Plegable Para Entrenamiento De Glúteos, Extensión De Espalda Y Fortalecimiento Del Core
SUBCATEGORÍA	p327814	Deportes y fitness/	Deportes y fitness/Máquinas multifuncionales y poleas		Silla Romana Plegable para ejercitar Cintura, Cadera y Espalda, Entrenador de glúteos con extensión 
SUBCATEGORÍA	p327831	Deportes y fitness/	Deportes y fitness/Equipo de gimnasio		Silla Romana Plegable Para Entrenamiento De Glúteos, Extensión De Espalda Y Fortalecimiento Del Core
SUBCATEGORÍA	p327836	Deportes y fitness/	Deportes y fitness/Máquinas de abdominales		Banco de gimnasio Banco de hiperextensión Silla romana ajustable Equipo de ejercicio Entrenamiento d
SUBCATEGORÍA	p327859	Deportes y fitness/	Deportes y fitness/Máquinas multifuncionales y poleas		Banco de gimnasio Silla Romana Banco Respaldo Banco De Hiperextensión Equipo De Entrenamiento Ab Aju
SUBCATEGORÍA	p327862	Deportes y fitness/	Deportes y fitness/Bancos y racks		Banco de gimnasio Silla romana plegable, banco de abdominales de altura, entrenador de fuerza de pie
SUBCATEGORÍA	p327874	Deportes y fitness/	Deportes y fitness/Máquinas multifuncionales y poleas		Banco de gimnasio Silla romana de hiperextensión, equipo de ejercicio, equipo de ejercicio plegable,
SUBCATEGORÍA	p327878	Deportes y fitness/	Deportes y fitness/Máquinas multifuncionales y poleas		Banco de gimnasio Banco de extensión de respaldo Silla romana Banco de abdominales multifuncional En
SUBCATEGORÍA	p327894	Deportes y fitness/	Deportes y fitness/Máquinas de abdominales		ASSICON Silla Romana Resistente, Banco de extensión de Respaldo multifunción Ajustable en Altura, Eq
SUBCATEGORÍA	p327896	Deportes y fitness/	Deportes y fitness/Máquinas multifuncionales y poleas		Silla Romana Plegable para ejercitar Cintura, Cadera y Espalda, Entrenador de glúteos con extensión 
SUBCATEGORÍA	p327897	Deportes y fitness/	Deportes y fitness/Máquinas multifuncionales y poleas		Silla Romana Plegable para ejercitar Cintura, Cadera y Espalda, Entrenador de glúteos con extensión 
SUBCATEGORÍA	p327898	Deportes y fitness/	Deportes y fitness/Máquinas multifuncionales y poleas		Banco de gimnasio Silla romana Banco de entrenamiento multifuncional Máquina de hiperextensión ajust
SUBCATEGORÍA	p327901	Deportes y fitness/	Deportes y fitness/Máquinas de abdominales		Banco de gimnasio Banco de hiperextensión, silla romana, equipo de ejercicio de extensión de espalda
SUBCATEGORÍA	p327903	Deportes y fitness/	Deportes y fitness/Máquinas multifuncionales y poleas		Banco de gimnasio Silla romana Banco Ab, entrenador de fuerza de piernas, altura ajustable, banco de
SUBCATEGORÍA	p327905	Deportes y fitness/	Deportes y fitness/Máquinas de abdominales		Banco de gimnasio Silla romana resistente, banco de extensión de respaldo multifunción ajustable en 
SUBCATEGORÍA	p327997	Deportes y fitness/	Deportes y fitness/Máquinas de abdominales		Banco de hiperextensión - Silla Romana Ajustable de 45 Grados para Ejercicios de glúteos, isquiotibi
SUBCATEGORÍA	p327998	Deportes y fitness/	Deportes y fitness/Máquinas de abdominales		Banco de hiperextensión - Silla Romana Ajustable de 45 Grados para Ejercicios de glúteos, isquiotibi
SUBCATEGORÍA	p328046	Deportes y fitness/	Deportes y fitness/Máquinas multifuncionales y poleas		Silla romana plegable, banco de extensión de espalda ajustable, banco de hiperextensión multifuncion
SUBCATEGORÍA	p328056	Deportes y fitness/	Deportes y fitness/Máquinas multifuncionales y poleas		Banco de extensión de espalda, silla romana ajustable, banco de hiperextensión multifuncional, banco
SUBCATEGORÍA	p328059	Deportes y fitness/	Deportes y fitness/Máquinas multifuncionales y poleas		Banco de hiperextensión ajustable, silla romana para gimnasio en casa, equipo de extensión de espald
SUBCATEGORÍA	p328077	Deportes y fitness/	Deportes y fitness/Máquinas de abdominales		Silla romana multifunción, banco de extensión de espalda, banco de hiperextensión para abdominales, 
SUBCATEGORÍA	p328080	Deportes y fitness/	Deportes y fitness/Máquinas de abdominales		Banco de extensión Silla Romana Banco De Hiperextensión Cintura Y Espalda Entrenador De Músculos Abd
SUBCATEGORÍA	p328085	Deportes y fitness/	Deportes y fitness/Máquinas multifuncionales y poleas		Silla Romana Plegable para ejercitar Cintura, Cadera y Espalda, Entrenador de glúteos con extensión 
SUBCATEGORÍA	p328086	Deportes y fitness/	Deportes y fitness/Máquinas multifuncionales y poleas		Silla Romana Plegable para ejercitar Cintura, Cadera y Espalda, Entrenador de glúteos con extensión 
SUBCATEGORÍA	p328100	Deportes y fitness/	Deportes y fitness/Máquinas de abdominales		ASSICON Silla Romana Banco De Hiperextensión Cintura Y Espalda Entrenador De Músculos Abdominales Se
SUBCATEGORÍA	p328105	Deportes y fitness/	Deportes y fitness/Máquinas multifuncionales y poleas		Banco de gimnasio Banco de hiperextensión ajustable, silla romana para gimnasio en casa, equipo de e
SUBCATEGORÍA	p328108	Deportes y fitness/	Deportes y fitness/Máquinas de abdominales		Banco de gimnasio Silla Romana Banco De Hiperextensión Cintura Y Espalda Entrenador De Músculos Abdo
SUBCATEGORÍA	p328114	Deportes y fitness/	Deportes y fitness/Bancos y racks		Banco de pesas para el hogar, banco de levantamiento de pesas todo en uno, banco de prensa, banco de
SUBCATEGORÍA	p328119	Deportes y fitness/	Deportes y fitness/Máquinas de abdominales		ASSICON Silla Romana Comercial Banco de hiperextensión Máquina de Ejercicios para la Espalda Equipo 
SUBCATEGORÍA	p328175	Deportes y fitness/	Deportes y fitness/Equipo de gimnasio		Qianly Aparato Multifunción Fitness Estable Entrenador Piernas Cómoda Equipo Deportivo para Casa, Gi
SUBCATEGORÍA	p328176	Deportes y fitness/	Deportes y fitness/Máquinas de abdominales		Banco de extensión de espalda Silla romana comercial Banco de hiperextensión Máquina de ejercicios p
SUBCATEGORÍA	p328183	Deportes y fitness/	Deportes y fitness/Equipo de gimnasio		Silla Romana Plegable para Entrenamiento de glúteos, extensión de Espalda y fortalecimiento del Core
SUBCATEGORÍA	p328268	Deportes y fitness/	Deportes y fitness/Máquinas de abdominales		Banco de gimnasio Silla romana comercial Banco de hiperextensión Máquina de ejercicios para la espal
SUBCATEGORÍA	p328361	Deportes y fitness/	Deportes y fitness/Bancos y racks		Banco con mancuernas suave y cómodo, banco de pesas, estante eléctrico para Fitness, equipo de gimna
SUBCATEGORÍA	p328372	Deportes y fitness/	Deportes y fitness/Bancos y racks		Banco con mancuernas suave y cómodo, banco de pesas, estante eléctrico para Fitness, equipo de gimna
SUBCATEGORÍA	p328682	Deportes y fitness/	Deportes y fitness/Máquinas de abdominales		Banco de Gimnasio para casa， Bancos Ajustables, Silla de Fitness, Comercial, for el hogar, multifunc
SUBCATEGORÍA	p329311	Belleza y cuidado personal/	Belleza y cuidado personal/Dispositivos de cuidado facial		Morpheus 8 Dispositivo Facial Portátil | Reafirmante Antienvejecimiento con Radiofrecuencia Fraccion
SUBCATEGORÍA	p329524	Belleza y cuidado personal/	Belleza y cuidado personal/Corporales		Aceite de Masaje Sensual de Lavanda con Colágeno y Células Madre, Terapia Reafirmante para Glúteos, 
SUBCATEGORÍA	p329925	Equipo comercial/	Equipo comercial/Carros de servicio		Carro para Equipos de Belleza con Ruedas, Carrito de Salón Móvil Profesional de Tres Capas, Capacida
SUBCATEGORÍA	p330104	Belleza y cuidado personal/	Belleza y cuidado personal/Cremas y sérums faciales		PERENNIS Aceite de Vitamina E Facial 100% Puro Prensado en Frío, Vitamina E Líquida, Aceite Hidratan
SUBCATEGORÍA	p330189	Equipo comercial/	Equipo comercial/Carros de servicio		Carrito médico móvil con cajones, carro de ultrasonido de hospital con 4 ruedas giratorias silencios
SUBCATEGORÍA	p330859	Belleza y cuidado personal/	Belleza y cuidado personal/Depilación		INNZA - Depilación láser con función de enfriamiento por hielo, mujeres, depilación permanente, 999.
SUBCATEGORÍA	p330882	Belleza y cuidado personal/	Belleza y cuidado personal/Depilación		Depilación láser IPL con enfriamiento a 5 °C, depilación láser indolora en casa para mujeres y hombr
SUBCATEGORÍA	p333146	Belleza y cuidado personal/	Belleza y cuidado personal/Cremas y sérums faciales		Aceite Rosa Mosqueta Facial 30 ml - Rosehip Seed Oil - Puro, Prensado en Frio, Sin Refinar, Natural,
SUBCATEGORÍA	p333204	Belleza y cuidado personal/	Belleza y cuidado personal/Cremas y sérums faciales		Pack 3 Aceites Faciales de Moringa – Antiedad, Antiarrugas y Antimanchas | Nutre, Reafirma y Aclara 
SUBCATEGORÍA	p333591	Belleza y cuidado personal/	Belleza y cuidado personal/Mascarillas faciales		Beauty Pops Máscara facial Cuidado de la piel todas las frutas naturales máscara facial rodillo de h
SUBCATEGORÍA	p333806	Belleza y cuidado personal/	Belleza y cuidado personal/Masajeadores		Nanoleaf Varita de fototerapia 6 en 1 aprobada por la FDA para rostro y cuello, masajeador facial co
SUBCATEGORÍA	p333952	Belleza y cuidado personal/	Belleza y cuidado personal/Cremas y sérums faciales		Suero Facial De Colágeno Celular Arianna-Skincare, Hidratante Natural Para El Rostro, Antiedad Con V
SUBCATEGORÍA	p333954	Belleza y cuidado personal/	Belleza y cuidado personal/Cremas y sérums faciales		Ampolla Calmante Intensiva Celular Lbb - Suero Facial En Aerosol Calmante, Hidratante Y Vegano - Equ
SUBCATEGORÍA	p333996	Belleza y cuidado personal/	Belleza y cuidado personal/Masajeadores		Masajeador facial Estiramiento de la piel Dispositivo anticelulítico Eliminador de arrugas Máquina d
SUBCATEGORÍA	p334101	Belleza y cuidado personal/	Belleza y cuidado personal/Vaporizadores y equipo de spa		Mini Máquina de Belleza Facial y Corporal RF Skin Lifting Eliminador de Arrugas Elitzia ETLB148B
SUBCATEGORÍA	p334256	Belleza y cuidado personal/	Belleza y cuidado personal/Cremas y sérums faciales		Máquina para moldear el cuerpo, quema de grasa, 5 en 1, reafirmante la piel, reducción de celulitis 
SUBCATEGORÍA	p334353	Belleza y cuidado personal/	Belleza y cuidado personal/Dispositivos de cuidado facial		ERICAT Dispositivo De Estiramiento Facial, Instrumento De Belleza Multifunción con 4 Sondas, Mejora 
SUBCATEGORÍA	p334533	Belleza y cuidado personal/	Belleza y cuidado personal/Cremas y sérums faciales		Instrumento de Belleza 4 en 1, Belleza Facial, Aspirador Facial de hidrógeno, Limpieza Facial, Instr
SUBCATEGORÍA	p337734	Iluminación/	Iluminación/Ventiladores con luz		Foco Led Con Ventilador Dosyu No Control Apagador Luz Blanca Luz Blanco Neutro
SUBCATEGORÍA	p340914	Blancos y ropa de cama/	Blancos y ropa de cama/Protectores de colchón impermeables		VIOPY Protector de Colchón，Cubre Colchon 100% Impermeable,a Prueba de Ácaros,Hipoalergénico,Lavable 
SUBCATEGORÍA	p340931	Blancos y ropa de cama/	Blancos y ropa de cama/Protectores para cuna		Genérico Protector de Colchón 100% Impermeable, Cubre Colchon Acolchado Lavable en la Lavadora y Hip
SUBCATEGORÍA	p340965	Blancos y ropa de cama/	Blancos y ropa de cama/Protectores de colchón impermeables		Protector de colchón y sábana impermeable antideslizante de 111 cm x 132 cm; acabado acolchado súper
SUBCATEGORÍA	p341013	Blancos y ropa de cama/	Blancos y ropa de cama/Protectores de colchón impermeables		Protector de colchón y sábana impermeable antideslizante de 86 cm x 132 cm; acabado acolchado súper 
SUBCATEGORÍA	p341101	Blancos y ropa de cama/	Blancos y ropa de cama/Protectores de colchón impermeables		VIOPY Protector de Colchón，Cubre Colchon 100% Impermeable,a Prueba de Ácaros,Hipoalergénico,Lavable 
SUBCATEGORÍA	p341111	Blancos y ropa de cama/	Blancos y ropa de cama/Protectores para cuna		3PC Almohadillas de cama absorbentes, Protectores de Colchón Reutilizables, Lavable, muy absorbente,
SUBCATEGORÍA	p341159	Blancos y ropa de cama/	Blancos y ropa de cama/Protectores para cuna		3PC Almohadillas de cama absorbentes, Protectores de Colchón Reutilizables, Lavable, muy absorbente,
SUBCATEGORÍA	p341172	Blancos y ropa de cama/	Blancos y ropa de cama/Protectores para cuna		3PC Almohadillas de cama absorbentes, Protectores de Colchón Reutilizables, Lavable, muy absorbente,
SUBCATEGORÍA	p341282	Blancos y ropa de cama/	Blancos y ropa de cama/Cobijas		Almohadilla Térmica Eléctrica, Compresa Caliente Electrica, Cobijas Eléctricas Suave y Cómoda para A
SUBCATEGORÍA	p341284	Blancos y ropa de cama/	Blancos y ropa de cama/Cobijas		Almohadilla Térmica Eléctrica, Compresa Caliente Electrica, Cobijas Eléctricas Suave y Cómoda para A
SUBCATEGORÍA	p341289	Blancos y ropa de cama/	Blancos y ropa de cama/Cobijas		Compresas Calientes Terapeuticas, Almohadilla Térmica Eléctrica de 10 Niveles, Cobijas Eléctricas Su
SUBCATEGORÍA	p341290	Blancos y ropa de cama/	Blancos y ropa de cama/Cobijas eléctricas matrimoniales		cobija eléctrica con calefacción, 50 x 60 pulgadas, manta térmica con 10 niveles de calor de 1/2/4/6
SUBCATEGORÍA	p341740	Blancos y ropa de cama/	Blancos y ropa de cama/Toallas de manos y faciales		BAY LAUREL Toalla de mano turca – Paquete de 2 | Toallas decorativas suaves y absorbentes para baño,
SUBCATEGORÍA	p341764	Blancos y ropa de cama/	Blancos y ropa de cama/Toallas de baño		Toallas de Refrigeración,Ejercicios de Secado Rápido Microfibras Toalla con Funda de Almacenamiento,
SUBCATEGORÍA	p341769	Blancos y ropa de cama/	Blancos y ropa de cama/Toallas de baño		Toallas de Refrigeración,Ejercicios de Secado Rápido Microfibras Toalla con Funda de Almacenamiento,
SUBCATEGORÍA	p341773	Blancos y ropa de cama/	Blancos y ropa de cama/Juegos de toallas		Paquete de 4 Toalla de Golf, Microfibra Toallas de Enfriamiento, Juego de Limpieza de Golf, Toalla d
SUBCATEGORÍA	p341777	Blancos y ropa de cama/	Blancos y ropa de cama/Toallas de baño		Toallas de Refrigeración,Ejercicios de Secado Rápido Microfibras Toalla con Funda de Almacenamiento,
SUBCATEGORÍA	p341781	Blancos y ropa de cama/	Blancos y ropa de cama/Toallas de baño		Toallas de Refrigeración,Ejercicios de Secado Rápido Microfibras Toalla con Funda de Almacenamiento,
SUBCATEGORÍA	p342018	Blancos y ropa de cama/	Blancos y ropa de cama/Cobijas		Viral Manta de Baño Waffle, Super Absorbente No Resbaladizo Lavable en Máquina con Soporte de Goma R
SUBCATEGORÍA	p342356	Blancos y ropa de cama/	Blancos y ropa de cama/Edredones		PHF - Juego de edredón de gofre lavado a piedra, tamaño King (106 x 90 pulgadas), funda de 100% algo
SUBCATEGORÍA	p342557	Blancos y ropa de cama/	Blancos y ropa de cama/Cobijas		2 Pack Cobija Franela de Alta Calidad Suave y Cómoda Frazada Calientita Tejido Manta de Sofá, Viaje,
SUBCATEGORÍA	p342577	Blancos y ropa de cama/	Blancos y ropa de cama/Cobijas		Bluelander 1 Cobija para Bebé de Franela, Frazada Cómoda, Calientita, Cálida, Manta de 100% Poliéste
SUBCATEGORÍA	p342596	Blancos y ropa de cama/	Blancos y ropa de cama/Cobijas		Bluelander 2 Cobija para Bebé de Franela, Frazada Cómoda, Calientita, Cálida, Manta de 100% Poliéste
SUBCATEGORÍA	p342601	Blancos y ropa de cama/	Blancos y ropa de cama/Cobijas		Manta con Peso de 15 Libras (48 x 72 Pulgadas, Gris), Manta Pesada de enfriamiento Suave para Dormir
SUBCATEGORÍA	p342623	Blancos y ropa de cama/	Blancos y ropa de cama/Cobijas		Autentica Manta Mexicana Gruesa de Alta Calidad Multiusos (Yoga, Senderismo, Viajes, Tapete para tu 
SUBCATEGORÍA	p342651	Blancos y ropa de cama/	Blancos y ropa de cama/Cobijas		Manta de Punto para Sofá y Cama, Cobija Punto con Borlas Rombo Suave y Cálido, 127 x 180 cm Manta Li
SUBCATEGORÍA	p342734	Blancos y ropa de cama/	Blancos y ropa de cama/Cobijas		Manta de Punto para Sofá y Cama, Cobija Punto con Borlas Rombo Suave y Cálido, 127 x 180 cm Manta Li
SUBCATEGORÍA	p342740	Blancos y ropa de cama/	Blancos y ropa de cama/Cobijas		Cobija de forro polar de piel sintética ultrasuave y mullida de 50 x 60 pulgadas, gruesa, cálida, pa
SUBCATEGORÍA	p342772	Blancos y ropa de cama/	Blancos y ropa de cama/Cobijas		CIVARUA - Mantas de bebé para niños y niñas, manta súper suave para niños y niñas, manta neutra con 
SUBCATEGORÍA	p342795	Blancos y ropa de cama/	Blancos y ropa de cama/Cobijas		PAVILIA Cobija de forro polar suave azul marino para sofá, cobija ligera y cálida de peluche para ca
SUBCATEGORÍA	p342815	Blancos y ropa de cama/	Blancos y ropa de cama/Cobijas		Autentica Manta Mexicana Gruesa de Alta Calidad Multiusos (Yoga, Senderismo, Viajes, Tapete para tu 
SUBCATEGORÍA	p342830	Blancos y ropa de cama/	Blancos y ropa de cama/Cobijas		Manta para Sofá y Cama, Cobija de Reversible de Franela a Cuadros, 120*200cm Cobija Suave y Caliente
SUBCATEGORÍA	p342856	Blancos y ropa de cama/	Blancos y ropa de cama/Cobijas		Manta de Punto para Sofá y Cama, Cobija Punto con Borlas Rombo Suave y Cálido, 127 x 180 cm Manta Li
SUBCATEGORÍA	p342876	Blancos y ropa de cama/	Blancos y ropa de cama/Cobijas		CREVENT Farmhouse - Manta de Punto Bohemio para sofá, Silla, Cama, decoración del hogar, Suave, cáli
SUBCATEGORÍA	p342888	Blancos y ropa de cama/	Blancos y ropa de cama/Cobijas		Simple&Opulence Manta de Muselina 100% Algodón Tamaño King, Ligera y Transpirable de 4 Capas de Gasa
SUBCATEGORÍA	p342890	Blancos y ropa de cama/	Blancos y ropa de cama/Cobijas		Ahinahwap Cobija Resistente al Agua para Cama, Sofá, 152 x 203 cm Reversible y Lavable de Microfibra
SUBCATEGORÍA	p343130	Blancos y ropa de cama/	Blancos y ropa de cama/Protectores de colchón		Hoja Ajustada Protector de colch n Cierre el Stico Funda Cama Lavable Recubrimiento Poli ster TPU pa
SUBCATEGORÍA	p343293	Blancos y ropa de cama/	Blancos y ropa de cama/Protectores de colchón impermeables		VIOPY Protector de Colchón，Cubre Colchon 100% Impermeable,a Prueba de Ácaros,Hipoalergénico,Lavable 
SUBCATEGORÍA	p343303	Blancos y ropa de cama/	Blancos y ropa de cama/Protectores de colchón impermeables		VIOPY Protector de Colchón，Cubre Colchon 100% Impermeable,a Prueba de Ácaros,Hipoalergénico,Lavable 
SUBCATEGORÍA	p343411	Blancos y ropa de cama/	Blancos y ropa de cama/Protectores para cuna		FlyIdeas Juego de 3 sábanas bajeras Ajustables de Franela + 1 Protector de colchón Impermeable Next 
SUBCATEGORÍA	p343887	Blancos y ropa de cama/	Blancos y ropa de cama/Edredones		Colcha Tipo gofre, Protectores de colchón algodón, Funda Color sólido, Ropa Cama Suave, Almohadilla 
SUBCATEGORÍA	p344051	Blancos y ropa de cama/	Blancos y ropa de cama/Edredones		Colcha Tipo gofre, Protectores de colchón algodón, Funda Color sólido, Ropa Cama Suave, Almohadilla 
SUBCATEGORÍA	p344095	Blancos y ropa de cama/	Blancos y ropa de cama/Protectores de colchón		Matchel Protector cálido Suave Suave Acogedor lecho de Lana de vellón Invernal Cojas de colchón de T
SUBCATEGORÍA	p344143	Blancos y ropa de cama/	Blancos y ropa de cama/Protectores de colchón		Tapete de cama y listones de bambú, base de colchón transpirable portátil, tamaño personalizado de 1
SUBCATEGORÍA	p344478	Blancos y ropa de cama/	Blancos y ropa de cama/Cobijas		Almohadilla Térmica para Alivio de Dolores de Espalda Hombros Cuello, Cobijas Eléctricas Suave y Cóm
SUBCATEGORÍA	p344604	Blancos y ropa de cama/	Blancos y ropa de cama/Chales y mantas eléctricas para regazo		cobija eléctrica USB, 55 x 40 pulgadas, manta térmica cálida, poncho envolvente con 3 ajustes de cal
SUBCATEGORÍA	p344606	Blancos y ropa de cama/	Blancos y ropa de cama/Chales y mantas eléctricas para regazo		cobija eléctrica con calefacción por USB, con botones, 100 x 70 cm, manta térmica de franela de felp
SUBCATEGORÍA	p344621	Blancos y ropa de cama/	Blancos y ropa de cama/Mantas eléctricas USB y portátiles		Manta térmica para Coche con Bolsillo 81 x 61 cm Suave cálida con USB para Oficina de Calentamiento 
SUBCATEGORÍA	p344665	Blancos y ropa de cama/	Blancos y ropa de cama/Mantas eléctricas USB y portátiles		Manta térmica para coche con bolsillo 81 x 61 cm suave cálida con USB para oficina de calentamiento 
SUBCATEGORÍA	p344741	Blancos y ropa de cama/	Blancos y ropa de cama/Cobijas		Manta de Chal Eléctrica Cálida, Lavable, Cómoda, Portátil, para Viajes en Casa, Oficina, Hecha de Te
SUBCATEGORÍA	p344864	Blancos y ropa de cama/	Blancos y ropa de cama/Mantas eléctricas USB y portátiles		cobija eléctrica para coche con driver de temperatura, 3 niveles de calentamiento CC 12 V 24 V, lava
SUBCATEGORÍA	p344884	Blancos y ropa de cama/	Blancos y ropa de cama/Chales y mantas eléctricas para regazo		Manta calentada por USB,140 * 100cm/55 * 39inch Mantón Eléctrico Portátil,Manta de calefacción inalá
SUBCATEGORÍA	p344890	Blancos y ropa de cama/	Blancos y ropa de cama/Mantas eléctricas USB y portátiles		Manta calentada por USB, portátil, inalámbrica, lavable, con un control para acampar al aire última 
SUBCATEGORÍA	p344907	Blancos y ropa de cama/	Blancos y ropa de cama/Mantas eléctricas USB y portátiles		Manta térmica para coche DC12V-24V - cobija eléctrica para acampar en coche, portátil, lavable, con 
SUBCATEGORÍA	p344915	Blancos y ropa de cama/	Blancos y ropa de cama/Mantas eléctricas USB y portátiles		Firlar cobija eléctrica, cobija eléctrica de 55 x 31 pulgadas, manta térmica de calentamiento rápido
SUBCATEGORÍA	p345162	Blancos y ropa de cama/	Blancos y ropa de cama/Chales y mantas eléctricas para regazo		Manta calentada por USB,140 * 100cm/55 * 39inch Mantón Eléctrico Portátil,Manta de calefacción inalá
SUBCATEGORÍA	p345164	Blancos y ropa de cama/	Blancos y ropa de cama/Mantas eléctricas USB y portátiles		Manta térmica de 12 V/24 V, lavable a máquina, cobija eléctrica de franela para coche, SUV, caravana
SUBCATEGORÍA	p345177	Blancos y ropa de cama/	Blancos y ropa de cama/Chales y mantas eléctricas para regazo		KTELI Manta térmica eléctrica con Forro USB para Mujer, 3 ajustes de Calor, cobija eléctrica para Po
SUBCATEGORÍA	p345742	Blancos y ropa de cama/	Blancos y ropa de cama/Chales y mantas eléctricas para regazo		Juego de temporizador portátil de felpa suave para sofá cama, cobija eléctrica para coche, 3 capas, 
SUBCATEGORÍA	p346015	Blancos y ropa de cama/	Blancos y ropa de cama/Cobijas		200x250cm Cobijas Eléctricas,Almohadilla Térmica con 60 Calentamiento Niveles, Suave y Cómoda de Cal
SUBCATEGORÍA	p346504	Blancos y ropa de cama/	Blancos y ropa de cama/Toallas de baño		Toallas de Baño 3 Pack Toalla de Coral Suaves y Cómodo Juego de Toallas de Baño Altamente Absorbente
SUBCATEGORÍA	p346520	Deportes y fitness/	Deportes y fitness/Yoga		10 Piezas Toallas de Enfriamiento Deportiva,Toalla Microfibra Secado Rapido,Adecuado para Gym,Nataci
SUBCATEGORÍA	p346521	Blancos y ropa de cama/	Blancos y ropa de cama/Toallas de microfibra y deportivas		Sendowtek 2PCS Toallas Microfibra Deportiva Toallas de Microfibra Secado Rápido Toalla Deportiva Sec
SUBCATEGORÍA	p346531	Deportes y fitness/	Deportes y fitness/Yoga		12 Piezas Toallas de Enfriamiento Deportiva, Toalla Microfibra Secado Rápido, Adecuado para Gym,Nata
SUBCATEGORÍA	p346551	Blancos y ropa de cama/	Blancos y ropa de cama/Toallas de microfibra y deportivas		OSLIFE Toalla Microfibra, Secado Rápido Toalla, 3 Pcs Ultraligero Y Portátil, Súper Absorbente, Toal
SUBCATEGORÍA	p346557	Blancos y ropa de cama/	Blancos y ropa de cama/Toallas de cocina y paños		Paño de Limpieza de Microfibra, 5 Piezas 30 * 40 CM Toallas de Limpieza de Microfibra, 500GSM Toalla
SUBCATEGORÍA	p346560	Blancos y ropa de cama/	Blancos y ropa de cama/Toallas de microfibra y deportivas		6 Toallas Microfibra Secado Rápido, Toalla Deportiva, Toallas de Enfriamiento, Toalla Natacion, Toal
SUBCATEGORÍA	p346567	Blancos y ropa de cama/	Blancos y ropa de cama/Toallas de manos y faciales		BAY LAUREL Toalla de mano turca – Paquete de 2 | Toallas decorativas suaves y absorbentes para baño,
SUBCATEGORÍA	p346569	Blancos y ropa de cama/	Blancos y ropa de cama/Toallas de manos y faciales		BAY LAUREL Toalla de Manos turca – Paquete de 2 | Toallas Decorativas Suaves y absorbentes para baño
SUBCATEGORÍA	p346588	Blancos y ropa de cama/	Blancos y ropa de cama/Toallas de manos y faciales		BAY LAUREL Toalla de mano turca – Paquete de 2 | Toallas decorativas suaves y absorbentes para baño,
SUBCATEGORÍA	p346594	Blancos y ropa de cama/	Blancos y ropa de cama/Toallas de microfibra y deportivas		Toalla de Enfriamiento Deportiva,Toalla Microfibra Rápido con capucha,Toallas para gym para cuello y
SUBCATEGORÍA	p346613	Blancos y ropa de cama/	Blancos y ropa de cama/Toallas de microfibra y deportivas		Toalla de baño de microfibra con estampado de ranas de yoga, toalla de baño de lujo de 27.5 x 55 pul
SUBCATEGORÍA	p346637	Blancos y ropa de cama/	Blancos y ropa de cama/Toallas de baño		3 paquetes de toallas de refrigeración，ejercicios de Secado rápido Microfibras toalla con Silicona r
SUBCATEGORÍA	p346650	Blancos y ropa de cama/	Blancos y ropa de cama/Toallas de microfibra y deportivas		Toalla de Enfriamiento Deportiva,Toalla Microfibra Rápido con capucha,Toallas para gym para cuello y
SUBCATEGORÍA	p346653	Blancos y ropa de cama/	Blancos y ropa de cama/Toallas de baño		GUOJIAN 3 Paquetes de Toallas de refrigeración，Ejercicios de Secado rápido Microfibras Toalla con Si
SUBCATEGORÍA	p346753	Blancos y ropa de cama/	Blancos y ropa de cama/Toallas de manos y faciales		BAY LAUREL Toalla de Manos turca (Paquete de 2) | Toallas Decorativas Suaves y absorbentes para baño
SUBCATEGORÍA	p347143	Blancos y ropa de cama/	Blancos y ropa de cama/Toallas de baño		Toalla turca 100% algodón orgánico prelavada, 96,5 x 180,3 cm, ultra suave, altamente absorbente, se
SUBCATEGORÍA	p347162	Blancos y ropa de cama/	Blancos y ropa de cama/Juegos de toallas		Arkwright Las Rayas - Juego de 2 toallas de rizo 100% algodón suave a rayas con soporte de bolsillo 
SUBCATEGORÍA	p347260	Blancos y ropa de cama/	Blancos y ropa de cama/Toallas de playa y alberca		Toalla de playa turca ligera, 100% algodón BCI, franja cruda sin blanquear, certificado Oeko-TEX, ab
SUBCATEGORÍA	p347835	Blancos y ropa de cama/	Blancos y ropa de cama/Toallas de baño		Toalla de algodón Toalla de Cara de algodón Grueso for Adultos de la casa de la Cara de la casa de l
SUBCATEGORÍA	p348117	Equipo comercial/	Equipo comercial/Carros de servicio		Carro de isla de cocina con cajón y estantes de almacenamiento estante de especias barra de toallas 
SUBCATEGORÍA	p348490	Cargadores y adaptadores/	Cargadores y adaptadores/De pared		Extensor De Toma De Corriente Extensible con 2 USB (1 USB-C) Y 2 Enchufes AC, Base Giratoria 180°, S
SUBCATEGORÍA	p348527	Cargadores y adaptadores/	Cargadores y adaptadores/De pared		LICAEVEY Toma de Pared USB Tipo C con Prevención de Sobrecarga e Instalación Rápida para una Carga E
SUBCATEGORÍA	p348557	Cargadores y adaptadores/	Cargadores y adaptadores/De pared		Extensor De Toma De Corriente Extensible con 4 USB (1 USB-C) Y 3 Enchufes AC, Base Giratoria 180°, S
SUBCATEGORÍA	p348572	Cargadores y adaptadores/	Cargadores y adaptadores/Cargadores de pared de 25 a 45 W		4 LEAF Regleta de Escritorio con Abrazadera USB C de Carga Rápida 40W, Montaje en Borde, 2 PD USB-C 
SUBCATEGORÍA	p348581	Cargadores y adaptadores/	Cargadores y adaptadores/De pared		Denash Toma de Pared con Puertos de Carga Versátiles y Diseño Retardante de Llama para Instalación d
SUBCATEGORÍA	p348648	Domótica y hogar inteligente/	Domótica y hogar inteligente/Controladores e interruptores de luz		Interruptor de luz inalámbrico 433MHz RF sin cables ni instalación receptor y transmisor 85V-250V (1
SUBCATEGORÍA	p348691	Domótica y hogar inteligente/	Domótica y hogar inteligente/Controladores e interruptores de luz		Interruptor Remoto Inalámbrico para Pared, sin necesidad de cableado, Compatible con Interruptores T
SUBCATEGORÍA	p348746	Domótica y hogar inteligente/	Domótica y hogar inteligente/Controladores e interruptores de luz		Interruptor Remoto Inalámbrico para Pared, Sin Cableado, Compatible con Interruptores Tradicionales,
SUBCATEGORÍA	p348831	Domótica y hogar inteligente/	Domótica y hogar inteligente/Controladores e interruptores de luz		TOPGREENER Interruptor de luz PIR con sensor de movimiento en la pared, interruptor de sensor de ocu
SUBCATEGORÍA	p348833	Domótica y hogar inteligente/	Domótica y hogar inteligente/Tiras LED inteligentes		BN-LINK Temporizador Programable de Pared de 7 Días para Luces, Ventiladores y Motores, Compatible c
SUBCATEGORÍA	p348836	Domótica y hogar inteligente/	Domótica y hogar inteligente/Controladores e interruptores de luz		Interruptor de luz VST con sensor de movimiento, sensor infrarrojo, activado por apertura de puerta,
SUBCATEGORÍA	p348887	Domótica y hogar inteligente/	Domótica y hogar inteligente/Controladores e interruptores de luz		TOPGREENER TSOS5-W Interruptor de luz de sensor de movimiento PIR en la pared, interruptor de sensor
SUBCATEGORÍA	p349015	Domótica y hogar inteligente/	Domótica y hogar inteligente/Candados inteligentes		Candado de Huellas Dactilares, Candado Inteligente de Acero Inoxidable sin Llave, USB Recargable, Ce
SUBCATEGORÍA	p349080	Domótica y hogar inteligente/	Domótica y hogar inteligente/Cerraduras de puerta inteligentes		Cerradura de seguridad con manija de rebote for caja de distribución eléctrica - 1 pieza. Cerradura 
SUBCATEGORÍA	p349154	Domótica y hogar inteligente/	Domótica y hogar inteligente/Lámparas y plafones inteligentes		iLC - Iluminación LED empotrada de 6 pulgadas, compatible con Alexa (requiere altavoz), controlado p
SUBCATEGORÍA	p349163	Iluminación/	Iluminación/Lámparas de pared		HORKEY Lámpara LED de Tocador, 60cm/40cm 24 pulgada Luces de Tocador Moderna de 12W 6000K/3000K Apli
SUBCATEGORÍA	p349202	Domótica y hogar inteligente/	Domótica y hogar inteligente/Iluminación inteligente		Barras de Luz LED RGB para Gaming (2 Piezas), Iluminación Inteligente para Escritorio con Sincroniza
SUBCATEGORÍA	p349212	Iluminación/	Iluminación/Rieles y spots		ILLUX Kit de Riel 1 Metro Negro con 3 Spots LED, 18W Totales, Luz Cálida 2700K, Lámpara Dirigible Co
SUBCATEGORÍA	p349441	Iluminación/	Iluminación/Ventiladores con luz		Bombilla LED 200W Equivalente 2000 Lumen, 18W Luz LED de Maíz E26/E27 Base, 6500K Bombillas para Ven
SUBCATEGORÍA	p349487	Iluminación/	Iluminación/Ventiladores con luz		Bombilla LED 200W Equivalente 2000 Lumen, 18W Luz LED de Maíz E26/E27 Base, 3000K Bombillas para Ven
SUBCATEGORÍA	p349518	Domótica y hogar inteligente/	Domótica y hogar inteligente/Controladores e interruptores de luz		VST - Interruptor de luz atenuadora, interruptor de puerta con sensor de atenuación táctil IR para l
SUBCATEGORÍA	p349588	Bocinas/	Bocinas/Subwoofers		yeacher Altavoz Star BT Subwoofer inalámbde Alta Potencia de 100 W con proyección Starlight Estéreo 
SUBCATEGORÍA	p349661	Cargadores y adaptadores/	Cargadores y adaptadores/Cable		Lector de Tarjetas USB Tipo C OTG 3.0 Lector de Tarjetas Type-c 5 en 1SD/Micro SD para Phone/Pad PC 
SUBCATEGORÍA	p349671	Cargadores y adaptadores/	Cargadores y adaptadores/Cargadores multipuerto y estaciones de carga		Hiearcool USB C Hub Ethernet, 4K@60 USB C HDMI, Adaptador 8 IN1 multipuerto Tipo C 100W PD USB C Doc
SUBCATEGORÍA	p349718	Cargadores y adaptadores/	Cargadores y adaptadores/Cable		Wahbite Adaptador de cámara Lightning a USB de Apple puerto de carga cable USB 3.0 OTG para iPhone/i
SUBCATEGORÍA	p349755	Cargadores y adaptadores/	Cargadores y adaptadores/Cable		Acer USB C Hub, 7 en 1 USB C a HDMI Dock, 2 Puertos USB 3.1 GEN1 y 5Gbps Tipo C Puerto de Datos, Pue
SUBCATEGORÍA	p349756	Cargadores y adaptadores/	Cargadores y adaptadores/Cable		ORICO Hub de Aluminio con Lector de Tarjetas SD/TF, 3 Puertos Hub de 5 Gbps con Cable USB-C de 1.64 
SUBCATEGORÍA	p349815	Cargadores y adaptadores/	Cargadores y adaptadores/Cargadores de pared de 65 W o más		HASTHIP Adaptador HDMI 2 en 1 USB-C y Lightning con Carga PD 100W, Cable HDMI de Alta Velocidad para
SUBCATEGORÍA	p350157	Domótica y hogar inteligente/	Domótica y hogar inteligente/Cortinas motorizadas		Abridor Automático de Cortinas, Robot de Cortina Eléctrico Inteligente con Control de Aplicación par
SUBCATEGORÍA	p35028	Laptops/	Laptops/Gamer		Procesador Intel Core I9-12900KF Gamer 16 Núcleos 5.2GHz Sin Gráficos Integrados
SUBCATEGORÍA	p350326	Domótica y hogar inteligente/	Domótica y hogar inteligente/Sensores		Timbre Inalámbrico con Sensor de Movimiento Infrarrojo, Kit de Alarma Electrónica Inteligente, Detec
SUBCATEGORÍA	p350329	Domótica y hogar inteligente/	Domótica y hogar inteligente/Sensores		Tyenaza Alarma de Interruptor Magnético, Aleación de Zinc Puerta Ventana Contacto Magnético, Detecto
SUBCATEGORÍA	p350341	Domótica y hogar inteligente/	Domótica y hogar inteligente/Controladores e interruptores de luz		ELEGRP Interruptor de luz con sensor de movimiento de ocupación, interruptor de pared activado por m
SUBCATEGORÍA	p350344	Domótica y hogar inteligente/	Domótica y hogar inteligente/Sensores		Timbre inalámbrico con sensor de movimiento – Detector de movimiento interior, timbre de puerta para
SUBCATEGORÍA	p350350	Domótica y hogar inteligente/	Domótica y hogar inteligente/Sensores		Leviton Decora - Interruptor de pared con sensor de movimiento vacante, encendido manual, 2A, un sol
SUBCATEGORÍA	p350357	Domótica y hogar inteligente/	Domótica y hogar inteligente/Controladores e interruptores de luz		Interruptor de luz de Sensor de Movimiento de ocupación de Techo PIR de 360 Grados, Detector de Sens
SUBCATEGORÍA	p350364	Domótica y hogar inteligente/	Domótica y hogar inteligente/Controladores e interruptores de luz		TOPGREENER Interruptor de Luz con Sensor de Movimiento PIR, Interruptor de Sensor de Movimiento para
SUBCATEGORÍA	p350374	Domótica y hogar inteligente/	Domótica y hogar inteligente/Sensores		Timbre inalámbrico Sensor de Movimiento infrarrojo Voz de Alarma Timbre de Bienvenida para el hogar 
SUBCATEGORÍA	p350390	Domótica y hogar inteligente/	Domótica y hogar inteligente/Controladores e interruptores de luz		Interruptor de luz con sensor de movimiento (2 mini-sensor de movimiento de 110-220 V, sensor PIR, d
SUBCATEGORÍA	p350398	Domótica y hogar inteligente/	Domótica y hogar inteligente/Controladores e interruptores de luz		Mini interruptor de luz con sensor de movimiento de 110 a 220 V, sensor PIR, detección inteligente, 
SUBCATEGORÍA	p350402	Domótica y hogar inteligente/	Domótica y hogar inteligente/Controladores e interruptores de luz		Interruptor de sensor VST, interruptor de luz LED oculto activado por onda de mano para luces de cló
SUBCATEGORÍA	p350410	Domótica y hogar inteligente/	Domótica y hogar inteligente/Controladores e interruptores de luz		ELEGRP Interruptor de luz con sensor de movimiento de ocupación, interruptor de pared activado por m
SUBCATEGORÍA	p350458	Climatización/	Climatización/Calefactores cerámicos y de aire		Inkbird ITC-308 WiFi Termostato Digital 110V, App Control Remoto la Temperatura Rango de Calentador 
SUBCATEGORÍA	p350533	Domótica y hogar inteligente/	Domótica y hogar inteligente/Termostatos		MOES Smart WiFi, toma de termostato de calefacción de refrigeración, Tuya Digital driver de Temperat
SUBCATEGORÍA	p350781	Cargadores y adaptadores/	Cargadores y adaptadores/De pared		Toma de Pared USB C, Toma de Corriente de 15 A, Tomas de Pared Duales de 3 Clavijas con Puertos de C
SUBCATEGORÍA	p350817	Domótica y hogar inteligente/	Domótica y hogar inteligente/Controladores e interruptores de luz		Interruptores USB inteligentes Clap on Off, convertidores, enchufes para dispositivos USB, luces, ve
SUBCATEGORÍA	p350818	Iluminación/	Iluminación/Focos		Base de enchufe blanco con sensor de movimiento, soporte inteligente para lámpara de infrarrojos, co
SUBCATEGORÍA	p350832	Cargadores y adaptadores/	Cargadores y adaptadores/Cargadores multipuerto y estaciones de carga		BN-LINK - Extensor de enchufe múltiple de 6 salidas de pared con 3 puertos de carga USB (1 USB C) To
SUBCATEGORÍA	p350893	Domótica y hogar inteligente/	Domótica y hogar inteligente/Termostatos		Controlador de Temperatura Inteligente para Enchufe US Termostato para Acuarios y Invernaderos Conec
SUBCATEGORÍA	p351050	Domótica y hogar inteligente/	Domótica y hogar inteligente/Controladores e interruptores de luz		Square D X Series 15 Amp WiFi Interruptor de luz de monitoreo de energía, monopolo/3 vías, 600 W, Ro
SUBCATEGORÍA	p351054	Cargadores y adaptadores/	Cargadores y adaptadores/Cargadores de pared de 25 a 45 W		4 LEAF Regleta de Enchufes Empotrada USB C 45W,Enchufe de Escritorio Empotrable 3 Tomas 3 USB (PD 45
SUBCATEGORÍA	p351237	Impresión 3D/	Impresión 3D/Filamentos		Generic Respooler de Filamento 3D Bobinadora Eléctrica Robusta para 1 Kg PLA PETG ABS TPU Nylon - Pa
SUBCATEGORÍA	p351421	Domótica y hogar inteligente/	Domótica y hogar inteligente/Controladores e interruptores de luz		Interruptor de luz inalámbrico 433MHz RF sin cables ni instalación receptor y transmisor 85V-250V (1
SUBCATEGORÍA	p351430	Domótica y hogar inteligente/	Domótica y hogar inteligente/Controladores e interruptores de luz		Interruptor de luz inalámbrico con transmisor RF de seguridad y controlador receptor de 10A AC110V 1
SUBCATEGORÍA	p351532	Domótica y hogar inteligente/	Domótica y hogar inteligente/Controladores e interruptores de luz		Botón Inteligente para Luz, Interruptor de Control Remoto Inalámbrico con Vida Mecánica 100000 Veces
SUBCATEGORÍA	p351733	Domótica y hogar inteligente/	Domótica y hogar inteligente/Controladores e interruptores de luz		Interruptor de luz inalámbrico 433MHz RF sin cables ni instalación receptor y transmisor 85V-250V (1
SUBCATEGORÍA	p351743	Domótica y hogar inteligente/	Domótica y hogar inteligente/Controladores e interruptores de luz		VST Interruptor de luz con sensor de movimiento, interruptor inalámbrico de sensor infrarrojo, inter
SUBCATEGORÍA	p351793	Domótica y hogar inteligente/	Domótica y hogar inteligente/Controladores e interruptores de luz		Interruptor de luz con sensor de movimiento, no requiere cable neutro, no necesita cable de tierra, 
SUBCATEGORÍA	p351841	Domótica y hogar inteligente/	Domótica y hogar inteligente/Módulos y relés inteligentes		Interruptor de Puerta de Garaje WIFI, Control Remoto para Asistente de, Control de Voz Inalámbrico C
SUBCATEGORÍA	p352084	Domótica y hogar inteligente/	Domótica y hogar inteligente/Bocinas inteligentes		Kasa Smart - Control de ventilador de techo y regulador | Ventilador ajustable de 4 velocidades y co
SUBCATEGORÍA	p352137	Domótica y hogar inteligente/	Domótica y hogar inteligente/Controladores e interruptores de luz		Lutron Maestro - Interruptor de luz con sensor de movimiento para interiores para baño, cochera, lav
SUBCATEGORÍA	p352144	Domótica y hogar inteligente/	Domótica y hogar inteligente/Controladores e interruptores de luz		LIVOLO Interruptor de luz eléctrica táctil de 1 vía panel de vidrio templado interruptor de lámpara 
SUBCATEGORÍA	p352219	Domótica y hogar inteligente/	Domótica y hogar inteligente/Controladores e interruptores de luz		Interruptor de relé YoLink para iluminación interior, electrodomésticos, circuitos eléctricos, equip
SUBCATEGORÍA	p352282	Domótica y hogar inteligente/	Domótica y hogar inteligente/Controladores e interruptores de luz		Zooz Z-Wave - Interruptor doble de largo alcance (blanco) ZEN30 800LR para ventilador y luz (sin con
SUBCATEGORÍA	p352283	Domótica y hogar inteligente/	Domótica y hogar inteligente/Hubs		Zooz Serie 800 Z-Wave Interruptor de encendido/apagado de largo alcance ZEN71 800LR, Blanco | Direct
SUBCATEGORÍA	p352325	Domótica y hogar inteligente/	Domótica y hogar inteligente/Breakers y protectores inteligentes		Yosoo Health Gear Disyuntor Inteligente, Interruptor de Medidor de Energía WiFi Trifásico de 4 Cable
SUBCATEGORÍA	p352740	Domótica y hogar inteligente/	Domótica y hogar inteligente/Cortinas motorizadas		Interruptores de Pared con Pantalla táctil Interruptor de luz estándar Electrodomésticos Inteligente
SUBCATEGORÍA	p352809	Domótica y hogar inteligente/	Domótica y hogar inteligente/Interruptores táctiles y de escena		Panel de Control de Hogar Inteligente, Pantalla Táctil de 8 Pulgadas 2G RAM 16G ROM, Interruptor Int
SUBCATEGORÍA	p353339	Domótica y hogar inteligente/	Domótica y hogar inteligente/Cerraduras de puerta inteligentes		cerradura de puerta portatil, cerraduras de seguridad para viajes se adaptan a todo tipo de puertas 
SUBCATEGORÍA	p353355	Domótica y hogar inteligente/	Domótica y hogar inteligente/Accesorios y refacciones de cerradura		Cerradura De Cerrojo Cilindro Para Puertas Interiores y Exteriores De Aleación De Zinc Función De Do
SUBCATEGORÍA	p353505	Domótica y hogar inteligente/	Domótica y hogar inteligente/Cerraduras para puerta de vidrio y corrediza		Cerradura de puerta de aluminio portátil 6 en 1, herramienta seguridad inteligente para puesto tempo
SUBCATEGORÍA	p353615	Domótica y hogar inteligente/	Domótica y hogar inteligente/Candados inteligentes		Candado Inteligente de Huella Dactilar, Cerradura de Casillero, Candado de Gimnasio con Control de A
SUBCATEGORÍA	p353654	Domótica y hogar inteligente/	Domótica y hogar inteligente/Cerraduras de puerta inteligentes		Kwikset 660 - Cerradura de cerrojo para puerta de entrada frontal redonda de níquel satinado, tornil
SUBCATEGORÍA	p353670	Domótica y hogar inteligente/	Domótica y hogar inteligente/Cerraduras de puerta inteligentes		Cerradura Puerta Cerrojo Auxiliar De Embutir, Chapa de Seguridad, Seguro Para Puerta - Barra de Acer
SUBCATEGORÍA	p353677	Domótica y hogar inteligente/	Domótica y hogar inteligente/Cerraduras de puerta inteligentes		Kwikset 660 - Cerradura de cerrojo para puerta de entrada frontal cuadrada negra mate, con llave, se
SUBCATEGORÍA	p353716	Domótica y hogar inteligente/	Domótica y hogar inteligente/Cerraduras de puerta inteligentes		Kwikset 660 - Cerradura de cerrojo contemporánea, puerta de entrada frontal cuadrada de cromo satina
SUBCATEGORÍA	p353729	Domótica y hogar inteligente/	Domótica y hogar inteligente/Cerraduras de puerta inteligentes		Kwikset Casey - Manija de puerta interior de privacidad con cerradura, palanca de puerta para baño y
SUBCATEGORÍA	p353744	Domótica y hogar inteligente/	Domótica y hogar inteligente/Cerraduras de puerta inteligentes		Cerradura de Perno Eléctrico de 12 V CC de 5 Líneas Cerrojo Estrecho, Pantalla LED de Retardo de Tie
SUBCATEGORÍA	p353763	Domótica y hogar inteligente/	Domótica y hogar inteligente/Cerraduras de puerta inteligentes		Kwikset 660 - Cerradura de cerrojo contemporánea, puerta de entrada frontal con llave, color negro m
SUBCATEGORÍA	p353767	Domótica y hogar inteligente/	Domótica y hogar inteligente/Cerraduras de puerta inteligentes		Cerradura de puerta con manija de aleación de zinc de alta calidad, cerradura esférica de tres polos
SUBCATEGORÍA	p353895	Domótica y hogar inteligente/	Domótica y hogar inteligente/Cerraduras para gabinete y casillero		Cierre para cajones con tarjeta RFID y NFC, cerradura oculta para gabinetes de cocina y despensa, eL
SUBCATEGORÍA	p353980	Domótica y hogar inteligente/	Domótica y hogar inteligente/Cerraduras de puerta inteligentes		Kwikset - Cerradura de cerrojo del centro de la ciudad, puerta de entrada frontal con llave, color n
SUBCATEGORÍA	p353987	Domótica y hogar inteligente/	Domótica y hogar inteligente/Cerraduras de puerta inteligentes		Kwikset - Manija de puerta de entrada Breton con cerradura y llave, palanca reversible con llave seg
SUBCATEGORÍA	p353990	Domótica y hogar inteligente/	Domótica y hogar inteligente/Cerraduras de puerta inteligentes		Kwikset - Cerradura de cerrojo del centro de la ciudad, puerta de entrada frontal cuadrada de níquel
SUBCATEGORÍA	p354000	Domótica y hogar inteligente/	Domótica y hogar inteligente/Cerraduras de puerta inteligentes		Yale MX89180 cerrojo para puerta de entrada argos redondo alta seguridad llave-mariposa, plata
SUBCATEGORÍA	p354002	Domótica y hogar inteligente/	Domótica y hogar inteligente/Cerraduras de puerta inteligentes		Kwikset 816 KeyControl - Cerradura de cerrojo de cerrojo, puerta de entrada frontal con llave, color
SUBCATEGORÍA	p354017	Domótica y hogar inteligente/	Domótica y hogar inteligente/Cerraduras de puerta inteligentes		Amazon Basics Juego de cerradura para puerta delantera, manija con palanca Shelby, manija de puerta 
SUBCATEGORÍA	p354018	Domótica y hogar inteligente/	Domótica y hogar inteligente/Cerraduras de puerta inteligentes		Kwikset - Cerradura de cerrojo del centro de la ciudad, puerta de entrada frontal cuadrada de bronce
SUBCATEGORÍA	p354021	Domótica y hogar inteligente/	Domótica y hogar inteligente/Cerraduras de puerta inteligentes		Kwikset Uptown - Cerradura de cerrojo para puerta de entrada frontal con llave, color negro mate, re
SUBCATEGORÍA	p354025	Domótica y hogar inteligente/	Domótica y hogar inteligente/Cerraduras de puerta inteligentes		Kwikset - Manija de puerta de entrada Breton con cerradura y llave, palanca reversible con llave seg
SUBCATEGORÍA	p354026	Domótica y hogar inteligente/	Domótica y hogar inteligente/Cerraduras de puerta inteligentes		Kwikset 660 - Cerradura de cerrojo contemporánea, puerta de entrada frontal cuadrada de níquel satin
SUBCATEGORÍA	p354032	Domótica y hogar inteligente/	Domótica y hogar inteligente/Cerraduras de puerta inteligentes		Kwikset Halifax - Manija de puerta de privacidad interior con cerradura, palanca redonda para baño y
SUBCATEGORÍA	p354112	Domótica y hogar inteligente/	Domótica y hogar inteligente/Cerraduras con huella digital		Sistemas de seguridad para el hogar inteligente impermeable, huellas dactilares, contraseña, desbloq
SUBCATEGORÍA	p354237	Domótica y hogar inteligente/	Domótica y hogar inteligente/Cerraduras de puerta inteligentes		Kwikset Uptown - Cerradura de cerrojo para puerta de entrada frontal con llave exterior redonda de c
SUBCATEGORÍA	p354277	Domótica y hogar inteligente/	Domótica y hogar inteligente/Cerraduras de puerta inteligentes		Kwikset 817 - Cerradura de cerrojo con llave exterior cuadrada de níquel satinado, puerta de entrada
SUBCATEGORÍA	p354381	Domótica y hogar inteligente/	Domótica y hogar inteligente/Cerraduras de puerta inteligentes		Kwikset Home Connect 620 - Cerrojo de bloqueo inteligente con tecnología Z-Wave, funciona con alarma
SUBCATEGORÍA	p355916	Domótica y hogar inteligente/	Domótica y hogar inteligente/Controladores e interruptores de luz		PIR Interruptor de sensor de movimiento para luces de escalera de 32 canales, controlador inteligent
SUBCATEGORÍA	p355957	Iluminación/	Iluminación/Lámparas de escritorio		apliques de pared, luz nocturna inteligente portátil con sensor, luz nocturna magnética recargable p
SUBCATEGORÍA	p355982	Domótica y hogar inteligente/	Domótica y hogar inteligente/Controladores e interruptores de luz		eecoo Controlador Inteligente LED Inalámbrico WiFi Que Funciona con Teléfonos Inteligentes, Compatib
SUBCATEGORÍA	p356012	Iluminación/	Iluminación/Lámparas de escritorio		COB Inteligente Control Remoto Inalámbrico Luz Nocturna Decorativa Cocina Armario Escalera Pasillo B
SUBCATEGORÍA	p356052	Iluminación/	Iluminación/Lámparas de escritorio		Oumefar Cob Control Remoto Inalámbrico Inteligente Luz Nocturna Decorativo Cocina Armario Escalera P
SUBCATEGORÍA	p356085	Iluminación/	Iluminación/Ventiladores con luz		Focos LED E12 6 Pack, 4w=40W, luz Cálida de 3000K, G45 G16.5 Bombillas LED para Ventilador de Techo 
SUBCATEGORÍA	p356092	Iluminación/	Iluminación/Ventiladores con luz		Focos LED E12 6 Pack, 4w=40W, luz Blanco de 6000K, G45 G16.5 Bombillas LED para Ventilador de Techo 
SUBCATEGORÍA	p356109	Iluminación/	Iluminación/Lámparas de pared		Bombilla Led, 4w Igual 40w Edison Bombilla De Globo E26 AC120v 400LM G45, Bombilla Para Rustic Sputn
SUBCATEGORÍA	p356236	Domótica y hogar inteligente/	Domótica y hogar inteligente/Controladores e interruptores de luz		PIR Interruptor de sensor de movimiento para luces de escalera de 32 canales, controlador inteligent
SUBCATEGORÍA	p356270	Iluminación/	Iluminación/Plafones y lámparas de sobreponer		HORKEY - Lámparas para Recámara 30cm 24W 3000K/4000K/6500K Lámpara de Techo LED para Baño, Cuadrada 
SUBCATEGORÍA	p356329	Iluminación/	Iluminación/Decorativa		Luz magnética con sensor de movimiento para interior, 4200 mAh, funciona con pilas, luces de clóset 
SUBCATEGORÍA	p356433	Iluminación/	Iluminación/Exterior		FOCO LED - AKSI - VINTAGE, Mazorca ST19, Consume 5W, DIMEABLE, E27 - PACK de 4 - led solar lampara e
SUBCATEGORÍA	p356464	Domótica y hogar inteligente/	Domótica y hogar inteligente/Lámparas y plafones inteligentes		iLC - Iluminación LED empotrada de 4 pulgadas, cambio de color, funciona con Alexa (se requiere alta
SUBCATEGORÍA	p356471	Domótica y hogar inteligente/	Domótica y hogar inteligente/Iluminación inteligente		Luces de estante negras, iluminación LED compatible con Alexa, regulable por WiFi de 2700 K, ilumina
SUBCATEGORÍA	p356596	Iluminación/	Iluminación/Decorativa		ASOKO - Iluminación LED para debajo del gabinete, enchufe USB, regulable, temperatura de 3 colores, 
SUBCATEGORÍA	p357035	Iluminación/	Iluminación/Candiles y arañas		Sparklelf Lámpara de araña LED moderna de D60cm con anillo negro regulable para comedor, lámpara col
SUBCATEGORÍA	p357036	Iluminación/	Iluminación/Candiles y arañas		Sparklelf Lámpara de araña LED moderna de negra con 2 anillos, lámpara colgante circular empotrada, 
SUBCATEGORÍA	p357124	Iluminación/	Iluminación/Plafones y lámparas de sobreponer		KCO - Lampara de Techo Inteligente de Vidrio Verde Menta, Lamparas de Techo Para Interior de Casas L
SUBCATEGORÍA	p357164	Iluminación/	Iluminación/Lámparas colgantes		Lámparas modernas for comedor, decoración Hogar Moderno, luces colgantes inteligentes, lámpara decor
SUBCATEGORÍA	p357222	Iluminación/	Iluminación/Lámparas colgantes		Iluminación Colgante, Luces de techo de madera for dormitorio, sala de estar, decoración Interior mo
SUBCATEGORÍA	p357252	Iluminación/	Iluminación/Lámparas colgantes		Lámparas modernas for comedor, decoración Hogar Moderno, luces colgantes inteligentes, lámpara decor
SUBCATEGORÍA	p357321	Equipo comercial/	Equipo comercial/Cocina industrial		Soporte para toallas de papel todo en uno para cocina, Set Porta Toallas de Papel y Servilletero Rús
SUBCATEGORÍA	p357331	Equipo comercial/	Equipo comercial/Mobiliario		Fregadero de Cocina Industrial 81x43x21 cm,Doble Tarja con Grifo y Escurridor,Incluye Dispensador de
SUBCATEGORÍA	p357392	Iluminación/	Iluminación/Lámparas colgantes		Lámpara colgante de granja, 11.8 pulgadas, 2 paquetes de luces colgantes de cocina industriales verd
SUBCATEGORÍA	p357479	Equipo comercial/	Equipo comercial/Carros de servicio		Isla de Cocina con Toma de Corriente, Isla de Almacenamiento de Cocina con Estante para Especias y C
SUBCATEGORÍA	p357505	Iluminación/	Iluminación/Candiles y arañas		Lámpara de araña negra de 29 pulgadas para comedor, moderna casa de campo de 6 luces colgante, acces
SUBCATEGORÍA	p357540	Iluminación/	Iluminación/Lámparas colgantes		Lámpara colgante industrial para colgar en el techo, para exteriores, para cocina, isla, comedor, lá
SUBCATEGORÍA	p357542	Iluminación/	Iluminación/Candiles y arañas		Lámpara de Araña Negra de 9 Luces, Candelabro Colgante de Vela Industrial Moderno, Iluminación para 
SUBCATEGORÍA	p357575	Iluminación/	Iluminación/Candiles y arañas		Lámpara de Araña Negra, 6 Luces Candelabro Colgante de Vela Moderno Industrial de Granja, Iluminació
SUBCATEGORÍA	p357627	Equipo comercial/	Equipo comercial/Carros de servicio		Isla de Cocina con Toma de Corriente, Isla de Almacenamiento de Cocina con Estante para Especias y C
SUBCATEGORÍA	p357720	Refrigeradores/	Refrigeradores/Uso comercial		Divisor de Estantes para Congelador Horizontal 40x30 Cm Rejilla Metálica sin Barandal Organizador pa
SUBCATEGORÍA	p357974	Equipo comercial/	Equipo comercial/Refrigeración comercial		Barra Divisoria de Acero Inoxidable 1/6 para Bandejas de Refrigeración Soporte de 175 CM para Mesas 
SUBCATEGORÍA	p358466	Equipo comercial/	Equipo comercial/Carros de servicio		Carrito de Servicio Mecánico de Acero con 3 Niveles Reforzados para Taller - Organizador de Herramie
SUBCATEGORÍA	p358508	Equipo comercial/	Equipo comercial/Carros de servicio		Carrito de Almacenamiento con Ruedas para Organización, Estante Móvil de 3 Niveles, Organizador de B
SUBCATEGORÍA	p358543	Equipo comercial/	Equipo comercial/Carros de servicio		Carrito Auxiliar Plegable METÁLICO 3 Niveles (Blanco) | Organizador Multifuncional con Agarradera y 
SUBCATEGORÍA	p358562	Equipo comercial/	Equipo comercial/Carros de servicio		Carrito de Almacenamiento con Ruedas para Organización, Estante Móvil de 4 Niveles, Organizador de B
SUBCATEGORÍA	p358605	Equipo comercial/	Equipo comercial/Carros de servicio		VEVOR Carro de Servicio de Utilidad Plegable, 165 Libras, 3 estantes de plástico Resistente con Rued
SUBCATEGORÍA	p358615	Equipo comercial/	Equipo comercial/Carros de servicio		Carro de plástico Resistente de 3 estantes – Carrito de Servicio rodante de 550 Libras de Capacidad 
SUBCATEGORÍA	p358624	Equipo comercial/	Equipo comercial/Carros de servicio		Carrito utilitario de acero inoxidable de calibre 14 de 3 niveles, carro de servicio resistente de 1
SUBCATEGORÍA	p358649	Equipo comercial/	Equipo comercial/Carros de servicio		Carros de Almacenamiento Carro de Servicio Carro de Servicio Vehículo utilitario Carro portátil mult
SUBCATEGORÍA	p358651	Equipo comercial/	Equipo comercial/Carros de servicio		Carritos, Carro de Almacenamiento, Carro de Servicio, vehículo utilitario, Carro portátil multifunci
SUBCATEGORÍA	p358656	Equipo comercial/	Equipo comercial/Carros de servicio		Carros de Almacenamiento Carro de Servicio Vehículo utilitario Carro portátil multifunción Hogar Com
SUBCATEGORÍA	p358657	Equipo comercial/	Equipo comercial/Carros de servicio		Carritos, carros de Almacenamiento, Carro de Servicio, vehículo utilitario, Carrito portátil multifu
SUBCATEGORÍA	p358658	Equipo comercial/	Equipo comercial/Carros de servicio		Carros, Carro de Almacenamiento, Carro de Servicio, vehículo utilitario, Carrito portátil multifunci
SUBCATEGORÍA	p358663	Equipo comercial/	Equipo comercial/Carros de servicio		Carros de Almacenamiento Carro de Servicio Carro de Servicio Vehículo utilitario Multifunción Portát
SUBCATEGORÍA	p358664	Equipo comercial/	Equipo comercial/Carros de servicio		Carros de Almacenamiento Carro de Servicio Carro utilitario Carro multifunción portátil Carro para e
SUBCATEGORÍA	p358665	Equipo comercial/	Equipo comercial/Carros de servicio		Carros de Almacenamiento Carro de Servicio Carro utilitario Carro multifunción portátil Carro para e
SUBCATEGORÍA	p358668	Equipo comercial/	Equipo comercial/Carros de servicio		Carros de Almacenamiento Carro de Servicio Carro de Servicio Vehículo utilitario Multifunción Carro 
SUBCATEGORÍA	p358669	Equipo comercial/	Equipo comercial/Carros de servicio		Carritos, Carro de Almacenamiento, Carro de Servicio, vehículo utilitario, Carrito portátil multifun
SUBCATEGORÍA	p358672	Equipo comercial/	Equipo comercial/Carros de servicio		Carros de Almacenamiento Carro de Servicio Carro de Servicio Vehículo utilitario Carro multifunción 
SUBCATEGORÍA	p358676	Equipo comercial/	Equipo comercial/Carros de servicio		Carro de Servicio Carritos de Almacenamiento Carro de Almacenamiento de Herramientas portátil de Cua
SUBCATEGORÍA	p358679	Equipo comercial/	Equipo comercial/Carros de servicio		Carro de Servicio Carritos de Almacenamiento Carro de Almacenamiento de Herramientas portátil de Cua
SUBCATEGORÍA	p358680	Equipo comercial/	Equipo comercial/Carros de servicio		Carro de Servicio Carritos de Almacenamiento Carro de Almacenamiento de Herramientas portátil de Cua
SUBCATEGORÍA	p358704	Equipo comercial/	Equipo comercial/Carros de servicio		Estanteria Carros de barra de 3 niveles for el hogar, carro de barra rodante, carro de servicio de b
SUBCATEGORÍA	p358711	Equipo comercial/	Equipo comercial/Carros de servicio		Carros Carro de Almacenamiento Carro de Servicio Carro utilitario Carro portátil multifunción Carro 
SUBCATEGORÍA	p358713	Equipo comercial/	Equipo comercial/Carros de servicio		Carro de Servicio Multifuncional, Carrito de Almacenamiento, Carrito Grande Plegable para Ropa Sucia
SUBCATEGORÍA	p358714	Equipo comercial/	Equipo comercial/Carros de servicio		Carros De Reciclaje Multifunción Portátiles, Carros De Servicio, Carro Clasificador De Cestos De Rop
SUBCATEGORÍA	p358723	Equipo comercial/	Equipo comercial/Carros de servicio		Carritos, Carro De Almacenamiento, Carro De Servicio, Vehículo Utilitario, Carrito Portátil Multifun
SUBCATEGORÍA	p358740	Equipo comercial/	Equipo comercial/Carros de servicio		Carritos, Carro de Almacenamiento, Carro de Servicio, Vehículo Utilitario, Carro Portátil Multifunci
SUBCATEGORÍA	p358745	Equipo comercial/	Equipo comercial/Carros de servicio		Carrito de Almacenamiento con Ruedas para Organización, Estante Móvil de 4 Niveles, Organizador de B
SUBCATEGORÍA	p358750	Equipo comercial/	Equipo comercial/Carros de servicio		Carrito de Almacenamiento con Ruedas para Organización, Estante Móvil de 3 Niveles, Organizador de B
SUBCATEGORÍA	p358752	Equipo comercial/	Equipo comercial/Carros de servicio		Carrito de Almacenamiento Delgado con Ruedas, Carrito Organizador de Baño de 3 Niveles, Carrito roda
SUBCATEGORÍA	p358760	Equipo comercial/	Equipo comercial/Carros de servicio		Carrito de Almacenamiento de Metal de 3 Niveles, Organizador de Malla con Asa y Ruedas, Carrito de B
SUBCATEGORÍA	p358761	Equipo comercial/	Equipo comercial/Carros de servicio		Carrito de Almacenamiento con Ruedas para Organización, Estante Móvil de 3 Niveles, Organizador de B
SUBCATEGORÍA	p358763	Equipo comercial/	Equipo comercial/Carros de servicio		Carrito de Almacenamiento Delgado con Ruedas, Carrito Organizador de Baño de 3 Niveles, Carrito roda
SUBCATEGORÍA	p358778	Equipo comercial/	Equipo comercial/Carros de servicio		Carro de Almacenamiento Móvil Herramientas Utilitario Carrito Taller Acero con Niveles Organización 
SUBCATEGORÍA	p358780	Equipo comercial/	Equipo comercial/Carros de servicio		Yosoo Carrito Rodante Delgado con Ruedas, Carrito Organizador de Almacenamiento, Carrito Utilitario 
SUBCATEGORÍA	p358786	Equipo comercial/	Equipo comercial/Carros de servicio		Carro de Herramientas de Servicio Pesado Carro de Almacenamiento de Herramientas de Acero Al Carbono
SUBCATEGORÍA	p358794	Equipo comercial/	Equipo comercial/Carros de servicio		Carrito Rodante Delgado con Ruedas, Carrito Organizador de Almacenamiento, Carrito Utilitario de Isl
SUBCATEGORÍA	p358796	Equipo comercial/	Equipo comercial/Carros de servicio		Zunate Capacidad de Carga de 330 Libras Organizador de Almacenamiento de Herramientas Mecánicas Roda
SUBCATEGORÍA	p358814	Equipo comercial/	Equipo comercial/Carros de servicio		Genérico Carretilla de Mano Plegable, Carrito de Servicio Pesado, Plataforma rodante utilitaria con 
SUBCATEGORÍA	p358815	Equipo comercial/	Equipo comercial/Carros de servicio		Dioche Carro de Herramientas de Servicio Carro de Almacenamiento Móvil Utilitario Rodante de 2 Bande
SUBCATEGORÍA	p358820	Equipo comercial/	Equipo comercial/Carros de servicio		Akozon Carro de Herramientas con Ruedas de 3 Niveles, Capacidad de Carga de 110 Libras, Carro Utilit
SUBCATEGORÍA	p358823	Equipo comercial/	Equipo comercial/Carros de servicio		Srliya Carro de Herramientas de Servicio, Carro de Almacenamiento Móvil Utilitario con Ruedas de 2 B
SUBCATEGORÍA	p358841	Equipo comercial/	Equipo comercial/Carros de servicio		Qianly Carrito Cocina con Gabinete Multiusos Carrito Cocina con Estante Lateral Compacto Carro Prepa
SUBCATEGORÍA	p358850	Equipo comercial/	Equipo comercial/Carros de servicio		Walfront Carro Utilitario de 3 Niveles Carro de Herramientas Rodante con Capacidad de Carga de 330 L
SUBCATEGORÍA	p358864	Equipo comercial/	Equipo comercial/Carros de servicio		Yosoo Estantería de Almacenamiento de Cocina, Carro Utilitario Móvil Plegable, Carro Rodante de 3 Ni
SUBCATEGORÍA	p359151	Equipo comercial/	Equipo comercial/Impresoras de sublimación		Ejoyous Bloque de Enfriamiento HTV, Herramienta Transparente de Absorción de Calor con de Metal, par
SUBCATEGORÍA	p359597	Iluminación/	Iluminación/Lámparas de pared		2 Piezas Lampara De Pared Interior,Lamparas De Pared Para Interior De Casas,Aplique De Pared Negro L
SUBCATEGORÍA	p359651	Equipo comercial/	Equipo comercial/Carros de servicio		CHLORYARD - Carrito de almacenamiento delgado, carrito de cocina de 4 niveles, armario de almacenami
SUBCATEGORÍA	p359681	Iluminación/	Iluminación/Candiles y arañas		Candelabro Negro, Candelabro de Velas de Granja de 5 Luces para Sala de Estar, Candelabros Colgantes
SUBCATEGORÍA	p359771	Iluminación/	Iluminación/Lámparas industriales y de nave		Lámpara de techo cuadrada industrial de 2 luces, lámpara de techo rústica para cocina, lámpara de te
SUBCATEGORÍA	p359790	Iluminación/	Iluminación/Lámparas colgantes		Dijiahua - Juego de 3 luces colgantes negras para isla de cocina, pequeñas lámparas industriales mod
SUBCATEGORÍA	p359868	Iluminación/	Iluminación/Plafones y lámparas de sobreponer		LTBFDDC Nueva Pantalla Duradera Americana Luz Industrial Vintage Lámpara De Loft De Restaurante Led,
SUBCATEGORÍA	p359882	Iluminación/	Iluminación/Lámparas colgantes		Lámparas Colgantes de Cristal Elegante, Lampara Colgante Con Acabado Dorado, Candelabro de Techo Lam
SUBCATEGORÍA	p360004	Iluminación/	Iluminación/Candiles y arañas		Lámpara de araña negra grande de 29 pulgadas para comedor, moderna casa de campo de 8 luces colgante
SUBCATEGORÍA	p360005	Iluminación/	Iluminación/Candiles y arañas		Candelabros de granja dorados ACANER para comedor, candelabro moderno de 6 luces, iluminación de vel
SUBCATEGORÍA	p360006	Iluminación/	Iluminación/Plafones y lámparas de sobreponer		Lámpara de techo moderna Sputnik de color dorado, 4 luces de vidrio industrial semirempotrable para 
SUBCATEGORÍA	p360050	Iluminación/	Iluminación/Candiles y arañas		Lámpara de araña Sputnik negra para comedor, moderna lámpara colgante de cocina, 6 luces ajustables 
SUBCATEGORÍA	p360057	Iluminación/	Iluminación/Lámparas colgantes		Lámpara colgante de vidrio de lágrima de 4.92 pulgadas, ajustable, moderna, industrial, para entrada
SUBCATEGORÍA	p360176	Iluminación/	Iluminación/Lámparas colgantes		AUTELO H9385 BG-R-2PK - Paquete de 2 luces colgantes de vidrio, para isla de cocina con tambor trans
SUBCATEGORÍA	p360193	Iluminación/	Iluminación/Lámparas colgantes		Lámpara Colgante Vintage Negra de 17.72'' Estilo Retro de Granja Grande con Cúpula Lámpara Colgante 
SUBCATEGORÍA	p360238	Equipo comercial/	Equipo comercial/Carros de servicio		Carrito de bar de 3 niveles, carro de servicio de barra móvil, carrito de vino de estilo industrial 
SUBCATEGORÍA	p360273	Equipo comercial/	Equipo comercial/Mobiliario		Mesa 110x50x86.5 cm Isla de Trabajo de Acero Inoxidable para Restaurantes, Negocio, Almacén, Hogar, 
SUBCATEGORÍA	p360291	Iluminación/	Iluminación/Candiles y arañas		Lámpara de araña dorada de 15 luces | Lámparas de araña grandes estilo granja para lámparas de comed
SUBCATEGORÍA	p360301	Iluminación/	Iluminación/Lámparas de pared		KCO Lighting - Juego de apliques de pared de vidrio blanco esmerilado de dos luces de pared de latón
SUBCATEGORÍA	p360303	Equipo comercial/	Equipo comercial/Carros de servicio		Carrito industrial plegable de barra/carrito de servicio/carrito de cocina/carrito de vino con rueda
SUBCATEGORÍA	p360399	Equipo comercial/	Equipo comercial/Carros de servicio		Genérico Carrito Organizador de Cocina con Ruedas de 5 Niveles Metalico Estante de Baño Organizador 
SUBCATEGORÍA	p360406	Equipo comercial/	Equipo comercial/Carros de servicio		Isla Para Cocina Con Almacenamiento, Carro Móvil Con Ruedas Y Canasta Para Basura, Mesa Rodante Con 
SUBCATEGORÍA	p360514	Muebles/	Muebles/Accesorios y organizadores de escritorio		Organizador Herramientas Escritorios, Estanterias Almacenaje Tablero Perforado Escritorio, Pegboard,
SUBCATEGORÍA	p360638	Equipo comercial/	Equipo comercial/Carros de servicio		Carrito De Bar, Carrito para Vinos, Ideal para El Hogar, La Cocina O Hoteles. Diseño Industrial Vint
SUBCATEGORÍA	p360641	Equipo comercial/	Equipo comercial/Carros de servicio		Carrito de lavandería Comercial Extragrande con Ruedas y 3 Ruedas, Carro de Almacenamiento de Cocina
SUBCATEGORÍA	p360660	Iluminación/	Iluminación/Candiles y arañas		Candelabro de rueda negra de 2 niveles, 54 luces, 60 pulgadas, extragrande, para casa de campo, ilum
SUBCATEGORÍA	p360689	Equipo comercial/	Equipo comercial/Carros de servicio		Carro De Servicio De Barra Industrial - con 4 Botelleros - Carro De Cocina De 2 Niveles/con Ruedas c
SUBCATEGORÍA	p360700	Equipo comercial/	Equipo comercial/Carros de servicio		Carritos,Carrito multifunción,Vehículos de Reciclaje portátiles,Carrito de Servicio con Ruedas,Carri
SUBCATEGORÍA	p360759	Equipo comercial/	Equipo comercial/Carros de servicio		Carritos,Carrito multifunción,Vehículos de Reciclaje portátiles,Carrito de Servicio con Ruedas Estil
SUBCATEGORÍA	p360764	Equipo comercial/	Equipo comercial/Carros de servicio		Carro de Vino Industrial Vintage con Ruedas y 3 Niveles para el hogar, la Cocina, el Hotel, diseño R
SUBCATEGORÍA	p360809	Iluminación/	Iluminación/Candiles y arañas		Candelabro de rueda negra de 2 niveles, 64 luces, 70 pulgadas, extragrande, para casa de campo, ilum
SUBCATEGORÍA	p360821	Equipo comercial/	Equipo comercial/Carros de servicio		Isla de cocina industrial portátil sobre ruedas, carrito de bar para vino, carrito de bebidas, carri
SUBCATEGORÍA	p360825	Equipo comercial/	Equipo comercial/Carros de servicio		Carrito de lavandería con Ruedas de 3 Pulgadas para Uso Industrial en hoteles, carritos de Almacenam
SUBCATEGORÍA	p360829	Equipo comercial/	Equipo comercial/Carros de servicio		Isla de cocina industrial portátil sobre ruedas, carrito de bar para vino, carrito de bebidas, carri
SUBCATEGORÍA	p360832	Equipo comercial/	Equipo comercial/Carros de servicio		Isla de cocina industrial portátil sobre ruedas, carrito de bar para vino, carrito de bebidas, carri
SUBCATEGORÍA	p360868	Equipo comercial/	Equipo comercial/Carros de servicio		Carrito de Cocina Multifuncional con Almacenamiento, estación de Carga y Ruedas, 80 cm (31.5"), esta
SUBCATEGORÍA	p360869	Equipo comercial/	Equipo comercial/Carros de servicio		Carrito de Cocina Multifuncional con Almacenamiento, estación de Carga y Ruedas, 80 cm (31.5"), esta
SUBCATEGORÍA	p360875	Equipo comercial/	Equipo comercial/Carros de servicio		Carro de Servicio, carros de Bar, carros de Cocina, carros botelleros con Ruedas y Almacenamiento, c
SUBCATEGORÍA	p360876	Equipo comercial/	Equipo comercial/Carros de servicio		Estanteria Carro de servicio rodante de cocina Industrial de 3 niveles for bebidas y licores for sal
SUBCATEGORÍA	p360933	Equipo comercial/	Equipo comercial/Carros de servicio		Isla de cocina Carrito for vino blanco con ruedas, carrito de Bar moderno con estante for vinos, car
SUBCATEGORÍA	p360975	Equipo comercial/	Equipo comercial/Carros de servicio		Carro de Servicio de 3 Niveles con Ruedas, estantes de Almacenamiento móviles para Cocina, Carro de 
SUBCATEGORÍA	p360997	Equipo comercial/	Equipo comercial/Carros de servicio		SYRIS Carro rodante para Isla de Cocina Gabinete de Almacenamiento con estación de Carga y Ruedas, g
SUBCATEGORÍA	p360998	Equipo comercial/	Equipo comercial/Carros de servicio		Carro para Cocina Gabinete de Almacenamiento con estación de Carga y Ruedas, gabinete de Cocina con 
SUBCATEGORÍA	p360999	Equipo comercial/	Equipo comercial/Carros de servicio		Carros,Carro multifunción,Vehículos de Reciclaje portátiles,Cart de Servicio con Rueda Carro de Alma
SUBCATEGORÍA	p361005	Equipo comercial/	Equipo comercial/Carros de servicio		GagalU Carro rodante Carros de Cocina Carros de Almacenamiento de Escritorio Industrial Carro de Her
SUBCATEGORÍA	p361011	Equipo comercial/	Equipo comercial/Carros de servicio		Carro De Bar Multifuncional Carro De Almacenamiento De Cocina para El Hogar Carro De Comida - Indust
SUBCATEGORÍA	p361022	Equipo comercial/	Equipo comercial/Carros de servicio		Carrito De Servicio De 3 Niveles con Ruedas, Estantes De Almacenamiento Móviles para Cocina, Carrito
SUBCATEGORÍA	p361024	Equipo comercial/	Equipo comercial/Carros de servicio		Carro De Bar Multifuncional Carro De Almacenamiento De Cocina Para El Hogar Carro De Comida - Indust
SUBCATEGORÍA	p361091	Equipo comercial/	Equipo comercial/Carros de servicio		Carrito de Cocina de Estilo Industrial Vintage fácil de Colocar con botellero, Mesa de Almacenamient
SUBCATEGORÍA	p361092	Equipo comercial/	Equipo comercial/Carros de servicio		Carrito de Cocina de Estilo Industrial Vintage fácil de Colocar con botellero, Mesa de Almacenamient
SUBCATEGORÍA	p361093	Equipo comercial/	Equipo comercial/Carros de servicio		Carrito de Cocina de Estilo Industrial Vintage fácil de Colocar con botellero, Mesa de Almacenamient
SUBCATEGORÍA	p361094	Equipo comercial/	Equipo comercial/Carros de servicio		Carrito de Cocina de Estilo Industrial Vintage fácil de Colocar con botellero, Mesa de Almacenamient
SUBCATEGORÍA	p361095	Equipo comercial/	Equipo comercial/Carros de servicio		Carrito de Cocina de Estilo Industrial Vintage fácil de Colocar con botellero, Mesa de Almacenamient
SUBCATEGORÍA	p361096	Equipo comercial/	Equipo comercial/Carros de servicio		Carrito de Cocina de Estilo Industrial Vintage fácil de Colocar con botellero, Mesa de Almacenamient
SUBCATEGORÍA	p361097	Equipo comercial/	Equipo comercial/Carros de servicio		Carrito de Cocina de Estilo Industrial Vintage fácil de Colocar con botellero, Mesa de Almacenamient
SUBCATEGORÍA	p361098	Equipo comercial/	Equipo comercial/Carros de servicio		Isla de cocina Carros estilo isla de cocina, barras de cocina industriales y carros de servicio, rue
SUBCATEGORÍA	p361100	Equipo comercial/	Equipo comercial/Carros de servicio		Gabinetes de almacenamiento de cocina Carros estilo isla de cocina, barras de cocina industriales y 
SUBCATEGORÍA	p361104	Equipo comercial/	Equipo comercial/Carros de servicio		Estanteria Carros estilo isla de cocina, barras de cocina industriales y carros de servicio, ruedas 
SUBCATEGORÍA	p361107	Equipo comercial/	Equipo comercial/Carros de servicio		Isla de Cocina Industrial portátil con Ruedas, carritos Home Bar, vinoteca, Carrito de Bebidas, Carr
SUBCATEGORÍA	p361130	Equipo comercial/	Equipo comercial/Carros de servicio		Carrito de Cocina de Estilo Industrial Vintage fácil de Colocar con botellero, Mesa de Almacenamient
SUBCATEGORÍA	p361140	Equipo comercial/	Equipo comercial/Carros de servicio		Carros Rodantes Industriales/Carros De Servicio/Carros De Cocina/Carros Para Botelleros Con Ruedas C
SUBCATEGORÍA	p361152	Equipo comercial/	Equipo comercial/Mobiliario		Estantes de Almacenamiento, carritos Estilo Isla de Cocina, Barras de Cocina industriales y carritos
SUBCATEGORÍA	p361160	Equipo comercial/	Equipo comercial/Mobiliario		Tarja en acero inoxidable con mesa de trabajo para Negocio/Restaurante/Cocina/Comida/Hogar/industria
SUBCATEGORÍA	p361161	Equipo comercial/	Equipo comercial/Carros de servicio		Carrito de Cocina de Estilo Industrial Vintage fácil de Colocar con botellero, Mesa de Almacenamient
SUBCATEGORÍA	p361164	Equipo comercial/	Equipo comercial/Carros de servicio		Carrito de Cocina de Estilo Industrial Vintage fácil de Colocar con botellero, Mesa de Almacenamient
SUBCATEGORÍA	p361165	Equipo comercial/	Equipo comercial/Carros de servicio		Carrito de Cocina de Estilo Industrial Vintage fácil de Colocar con botellero, Mesa de Almacenamient
SUBCATEGORÍA	p361171	Equipo comercial/	Equipo comercial/Carros de servicio		Carrito de almacenamiento de cocina multifunción Gabinete de almacenamiento con estación de carga y 
SUBCATEGORÍA	p361175	Equipo comercial/	Equipo comercial/Mobiliario		Genérico Plancha con baño maria y vitrina en acero inoxidable para Negocio/Restaurante/Cocina/Indust
SUBCATEGORÍA	p361216	Equipo comercial/	Equipo comercial/Carros de servicio		Carro de Servicio Carro, Carros de Bar Carros de Servicio Carros de Cocina Carros para botelleros co
SUBCATEGORÍA	p361220	Equipo comercial/	Equipo comercial/Carros de servicio		Carro de Servicio Carro, Carros de Servicio Carros de Cocina Carros de Bar Carros de botellero con R
SUBCATEGORÍA	p361238	Equipo comercial/	Equipo comercial/Carros de servicio		Carro de Servicio Carro, carros de Bar Carros de Servicio Carros de Cocina Carros de botellero con R
SUBCATEGORÍA	p361239	Equipo comercial/	Equipo comercial/Carros de servicio		Carro de Servicio Carro, carros de Bar Carros de Servicio Carros de Cocina Carros de botellero con R
SUBCATEGORÍA	p361261	Equipo comercial/	Equipo comercial/Carros de servicio		Carro de Servicio Carro, Carros de Servicio Carros de Cocina Carros de Bar Carros de botellero con R
SUBCATEGORÍA	p361270	Equipo comercial/	Equipo comercial/Carros de servicio		Carro de Bar Carro de Servicio Carro, carros de Cocina Carros de Bar Carros de botellero sobre Rueda
SUBCATEGORÍA	p361273	Equipo comercial/	Equipo comercial/Carros de servicio		Carro de Bar Estante para Botellas de Vino Carro de Servicio Carros de Cocina Carros de Bar Carros p
SUBCATEGORÍA	p361275	Equipo comercial/	Equipo comercial/Carros de servicio		GagalU Carro de Servicio Carro, Carros de Bar Carros de Servicio Carros de Cocina Carros para botell
SUBCATEGORÍA	p361303	Equipo comercial/	Equipo comercial/Carros de servicio		Carrito De Servicio con 3 Estantes, Carrito De Cocina Industrial con Ruedas Y Bordes Elevados, Carri
SUBCATEGORÍA	p361309	Equipo comercial/	Equipo comercial/Carros de servicio		Carrito De Servicio con 3 Estantes, Carrito De Cocina Industrial con Ruedas Y Bordes Elevados, Carri
SUBCATEGORÍA	p361310	Equipo comercial/	Equipo comercial/Carros de servicio		Carrito De Servicio con 3 Estantes, Carrito De Cocina Industrial con Ruedas Y Bordes Elevados, Carri
SUBCATEGORÍA	p361313	Equipo comercial/	Equipo comercial/Carros de servicio		Carrito De Servicio con 3 Estantes, Carrito De Cocina Industrial con Ruedas Y Bordes Elevados, Carri
SUBCATEGORÍA	p361330	Equipo comercial/	Equipo comercial/Carros de servicio		Industrial Acero Inoxidable Carro Multiusos, Comercial Carro De Lavandería Con Ruedas, Para La Manip
SUBCATEGORÍA	p361367	Equipo comercial/	Equipo comercial/Carros de servicio		Islas de Cocina con Almacenamiento Carro rodante for Isla de Cocina con gabinete Superior Pizarra y 
SUBCATEGORÍA	p361394	Equipo comercial/	Equipo comercial/Carros de servicio		Islas de Cocina con Almacenamiento Carro con Ruedas for Isla de Cocina, Carrito utilitario Metal 3 N
SUBCATEGORÍA	p361401	Equipo comercial/	Equipo comercial/Carros de servicio		Carrito de Servicio de Barra Industrial, con 4 botelleros, Carrito de Cocina de 2 Niveles/con Ruedas
SUBCATEGORÍA	p361412	Equipo comercial/	Equipo comercial/Carros de servicio		Islas de Cocina con Almacenamiento Carro con Ruedas for Isla de Cocina, Carrito utilitario Metal 3 N
SUBCATEGORÍA	p361440	Equipo comercial/	Equipo comercial/Carros de servicio		Islas de Cocina con Almacenamiento Carro con Ruedas for Isla de Cocina, Carrito utilitario Metal 3 N
SUBCATEGORÍA	p361445	Equipo comercial/	Equipo comercial/Carros de servicio		GagalU Carro de Servicio Carro, Carros de Bar Carros de Servicio Carros de Cocina Carros para botell
SUBCATEGORÍA	p361452	Equipo comercial/	Equipo comercial/Carros de servicio		Carrito de Servicio, carritos de Bar, carritos de Servicio, carritos de Cocina, botelleros, carritos
SUBCATEGORÍA	p361453	Equipo comercial/	Equipo comercial/Carros de servicio		Carrito de Servicio, carritos de Bar, carritos de Servicio, carritos de Cocina, botelleros, carritos
SUBCATEGORÍA	p361456	Equipo comercial/	Equipo comercial/Carros de servicio		Carro de Servicio Carro, Carros de Servicio Carros de Cocina Carros de Bar Carros para botelleros co
SUBCATEGORÍA	p361457	Equipo comercial/	Equipo comercial/Carros de servicio		Carro de Servicio Carro, Carros de Servicio Carros de Cocina Carros de Bar Carros para botelleros co
SUBCATEGORÍA	p361458	Equipo comercial/	Equipo comercial/Carros de servicio		Carrito de Servicio, carritos de Bar, carritos de Servicio, carritos de Cocina, botelleros, carritos
SUBCATEGORÍA	p361459	Equipo comercial/	Equipo comercial/Carros de servicio		Carrito de Servicio, carritos de Bar, carritos de Servicio, carritos de Cocina, botelleros, carritos
SUBCATEGORÍA	p361460	Equipo comercial/	Equipo comercial/Carros de servicio		Carrito de Servicio, carritos de Bar, carritos de Servicio, carritos de Cocina, botelleros, carritos
SUBCATEGORÍA	p361465	Equipo comercial/	Equipo comercial/Carros de servicio		Carro de Bar Carro de Servicio Carro, Carros de Cocina Carros de Bar Carros para botelleros con Rued
SUBCATEGORÍA	p361509	Equipo comercial/	Equipo comercial/Carros de servicio		Carro de herramientas de 2 niveles de alta resistencia con ruedas: banco de trabajo rodante duradero
SUBCATEGORÍA	p361516	Equipo comercial/	Equipo comercial/Carros de servicio		Industrial Acero Inoxidable Carro Multiusos, Comercial Carro De Lavandería Con Ruedas, Para La Manip
SUBCATEGORÍA	p361606	Equipo comercial/	Equipo comercial/Refrigeración comercial		Barra Divisoria de Acero Inoxidable para Bandejas de Alimentos Soporte Resistente y Fácil Instalació
SUBCATEGORÍA	p361746	Equipo comercial/	Equipo comercial/Refrigeración comercial		Adaptador Barra Divisoria de Acero Inoxidable 175 CM para Bandejas Soporte para Mesas de Vapor en Bu
SUBCATEGORÍA	p361804	Equipo comercial/	Equipo comercial/Refrigeración comercial		Hohopeti Cortina Aislante PVC Transparente para Refrigeradores Comerciales y Vitrinas Térmicas de Su
SUBCATEGORÍA	p361852	Equipo comercial/	Equipo comercial/Refrigeración comercial		Wakauto Cortina Enrollable Adecuado para Supermercados y Tiendas de Abarrotes de Pvc Transparente Pr
SUBCATEGORÍA	p361855	Equipo comercial/	Equipo comercial/Refrigeración comercial		Parasol para vitrinas y protectores contra el calor para congeladores, cubierta de refrigeración de 
SUBCATEGORÍA	p361873	Equipo comercial/	Equipo comercial/Refrigeración comercial		POPETPOP Cortina Puerta Aislante PVC Transparente para Refrigeradores Comerciales y Vitrinas, Protec
SUBCATEGORÍA	p361947	Equipo comercial/	Equipo comercial/Refrigeración comercial		Cortina Enrollable Térmica Antipolvo para Armarios de Refrigeración 45 CM sin Orificios Tiras Transp
SUBCATEGORÍA	p361998	Equipo comercial/	Equipo comercial/Refrigeración comercial		SHINEOFI Persiana y Protección contra Polvo de Pvc Transparente Enrollable Aislamiento Térmico para 
SUBCATEGORÍA	p362003	Equipo comercial/	Equipo comercial/Refrigeración comercial		Beavorty Divisor de Congelador de Hierro Resistente 35 X 36 Cm Organizador para Refrigeradores Comer
SUBCATEGORÍA	p362049	Equipo comercial/	Equipo comercial/Refrigeración comercial		Cortina Enrollable Transparente PVC Aislamiento Térmico para Refrigeradores Comerciales y Estantes C
SUBCATEGORÍA	p362065	Refrigeradores/	Refrigeradores/Uso comercial		Amosfun 3 Juegos De Cerradura De Refrigerador Comercial Cerradura De Refrigerador Cerraduras Para Pu
SUBCATEGORÍA	p362088	Refrigeradores/	Refrigeradores/Uso comercial		STOBAZA 4 Juegos De Cerradura De Refrigerador Comercial Refrigeradores Cerradura Para Puerta Cerradu
SUBCATEGORÍA	p362098	Refrigeradores/	Refrigeradores/Uso comercial		DECHOUS 5 Juegos De Cerradura De Refrigerador Comercial Cerraduras Para Puertas Cerraduras Para Cajo
SUBCATEGORÍA	p362104	Refrigeradores/	Refrigeradores/Uso comercial		4 Juegos Cerradura para frigorífico comercial barra de bloqueo de puerta bloqueo de nevera accesorio
SUBCATEGORÍA	p362284	Equipo comercial/	Equipo comercial/Refrigeración comercial		Persiana Enrollable Transparente Nocturna para Congelador Comercial,Cortina Ahorradora para Vitrina 
SUBCATEGORÍA	p362328	Equipo comercial/	Equipo comercial/Refrigeración comercial		Panadería de acero inoxidable resistente – Carrito de refrigeración comercial para pan, pizza y band
SUBCATEGORÍA	p362395	Equipo comercial/	Equipo comercial/Refrigeración comercial		Persiana Enrollable Transparente Nocturna para Congelador Comercial,Cortina Ahorradora para Vitrina 
SUBCATEGORÍA	p362507	Equipo comercial/	Equipo comercial/Refrigeración comercial		Persiana Enrollable Transparente Nocturna para Congelador Comercial,Cortina Ahorradora para Vitrina 
SUBCATEGORÍA	p362599	Equipo comercial/	Equipo comercial/Refrigeración comercial		Estante de panadería móvil ajustable de 6/12 niveles, carro de refrigeración de bandeja de alimentos
SUBCATEGORÍA	p362735	Equipo comercial/	Equipo comercial/Refrigeración comercial		Estante de aluminio comercial para panadería, carro extraíble de 15 niveles con ruedas de freno, est
SUBCATEGORÍA	p362748	Equipo comercial/	Equipo comercial/Refrigeración comercial		Estante de aluminio para panadería de 20 niveles con ruedas bloqueables, carro de refrigeración móvi
SUBCATEGORÍA	p362759	Equipo comercial/	Equipo comercial/Refrigeración comercial		Estor con asa, visualización enrollable de plástico transparente para supermercado, vitrina de verdu
SUBCATEGORÍA	p362764	Equipo comercial/	Equipo comercial/Refrigeración comercial		Estantería Móvil For Panadería De 6/12/15 Niveles, Estante De Acero Rápido For Bandejas Con Ruedas B
SUBCATEGORÍA	p362799	Refrigeradores/	Refrigeradores/Uso comercial		COWSAR Mini nevera de 3.1 pies cúbicos, refrigerador compacto de tamaño recámara con puerta individu
SUBCATEGORÍA	p362805	Refrigeradores/	Refrigeradores/Uso comercial		COWSAR Mini nevera de 3.1 pies cúbicos, refrigerador compacto de tamaño recámara con puerta individu
SUBCATEGORÍA	p362807	Refrigeradores/	Refrigeradores/Uso comercial		COWSAR Mini nevera de 3.1 pies cúbicos, refrigerador compacto de tamaño recámara con puerta individu
SUBCATEGORÍA	p362826	Equipo comercial/	Equipo comercial/Refrigeración comercial		Bobina de acero inoxidable Rectangular de 4 vías, máquina de cerveza refrigerada por agua comercial,
SUBCATEGORÍA	p362841	Equipo comercial/	Equipo comercial/Refrigeración comercial		Carro de alimentos rodante comercial – Bandeja de refrigeración para panaderías, estudios de postres
SUBCATEGORÍA	p362848	Equipo comercial/	Equipo comercial/Refrigeración comercial		Estante rápido para hornear sartenes, estante de acero inoxidable resistente para panadería – Carro 
SUBCATEGORÍA	p362859	Equipo comercial/	Equipo comercial/Refrigeración comercial		Escarchador De Vidrio con CO2, Enfriador/Congelador De Vidrio, Máquina De Escarchado De Vasos Comerc
SUBCATEGORÍA	p362868	Equipo comercial/	Equipo comercial/Refrigeración comercial		Estante para bandejas de pan de acero inoxidable de alta resistencia, carro de refrigeración comerci
SUBCATEGORÍA	p362882	Equipo comercial/	Equipo comercial/Refrigeración comercial		Enfriador/Congelador Vidrio, Enfriador Vasos Acero Inoxidable, Máquina Escarcha Vasos Comercial, Her
SUBCATEGORÍA	p362885	Equipo comercial/	Equipo comercial/Refrigeración comercial		Bobina rectangular de acero inoxidable de 4 vías, máquina de cerveza comercial refrigerada por agua,
SUBCATEGORÍA	p362886	Equipo comercial/	Equipo comercial/Refrigeración comercial		Bobina rectangular de acero inoxidable de 4 vías, máquina de cerveza comercial refrigerada por agua,
SUBCATEGORÍA	p362924	Equipo comercial/	Equipo comercial/Refrigeración comercial		Bastidores comerciales para panadería con ruedas, estante de velocidad para panecillos de acero resi
SUBCATEGORÍA	p362929	Equipo comercial/	Equipo comercial/Refrigeración comercial		Estante para panadería de acero inoxidable de 15 niveles con ruedas, carrito de almacenamiento comer
SUBCATEGORÍA	p362941	Equipo comercial/	Equipo comercial/Refrigeración comercial		Estantería Comercial De 12 Niveles For Bandejas De Pan, Carrito De Acero For Almacenamiento, Carros 
SUBCATEGORÍA	p362943	Equipo comercial/	Equipo comercial/Refrigeración comercial		Estantería De Panadería De 10 Niveles Con Ruedas, Estantería Móvil For Bandejas, Refrigeración For P
SUBCATEGORÍA	p362953	Equipo comercial/	Equipo comercial/Refrigeración comercial		Estante móvil comercial de 9 niveles, panadería para bandejas de alimentos, carros de refrigeración 
SUBCATEGORÍA	p362961	Equipo comercial/	Equipo comercial/Refrigeración comercial		Cortina de puerta de vinilo resistente para refrigeradores y congeladores, resistente a la intemperi
SUBCATEGORÍA	p362967	Climatización/	Climatización/Ventiladores nebulizadores		Ventilador De Nebulización, Ventilador de refrigeración for interiores, enfriador de aire portátil c
SUBCATEGORÍA	p362973	Equipo comercial/	Equipo comercial/Refrigeración comercial		Estantería Móvil For Panadería De 6/12/15 Niveles, Estante De Acero Rápido For Bandejas Con Ruedas B
SUBCATEGORÍA	p362993	Equipo comercial/	Equipo comercial/Refrigeración comercial		Dispensador de Bebidas comerciales + 2 Mini centrifugadoras de Jugo, máquina de Bebidas frías, refri
SUBCATEGORÍA	p363030	Equipo comercial/	Equipo comercial/Refrigeración comercial		Estantería de 12 Niveles para Hornear y almacenar Pan, Carrito de refrigeración móvil con 2 Ruedas c
SUBCATEGORÍA	p363044	Refrigeradores/	Refrigeradores/Uso comercial		PremiumLevella PRF36DX - Refrigerador de vidrio para puerta de 3.1 pies cúbicos, comercializador de 
SUBCATEGORÍA	p363048	Refrigeradores/	Refrigeradores/Uso comercial		COWSAR Mini nevera de 4.4 pies cúbicos, nevera compacta de una sola puerta reversible con termostato
SUBCATEGORÍA	p363097	Equipo comercial/	Equipo comercial/Refrigeración comercial		Dispensador Comercial De Bebidas, 2 DepóSitos De 16 L Cada Uno; MáQuina De Acero Inoxidable De 280 W
SUBCATEGORÍA	p363129	Equipo comercial/	Equipo comercial/Refrigeración comercial		Dispensador Comercial De Bebidas, Máquina De Bebidas Frías Comercial 20 L De Doble Tanque Con Mezcla
SUBCATEGORÍA	p363146	Equipo comercial/	Equipo comercial/Refrigeración comercial		Estante de bandeja móvil comercial de 15 niveles, carrito de refrigeración para panadería y alimento
SUBCATEGORÍA	p363151	Equipo comercial/	Equipo comercial/Refrigeración comercial		Vitrina de repostería refrigerada comercial, cubierta de vidrio, calentador de alimentos, mesa de al
SUBCATEGORÍA	p363162	Equipo comercial/	Equipo comercial/Refrigeración comercial		Estantería móvil de panadería de 6/12/15 Niveles - Bandeja de Acero Resistente con Ruedas con Bloque
SUBCATEGORÍA	p363256	Equipo comercial/	Equipo comercial/Refrigeración comercial		Chiller de vidrio de prensado comercial, mini heladora de vidrio, tazas de refrigeración instantánea
SUBCATEGORÍA	p363262	Equipo comercial/	Equipo comercial/Refrigeración comercial		Estante de acero inoxidable resistente para panadería – Carro de refrigeración de metal comercial pa
SUBCATEGORÍA	p363292	Equipo comercial/	Equipo comercial/Refrigeración comercial		Estantería De 7 Niveles For Bandejas De Pan, Carrito De Almacenamiento Comercial De Acero, Carros De
SUBCATEGORÍA	p363417	Equipo comercial/	Equipo comercial/Refrigeración comercial		Dispensador Comercial De Bebidas, Máquina De Bebidas Frías Comercial 20 L De Doble Tanque Con Mezcla
SUBCATEGORÍA	p363540	Refrigeradores/	Refrigeradores/Refrigeradores		Refrigerador de vino no empotrado grande de 80 botellas, compresor de doble zona, refrigerador de vi
SUBCATEGORÍA	p363554	Equipo comercial/	Equipo comercial/Refrigeración comercial		Dispensador comercial de bebidas frías de 3 tanques, máquina de jugos y bebidas de acero inoxidable 
SUBCATEGORÍA	p363702	Equipo comercial/	Equipo comercial/Refrigeración comercial		Vitrina de helado duro comercial con 12 sartenes, visualización de gelatina, congelador, máquina de 
SUBCATEGORÍA	p363703	Equipo comercial/	Equipo comercial/Refrigeración comercial		Camiones de comida móviles personalizados a la venta | Mesas de preparación refrigeradas y platos pl
SUBCATEGORÍA	p363764	Equipo comercial/	Equipo comercial/Punto de venta		Escáner de códigos QR Lector de Escritorio Plataforma de escaneo de códigos de Barras 1D 2D para Sis
SUBCATEGORÍA	p363877	Equipo comercial/	Equipo comercial/Punto de venta		Soporte de exhibición de Cigarrillos, Estante de Pared para Cigarrillos, exprimidor automático de Ci
SUBCATEGORÍA	p363923	Equipo comercial/	Equipo comercial/Punto de venta		Genérico Expositor de Cigarrillos y Soporte para Puros de Pared, exprimidor automático de Cigarrillo
SUBCATEGORÍA	p363934	Equipo comercial/	Equipo comercial/Punto de venta		Báscula De Cocina Digital 30 Kg, Caja Registradora, Recibos, Con Software
SUBCATEGORÍA	p364050	Equipo comercial/	Equipo comercial/Punto de venta		Soporte de exhibición de Cigarrillos, Estante de Pared para Cigarrillos, exprimidor automático de Ci
SUBCATEGORÍA	p364141	Equipo comercial/	Equipo comercial/Punto de venta		Caja registradora, Cajón De Registro Electrónico con Bandeja Extraíble Y Cerradura, Pantalla Digital
SUBCATEGORÍA	p364302	Equipo comercial/	Equipo comercial/Punto de venta		Genérico Vitrina acrílica con Cerradura para Puros y Soporte para dispensador automático de Cigarril
SUBCATEGORÍA	p364490	Equipo comercial/	Equipo comercial/Punto de venta		Sis-Tema Punto Venta (POS) para Comercio minorista con Pantalla táctil Dual 15,6 Pulgadas, procesado
SUBCATEGORÍA	p364492	Equipo comercial/	Equipo comercial/Punto de venta		Sis-Tema Punto Venta (POS) para Comercio minorista con Pantalla táctil Dual 15,6 Pulgadas, procesado
SUBCATEGORÍA	p365896	Equipo comercial/	Equipo comercial/Mobiliario		Moderno armario de exhibición de consola de juegos con ruedas, estante de esquina AV y estantes de a
SUBCATEGORÍA	p365951	Equipo comercial/	Equipo comercial/Mobiliario		Escritorio de recepción con cerradura con mostrador, moderno escritorio de recepción de oficina, sal
SUBCATEGORÍA	p365952	Equipo comercial/	Equipo comercial/Mobiliario		Escritorio de recepción con cerradura con almacenamiento moderno mostrador de recepción, elegante mo
SUBCATEGORÍA	p366019	Muebles/	Muebles/Escritorios de oficina		Escritorio de recepción con cerradura con mostrador, moderna mesa de recepción de recepción, elegant
SUBCATEGORÍA	p366027	Equipo comercial/	Equipo comercial/Carros de servicio		Carros De Servicio De 2 Niveles, Carrito De Comedor, Carrito De Té De Acero Inoxidable, Carrito De H
SUBCATEGORÍA	p366442	Equipo comercial/	Equipo comercial/Carros de servicio		GagalU Carro rodante Carros de Cocina Carros de Almacenamiento de Escritorio Industrial Carro de Her
SUBCATEGORÍA	p366443	Equipo comercial/	Equipo comercial/Carros de servicio		GagalU Carro rodante Carros de Cocina Carros de Almacenamiento de Escritorio Industrial Carro de Her
SUBCATEGORÍA	p366445	Equipo comercial/	Equipo comercial/Carros de servicio		Carro rodante Carros de Cocina Carros de Almacenamiento de Escritorio Industrial Carro de Herramient
SUBCATEGORÍA	p366493	Equipo comercial/	Equipo comercial/Carros de servicio		Carro de Servicio Carro, Carros de Servicio Carros de Cocina Carros de Bar Carros para botelleros co
SUBCATEGORÍA	p366494	Equipo comercial/	Equipo comercial/Carros de servicio		Carro de Servicio Carro, Carros de Servicio Carros de Cocina Carros de Bar Carros para botelleros co
SUBCATEGORÍA	p366517	Equipo comercial/	Equipo comercial/Punto de venta		Báscula De Cocina Digital 30 Kg, Caja Registradora, Recibos, Con Software
SUBCATEGORÍA	p377063	Laptops/	Laptops/Gamer		Consola Portatil Lenovo Legion Go 8APU1 Ryzen Z1 Extreme Radeon 16GB 1TB SSD 8.8" IPS 144 Hz
SUBCATEGORÍA	p377069	Laptops/	Laptops/Gamer		Consola Portatil Gamer Msi Claw 8 Ai+ Intel Arc Intel Core Ultra 7 258v 47 Tops 32gb Lpddr5x 1tb Ssd
SUBCATEGORÍA	p42009	Drones/	Drones/DJI		Dron DJI - Mini 4 Pro Fly More ComboPlus, control remoto RC 2 con pantalla integrada de 5.5".
SUBCATEGORÍA	p45198	Redes/	Redes/Switches		Inyector PoE INTELLINET de 2 puertos Gigabit 80 W de potencia total
SUBCATEGORÍA	p59968	Almacenamiento/	Almacenamiento/Externo		Disco Duro Externo Reacondicionado Avoluxion HDDGear Pro 8TB 7200RPM USB
SUBCATEGORÍA	p60667	Otros/	Otros/Estaciones de energía		BLUETTI Elite 200 V2 Estación de Energía Portátil 2073Wh 2600W LiFePO Con 4 salidas CA de 2600W
SUBCATEGORÍA	p60698	Otros/	Otros/Estaciones de energía		Anker 521 Estación de Energía Portátil 256Wh 300W LiFePO4 - Generador de energía
SUBCATEGORÍA	p60699	Otros/	Otros/Estaciones de energía		REACONDICIONADO BLUETTI AC2A Estación de Energía Portátil 204Wh LiFePO4 300W - Generador Solar
SUBCATEGORÍA	p60700	Otros/	Otros/Estaciones de energía		BLUETTI AC2A Estación de Energía Portátil 204Wh LiFePO4 300W - Generador Solar (Caja con detalles)
SUBCATEGORÍA	p60701	Otros/	Otros/Estaciones de energía		USADO BLUETTI EB3A Estación de Energía Portátil 268Wh LiFePO4 - 600W - Generador Solar con 2 salidas
SUBCATEGORÍA	p60789	Otros/	Otros/Estaciones de energía		BLUETTI Elite 100 V2 Estación de Energía Portátil - batería LiFePO4 de 1024Wh (3600W Pico) Compacta 
SUBCATEGORÍA	p60858	Otros/	Otros/Estaciones de energía		Jackery Explorer 300 Estación de Energía Portátil - 293Wh, 300W, Generador Solar Portátil REACONDICI
SUBCATEGORÍA	p60862	Otros/	Otros/Estaciones de energía		BLUETTI AC70 Estación de Energía Portátil 768Wh LiFePO4 - 1000W CA (2000W Pico) Carga Rápida - Gener
SUBCATEGORÍA	p60863	Otros/	Otros/Estaciones de energía		USADO BLUETTI AC180 - Estación de Energía Portátil 1152Wh LiFePO4, 1800W (Pico 2700W), Carga Rápida
SUBCATEGORÍA	p60864	Otros/	Otros/Estaciones de energía		BLUETTI AC180 - Estación de Energía Portátil 1152Wh LiFePO4, 1800W (Pico 2700W), Carga Rápida
SUBCATEGORÍA	p71983	Movilidad eléctrica/	Movilidad eléctrica/Bicicletas eléctricas		Bicicleta Eléctrica Plegable Honey Whale B20 Negro
SUBCATEGORÍA	p72313	Movilidad eléctrica/	Movilidad eléctrica/Bicicletas eléctricas		Bicicleta Eléctrica F6 amarillo Honey Whale Plegable 7 velocidades, 790W, Velocidad Máxima 40KM/H, B
SUBCATEGORÍA	p72366	Movilidad eléctrica/	Movilidad eléctrica/Bicicletas eléctricas		Bicicleta Eléctrica Plegable S6 Pro-s 750w 50km Honey Whale Color Negro
SUBCATEGORÍA	p72478	Movilidad eléctrica/	Movilidad eléctrica/Bicicletas eléctricas		Bicicleta Eléctrica Honey Whale BK05 NEGRO Plegable
SUBCATEGORÍA	p99143	Cocina y comedor/	Cocina y comedor/Desechables		Pajita abatible Stanley IceFlow 2.0 de acero inoxidable 118 L
SUBCATEGORÍA	p99152	Cocina y comedor/	Cocina y comedor/Desechables		Pajita plegable Stanley IceFlow 2.0 de acero inoxidable 900 ml
