accion	id	de	a	motivo	nombre
SIN SUB	p108033	Juegos de mesa/Otros juegos			Casa de Juego de Fieltro Horizon Group USA 25x41 cm con 20 Accesorios
SIN SUB	p108058	Juegos de mesa/Otros juegos			Juego de 4 Pistolas de Agua Eléctricas Funwee con Luz LED y Disparo Automático
SIN SUB	p108077	Juegos de mesa/Otros juegos			CHARM Wixine Pies de Zorro Articulados en Hueso con Garras – 6 g Taxidermia
SIN SUB	p108307	Juegos de mesa/Otros juegos			Caja de madera con temática náutica de Shut The Box Game STERLING Games
SIN SUB	p108316	Juegos de mesa/Otros juegos			Kit de Óptica Láser para Aula (Grados 2‑8) RGB LED
SIN SUB	p108321	Juegos de mesa/Otros juegos			Tablero de Galton Dimind 32 cm Modelo de Probabilidad con 17 500 Cuentas
SIN SUB	p108324	Juegos de mesa/Otros juegos			Aparato de demostración del efecto Doppler EISCO 0.8 m 92 dB
SIN SUB	p108379	Juegos de mesa/Otros juegos			Cubo Laberinto Actividades 7 En 1 Multicolor
SIN SUB	p108381	Juegos de mesa/Otros juegos			Juego Mesa Equilibrio Linda Rana Rojo
SIN SUB	p108392	Juegos de mesa/Otros juegos			Cartel de emociones Yoink 81 tarjetas – Rincón de calma
SIN SUB	p108401	Juegos de mesa/Otros juegos			Juego de Construcción de Mazos BANDAI Resident Evil: Mercenarios
SIN SUB	p108403	Juegos de mesa/Otros juegos			Música WARNER BROS Love Is Such a Funny Game
SIN SUB	p108407	Juegos de mesa/Otros juegos			Juego Nintendo Splatoon Raiders: Shooter de Acción
SIN SUB	p108409	Juegos de mesa/Otros juegos			Caballito Montable Mecedora Balance Con Efectossonido Reales  VANLIG | Color Marrón Claro
SIN SUB	p108416	Juegos de mesa/Otros juegos			Globos reutilizables Bunch O Balloons de ZURU paquete de 10
SIN SUB	p108420	Juegos de mesa/Otros juegos			Caja de Ahorro MoliDow de Madera - Bóveda de Efectivo $10000
SIN SUB	p108425	Juegos de mesa/Otros juegos			Kit de motor para pista de canicas PlayMonster 10 cm x 8 cm
SIN SUB	p108427	Juegos de mesa/Otros juegos			Rueda de oración tibetana DMtse 38x115 mm juego de 2
SIN SUB	p108430	Juegos de mesa/Otros juegos			Set de Campeones Sneaky PEET de Godtear (Steamforged Games)
SIN SUB	p108432	Juegos de mesa/Otros juegos			Fósiles de dientes de tiburón – Caja de colección Fabrvog y lupa
SIN SUB	p108438	Juegos de mesa/Otros juegos			Pegatina Elsqolro 25 × 17 cm 20 hojas Frutas y Verduras
SIN SUB	p108440	Juegos de mesa/Otros juegos			Bandeja para tarjetas KIHACO 125 × 75 × 45 cm de bambú – juego de 2
SIN SUB	p108446	Juegos de mesa/Otros juegos			Fósiles Fabrvog 4‑5 cm con caja y lupa
SIN SUB	p108497	Juegos de mesa/Otros juegos			Kit de modelo de motor Stirling de aire caliente Heligotech con luz LED
SIN SUB	p108498	Juegos de mesa/Otros juegos			Publications International – Juegos de Cerebro “Encuentra al Gato”
SIN SUB	p108499	Juegos de mesa/Otros juegos			Bantam – El libro completo de solitario y juegos de paciencia (225 juegos)
SIN SUB	p108502	Juegos de mesa/Otros juegos			Imanes decorativos Tienda LEAN Pack de 25 caritas sonrientes 25 cm
SIN SUB	p108514	Juegos de mesa/Otros juegos			Plantilla Grande Redonda para Hacer Yo-Yós Clover Fácil de Usar
SIN SUB	p108527	Juegos de mesa/Otros juegos			Kit de Construcción Artística Machine Works – Modelo de Motor V8 con Realidad Aumentada
SIN SUB	p108529	Juegos de mesa/Otros juegos			El libro de imágenes de cachorros
SIN SUB	p108532	Juegos de mesa/Otros juegos			Juego de Disc Golf de Escritorio Mini Ediciones Running Press
SIN SUB	p108542	Juegos de mesa/Otros juegos			Teaching Stones Yellow Door Huellas de Animales de Granja Paquete de 8 Piedras de 8 cm
SIN SUB	p108572	Juegos de mesa/Otros juegos			Placa de Prototipado Elenco 9440C con 3220 Puntos de Contacto
SIN SUB	p108573	Juegos de mesa/Otros juegos			Juego de sobremesa de superhéroes Atomic Mass Marvel Crisis Protocol
SIN SUB	p108579	Juegos de mesa/Otros juegos			Juego The Learning Company Super Solvers Rescate a Medianoche
SIN SUB	p108585	Juegos de mesa/Otros juegos			ZURU - Juguete (339-36589_4894680025981)
SIN SUB	p108599	Juegos de mesa/Otros juegos			Gorra de Seguimiento EEG DIGIPACE 64 Electrodos Sistema 10-20
SIN SUB	p108604	Juegos de mesa/Otros juegos			Herramienta de Plegado Makedo Fold-Roller para Esculpir Cartón
SIN SUB	p108606	Juegos de mesa/Otros juegos			Kit de Rinconcito de Libros DIY Tonecheer Mundo de Vincent con Luz LED
SIN SUB	p108609	Juegos de mesa/Otros juegos			Set de Bolas de Billar Aramith Crown 5.7 cm Magnéticas
SIN SUB	p108620	Juegos de mesa/Otros juegos			Casa para Insectos Lulu Home Hotel de Bichos de Madera 26x9x14 cm
SIN SUB	p108645	Juegos de mesa/Otros juegos			Bolsa de Suerte con Oro Garantizado Bobby Nugget California
SIN SUB	p108648	Juegos de mesa/Otros juegos			Set Completo Brain Challenger miniLUK Beyond123
SIN SUB	p108668	Juegos de mesa/Otros juegos			Bomba de Agua Exokugo Diseño de Ballena 3 Modos de Rociado Impermeable
SIN SUB	p108673	Juegos de mesa/Otros juegos			Mini Terrario Mi Jardín de Hadas Rincón de Ortigas
SIN SUB	p108681	Juegos de mesa/Otros juegos			Set de juego Popdarts PRO Pack (Rizzle) con ventosa para interiores y exteriores
SIN SUB	p108682	Juegos de mesa/Otros juegos			Set de juego Outdoor Flying Disc Bottle Bash USA con postes y botellas
SIN SUB	p108683	Juegos de mesa/Otros juegos			Juego Foxtail con luces LED para lanzar y atrapar al aire libre
SIN SUB	p108698	Juegos de mesa/Otros juegos			Set de 4 Pistolas de Agua Super Soaker Mini Dunk-Fill 101 ml
SIN SUB	p108699	Juegos de mesa/Otros juegos			Juego Activo Little Tikes Luz Roja Luz Verde
SIN SUB	p108714	Juegos de mesa/Otros juegos			Craft Kit dazzidoo miniazulejo magnético con 12 imanes para azulejos
SIN SUB	p108715	Juegos de mesa/Otros juegos			Herramienta para atrapar insectos Carson BugView lupa de liberación rápida color verde
SIN SUB	p108721	Juegos de mesa/Otros juegos			Kit de Modelo Musical 3D de Madera Tonecheer Nave Viajera del Viento
SIN SUB	p108729	Juegos de mesa/Otros juegos			Juego de Hockey de Escritorio Running Press Mini Editions
SIN SUB	p108742	Juegos de mesa/Otros juegos			Paquete de 15 Pellets Grandes de Búho Cárabo Pioneer
SIN SUB	p108763	Juegos de mesa/Otros juegos			Circuito de canicas de madera Golden Age set de 60 piezas
SIN SUB	p108772	Juegos de mesa/Otros juegos			AR Interactive Globe Toy PlayShifu Orboot Earth Explorer
SIN SUB	p108775	Juegos de mesa/Otros juegos			Mini golf de escritorio
SIN SUB	p108776	Juegos de mesa/Otros juegos			Juego de curling de escritorio Running Press Mini Editions
SIN SUB	p108781	Juegos de mesa/Otros juegos			Mini coleccionables MGA's Miniverse Hello Kitty Serie 2 6 unidades
SIN SUB	p108823	Juegos de mesa/Otros juegos			Juego de ensamble Acrobageometrix Educrea
SIN SUB	p108824	Juegos de mesa/Otros juegos			Cilindros de encaje
SIN SUB	p108825	Juegos de mesa/Otros juegos			Laberinto Roller
SIN SUB	p108835	Juegos de mesa/Otros juegos			Kit de arcilla KizDoToy Dino Land de 6 piezas set de modelado de secado al aire
SIN SUB	p108837	Juegos de mesa/Otros juegos			Lienzo para pintar por numero Florero blanco
SIN SUB	p108838	Juegos de mesa/Otros juegos			Lienzo para pintar por numero Romance París
SIN SUB	p108839	Juegos de mesa/Otros juegos			Lienzo para pintar por numero Los girasoles
SIN SUB	p108840	Juegos de mesa/Otros juegos			Lienzo para pintar por numero ojo
SIN SUB	p108841	Juegos de mesa/Otros juegos			Lienzo para pintar por numero La gran manzana
SIN SUB	p108843	Juegos de mesa/Otros juegos			Lienzo para pintar por numero Gallo loco
SIN SUB	p108860	Juegos de mesa/Otros juegos			Juego de ensamble Acrobageometrix
SIN SUB	p108862	Juegos de mesa/Otros juegos			Juego de ensamble Cadenamix
SIN SUB	p108864	Juegos de mesa/Otros juegos			Juego de ensamble Tubicolor
SIN SUB	p108866	Juegos de mesa/Otros juegos			Juego de ensamble Rocket
SIN SUB	p108881	Juegos de mesa/Otros juegos			Conjunto de actividades hand2mind MathLink Cubes Numberblocks 21-30
SIN SUB	p108892	Juegos de mesa/Otros juegos			Mesa de agua y arena Wee Wonders de 3 niveles con sombrilla y juguetes
SIN SUB	p108893	Juegos de mesa/Otros juegos			Kit Rainbow Loom Mighty Rainbow Case con 6000 ligas
SIN SUB	p108896	Juegos de mesa/Otros juegos			Puerta y ventanas de hadas para árbol con decoración que brilla en la oscuridad
SIN SUB	p108900	Juegos de mesa/Otros juegos			Agenda visual HANUSTARS de 60 piezas con bolsa para tareas
SIN SUB	p108909	Juegos de mesa/Otros juegos			Tabla magnética para el entrenamiento para ir al baño Bright Seed Sirenas Brillantes 30x25 cm
SIN SUB	p108913	Juegos de mesa/Otros juegos			Kit de práctica de soldadura tingbowie para entrenamiento en electrónica DIY
SIN SUB	p108918	Juegos de mesa/Otros juegos			Tarro de recompensas para entrenamiento para ir al baño Yoink con 27 fichas
SIN SUB	p108921	Juegos de mesa/Otros juegos			Pulidora de piedras VIYUKI de 3 lb de capacidad kit con motor de 120V
SIN SUB	p108925	Juegos de mesa/Otros juegos			Tangram de madera
SIN SUB	p108926	Juegos de mesa/Otros juegos			Lienzo para pintar ppn búho y luna
SIN SUB	p108927	Juegos de mesa/Otros juegos			Lienzo para pintar ppn aventura espacial
SIN SUB	p108928	Juegos de mesa/Otros juegos			Lienzo para pintar ppn leo el león
SIN SUB	p108929	Juegos de mesa/Otros juegos			Lienzo para pintar ppn pez 1
SIN SUB	p108930	Juegos de mesa/Otros juegos			Lienzo para pintar ppn elefante splash
SIN SUB	p108931	Juegos de mesa/Otros juegos			Lienzo para pintar ppn dinosuario
SIN SUB	p108941	Juegos de mesa/Otros juegos			Juego terapéutico StrongSuit Vibes 2 en 1 de diana emocional
SIN SUB	p108947	Juegos de mesa/Otros juegos			Tapete para juegos STORKY 61 x 36 cm de goma antideslizante de 3 mm de grosor
SIN SUB	p108948	Juegos de mesa/Otros juegos			Juego de tetherball de escritorio Running Press Mini Editions
SIN SUB	p108977	Juegos de mesa/Otros juegos			Rueda traductora de jerga Slang-o-Matic de Dissent Pins 20 x 22 cm
SIN SUB	p108981	Juegos de mesa/Otros juegos			Juego DŌTEKI Multiplayer Battle Pack Heatoru & Arctos
SIN SUB	p109021	Juegos de mesa/Otros juegos			Lienzo para pintar ppn tres perros
SIN SUB	p109022	Juegos de mesa/Otros juegos			Lienzo para pintar ppn tres gatos
SIN SUB	p109051	Juegos de mesa/Otros juegos			Colección temática Holiday Hands Edición 2026 de Mah Jongg
SIN SUB	p109120	Juegos de mesa/Otros juegos			Kit de juguete Timetome Magic Water Elf con 20 geles y 10 moldes
SIN SUB	p109122	Juegos de mesa/Otros juegos			Juego de gato magnético promocional de escritorio-junk
SIN SUB	p109130	Juegos de mesa/Otros juegos			Juego de despedida de soltera Diakos 8 en 1 para 50 invitados
SIN SUB	p109137	Juegos de mesa/Otros juegos			Kit de geodas TruEnergy 20 cristales marroquíes reales 25-38 cm
SIN SUB	p109144	Juegos de mesa/Otros juegos			Kit de juguete Albxiu de elfos de agua mágicos con 22 geles y moldes
SIN SUB	p109154	Juegos de mesa/Otros juegos			Juguete MGA's Miniverse Make It Mini Spring DIY Crafts
SIN SUB	p109157	Juegos de mesa/Otros juegos			Juego de viaje de fichas Big Potato OK Play impermeable
SIN SUB	p109159	Juegos de mesa/Otros juegos			Kit de actividades Blue Marble Aventura Pirata con catalejo
SIN SUB	p109166	Juegos de mesa/Otros juegos			Kit de disección Tiburón Blanco Brillante Blue Marble Anatomía
SIN SUB	p109167	Juegos de mesa/Otros juegos			¿Qué con qué? asociación  de imágenes
SIN SUB	p109169	Juegos de mesa/Otros juegos			Sopa de silabas
SIN SUB	p109174	Juegos de mesa/Otros juegos			Play Space Evenflo versátil 6 paneles ajustables (gris frío)
SIN SUB	p109178	Juegos de mesa/Otros juegos			Baby Trend Lil' Snooze Deluxe III Cozy Mint con capazo
SIN SUB	p109183	Juegos de mesa/Otros juegos			Providence (Tides of Fortune) - Libro de publicación independiente
SIN SUB	p109193	Juegos de mesa/Otros juegos			Kit Diorama de Animales de la Selva Tropical LuciPaw de 33 Piezas
SIN SUB	p109197	Juegos de mesa/Otros juegos			Mesa Multijuego 6 en 1 VANLIG | Plegable Billar Hockey Tenis Bolos Tejo
SIN SUB	p109228	Juegos de mesa/Otros juegos			Huevos de triops Red Longicaudatus GREEN WATER FARM 200 unidades
SIN SUB	p109238	Juegos de mesa/Otros juegos			Set de juego de arenero John Deere con 5 camiones y tapa
SIN SUB	p109239	Juegos de mesa/Otros juegos			Juego de Hilo Clásico Dan&Darci - Cat's Cradle
SIN SUB	p109241	Juegos de mesa/Otros juegos			BONNYCO Juego de 4 en Raya paquete de 16 mini juegos de mesa de viaje
SIN SUB	p109255	Juegos de mesa/Otros juegos			Juego de cuencos con fuente para baño y agua Toy PlanToys 5714
SIN SUB	p109256	Juegos de mesa/Otros juegos			Barquitos de baño SplashEZ set flotante de 3 piezas sin moho
SIN SUB	p109261	Juegos de mesa/Otros juegos			Juego de baloncesto de mesa Franklin Sports WNBA Mini Hoop
SIN SUB	p109273	Juegos de mesa/Otros juegos			ZL-YXL-ZQT
SIN SUB	p109319	Juegos de mesa/Otros juegos			Miniverse Make It Mini Hello Kitty Series 2 de MGA
SIN SUB	p109340	Juegos de mesa/Otros juegos			Tarjetas de conversación TALES Friends Edition 150 tarjetas
SIN SUB	p109346	Juegos de mesa/Otros juegos			Pressman de Tumble Game
SIN SUB	p109370	Juegos de mesa/Otros juegos			Reserve WizKids Pocket Eyewitness Cars: hechos al alcance de su mano
SIN SUB	p109383	Juegos de mesa/Otros juegos			Dispositivo de flotación de agua Intex 59220NP Animal Split anillo de natación
SIN SUB	p109424	Juegos de mesa/Otros juegos			Juguete Daruma Otoshi Tomerry de madera tradicional japonesa 22 x 47 cm
SIN SUB	p109434	Juegos de mesa/Otros juegos			Aleta para natación tipo sirena (monofín)
SIN SUB	p109437	Juegos de mesa/Otros juegos			Dardera Magnética Doble Vista
SIN SUB	p109469	Juegos de mesa/Otros juegos			Juego de tiro baloncesto Bluelander, para interiores con bomba y 4 pelotas, material resistente ABS.
SIN SUB	p109475	Juegos de mesa/Otros juegos			Kit Clasico
SIN SUB	p109476	Juegos de mesa/Otros juegos			Kits Maravillas del Mundo
SIN SUB	p109481	Juegos de mesa/Otros juegos			Casita y supermercado​ timbre con luz y
SIN SUB	p109491	Juegos de mesa/Otros juegos			Rc. Gold Edition 500 Pzs, Atardecer en el Océano
SIN SUB	p109493	Juegos de mesa/Otros juegos			Rc. Gold Edition 500 Pzs, Artardecer en el Puerto
SIN SUB	p109499	Juegos de mesa/Otros juegos			Juego de Viajero Estalla Y Salta
SIN SUB	p109502	Juegos de mesa/Otros juegos			Juego de Viajero Torre De Equilibrio
SIN SUB	p109503	Juegos de mesa/Otros juegos			Juego de Viajero Escaleras
SIN SUB	p109505	Juegos de mesa/Otros juegos			Juego de Viajero Sillas En Equilibrio
SIN SUB	p109506	Juegos de mesa/Otros juegos			Juego de Viajero Tangram
SIN SUB	p109507	Juegos de mesa/Otros juegos			Juego de Viajero Rana Saltante
SIN SUB	p109508	Juegos de mesa/Otros juegos			Juego de Viajero Boliche
SIN SUB	p109618	Juegos de mesa/Otros juegos			Juego de bolas magnéticas
SIN SUB	p109619	Juegos de mesa/Otros juegos			Juego de bolas magnéticas verde metálico
SIN SUB	p109620	Juegos de mesa/Otros juegos			Juego de bolas y barras magneticas plata
SIN SUB	p109621	Juegos de mesa/Otros juegos			Casa de Campaña Puerta Plegable 90x120x120 cm Rosa
SIN SUB	p109623	Juegos de mesa/Otros juegos			Juego de bolas magnéticas azul rey
SIN SUB	p109625	Juegos de mesa/Otros juegos			Baby Garage Divertido
SIN SUB	p109629	Juegos de mesa/Otros juegos			Juego De Bolos Infantino Stack N Bowling
SIN SUB	p118299	Videojuegos/Otros accesorios gamer			Kit de Reemplazo de Botones Rowsmau para Xbox 360 Negro
SIN SUB	p118327	Videojuegos/Otros accesorios gamer			Kit de herramientas OSTENT para abrir y desmontar Xbox 360
SIN SUB	p12017	Joyería y bisutería/Otros			Exclusive Niche Design Marine Inspired Golden Seashell & Starfish Jewelry Set Vintage Glam Beach Par
SIN SUB	p12029	Joyería y bisutería/Otros			Radiant Cut Loose Moissanite Stone Brilliant Cut 0.4~5ct Lab Grown Moissanite Diamonds Pass test Wit
SIN SUB	p12036	Joyería y bisutería/Otros			New Luxury Rhinestone Bow Tie High-end Gift Men Women's Fashion Korean British Business Banquet Bowt
SIN SUB	p12048	Joyería y bisutería/Otros			Gold-plated blue spinel square minimalist style jewelry set for women 8*8
SIN SUB	p12060	Joyería y bisutería/Otros			Creative Animal Doctor Brooch Enamel Pins Funny Animal Badge TRUST ME I'M A DOGTOR Brooches Clothes 
SIN SUB	p12097	Joyería y bisutería/Otros			Vintage Blue White Rhinestone Oval Forest Black Brooches For Woman Luxury Brand Jewelry Trending 202
SIN SUB	p12106	Joyería y bisutería/Otros			HNYYX Elegant Gold Color Mesh Flower Hairpin Tassel Head Clips Wedding Bridesmaid Headwear Fashion H
SIN SUB	p12138	Joyería y bisutería/Otros			Heavy industry haute couture pineapple exquisite Seiko brooch
SIN SUB	p12182	Joyería y bisutería/Otros			Gold-plated rose cut fat square premium set main stone 14*14
SIN SUB	p12199	Joyería y bisutería/Otros			Chinese Ethnic Style Bridal Headdress Beautiful Velvet Flower Tassel Red Hair Accessories Hanfu Clot
SIN SUB	p12208	Joyería y bisutería/Otros			Levmoudra Round Crown for Women Queen Crown and Tiara Crystal Rhinestone Princess Tiaras Crowns Wedd
SIN SUB	p12215	Joyería y bisutería/Otros			Dudo Store Bohemian African Crystal Jewelry Set Size US 8 Crystal Fine Body Jewelry Set Shoulers Cus
SIN SUB	p12232	Joyería y bisutería/Otros			Levey Baroque Luxury Crystal Royal Queen Wedding Crown Rhinestone Bride Diadem Pageant Headdress Tia
SIN SUB	p12259	Joyería y bisutería/Otros			Levmoudra Queen Crown and Tiara Pageant Sparkly Rhinestone Wedding Crown Bride Tiaras Princess Full 
SIN SUB	p12271	Joyería y bisutería/Otros			Diana baby Fashion jewelry Dubai 14k Gold Plated Ball Wedding Bride jewelry Sets For Women
SIN SUB	p12318	Joyería y bisutería/Otros			Tibetan Jiu Zi Li Huo Zha Ji Ram 108 prayer beads, Tibetan style hand woven multiple circles, handhe
SIN SUB	p12329	Joyería y bisutería/Otros			Vintage Colorful Rhinestone Koi Brooches For Woman Luxury Trendy Brand Jewelry Retro Style High Qual
SIN SUB	p12345	Joyería y bisutería/Otros			Hip Hop Full Iced Out Multi-Function Round Stainless Steel Fashion Luxury Zircon Quartz Square Wrist
SIN SUB	p12346	Joyería y bisutería/Otros			5 PCS Cultured White Pearl Green Crystal Pave Spacer Beads Connector Jewelry Accessory
SIN SUB	p12352	Joyería y bisutería/Otros			1Pc Fashion Shiny Copper Inlaid Zircon Hip Hop Teeth Grillz Body Jewelry Halloween Tooth Party Essen
SIN SUB	p12353	Joyería y bisutería/Otros			Natural Sultanite Amethyst Jewelry Set Color Change Stone Purify Negative Energy Balance Chakra Spir
SIN SUB	p123653	Videojuegos/Otros accesorios gamer			Videojuego Ubisoft Your Shape para Wii con Cámara de Fitness
SIN SUB	p123674	Videojuegos/Otros accesorios gamer			Accesorio VANJUNN Botón de hombro L/R para Nintendo 3DS
SIN SUB	p123719	Videojuegos/Otros accesorios gamer			Paquete de Cámara y Videojuego Ubisoft Fit in Six para Wii
SIN SUB	p12377	Joyería y bisutería/Otros			Ylaili Italian brass gold plated jewelry set designed by Chinese factory, interlocking large chain f
SIN SUB	p12381	Joyería y bisutería/Otros			Bride Talk Luxury 4PCS Marquise Leaf Tassel CZ Zirconia Bridal Jewelry Set Dubai African Nigerian We
SIN SUB	p12457	Joyería y bisutería/Otros			Bride Talk Stunning 4PCS Full CZ Zirconia Marquise Cut Leaf Jewelry Collection Dubai Nigerian Bridal
SIN SUB	p125137	Otros/Varios			Estuche rígido Fintie para audífonos Sony WH-CH720N / CH520 / XM6 / XM5
SIN SUB	p131242	Muebles/Otros			Sombrilla Jardin Sol Playa Angulo 2.7 m Diametro Exterior Jardimex
SIN SUB	p135072	Juegos de mesa/Otros juegos			Set de Batalla Beyblade X Drop Attack Beystadium
SIN SUB	p135109	Juegos de mesa/Otros juegos			Set De Juegos 30 En 1
SIN SUB	p135130	Juegos de mesa/Otros juegos			Juego De Viaje ¿Qué Soy? Familia
SIN SUB	p135351	Juegos de mesa/Otros juegos			Hedbanz Adulting
SIN SUB	p136946	Deportes y fitness/Otros			Cable Candado Mikels CCA 65 Azul
SIN SUB	p136997	Deportes y fitness/Otros			Power Legs CV Directo Mejora Circulación y Fortalece Las Piernas
SIN SUB	p137146	Deportes y fitness/Otros			Cuerda Afxports de Salto Con Peso
SIN SUB	p138294	Deportes y fitness/Otros			Guante Under Armour Golf Medal Hombre 1349705-001
SIN SUB	p138295	Deportes y fitness/Otros			Guante Under Armour Golf Iso-Chill Hombre 1370277-100
SIN SUB	p138388	Deportes y fitness/Otros			Manopla Wilson Béisbol 2021 A360 SP13 Unisex WBW10019213
SIN SUB	p138389	Deportes y fitness/Otros			Manopa Wilson Béisbol A360 Carbon 12" Unisex
SIN SUB	p138390	Deportes y fitness/Otros			Manopla Wilson Béisbol A360 Niño
SIN SUB	p138420	Deportes y fitness/Otros			Bat Wilson Béisbol Génesis Niño
SIN SUB	p138768	Deportes y fitness/Otros			Cuerda Capelli Sport Entrenamiento Comfort Handle Unisex CSEF-1002-LP
SIN SUB	p138771	Deportes y fitness/Otros			Cuerda Capelli Sports Entrenamiento Unisex CSEF-1005
SIN SUB	p139105	Deportes y fitness/Otros			Tablero Spalding Basquetbol Unisex
SIN SUB	p139106	Deportes y fitness/Otros			Tablero Educar Basquetbol Infantil Unisex NL-02J
SIN SUB	p139108	Deportes y fitness/Otros			Mesa Atomic Tejo 9' Platino M01702AW
SIN SUB	p140114	Videojuegos/Otros accesorios gamer			Cámara para Switch 2, Webcam USB Compatible con Switch 2
SIN SUB	p140189	Videojuegos/Otros accesorios gamer			Almohadilla de golf para mango de golf periféricos para accesorios de juego de interruptor
SIN SUB	p140197	Videojuegos/Otros accesorios gamer			Universal 64 Bit USB Handbrake Periférico de Juegos para PC Aleación Aluminio CNC Carreras SIM G25 G
SIN SUB	p140200	Videojuegos/Otros accesorios gamer			Yinhing PC con Freno de Mano USB de 64 Bits para Accesorios de Juegos Profesionales Compatible con T
SIN SUB	p140633	Otros/Varios			50 Bolsas de Aluminio Reutilizables para Congelar y Almacenar Alimentos
SIN SUB	p141713	Otros/Varios			Genérico Juego de 2 Soportes de Pared Ajustables para Smartphones y tabletas (4-12 Pulgadas), Ideal 
SIN SUB	p141789	Otros/Varios			Owine - Adaptador universal para trípode para teléfono celular, compatible con iPhone, Samsung Galax
SIN SUB	p141887	Otros/Varios			Teléfono retro con Bluetooth inalámbrico y auriculares USB para teléfonos celulares a prueba de radi
SIN SUB	p142754	Otros/Varios			Ringke Dual Magnetic Smart Holder Compatible con Accesorios MagSafe [Bisagra Ajustable Multiángulo] 
SIN SUB	p142761	Otros/Varios			Teléfono retro con Bluetooth inalámbrico y auriculares USB para teléfonos celulares a prueba de radi
SIN SUB	p142766	Otros/Varios			ULANZI MT-44B Trípode para Celular,configuración de Doble cámara,150cm
SIN SUB	p142809	Otros/Varios			Refrigeradores de teléfonos móviles for Juegos Accesorios Ventilador refrigeración celulares Recarga
SIN SUB	p142856	Otros/Varios			Microscopio Digital con Pantalla IPS HD de 7 Pulgadas, Lupa amplificación Continua Industrial USB 50
SIN SUB	p143349	Otros/Varios			Retroring for Cell Phones, Auricular Retro USB-C para Celular, Old Fashion Handset, Pick Retro Phone
SIN SUB	p143370	Otros/Varios			Cooler para Celular, Enfriador para Celular Silencioso de Enfriamiento Rápido con Clip y Anillo para
SIN SUB	p143382	Otros/Varios			ULANZI SK-03-1 Trípode para Selfie,162CM,para celulares y cámara Deportiva
SIN SUB	p143415	Otros/Varios			iOttie Easy One Touch Advanced Soporte Universal para salpicadero y Parabrisas con Ventosa para iPho
SIN SUB	p143416	Otros/Varios			Detector EMF, detecta los 3 tipos de radiación electromagnética EMF en 1 medidor EMF para torres cel
SIN SUB	p143484	Otros/Varios			Accesorios de microscopio de laboratorio USB para microscopio digital, lupa para reparación de teléf
SIN SUB	p143700	Otros/Varios			PACKOVE 10 Piezas Herramienta De Apertura De Electrónica De Acero Inoxidable Espátulas Reparación Ce
SIN SUB	p143708	Otros/Varios			Elecrelive 40g Arcilla polimérica luminosa Sprinkles Nail Art Slices 4 colores Sprinkles falsos Roda
SIN SUB	p143759	Otros/Varios			Trituradoras De Tejidos Trituradora De Muestras Celulares con Rango De Velocidad 5000/10000/18000 RP
SIN SUB	p143777	Otros/Varios			Microscopio Observación USB Microscopio digital Lupa de joyería para reparación de teléfonos celular
SIN SUB	p143779	Otros/Varios			Microscopio Observación USB Microscopio digital Lupa de joyería para reparación de teléfonos celular
SIN SUB	p143792	Otros/Varios			Medidor de energía for Redes celulares 4G EM114070 con relé y Base gsm 4G, medidor monofásico, medid
SIN SUB	p143833	Otros/Varios			Mezclador de vórtice, Máquina for romper paredes celulares, 8 tubos de ensayo 2 ml, mezcladores vórt
SIN SUB	p143855	Otros/Varios			Máquina for romper paredes celulares, 8 tubos de ensayo de 2 ml, mezcladores de vórtice MX-C for lev
SIN SUB	p146285	Otros/Varios			Estación de carga inalámbrica 3 en 1 para dispositivo Apple: estación de carga rápida para iPhone y 
SIN SUB	p146571	Otros/Varios			Twelve South HiRise 3 Deluxe, Soporte de Carga inalámbrico Compacto de Lujo Magsafe para iPhone, Air
SIN SUB	p152251	Otros/Varios			Recordatorio Anti -Recordatorio de Sueño, Uso Seguro del Controlador de Batería Portátil Alarma de S
SIN SUB	p152322	Juguetes y bebés/Otros			Máquina de de Voz Ghostface Ghostfa Dispositivo de de Voz Portátil 8 Efectos de Sonido Modulador de 
SIN SUB	p152324	Otros/Varios			Matamoscas Eléctrico Matamoscas Eléctrico con Batería Inalámbrica Asesino de Raquetas de Insectos Po
SIN SUB	p152716	Otros/Varios			Baseus Batería para Magsafe, 5000mAh Bancos de Energía Portátiles para Celular PD 20W con Soporte, p
SIN SUB	p153219	Otros/Varios			Medidor de Voltaje de Batería, Probador de Valor Resistivo Interno, Probador de Batería Portátil par
SIN SUB	p153342	Otros/Varios			Medidor de voltaje de batería, probador de valor resistivo interno, pantalla LCD portátil para bater
SIN SUB	p158126	Otros/Varios			BLUELAND - Tabletas de detergente para ropa, 60 unidades, cápsulas ecológicas sin plástico, hojas, a
SIN SUB	p159371	Otros/Varios			BLUELAND - Tabletas de detergente para ropa, 36 unidades, cápsulas ecológicas sin plástico, hojas, a
SIN SUB	p160152	Otros/Varios			Ferrero Rocher Tabletas De Chocolate Pack Surtido 3 de 90 g
SIN SUB	p166171	Videojuegos/Otros accesorios gamer			Monitor portátil para computadora portátil Tablero digitalizador HDR de 17,3 pulgadas, pantalla táct
SIN SUB	p168995	Videojuegos/Otros accesorios gamer			Monitores portátiles Tablero digitalizador HDR de 17,3 Pulgadas, Pantalla táctil de Dibujo a Mano, r
SIN SUB	p169104	Videojuegos/Otros accesorios gamer			Segunda Pantalla Tablero digitalizador HDR de 17,3 Pulgadas, Pantalla táctil Dibujo a Mano, resoluci
SIN SUB	p174448	Muebles/Otros			YHWKG Gabinete De Audio Hi Fi, Soporte Gabinete De Audio Hi Fi de Piso, con Esquinas Redondeadas y e
SIN SUB	p174781	Videojuegos/Otros accesorios gamer			Kit de Altavoces internos Izquierdo y Derecho para Switch/Switch Lite, repuestos para de Juegos, boc
SIN SUB	p174831	Juguetes y bebés/Otros			Genérico Altavoz De Susto Halloween Reproductor Sonidos con Grito ABS 6 5cm
SIN SUB	p175942	Videojuegos/Otros accesorios gamer			Bushnell Disc Jockey -Bluetooth -Speaker, Lightweight Disk Golf -Speaker with Distance to Basket -GP
SIN SUB	p1763	Deportes y fitness/Otros			Telémetro de golf CIGMAN CT-1200 de 1312 yardas
SIN SUB	p176421	Videojuegos/Otros accesorios gamer			Bocina de sirena antirrobo, 1K0951605A, 1K8951605A, 12V, 3 pines, STD, 6 meses de garantía, 1 unidad
SIN SUB	p178663	Videojuegos/Otros accesorios gamer			Altavoz Incorporado Altavoz Interno de Repuesto para Consola de Juegos Switch/Lite Kit de Accesorios
SIN SUB	p181280	Otros/Varios			Plástico Auriculares Falso Negro Micrófono para Disfraz
SIN SUB	p181288	Joyería y bisutería/Otros			Audífonos de mariposa decorativos, instalación rápida, metal, abalorios, hebilla, accesorios de clip
SIN SUB	p181317	Joyería y bisutería/Otros			1 par de Elegantes Joyas para Las Orejas en Forma de, Adornos de Clip para Auriculares, para Freecli
SIN SUB	p182555	Videojuegos/Otros accesorios gamer			RIG 900 MAX HS Multi-Platform Dual Wireless Gaming Headset with Bluetooth Officially Licensed for Pl
SIN SUB	p183847	Juguetes y bebés/Otros			Genérico Teclado Antiestres, La Ansiedad con Teclado de 9 Teclas Pastel, Clicker, Teclado de 9 Tecla
SIN SUB	p185400	Otros/Varios			Auricular de Teléfono Retro USB C, Receptor de Teléfono Celular de Mano de 3,5 Mm con Cable de Exten
SIN SUB	p186186	Juguetes y bebés/Otros			2 Piezas Teclado Antiestres, Teclado Antiestrés con Luz, Herramienta De Alivio De Estrés para Oficin
SIN SUB	p186319	Juguetes y bebés/Otros			FINYQBET Teclado Antiestres LED 2 Pzas, Llavero 2 en 1 con Giro Suave
SIN SUB	p186322	Juguetes y bebés/Otros			Byhoo Keyboard Fidget, 3 Tipos de Teclado táctil Fidget Toy, Teclado Fidget de Color, Llavero Lineal
SIN SUB	p186624	Otros/Varios			Universal Travel Keyboard Plus, nuevo teclado portátil Bluetooth dual con retroiluminación de 7 colo
SIN SUB	p1918	Otros/Varios			Tarjeta de seguimiento inteligente ZIKE Z006
SIN SUB	p192249	Otros/Varios			Soporte para Proyector con Ruedas, Soporte para Proyector Tripode con Bandeja para Ratón, Porta Celu
SIN SUB	p192534	Juguetes y bebés/Otros			Adorable llavero de cámara animal con proyección
SIN SUB	p192631	Otros/Varios			Dr. Beckmann, Limpia Lavadoras Líquido, Alarga la Vida de tu Lavadora, Limpia y Desodoriza, Elimina 
SIN SUB	p193642	Otros/Varios			Bolsas de aluminio para congelar 60 unidades Bolsas de aluminio reutilizables y sellables para almac
SIN SUB	p194156	Juguetes y bebés/Otros			Brainstorm Toys Linterna y proyector de Animales Divertidos
SIN SUB	p194252	Otros/Varios			Trípode de soporte para proyector y portátil, 2 estantes para trípode móvil, altura máxima de 47 pul
SIN SUB	p194359	Otros/Varios			Proyector Portátil Full HD WiFi [Pantalla Incluida], Soporte 1080P LED Cine En Casa para Smartphone 
SIN SUB	p194398	Juguetes y bebés/Otros			Proyector De Fotos para Cámara De Video para Acampar Cámara Portátil con Proyector Cámara De Campame
SIN SUB	p194405	Juguetes y bebés/Otros			Gatuida Proyector de Fotos para Cámara Portátil con Proyector Incorporado Pequeña Cámara de Video pa
SIN SUB	p194409	Juguetes y bebés/Otros			Mipcase Proyector de Fotos para Portátil Cámara de Viaje con Música y Edición Ai para Acampar Pequeñ
SIN SUB	p194418	Juguetes y bebés/Otros			Proyector de Fotos para cámara para Mini proyector para Camara proyector portátil para Dispositivo d
SIN SUB	p194421	Juguetes y bebés/Otros			Mikikit Proyector de Fotos Música Cámara Portátil Pequeña para Grabar Videos Proyector para Camping 
SIN SUB	p194423	Juguetes y bebés/Otros			KICHOUSE Proyector de Fotos para cámara de Viaje con proyector grabación de Video para cámara Rosa c
SIN SUB	p194426	Juguetes y bebés/Otros			jojofuny Proyector De Fotos para Música Portátil Proyector Pequeño para Grabar Videos para Camping y
SIN SUB	p194428	Juguetes y bebés/Otros			LABRIMP Proyector de Fotos para pequeña cámara portátil Cámara de Campamento para cámara de fotograf
SIN SUB	p194432	Juguetes y bebés/Otros			Lurrose Proyector de Fotos para Música Edición Ai para Viajes y Campamentos Portátil
SIN SUB	p194434	Juguetes y bebés/Otros			VILLCASE Proyector De Fotos para Reproductor De Música Editor De Fotos Ai para Viajes y Campamentos 
SIN SUB	p194459	Juguetes y bebés/Otros			Balacoo Proyector de Fotos Música Proyector Portátil de Viaje para Camping Grabación de Video con Ai
SIN SUB	p194484	Otros/Varios			Soporte para proyector con ruedas, trípode para portátil de 29 a 69 pulgadas con bandeja para mouse,
SIN SUB	p194506	Juguetes y bebés/Otros			Uonlytech Proyector de Fotos para Cámara Portátil Pequeña con Proyector Música y Edición de Fotos Ai
SIN SUB	p197413	Otros/Varios			Pantalla de proyección portátil pequeña de 60 Pulgadas y 72 Pulgadas con trípode, Pantalla de proyec
SIN SUB	p197416	Otros/Varios			Pantalla de proyección portátil pequeña de 60 Pulgadas y 72 Pulgadas con trípode, Pantalla de proyec
SIN SUB	p198894	Juguetes y bebés/Otros			NUOBESTY Proyector de Fotos de Cumpleaños Patrón Uniforme y Ángulo Amplio
SIN SUB	p198902	Juguetes y bebés/Otros			Luxshiny Proyector de Fotos y Pantalla Clara para Fiesta de Cumpleaños Ángulo de Proyección Amplio A
SIN SUB	p198941	Juguetes y bebés/Otros			Llavero de cámara de animales juguetones equipado con función de proyección, diseño compacto multico
SIN SUB	p20006	Electrodomésticos/Otros			Oven door hinge commercial disinfection cabinet stainless steel door hinge accessories
SIN SUB	p20032	Cargadores y adaptadores/Otros			1pcs New Electric Wrench Adapter, Universal Dual-Purpose Square Shaft Multi-Function Electric Drill 
SIN SUB	p200609	Otros/Varios			Bolas de Lana para Secadora - Paquete de 6, Atrapa Pelusa para Lavadora y Secadora, Reducen Arrugas 
SIN SUB	p200624	Otros/Varios			Dr. Beckmann, Doypacks Super Blanco Intenso + Quitamanchas Intenso + Limpia Lavadoras
SIN SUB	p200649	Otros/Varios			200 ML Gel Quitamanchas para Hogar con Cepillo de Limpieza,Removedor de Manchas Limpieza,Gel Quitama
SIN SUB	p200652	Otros/Varios			LUSCOR 2pcs Gel Quitamanchas para el Hogar 100 ml,Eliminación De Manchas Domésticas De Gel，Limpiador
SIN SUB	p200656	Otros/Varios			Eliminación de Manchas Domésticas de Gel,Quitamanchas para Lavadoras 100ml
SIN SUB	p200657	Otros/Varios			Tefola 6 Piezas Atrapa Pelusa para Lavadora, Bola de Lavandería Quitamanchas para Depilación, Bolas 
SIN SUB	p200678	Otros/Varios			Kit 20 Piezas Lavandería Reutilizable con Filtros y Bolas Antipelusa para Lavadora – Incluye Filtros
SIN SUB	p200742	Otros/Varios			Whirlpool W10740584 Dispensador de suavizante líquido para Lavadora
SIN SUB	p201001	Otros/Varios			Dirty Labs Sin olor | Bio Enzyme Laundry Booster | 48 cargas (1 libra) | Hiperconcentrado | Alta efi
SIN SUB	p201054	Otros/Varios			Mini Lavadora Plegable, Lavadora Portátil PequeñA Automática con Tubo De Drenaje, Potente Eliminació
SIN SUB	p20124	Otros/Varios			Cigar cutter 302 Portable cigar pliers High-end tool cigarette cutter xi3
SIN SUB	p20125	Electrodomésticos/Otros			Special hidden ultra-quiet hydraulic buffer hinge bedroom trap door hinge
SIN SUB	p20181	Deportes y fitness/Otros			Hot-selling new teen adult right-handed baseball softball sliding gloves protective gear
SIN SUB	p20245	Cargadores y adaptadores/Otros			yj22 Cross-border car modification accessories for golf cart steering wheel base adapter connector
SIN SUB	p203430	Juguetes y bebés/Otros			Mini waflera para desayuno, horno eléctrico compacto para tartas de huevos con platos antiadherentes
SIN SUB	p203748	Juguetes y bebés/Otros			GE GCST10A1WSS Horno de microondas 4 en 1, freidora de aire de 1050 W, modo de pollos y convección, 
SIN SUB	p203775	Juguetes y bebés/Otros			GE - Horno de microondas para encimera, capacidad de 1200 vatios, 2.0 pies cúbicos, 8 ajustes de coc
SIN SUB	p203781	Juguetes y bebés/Otros			GE GCST11N1WSS - Horno de microondas, compacto de 1.1 pies cúbicos, capacidad de 950 vatios, 6 ajust
SIN SUB	p203954	Otros/Varios			Pack de 10 Limpia Lavadoras en sobre 50g | Removedor de Sarro, Residuos y Malos Olores | Limpieza Pr
SIN SUB	p20398	Cargadores y adaptadores/Otros			Car Tire Pressure Gauge Air Inflator EU Adapter Vehicle Tester LCD Digital Test Inflation Monitoring
SIN SUB	p20604	Cargadores y adaptadores/Otros			2pcs for 936 937 Solder Iron Station Heating Tool Heating Tool Adapter Ceramic Heater Core Heating E
SIN SUB	p20609	Cargadores y adaptadores/Otros			Single Phase, Three Phase 10KW Automatic Voltage Regulator AVR Regulator Board Voltage Regulator Gen
SIN SUB	p20619	Juguetes y bebés/Otros			Light Emitting Diode Wheels Foldable Lightweight Plastic and Steel for 3-10 Years
SIN SUB	p20652	Cargadores y adaptadores/Otros			Brushless generator regulator AVR m40fa640a excitation voltage regulator, universal brushless voltag
SIN SUB	p20658	Cargadores y adaptadores/Otros			9qlTDGC2-3K Customized Single-Phase Voltage Regulator 0-250V Electronics with LCD Display for SVC 50
SIN SUB	p20711	Cargadores y adaptadores/Otros			Hot Sale Three-phase Voltage Regulator 10kva 50kw Voltage Regulator 220v Three Phase Ac Voltage Regu
SIN SUB	p20713	Cargadores y adaptadores/Otros			Generator IG2000 DU20 230V/50Hz Automatic Voltage Regulator 220V Control Circuit Stabilizer IG2600 D
SIN SUB	p20729	Cargadores y adaptadores/Otros			2026 4KW high-power single-phase temperature control switch 220V voltage regulator,  electric furnac
SIN SUB	p20744	Cargadores y adaptadores/Otros			Double Boost Adjustable Frequency, Pulse Circuit Board with Mixing Interface Thyristor Voltage Regul
SIN SUB	p207658	Juguetes y bebés/Otros			Little Tikes Home - Horno freidora de Aire - Espuma de mar
SIN SUB	p20939	Otros/Varios			Pontiac Firebird Trans High End Quality Banner Printing Artistic Atmosphere Style Camping Flag
SIN SUB	p209506	Otros/Varios			Swipe CL2, Purificador de Agua y Desinfectante de Frutas y Verduras, 130 ml
SIN SUB	p21043	Cargadores y adaptadores/Otros			New Adapter Plate for QIDI Q1-Pro 3D Printer Accessories
SIN SUB	p21277	Muebles/Otros			Adult Event Team Building Table Curling Community Puzzle Casual Table Ice Hockey
SIN SUB	p21350	Muebles/Otros			Portable Folding Wooden Chess Table Outdoor Use Adult and Student Travel Set
SIN SUB	p21396	Muebles/Otros			Hold'em Table Chip Table Chess and Card Room Special Folding Desktop Cloth Mat Color Size Customizab
SIN SUB	p223592	Juguetes y bebés/Otros			Jurassic World Máscara Raptor Rebirth Velociraptor  Mandíbula JGG13
SIN SUB	p223595	Juguetes y bebés/Otros			Minecraft Arco Flecha Electrónico Sonidos Juguete Gamer JDJ04
SIN SUB	p223626	Juguetes y bebés/Otros			Reloj Despertador Bluey PP14331BLU
SIN SUB	p223649	Juguetes y bebés/Otros			Casco Electrónico Star Wars Black Series La Venganza de los Sith Comandante Clon Cody G1861
SIN SUB	p223687	Juguetes y bebés/Otros			Spiderman Miles Moráles Máscara para Niños
SIN SUB	p223689	Juguetes y bebés/Otros			Dragon Ball Roleplay Goku 37185
SIN SUB	p233128	Videojuegos/Otros accesorios gamer			TicEaik Wall Mount de para Nintendo Switch 2, Kit de Montaje en Pared Metálico con 1 Porta Controlad
SIN SUB	p233143	Videojuegos/Otros accesorios gamer			HORI Cámara de la Planta Piraña para Nintendo® Switch 2 - Piranha Plant Camera for Nintendo® Switch 
SIN SUB	p233156	Videojuegos/Otros accesorios gamer			Mcbazel Kit de Montaje en Pared de Metal para Nintendo Switch 2
SIN SUB	p233316	Videojuegos/Otros accesorios gamer			NYI Upgraded 4550mAh HAC-003 Battery Replacement Compatible with Nintendo Switch Console Handhold HA
SIN SUB	p233318	Videojuegos/Otros accesorios gamer			Reemplazo de Pantalla de Switch, Monitor de Pantalla Táctil, HAC‑001 Digitalizador Resistente Al Des
SIN SUB	p233329	Videojuegos/Otros accesorios gamer			Replacement LCD Display Screen for Switch Lite, Compatible LCD Display Panel Repair Parts, Screen Re
SIN SUB	p233335	Videojuegos/Otros accesorios gamer			Placa de botón lateral izquierdo HDH-SAKYO-01 placa base de juego PCB para consola de llavero, pieza
SIN SUB	p233400	Videojuegos/Otros accesorios gamer			Cleaning Repair Tool Kit for PS4 PS5, Screwdriver Set with TR9 Torx Security Screwdriver PH00 PH0 PH
SIN SUB	p233415	Videojuegos/Otros accesorios gamer			Blu-Rays - Unidad de DVD de repuesto para PlayStation 4 CUH-1200 Series (CUH-1215A/CUH-1215B)
SIN SUB	p233593	Videojuegos/Otros accesorios gamer			Reemplazo de unidad óptica para Sony para PlayStation 5 para PS5 KEM-497AAA, módulo lector de discos
SIN SUB	p233676	Videojuegos/Otros accesorios gamer			Geekria Transparent Cover Plates Compatible with PS5, PlayStation 5 Console Disc Edition, Hard Shock
SIN SUB	p233690	Videojuegos/Otros accesorios gamer			KES-497 PS5 Lente de repuesto láser – Unidad óptica Blu-ray Lente láser única KES-497AAA Reemplazo p
SIN SUB	p233755	Videojuegos/Otros accesorios gamer			NBA BOUNCE Amazon Exclusive with Sticker Sheet - Nintendo Switch
SIN SUB	p233792	Videojuegos/Otros accesorios gamer			The Grinch 2: Saving Christmas Amazon Exclusive Sticker Sheet - Nintendo Switch
SIN SUB	p233806	Videojuegos/Otros accesorios gamer			¡Dos! Battle Cats -Switch ([Bonus incluido] - 1 Tarjeta de serie de bonificación de paquete (conjunt
SIN SUB	p233887	Videojuegos/Otros accesorios gamer			Gradius Origins with Gradius 2 Cover Art (Limited Run Games #279) - for Nintendo Switch
SIN SUB	p234499	Videojuegos/Otros accesorios gamer			Invincible VS Amazon Exclusive Variant Cover - Playstation 5
SIN SUB	p234526	Videojuegos/Otros accesorios gamer			ONG NAMO Kit de Accesorios 23 en 1 para Nintendo Switch 2
SIN SUB	p234527	Videojuegos/Otros accesorios gamer			LEGO Game Boy Kit de Construcción de Modelo, Regalo para Jugadores y Fans Adultos de Nintendo, Set C
SIN SUB	p234573	Videojuegos/Otros accesorios gamer			GeekShare - Juego de Tapas para Botones de cruceta y Agarre para Pulgar compatibles con Switch 2, Pe
SIN SUB	p234593	Videojuegos/Otros accesorios gamer			Switch OLED Sports Accessories Bundle - 10 en 1 Kit de Accesorios de La Familia para Juegos Deportiv
SIN SUB	p234612	Videojuegos/Otros accesorios gamer			Floating Wall Mount for Nintendo Switch, Black, 7.12"L x 3"W x 2.5"H
SIN SUB	p234706	Videojuegos/Otros accesorios gamer			CTA Digital SPS4-MFC game console part/accessory Maleta de transporte - Accesorios y piezas de video
SIN SUB	p234732	Videojuegos/Otros accesorios gamer			KESOTO 2Pcs Encendido Botón De Apagado Botón De Disco De DVD Expulsar Clip De Botón De Encendido par
SIN SUB	p234742	Videojuegos/Otros accesorios gamer			Durable Replacement HDD Hard Drive Plastic Cover for Sony for PlayStation 4 Slim/for PS4 Slim Access
SIN SUB	p234772	Videojuegos/Otros accesorios gamer			(Pack of 100) 1.5mm~10mm，Replacement Repair Rubber Conductive Button Pad Keypads Kit，Buttons Repair 
SIN SUB	p234792	Videojuegos/Otros accesorios gamer			3 juegos de almohadillas de botón de silicona conductivas compatibles con Sony Playstation 4 PS4
SIN SUB	p234793	Videojuegos/Otros accesorios gamer			Rubber Feet Plastic Button Screw Cap Cover Set Replacement for Sony PS3 Slim 2000 3000 CECH-20XX CEC
SIN SUB	p234798	Videojuegos/Otros accesorios gamer			Create idea 6PCS Power Eject Button Switch Parts Compatible with Playstation 4 CUH-12XX Console Powe
SIN SUB	p234812	Videojuegos/Otros accesorios gamer			GinTai - Interruptor de botón de expulsión de potencia para Sony PS4 Playstation 4 CUH-1215A SAC-001
SIN SUB	p234818	Videojuegos/Otros accesorios gamer			WC PadZ Pulse Elite - Almohadillas de Cuero PU para PS5 Pulse Elite
SIN SUB	p234833	Videojuegos/Otros accesorios gamer			Alomia 16 Pack Gomitas para thumbstick de Silicona. Gomitas Texturizadas. Compatibles con PS5, Xbox.
SIN SUB	p234841	Videojuegos/Otros accesorios gamer			Kit de proteccion anti polvi con malla Tapon Anti Polvo Para Ps5 Playstation 5 Pro
SIN SUB	p234850	Videojuegos/Otros accesorios gamer			Almohadillas para Orejas de Repuesto para Sony PS5 Pulse 3D inalámbrico, Accesorios para PlayStation
SIN SUB	p234854	Videojuegos/Otros accesorios gamer			Unidad óptica de Repuesto para para 5 para ps5-497AAA, módulo Lector de Disco para reparación de Con
SIN SUB	p234863	Videojuegos/Otros accesorios gamer			Trunab Gaming Console Backpack Compatible with PS5/PS4/PS4 Pro/PS4 Slim/Xbox One/Xbox One X/Xbox One
SIN SUB	p234865	Videojuegos/Otros accesorios gamer			Trunab Gaming Console Backpack Compatible with PS5/PS4/PS4 Pro/PS4 Slim/Xbox One/Xbox One X, Travel 
SIN SUB	p234872	Videojuegos/Otros accesorios gamer			Transporte for ps5 con Correa Seguridad Anti-Rayones Transporte
SIN SUB	p234873	Videojuegos/Otros accesorios gamer			de Transporte for ps5 con Correa Fija Anti-Rayones de Transporte
SIN SUB	p234878	Videojuegos/Otros accesorios gamer			Sorandy ADP 400er Repuesto de Fuente de Alimentación para Consola Ps5, Unidad de Alimentación de Con
SIN SUB	p234910	Videojuegos/Otros accesorios gamer			Wall Mount for PS5/PS5 Slim/PS5 Pro Console-, Heavy-Duty Steel Bracket for All PS5 Models(Digital an
SIN SUB	p234988	Videojuegos/Otros accesorios gamer			Deal4GO ON/OFF eyect SYNC - Interruptor de botón de encendido para consola Xbox One Slim Console 168
SIN SUB	p234997	Videojuegos/Otros accesorios gamer			AC Adapter for Xbox 360 Console,203W Power Supply Brick with Cord,Replacement Power Brick for Xbox 3
SIN SUB	p235023	Videojuegos/Otros accesorios gamer			Deal4GO M1023476-003 - Placa de repuesto para consola Xbox ONE X 1787 M1041049-001
SIN SUB	p235070	Videojuegos/Otros accesorios gamer			Xbox Series X Wall Mount - Metal Wall Mount with Ventilation Design for Xbox Series X
SIN SUB	p235169	Videojuegos/Otros accesorios gamer			Hacking the Xbox: An Introduction to Reverse Engineering
SIN SUB	p235296	Videojuegos/Otros accesorios gamer			Kit de Botón Completo de Repuesto para Xbox Series X/S - RT LT RB LB ABXY Juego de Botones de Contro
SIN SUB	p235372	Videojuegos/Otros accesorios gamer			16 en 1 Metal Thumbsticks para Xbox One Elite Series 2, Kits de Accesorios de Reemplazo con Thumbsti
SIN SUB	p235398	Videojuegos/Otros accesorios gamer			Wall Mount for Xbox Series S (Mount the Console & Accessories on Wall Near or Behind TV Left/Right),
SIN SUB	p235400	Videojuegos/Otros accesorios gamer			eXtremeRate 3 en 1 Kits de D-Pads de Metal magnético demontable reemplazable Piezas de Repuesto Vide
SIN SUB	p235404	Videojuegos/Otros accesorios gamer			Universal Under Desk Metal Storage Mount for Xbox Series S/X, PS4 Slim/Pro, Compatible with CPU, UPS
SIN SUB	p235412	Videojuegos/Otros accesorios gamer			Bylitco All Metal Wall and Under Desk Bracket for Xbox Series S ,Mount for XSS,White
SIN SUB	p235415	Videojuegos/Otros accesorios gamer			CDCHGAM 3 in 1 Protection Cover Kit for ROG Xbox Ally X
SIN SUB	p235424	Videojuegos/Otros accesorios gamer			FUNDIARY Wall Mount for Nintendo Switch 2, Metal Wall Mount Kit Shelf Accessories for Switch 2 Conso
SIN SUB	p235461	Videojuegos/Otros accesorios gamer			The Lord of the Tools 2 Set Game Console Power Switch Button with PCB Compatible with Gameboy Pocket
SIN SUB	p235466	Videojuegos/Otros accesorios gamer			Juego de protección para consola Switch 2, juego para interruptor (negro)
SIN SUB	p235467	Videojuegos/Otros accesorios gamer			Deal4GO - Cartuchos de juego con ranura para lector de tarjetas de juego, repuesto para consola Nint
SIN SUB	p235471	Videojuegos/Otros accesorios gamer			Kit de protección para consola Switch 2 para juegos (azul rojo)
SIN SUB	p235481	Videojuegos/Otros accesorios gamer			Akozon Kit de Prueba de Consola de Juegos para Switch 2
SIN SUB	p235482	Videojuegos/Otros accesorios gamer			Tbest Kit de Prueba de Consola de Juegos para Switch 2
SIN SUB	p235487	Videojuegos/Otros accesorios gamer			Wall Mount for Switch 2 Iron Bracket with Card Slots
SIN SUB	p235489	Videojuegos/Otros accesorios gamer			Consolas de juegos Botones de encendido Botones de volumen de repuesto compatibles con Nintendo Swit
SIN SUB	p237112	Muebles/Otros			Literas Individuales y Matrimoniales Estructura Metálica 3 en 1 con
SIN SUB	p237377	Muebles/Otros			KITUL Set de 2 Buros Mesitas de Noche Modernas Minimalistas con Estantes para Recamara, Negro
SIN SUB	p245980	Otros/Varios			Mini Reproductor de Música MP3, Reproductor Ultraligero, Batería de Larga Duración, Mini Reproductor
SIN SUB	p245982	Otros/Varios			Mini Reproductor de Música MP3, Reproductor Ultraligero, Batería de Larga Duración, Mini Reproductor
SIN SUB	p246703	Videojuegos/Otros accesorios gamer			Vorago Diademas Gamer con Micrófono RGB Alámbrica Almohadillas XL Over Ear Control de Volumen Super 
SIN SUB	p249449	Otros/Varios			Llavero para Auto, 2 Llaveros para Hombre, Diseño Elegante y Duradero, Ideal para Organizar Llaves d
SIN SUB	p251242	Otros/Varios			2 Piezas Llavero para Auto para Hombre, Llaveros para coche Hombre, Acero + Cuero, Desmontable, Rega
SIN SUB	p251352	Otros/Varios			Genérico Tapete Antideslizante Multifuncional para Tablero de Auto, Versión Actualizada 2026 con Núm
SIN SUB	p251402	Otros/Varios			2 en 1 Porta Vasos para Auto, Soporte telescópico para teléfono de Coche, Tamaño de Base Ajustable, 
SIN SUB	p251590	Otros/Varios			Juego de 27 accesorios brillantes de auto para mujer, funda para volante de ajuste universal de 38 c
SIN SUB	p253058	Otros/Varios			BONE Soporte Magnético para Teléfono Peloton, Amortiguación y Manejo Fácil con Una Mano, para Bicicl
SIN SUB	p256458	Otros/Varios			Maletero para motocicleta de 65L, maletero universal de aleación de aluminio para motocicleta con re
SIN SUB	p257753	Otros/Varios			Reloj despertador con números,Reloj inteligente digital LED para dormir,indica fecha y temperatura e
SIN SUB	p258134	Muebles/Otros			BETAFPV ELRS Cetus X Kit de dron FPV con transmisor de radio LiteRadio 3 VR03 Gafas FPV con grabació
SIN SUB	p260187	Juguetes y bebés/Otros			Altavoz siniestro - Radio de caja de espíritu de caza fantasma | Radio Bluetooth, AM y FM | recargab
SIN SUB	p261075	Otros/Varios			Botella de agua magnética aislada – Botella de acero inoxidable reutilizable con soporte para teléfo
SIN SUB	p261085	Otros/Varios			Botella de agua magnética de 2L con soporte para teléfono compatible con MagSafe, aislada, para bebi
SIN SUB	p261101	Otros/Varios			DASAN - Botella de agua magnética con compartimento de almacenamiento, con almacenamiento para pasti
SIN SUB	p261103	Otros/Varios			Scosche MFMS32 MagicMount - Botella de agua de acero inoxidable de 32 onzas con soporte de montaje p
SIN SUB	p261877	Otros/Varios			Esquirla Marching Band Music Lyre, soporte para teléfono con montaje seguro, soporte ligero para tel
SIN SUB	p261882	Otros/Varios			Modelo de Guitarra eléctrica de decoración del hogar de Adorno de Escritorio de Tilo, Modelo de Inst
SIN SUB	p261886	Otros/Varios			Yinhing Caja de Música, Caja de Música para Instrumentos de Cuerda, Caja de Música Giratoria, Caja M
SIN SUB	p262187	Otros/Varios			Llavero Tuba de Latón, Llavero Tuba de Oro, Llavero Tuba Musical, Llaveros para Coche con Delicado D
SIN SUB	p262188	Otros/Varios			Kit's Kiss - Llavero de piano de música para profesores, regalo para estudiantes, nota musicial, ins
SIN SUB	p262417	Otros/Varios			Yinhing Caja de Música, Caja de Música para Instrumentos de Cuerda, Caja de Música Giratoria, Caja M
SIN SUB	p262438	Instrumentos musicales/Viento			ébano Natural,Herramientas Bricolaje Personalizadas para Cuchillas en Blanco - Placa Mango Madera pa
SIN SUB	p262493	Instrumentos musicales/Viento			Sudadera con Capucha de Instrumentos Musicales para Hombre | Sudadera Gráfica de Banda | para Músico
SIN SUB	p262633	Otros/Varios			Llavero de Tambor, Exquisito Tributo de Instrumento Musical de Percusión Simulado de Latón para Niño
SIN SUB	p262841	Instrumentos musicales/Viento			Cuerno original Kosher de Shofar de carnero pulido completo de Israel – Instrumento musical judío fá
SIN SUB	p262867	Instrumentos musicales/Viento			Didgeridoo de bambú (Pintado con bolsa)
SIN SUB	p262876	Instrumentos musicales/Viento			Didgeridoo estéreo compacto, Negro, Negro
SIN SUB	p262929	Instrumentos musicales/Viento			Kudu Shofar | Cuerno Kosher de Israel | Tamaño 27-31 pulgadas
SIN SUB	p262933	Instrumentos musicales/Viento			Cuerno original Kosher de Shofar de carnero pulido completo de Israel – Instrumento musical judío fá
SIN SUB	p262941	Instrumentos musicales/Viento			Juego de Shofar Israel, Shofar de cuerno de Kudu natural, instrumento musical tradicional kosher yem
SIN SUB	p262961	Instrumentos musicales/Viento			Didgeridoo - Madera de teca pintada (51 pulgadas)
SIN SUB	p262962	Instrumentos musicales/Viento			HalleluYAH Kudu Shofar original Kosher semipulido | De Israel
SIN SUB	p262991	Instrumentos musicales/Viento			Shofars Of Shalom Kudu Shofar Horn, original hermoso acabado medio pulido medio natural, fácil de so
SIN SUB	p263024	Instrumentos musicales/Viento			Holy Voice Kosher Kudu Shofar Cuerno de Israel de 28 a 32 pulgadas, tradicional medio pulido Kudu Ye
SIN SUB	p263032	Instrumentos musicales/Viento			Holy Voice Kosher Kudu Shofar Cuerno de Israel – Shofar tradicional de Yemenita semipulido incluye b
SIN SUB	p263061	Instrumentos musicales/Viento			YOMTOV-SHALOM | Kudu Shofar | Shofar para la venta | Kosher de Israel | 35-39 pulgadas
SIN SUB	p263125	Instrumentos musicales/Viento			Holy Voice Kosher Kudu Shofar Cuerno de Israel de 39 a 41 pulgadas – Shofar tradicional medio pulido
SIN SUB	p263248	Instrumentos musicales/Viento			Shofar Kosher Natural de Israel Original I Juego de Cuerno de Shofar Kudu
SIN SUB	p26349	Cargadores y adaptadores/Otros			Nail Art Tools 4 Timers Setting UV Light with EU Plug Adapter Gel Nail Lamp
SIN SUB	p264002	Instrumentos musicales/Viento			Hulusi - Instrumento musical chino tradicional de seda de sándalo rojo (tamaño : llave F) (llave C)
SIN SUB	p264003	Instrumentos musicales/Viento			Cuerno francés intermedio BB/F High F Three F Tres Cuerno Material De Latón De Seis Válvulas Reloj S
SIN SUB	p264042	Otros/Varios			Adorno de Navidad para guitarra, adorno de guitarra eléctrica acrílica 2D, adorno para árbol de Navi
SIN SUB	p264069	Otros/Varios			Wakauto Collar Colgante De Armónica 2 Piezas Mini Instrumento Musical Portátil Ligero Regalo Para Ni
SIN SUB	p264115	Otros/Varios			Shakven Caja de música de Madera con manivela, Caja de música de cumpleaños - Instrumento Musical Ma
SIN SUB	p264220	Otros/Varios			Instrumentos Musicales Miniatura Clarinete Negro Miniatura De 16 Cm Instrumento Musical Modelo De Cl
SIN SUB	p264228	Otros/Varios			FLYAB Drums Adornos de Navidad, decoración de instrumentos musicales para
SIN SUB	p264319	Instrumentos musicales/Viento			Didgeridoo - Tatuaje de bambú maorí hecho a mano de 48-54 pulgadas, arte musical con tonos ricos, op
SIN SUB	p264350	Instrumentos musicales/Viento			HalleluYAH - Shofar de terciopelo café con versículo de salmos, talla S, se adapta a Shofars de 14 a
SIN SUB	p264354	Instrumentos musicales/Viento			Schofar: Auténtico y Kosher Pulido Ramhorn Shofar de Israel (25,4 cm - 30,5 cm)
SIN SUB	p264397	Otros/Varios			Guitarra Miniatura Hecho a Mano Coleccionable Mini Guitarra Artesanía Mexicana para Regalos (Coco Bl
SIN SUB	p264451	Instrumentos musicales/Viento			Cuerno original Kosher de Shofar de carnero pulido completo de Israel – Instrumento musical judío fá
SIN SUB	p264466	Instrumentos musicales/Viento			Didgeridoo estéreo compacto, Marrón, Marrón
SIN SUB	p264543	Instrumentos musicales/Viento			HalleluYAH Kudu Shofar original Kosher totalmente pulido de ISRAEL
SIN SUB	p264586	Instrumentos musicales/Viento			YOMTOV-SHALOM | Shofars de Kudu a la venta | Kosher de Israel | Reyes del Shofar | Fábrica original 
SIN SUB	p264598	Instrumentos musicales/Viento			Native American Style Flautas dobles Notas E F (E)
SIN SUB	p264602	Instrumentos musicales/Viento			Gemsbok Oryx Oryex Chofar Shofar Kosher de Israel (64 cm)
SIN SUB	p264623	Instrumentos musicales/Viento			HalleluYAH Kudu Shofar original Kosher medio pulido de ISRAEL
SIN SUB	p264625	Instrumentos musicales/Viento			Juego de Shofar Israel, Shofar de cuerno de Kudu natural, instrumento musical tradicional kosher yem
SIN SUB	p264658	Instrumentos musicales/Viento			HalleluYAH Kudu Shofar original Kosher totalmente pulido | De Israel
SIN SUB	p264722	Instrumentos musicales/Viento			Juego de Flautas de ébano con Cuerpo Duradero, chapadas en Plata, 17 Orificios Abiertos, Instrumento
SIN SUB	p264836	Instrumentos musicales/Viento			Brillante Instrumento Musical | Dorado, Duraro, Viento Metal, para Conciertos
SIN SUB	p265026	Instrumentos musicales/Viento			Cuerno francés intermedio Doble Cuerno Francés F/BB Instrumentos Musicales 4 Válvulas
SIN SUB	p265028	Instrumentos musicales/Viento			Cuerno francés intermedio Las Últimas Hermosas 4 Teclas BB/F Doble Bronce De Latón De Latón Instrume
SIN SUB	p265095	Instrumentos musicales/Viento			Hulusi - Instrumento musical chino tradicional de seda de sándalo rojo (tamaño : llave F) (llave D)
SIN SUB	p265098	Instrumentos musicales/Viento			Hulusi Instrumento musical chino tradicional de seda de calabaza (tamaño : llave B) (llave C)
SIN SUB	p265129	Instrumentos musicales/Viento			Hulusi - Instrumento musical chino tradicional de seda de sándalo rojo (tamaño : llave F) (llave G)
SIN SUB	p265182	Instrumentos musicales/Viento			Instrumento Musical De Cuerno Dorado Lacado De Latón Con Cuerno De Cobre Blanco Plano B Con Accesori
SIN SUB	p265183	Instrumentos musicales/Viento			Cuerno Francés para Principiantes Instrumento Musical De Cuerno Dorado Lacado De Latón Con Cuerno De
SIN SUB	p265188	Instrumentos musicales/Viento			Instrumento de viento metal bajo en si bemol adecuado para interpretación profesional
SIN SUB	p265204	Otros/Varios			GALPADA 10 Piezas Modelo de Guitarra Pequeña, Mini Estatua Vintage
SIN SUB	p265298	Otros/Varios			s de Instrumento Musical decoraciones 2D de acrílico rosa en forma de
SIN SUB	p265300	Otros/Varios			s de Instrumento Musical decoraciones 2D de acrílico rosa en forma de
SIN SUB	p265325	Otros/Varios			Adornos de Instrumento Musical decoraciones 2D de acrílico rosa en forma de
SIN SUB	p265329	Otros/Varios			Genérico Adornos de Instrumento Musical Bonito corazón Rosa en acrílico 2D
SIN SUB	p265330	Otros/Varios			Adornos de Instrumento Musical Decoraciones 2D de acrílico Rosa en Forma de
SIN SUB	p265339	Otros/Varios			Adornos de Instrumento Musical Decoración para el Hogar en Forma de Corazón
SIN SUB	p265413	Instrumentos musicales/Viento			Chino Hecho a Mano Bambú Negro Hulusi Cucurbitácea Instrumento Musical Étnico Clave de C con la Caja
SIN SUB	p265468	Instrumentos musicales/Viento			Broche de cuerno francés, broche de instrumentos musicales, broche de solapa en forma de cuerno fran
SIN SUB	p265503	Otros/Varios			Miniatura de Trompeta Chapada en Oro - Instrumento Musical para Colección y Decoración Hogar, Modelo
SIN SUB	p265505	Otros/Varios			CREATCABIN Decoración de pared de metal, instrumentos musicales, letreros de pared negros para guita
SIN SUB	p265526	Otros/Varios			12 hojas de plantillas de notas musicales para pintura, instrumentos musicales y personal, plantilla
SIN SUB	p265533	Otros/Varios			Garosa Miniatura Guitarra y Bajo Colección
SIN SUB	p265567	Otros/Varios			Guirnalda de fiesta temática para DJ, pancarta de feliz cumpleaños, guirnalda de letrero de fiesta d
SIN SUB	p265592	Otros/Varios			Hztyyier Instrumento Adorno Miniatura Guitarra Adorno Réplica Modelo Musical con Estuche de para Reg
SIN SUB	p265636	Otros/Varios			Erosebridal - Juego de 3 piezas para decoración de pared para sala de estar, recámara, flores blanca
SIN SUB	p265637	Otros/Varios			Old World Christmas Adornos: Instrumentos Musicales de Vidrio soplado Adornos para árbol de Navidad,
SIN SUB	p266033	Otros/Varios			Latin Percussion - Colección mundial Circle Djembe (LP1607WH)
SIN SUB	p266235	Otros/Varios			Meinl - Llavero de percusión con pandereta de acero y plástico ABS resistente, Llavero Shaker, Gris/
SIN SUB	p266983	Videojuegos/Otros accesorios gamer			Cámara Hori Piraña Plant para Nintendo Switch 2 - Cámara Planta Piraña - Accesorio Gamer Oficial
SIN SUB	p266984	Videojuegos/Otros accesorios gamer			Cámara Hori Piraña Plant para Nintendo Switch 2 - Cámara Planta Piraña - Accesorio Gamer Oficial
SIN SUB	p267403	Otros/Varios			Refrigeradores de teléfonos móviles for Juegos Accesorios Ventilador refrigeración celulares Recarga
SIN SUB	p267404	Otros/Varios			Refrigeradores de teléfonos móviles for Juegos Accesorios Ventilador refrigeración celulares Recarga
SIN SUB	p267405	Otros/Varios			Refrigeradores de teléfonos móviles for Juegos Accesorios Ventilador refrigeración celulares Recarga
SIN SUB	p268817	Otros/Varios			Guitarra Miniatura Hecho a Mano Coleccionable Mini Guitarra Artesanía Mexicana para Regalos (AC DC)
SIN SUB	p269367	Instrumentos musicales/Viento			Yamaha YVS-120 Alto Venova Instrumento de viento casual
SIN SUB	p269405	Instrumentos musicales/Viento			Key of C Flate Bitter Bamboo Dizi Instrumento de viento de tradicional chino hecho a mano con bolsa 
SIN SUB	p269414	Otros/Varios			Caja de música de saxofón a cuerda, caja de música gioria, base gioria, instrumento de viento de mad
SIN SUB	p269457	Instrumentos musicales/Viento			Cojín de silicona suave para el dedo, 5 piezas, accesorios para instrumentos de viento, color negro,
SIN SUB	p269484	Instrumentos musicales/Viento			Técnicas Básicas para Tocar un Instrumento de Viento Metal
SIN SUB	p269496	Instrumentos musicales/Viento			0 Instrumento de Viento
SIN SUB	p269499	Instrumentos musicales/Viento			Jiayouy Herramientas de extracción de abolladuras de aluminio con cabeza de bola de 0,8 a 1 mm para 
SIN SUB	p269507	Instrumentos musicales/Viento			VANDOREN Instrumento de viento (SM602)
SIN SUB	p269518	Instrumentos musicales/Viento			Clip Ajustable Instrumento Viento Portátil Clip Ajustable Instrumento
SIN SUB	p269532	Videojuegos/Otros accesorios gamer			HyperX QuadCast 2 - Micrófono USB para Juegos, transmisión y podcasting, con Controles Integrados, i
SIN SUB	p270341	Otros/Varios			Réplica Saxofón Realista, Plateado, Style to 3
SIN SUB	p272153	Otros/Varios			Guitarra eléctrica Ibanez Colección Genesis RG550 - Azul Eléctrico
SIN SUB	p272819	Instrumentos musicales/Baterías			Meinl Tamborim Bolsa - 6" Negro
SIN SUB	p274185	Otros/Varios			platillos B20 Colección Hecha A Mano Platillos Hi Hat De 14" para Batería
SIN SUB	p274561	Otros/Varios			platillos B20 Colección Hecha A Mano 14 "+ 16" + 18 "+ 20" 5 Uds Juego De Platillos para Batería
SIN SUB	p277021	Otros/Varios			Collar de Armónica, Portabollo de la Armónica 4 Hoyos 8 Tonos Portables Mini Armónica Instrumento Co
SIN SUB	p277058	Instrumentos musicales/Viento			Juego Amortiguadores para Rotores de Válvula, 3 Uds Accesorios para Instrumentos de Viento de Latón 
SIN SUB	p277075	Instrumentos musicales/Viento			Music Pottery - Instrumentos de viento nacionales de ocho agujeros, cerámica pequeña, instrumentos a
SIN SUB	p277106	Instrumentos musicales/Viento			Instrumento De Viento De Cerámica Portátil De 6 Agujeros Para Principiantes Ideal Para Amantes De La
SIN SUB	p277115	Instrumentos musicales/Viento			Tenglan Key of C Flate Bitter Bamboo Dizi Instrumento de Viento de Tradicional Chino Hecho a Mano co
SIN SUB	p277120	Instrumentos musicales/Viento			TOYANDONA 3piezas Huecos g Grabadora Varilla De Limpieza Para Principiantes Instrumentos De Viento
SIN SUB	p277124	Instrumentos musicales/Viento			Vaguelly Pole Accesory De Resistente Reemplazo Práctico Para Instrumentos De Viento Compatible
SIN SUB	p277171	Instrumentos musicales/Viento			Lazo Elástico para Instrumentos de Viento Negro, Accesorio de Algodón
SIN SUB	p277175	Instrumentos musicales/Viento			5piezas Resortes De Válvula De Agua Para Accesorios De Instrumentos De De Alta Precisión Para Instru
SIN SUB	p277229	Instrumentos musicales/Viento			Instrumento de viento musical para principiante (rosa)
SIN SUB	p277235	Instrumentos musicales/Viento			Zerodeko Instrumento de Viento de Aleación de Cobre Dorada Ligera, Fácil de Transportar y Resistente
SIN SUB	p277236	Instrumentos musicales/Viento			Conjunto Bawu Instrumento de Viento Tradicional G Caja
SIN SUB	p277237	Instrumentos musicales/Viento			Instrumento de Viento de Aleación de Cobre Dorada para Estudiantes y Principiantes, Ligero y Fácil d
SIN SUB	p277241	Instrumentos musicales/Viento			Healifty Instrumento de Viento Ligero y Fácil de Transportar de Aleación de Cobre Dorada para Princi
SIN SUB	p277246	Instrumentos musicales/Viento			Mobestech Instrumento de Viento Instrumento Musical de Aleación de Cobre Dorada Fácil de Operar y Li
SIN SUB	p277253	Instrumentos musicales/Viento			Kisangel Hulusi C Clave Plateado Instrumento de Viento Étnico de Yunnan para Principiantes y Portáti
SIN SUB	p277257	Instrumentos musicales/Viento			Instrumento De Viento De De Cerámica Alto Resina Respetuosa Con El Medio Ambiente Interpretación Mus
SIN SUB	p277258	Instrumentos musicales/Viento			Instrumento de Viento de Cobre Dorado para Principiantes, Ligero
SIN SUB	p277261	Instrumentos musicales/Viento			Kichvoe Instrumento de Viento Ligero Duradero para Principiantes Uso en Bandas Escolares y Orquestas
SIN SUB	p277271	Instrumentos musicales/Viento			Aleación de Cobre Dorado Instrumento de Viento
SIN SUB	p277272	Instrumentos musicales/Viento			Milisten Instrumento Musical Chino Para Principiantes Calabaza Hulusi Para Estudiantes Instrumento D
SIN SUB	p277273	Instrumentos musicales/Viento			Herramienta de Reparación para Instrumentos de Viento, Metal
SIN SUB	p277274	Instrumentos musicales/Viento			Juego de reparación de instrumentos de viento de acero inoxidable incluye 3 esferas de chapa metálic
SIN SUB	p277278	Instrumentos musicales/Viento			caballería, Instrumento de Viento Metal para jóvenes intérpretes, Antiguo
SIN SUB	p277284	Instrumentos musicales/Viento			caballería, Instrumento de Viento Metal para jóvenes intérpretes, Oro
SIN SUB	p277287	Instrumentos musicales/Viento			ibasenice Instrumento de Viento para Principiantes, Instrumento de Viento de Cobre, Agarre Cómodo y 
SIN SUB	p277288	Instrumentos musicales/Viento			Yardwe Herramientas De Reparación De Instrumentos De Viento Accesorios De Reparación Para Instrument
SIN SUB	p277293	Instrumentos musicales/Viento			Instrumento de Viento de Cobre Dorado, Fácil de Manejar, Tono Rico y Potente, Agarre Cómodo, Adecuad
SIN SUB	p277296	Instrumentos musicales/Viento			TOYANDONA 3piezas Core De Para Instrumento De Viento Accesorio De Para Aprendizaje y Práctica Diseño
SIN SUB	p277299	Instrumentos musicales/Viento			TOYANDONA 3piezas De De Reparación Para Instrumentos De Viento Kit De Para Multiusos
SIN SUB	p277300	Instrumentos musicales/Viento			Alasum Instrumento De Viento Con Cubierta De Latón De 4 Piezas
SIN SUB	p277301	Instrumentos musicales/Viento			Instrumento de Viento portátil para Estudiantes avanzados, niños y Profesionales.
SIN SUB	p277303	Instrumentos musicales/Viento			Mini Instrumento de Viento Metal portátil, para Orquesta, Principiantes y niños
SIN SUB	p277304	Instrumentos musicales/Viento			TOYANDONA 4piezas Kit De De Reparación Para Instrumentos De Viento Completo De Para y Horn y Portáti
SIN SUB	p277305	Instrumentos musicales/Viento			Extractor para Instrumentos de Viento Metal Ajustable Profesional
SIN SUB	p277310	Instrumentos musicales/Viento			Extractor para Instrumentos de Viento Metal Negro de Acero Inoxidable
SIN SUB	p277315	Instrumentos musicales/Viento			Extractor para Instrumentos de Viento Metal Pequeño Dorado de Aleación
SIN SUB	p277328	Instrumentos musicales/Viento			Instrumento de Viento Hulusi Verde de Resina Bakelita, si Bemol
SIN SUB	p277330	Instrumentos musicales/Viento			para instrumentos de viento, acero inoxidable
SIN SUB	p277339	Instrumentos musicales/Viento			Instrumento de Viento Chino Hulusi en Clave C, Resina, Diseño Elegante
SIN SUB	p277358	Instrumentos musicales/Viento			Kisangel Conjunto de Instrumento de Viento Bawu Tradicional de Resina, Caja de Almacenamiento, Liger
SIN SUB	p277359	Instrumentos musicales/Viento			Gamuza instrumentos viento Metal – Selmer (Mod.2952) (para lacados) (Color Rosa)
SIN SUB	p277360	Instrumentos musicales/Viento			Hulusi Cuerno de Calabaza B Clave Instrumento de Viento Tradicional Chino con Triple Tono Cobre Chap
SIN SUB	p277383	Instrumentos musicales/Viento			VANDOREN c06p instrumento de viento accesorio
SIN SUB	p277416	Instrumentos musicales/Viento			Instrumento de Viento ABSM con Transposición
SIN SUB	p277419	Instrumentos musicales/Viento			Instrumento de Viento Instrumento Musical Ligero y Fácil de Tocar de Aleación de Cobre Dorada para P
SIN SUB	p277431	Instrumentos musicales/Viento			Instrumento de Viento de Cobre para Principiantes, Dorada
SIN SUB	p277432	Instrumentos musicales/Viento			BESTYASH Instrumento de Viento de Aleación de Cobre Dorada, Fácil de Tocar, Resistente al Óxido, par
SIN SUB	p277434	Instrumentos musicales/Viento			Instrumento Dorado de Cobre para Banda Escolar, Instrumento de Viento
SIN SUB	p277435	Instrumentos musicales/Viento			Instrumento De Viento De Bambú Amargo Adecuado Para Principiantes
SIN SUB	p277436	Instrumentos musicales/Viento			Instrumento de Viento de Aleación de Cobre para Estudiantes y Profesionales, Instrumento Musical Lig
SIN SUB	p277437	Instrumentos musicales/Viento			Instrumento de Viento para Principiantes y Estudiantes de Aleación de Cobre Dorada Instrumento Music
SIN SUB	p277438	Instrumentos musicales/Viento			Instrumento de Viento Liviano Duradero para Principiantes Uso en Bandas y Orquestas Musicales
SIN SUB	p277439	Instrumentos musicales/Viento			Instrumento De Viento De De Escuela Primaria Bambú Amargo Música Tradicional
SIN SUB	p277441	Instrumentos musicales/Viento			Instrumento de Viento de Latón Principiantes para Orquesta Militar
SIN SUB	p277442	Instrumentos musicales/Viento			18 RUTINAS BASICAS: para instrumentos de Viento Metal (interior en color) (Spanish Edition)
SIN SUB	p277445	Instrumentos musicales/Viento			SECFOU Instrumento de Viento Fácil de Tocar y Transportar de Aleación de Cobre Dorada para Principia
SIN SUB	p277447	Instrumentos musicales/Viento			Instrumento de Viento Clásico Hulusi de Calabaza para Principiantes Diseño Duradero y Cómodo con Nud
SIN SUB	p277448	Instrumentos musicales/Viento			Instrumento de Viento de Latón para Banda Escolar, para Principiantes
SIN SUB	p277449	Instrumentos musicales/Viento			Instrumento de Viento de Aleación Dorada, Ligero y Práctico
SIN SUB	p277450	Instrumentos musicales/Viento			de Latón, Instrumento de Viento para Principiantes
SIN SUB	p277451	Instrumentos musicales/Viento			Instrumento de Viento de Latón para Principiantes, Orquesta Militar
SIN SUB	p277452	Instrumentos musicales/Viento			Instrumento de Viento de Latón Instrumento Militar, para Principiantes
SIN SUB	p277453	Instrumentos musicales/Viento			Instrumento de Viento de Latón para Orquesta Militar, para Principiantes
SIN SUB	p277461	Instrumentos musicales/Viento			iplusmile Instrumento de Viento de Aleación de Cobre Dorado, Fácil de Tocar, Adecuado para Principia
SIN SUB	p277462	Instrumentos musicales/Viento			ibasenice Instrumento de Viento para Principiantes y Profesionales de Aleación de Cobre Instrumento 
SIN SUB	p277464	Instrumentos musicales/Viento			Instrumento de Viento de Aleación de Cobre Dorado Ligero para Principiantes
SIN SUB	p277465	Instrumentos musicales/Viento			Milisten de Cobre para Principiantes Instrumento de Viento para Banda Diseño Profesional y Sonido Na
SIN SUB	p277466	Instrumentos musicales/Viento			Beaupretty Instrumento de Viento Hulusi Clásico de Calabaza Porcelana para Principiantes Duradero de
SIN SUB	p277467	Instrumentos musicales/Viento			Herramienta de Instrumentos de Viento de Reparación para Tubo de Latón
SIN SUB	p277468	Instrumentos musicales/Viento			Herramienta de Reparación de Instrumentos de Viento, Metal, Plata
SIN SUB	p277469	Instrumentos musicales/Viento			Herramienta de Reparación para Instrumentos de Viento Plateada de Metal
SIN SUB	p277475	Instrumentos musicales/Viento			Herramienta y Reparación para Compacta Instrumentos de Viento, Metal
SIN SUB	p277477	Instrumentos musicales/Viento			Abaodam Accesorio Reparación Instrumentos Viento Rodillo Deformaciones De Diseño Práctico
SIN SUB	p277481	Instrumentos musicales/Viento			Instrumento de Viento Mini sin Llaves Compacto Instrumento de Viento Mini Material Musical para Prác
SIN SUB	p277487	Instrumentos musicales/Viento			Herramienta de Reparación de Instrumentos de Viento, Kit Metálico
SIN SUB	p277488	Instrumentos musicales/Viento			Herramienta de Reparación de Instrumentos de Viento 1 Set Metal Plata
SIN SUB	p277510	Instrumentos musicales/Viento			Rodillo de Reparación de Instrumentos de Viento W60 de Metal Negro
SIN SUB	p277515	Instrumentos musicales/Viento			Herramienta extractora de metal para tuning de metal, instrumento de viento, instrumento musical, se
SIN SUB	p277516	Instrumentos musicales/Viento			Hulusi Para Principiantes Instrumento De Viento De Profesional Para Adultos Imitación De De Ébano Co
SIN SUB	p277541	Instrumentos musicales/Viento			BESPORTBLE de Cobre Profesional para Principiantes Instrumento de Viento Ligero y Duradero para Estu
SIN SUB	p277553	Instrumentos musicales/Viento			Yanagisawa Instrumento de viento (08043764)
SIN SUB	p277557	Instrumentos musicales/Viento			Accesorios para instrumentos de viento (08043765)
SIN SUB	p277578	Instrumentos musicales/Viento			Instrumento de viento musical indio de bambú natural para principiantes y profesionales
SIN SUB	p277579	Instrumentos musicales/Viento			Instrumento de viento musical indio de bambú natural para principiantes y profesionales
SIN SUB	p277581	Instrumentos musicales/Viento			Instrumento de viento musical indio de bambú natural para principiantes y profesionales
SIN SUB	p277582	Instrumentos musicales/Viento			Instrumento de viento musical indio de bambú natural para principiantes y profesionales
SIN SUB	p277584	Instrumentos musicales/Viento			Instrumento de viento musical indio de bambú natural para principiantes y profesionales
SIN SUB	p277586	Instrumentos musicales/Viento			Instrumento de viento musical indio de bambú natural para principiantes y profesionales
SIN SUB	p277587	Instrumentos musicales/Viento			Instrumento de viento musical indio de bambú natural para principiantes y profesionales
SIN SUB	p277588	Instrumentos musicales/Viento			Instrumento de viento musical indio de bambú natural para principiantes y profesionales
SIN SUB	p277589	Instrumentos musicales/Viento			Instrumento de viento musical indio de bambú natural para principiantes y profesionales
SIN SUB	p277590	Instrumentos musicales/Viento			Instrumento de viento musical indio de bambú natural para principiantes y profesionales
SIN SUB	p277602	Instrumentos musicales/Viento			El Instrumento De Viento Chino Hulusi Es Adecuado Para Conciertos Y Aprendizaje Musical. Hulusi(1)
SIN SUB	p277603	Instrumentos musicales/Viento			El Instrumento De Viento Chino Hulusi Es Adecuado Para Conciertos Y Aprendizaje Musical. Hulusi(2)
SIN SUB	p277611	Instrumentos musicales/Viento			Hulusi Para Principiantes El Hulusi Es Un Instrumento De Viento De Doble Lengüeta Con Un Mecanismo D
SIN SUB	p277613	Instrumentos musicales/Viento			Hulusi Para Principiantes Instrumento De Viento De Con 7 Agujeros Llave Hulusi C De Resina Para Adul
SIN SUB	p277615	Instrumentos musicales/Viento			FLFL Hulusi Hulusi 3 Octaves Gourd Flaute C Clave Patrones Grabados Instrumento De Viento De con Caj
SIN SUB	p277616	Instrumentos musicales/Viento			FLFL Hulusi Instrumento De Viento De Plástico De Seda De Cucurbit.
SIN SUB	p277623	Instrumentos musicales/Viento			Varilla diámetro 2,0-3,2 Ajuste Instrumentos de Viento Plata
SIN SUB	p277629	Instrumentos musicales/Viento			Keenso Instrumentos Musicales, Instrumento de Viento ABS con 10 Tonos, 4 Horas de Reproducción, Idea
SIN SUB	p277638	Instrumentos musicales/Viento			10 Uds Piezas De Hecho A Mano Accesorios Para Instrumentos De Viento Suministros De Accesorios De Tu
SIN SUB	p277650	Instrumentos musicales/Viento			Hulusi para principiantes Instrumento de viento Hulusi con llave en C para principiantes ligero y pr
SIN SUB	p277651	Instrumentos musicales/Viento			Hulusi para principiantes Hulusi plateado con llave en C instrumento de viento duradero para princip
SIN SUB	p277653	Instrumentos musicales/Viento			Instrumento De Viento Con Cuerpo Cobre Chapado En Aluminio Hulusi Tres Tonos Llave C Adecuado Para P
SIN SUB	p277655	Instrumentos musicales/Viento			Instrumento de Viento de Cobre Dorado Ligero, para Principiantes
SIN SUB	p277662	Instrumentos musicales/Viento			Hulusi profesional Instrumento de viento Hulusi con llave en C para principiantes ligero y práctico
SIN SUB	p277663	Instrumentos musicales/Viento			Hulusi para principiantes Instrumento de viento de baquelita Hulusi para principiantes
SIN SUB	p277667	Instrumentos musicales/Viento			Instrumento Musical Waldhorn De Profesional Instrumento De Viento Color Dorado y Negro Para Estudian
SIN SUB	p277671	Instrumentos musicales/Viento			Instrumento De Viento Waldhorn Premium Para Principiantes Manos De Obra Profesional
SIN SUB	p277682	Instrumentos musicales/Viento			Instrumento de viento para principiantes, adultos, amantes de la música, 12 agujeros, 48 tonos, colo
SIN SUB	p277689	Instrumentos musicales/Viento			de Cobre para Principiantes Instrumento de Viento Profesional Ligera y Duradera con Timbre Preciso p
SIN SUB	p277694	Instrumentos musicales/Viento			Panpipe De Resina De 18 Tubos Instrumento De Viento Profesional Para Principiantes, Simple (Color : 
SIN SUB	p277696	Instrumentos musicales/Viento			Hulusi Para Principiantes Hulusi En Clave De Fa Y Otros Instrumentos De Viento De Con Accesorios(9)
SIN SUB	p277700	Instrumentos musicales/Viento			Hulusi Para Principiantes Hulusi Un Instrumento De Viento De Tradicional Profesional Es Azul Y
SIN SUB	p277703	Instrumentos musicales/Viento			Hulusi Para Principiantes Baquelita Coloreada Hulusi Con Llave ABS C Un Instrumento De Viento De Ami
SIN SUB	p277704	Instrumentos musicales/Viento			Hulusi Para Principiantes Hulusi Para Adultos Y Principiantes C O B Instrumento De Viento De Natural
SIN SUB	p277705	Instrumentos musicales/Viento			Hulusi Para Principiantes Hulusi Con Llave C Profesional Para Principiantes Que Tocan Instrumentos D
SIN SUB	p277706	Instrumentos musicales/Viento			Hulusi Para Principiantes Baquelita Hulusi De Color Profesional Con Llave C Para Principiantes Un In
SIN SUB	p277708	Instrumentos musicales/Viento			Hulusi Para Principiantes Hulusi En Tecla C O D Adecuado Para Principiantes Instrumento De Viento De
SIN SUB	p277709	Instrumentos musicales/Viento			Hulusi Para Principiantes Instrumento De Viento De Natural Con Llave Plana C O B Para Principiantes 
SIN SUB	p277710	Instrumentos musicales/Viento			Instrumento De Viento Con Cuerpo Cobre Chapado En Aluminio Hulusi Tres Tonos Llave C Adecuado Para P
SIN SUB	p277711	Instrumentos musicales/Viento			Instrumento De Viento Hulusi Porcelana Azul Y Blanca Para Principiantes En Clave C Si Bemol Adultos 
SIN SUB	p277716	Instrumentos musicales/Viento			Hulusi Para Principiantes Instrumento De Viento De Hulusi Hecho A Mano Para Adultos Y Principiantes 
SIN SUB	p277717	Instrumentos musicales/Viento			Hulusi Para Principiantes Instrumento De Viento Hulusi De Tres Notas Desmontable Con Llave Plana Pro
SIN SUB	p277718	Instrumentos musicales/Viento			Instrumento De Viento Con Cuerpo Cobre Chapado En Aluminio Hulusi Tres Tonos Llave C Adecuado Para P
SIN SUB	p277719	Instrumentos musicales/Viento			Instrumento De Viento Tradicional Hulusi Con Llave B/C Adecuado Para Principiantes Para Practicar Y 
SIN SUB	p277720	Instrumentos musicales/Viento			Hulusi Para Principiantes Instrumento De Viento De Profesional De Siete Agujeros Con Llave Plana Hul
SIN SUB	p277721	Instrumentos musicales/Viento			Hulusi Para Principiantes Instrumento De Viento De Hulusi Con Llave Plana C O B Con Acabado Pintado 
SIN SUB	p277722	Instrumentos musicales/Viento			Hulusi Para Principiantes El Hulusi Es Un Instrumento De Viento De Doble Lengüeta Tipo Push Pull En 
SIN SUB	p277727	Instrumentos musicales/Viento			Instrumento musical étnico chino hecho a mano Hulusi de calabaza de bambú para principiantes amantes
SIN SUB	p277747	Instrumentos musicales/Viento			Instrumento de viento musical indio de bambú natural para principiantes y profesionales
SIN SUB	p277748	Instrumentos musicales/Viento			Instrumento de viento musical indio de bambú natural para principiantes y profesionales
SIN SUB	p277750	Instrumentos musicales/Viento			Instrumento de viento musical indio de bambú natural para principiantes y profesionales
SIN SUB	p277751	Instrumentos musicales/Viento			Instrumento de viento musical indio de bambú natural para principiantes y profesionales
SIN SUB	p277753	Instrumentos musicales/Viento			Yamaha Juego de mantenimiento de instrumentos de viento para cuerno YAMAHA KOSHR5 BFKOSHR5
SIN SUB	p277756	Instrumentos musicales/Viento			Instrumento de viento musical indio de bambú natural para principiantes y profesionales
SIN SUB	p277757	Instrumentos musicales/Viento			Instrumento de viento musical indio de bambú natural para principiantes y profesionales
SIN SUB	p277759	Instrumentos musicales/Viento			Instrumento de viento musical indio de bambú natural para principiantes y profesionales
SIN SUB	p277760	Instrumentos musicales/Viento			Instrumento de viento musical indio de bambú natural para principiantes y profesionales
SIN SUB	p277761	Instrumentos musicales/Viento			Instrumento de viento musical indio de bambú natural para principiantes y profesionales
SIN SUB	p277771	Instrumentos musicales/Viento			Instrumento De Viento De 15 Tubos G Key Panpipe Instrumento De Viento De Tradicional Chino Con Bolsa
SIN SUB	p277772	Instrumentos musicales/Viento			Instrumento De Viento De 15 Tubos G Key Panpipe Instrumento De Viento De Tradicional Chino Con Bolsa
SIN SUB	p277809	Instrumentos musicales/Viento			Instrumentos de viento con patrón ciruela/loto rojo dibujados a mano, 4 agujeros, en forma D, adorno
SIN SUB	p277810	Instrumentos musicales/Viento			Instrumentos de viento con patrón ciruela/loto rojo dibujados a mano, 4 agujeros, en forma D, adorno
SIN SUB	p277811	Instrumentos musicales/Viento			IVESON J. - Dream Makers para 10 Instrumentos de Viento Metal (Partitura y Partes)
SIN SUB	p277820	Instrumentos musicales/Viento			French Horn Student: Level 3, Advanced Intermediate;Student Instrumental Course
SIN SUB	p277821	Instrumentos musicales/Viento			Instrumento escolar profesional B de caballería plano dorado para principiantes, caballería, campame
SIN SUB	p277824	Instrumentos musicales/Viento			Hulusi Para Principiantes El Hulusi De Tres Tonos Es Un Instrumento De Viento De Tradicional Profesi
SIN SUB	p277829	Instrumentos musicales/Viento			Instrumento De Viento Étnico Panpipe Para Principiantes Para Aprender A Tocar La Tecla C De 18 Tubos
SIN SUB	p277833	Instrumentos musicales/Viento			Do Mayor Instrumento De Viento Chino Hulusi Hulusi
SIN SUB	p277834	Instrumentos musicales/Viento			Hulusi para principiantes Instrumento de viento profesional Hulusi en Do Mayor
SIN SUB	p277835	Instrumentos musicales/Viento			Hulusi para principiantes Instrumento de viento Hulusi con llave en C color verde
SIN SUB	p277843	Instrumentos musicales/Viento			Instrumento De Viento Profesional Desmontable De Tres Tonos Hulusi G Para Principiantes
SIN SUB	p277845	Instrumentos musicales/Viento			Instrumento De Viento De Desmontable De Tres Tonos Con Llave En G Hulusi
SIN SUB	p277850	Instrumentos musicales/Viento			Tipo De Rendimiento Hulusi Instrumento De Viento De Desmontable De Tres Tonos Con Llave En G Hulusi
SIN SUB	p277852	Instrumentos musicales/Viento			Hulusi profesional Instrumento de viento Hulusi con llave en C color verde
SIN SUB	p277854	Instrumentos musicales/Viento			Hulusi Para Principiantes Instrumento De Viento De Tradicional C Key Hulusi Con Nudo De Cinta
SIN SUB	p277855	Instrumentos musicales/Viento			Hulusi profesional Instrumento de viento Hulusi portátil y duradero para principiantes
SIN SUB	p277857	Instrumentos musicales/Viento			Hulusi para principiantes Instrumento de viento de bambú morado Hulusi en clave de Do
SIN SUB	p277863	Instrumentos musicales/Viento			Instrumento de viento profesional Hulusi en clave de C apto para principiantes
SIN SUB	p277870	Instrumentos musicales/Viento			Mini carpeta de música portátil universal de fácil uso para instrumentos de viento plateados
SIN SUB	p277871	Instrumentos musicales/Viento			Instrumento de Viento en en Tono Bb Instrumento de Viento Material Fenólico Ajustable
SIN SUB	p277880	Instrumentos musicales/Viento			Instrumento De Viento Nacional Para Principiantes, Melodía Plana B De Seda De Calabaza De Bambú Púrp
SIN SUB	p277884	Instrumentos musicales/Viento			Instrumento De Viento Hulusi Con Tecla C Para Adulto Hulusi
SIN SUB	p277890	Instrumentos musicales/Viento			Panpipe 18 Tubos Principiante Profesional Tocando Instrumento De Viento Étnico Nivel De Entrada Espe
SIN SUB	p277892	Instrumentos musicales/Viento			Hulusi para principiantes Instrumento de viento Hulusi portátil y duradero para principiantes
SIN SUB	p277893	Instrumentos musicales/Viento			Hulusi profesional Instrumento de viento de bambú morado Hulusi en clave de Do
SIN SUB	p277894	Instrumentos musicales/Viento			Pan Pipes Instrumento Viento 15 Tubos Panpipes G Clave Principiantes Plástico ABS Panflute Profesion
SIN SUB	p277896	Instrumentos musicales/Viento			Especial De 18 Tubos Mejorados En Color Marrón Y Negro Para Que Los Principiantes Toquen Instrumento
SIN SUB	p277897	Instrumentos musicales/Viento			Hulusi Para Principiantes Hulusi Natural Profesional En C O D Y Otros Instrumentos De Viento De (F k
SIN SUB	p277898	Instrumentos musicales/Viento			Hulusi Para Principiantes Instrumento De Viento Plateado Hulusi Con Llave C Portátil Tradicional Par
SIN SUB	p277899	Instrumentos musicales/Viento			Hulusi Para Principiantes Instrumento De Viento Hulusi Profesional Con Siete Agujeros En Llave C O B
SIN SUB	p277901	Instrumentos musicales/Viento			Tipo De Rendimiento Hulusi Instrumento De Viento Para Adultos Hulusi De Caoba Con Siete Agujeros En 
SIN SUB	p277908	Instrumentos musicales/Viento			Hulusi Para Principiantes Instrumento De Viento De Hulusi Hecho A Mano Para Adultos Y Principiantes 
SIN SUB	p277910	Instrumentos musicales/Viento			Hulusi Para Principiantes Instrumento De Viento De Hulusi Con Llave Plana C O B Con Acabado Pintado 
SIN SUB	p277920	Instrumentos musicales/Viento			Hulusi Para Principiantes Hulusi Un Instrumento De Viento Tradicional Profesional
SIN SUB	p277921	Instrumentos musicales/Viento			Yamaha Trova Instrumento de viento casual
SIN SUB	p277932	Instrumentos musicales/Viento			Instrumento de viento musical indio de bambú natural para principiantes y profesionales
SIN SUB	p277933	Instrumentos musicales/Viento			Instrumento de viento musical indio de bambú natural para principiantes y profesionales
SIN SUB	p277934	Instrumentos musicales/Viento			Instrumento de viento musical indio de bambú natural para principiantes y profesionales
SIN SUB	p277938	Instrumentos musicales/Viento			Pan Pipes Instrumento Viento Instrumento De Viento G De 15 Tonos para Principiantes
SIN SUB	p277946	Instrumentos musicales/Viento			Hulusi Para Principiantes Instrumento De Viento De Natural Con Llave Hulusi C/Bb De Tres Tonos Para 
SIN SUB	p277948	Instrumentos musicales/Viento			Hulusi Para Principiantes Instrumento De Viento Profesional Hulusi Hecho A Mano Con Llave C/Bb Con B
SIN SUB	p277952	Instrumentos musicales/Viento			Hulusi Para Principiantes Instrumento De Viento De Profesional Hulusi Hecho A Mano Con Llave C/Bb Co
SIN SUB	p277957	Instrumentos musicales/Viento			Hulusi Para Principiantes Instrumento De Viento De Profesional Hulusi En Llave C O Bb Adecuado Para 
SIN SUB	p277958	Instrumentos musicales/Viento			Hulusi profesional Instrumento de viento Hulusi para principiantes adultos en tono C(D key)
SIN SUB	p277959	Instrumentos musicales/Viento			Hulusi Para Principiantes Teclas F/G Instrumento De Viento De Profesional De Tres Tonos(F Tone)
SIN SUB	p277961	Instrumentos musicales/Viento			Hulusi para principiantes Instrumento de viento Hulusi para principiantes adultos en tono C(C key)
SIN SUB	p277963	Instrumentos musicales/Viento			Hulusi Para Principiantes Instrumento De Viento De Profesional De Siete Agujeros Hulusi Con Llave C/
SIN SUB	p277965	Instrumentos musicales/Viento			De Bambú De Dos Secciones Instrumento De Viento De Profesional(F)
SIN SUB	p277967	Instrumentos musicales/Viento			Hulusi Para Principiantes Instrumento De Viento Hulusi Profesional De 9 Agujeros En Tecla G O F(Bb k
SIN SUB	p277971	Instrumentos musicales/Viento			Instrumento De Viento Bawu De Soplado Vertical, Que Incluye Caja De Música, 6 Agujeros, Fácil De Toc
SIN SUB	p277972	Instrumentos musicales/Viento			Instrumento De Viento Bawu De Soplado Vertical, Que Incluye Caja De Música, 6 Agujeros, Fácil De Toc
SIN SUB	p277973	Instrumentos musicales/Viento			Instrumento De Viento Bawu De Soplado Vertical, Que Incluye Caja De Música, 6 Agujeros, Fácil De Toc
SIN SUB	p277974	Instrumentos musicales/Viento			Instrumento De Viento Bawu De Soplado Vertical, Que Incluye Caja De Música, 6 Agujeros, Fácil De Toc
SIN SUB	p277976	Instrumentos musicales/Viento			Bawu vertical de sándalo, instrumento de viento para conjunto de escenario para adultos, incluye acc
SIN SUB	p277979	Instrumentos musicales/Viento			Instrumento De Viento Para Adultos Hulusi De Caoba Con Siete Agujeros En Si Bemol Y Llave En C(Type 
SIN SUB	p277990	Instrumentos musicales/Viento			CD LIBRO MOZART 250 ANIVERSARIO 25. M?SICA PARA INSTRUMENTOS DE VIENTO (Mozart) El Pa?s, 2006. OFRT
SIN SUB	p278006	Instrumentos musicales/Viento			Instrumento de viento Hulusi con clave C utilizado para práctica e interpretación
SIN SUB	p278011	Instrumentos musicales/Viento			Instrumento de viento Hulusi en clave de Do y Si bemol para adultos Interpretación profesional
SIN SUB	p278016	Instrumentos musicales/Viento			Mobkid Instrumento De Viento Chino De Seda De Cucurbita Extraíble De Seda De Cucurbitácea De Ébano A
SIN SUB	p278025	Instrumentos musicales/Viento			Instrumento de viento Hulusi con clave en si bemol utilizado para práctica e interpretación
SIN SUB	p278034	Instrumentos musicales/Viento			Hulusi Para Principiantes Principiantes De Hulusi En La Interpretación Profesional De Instrumentos D
SIN SUB	p278035	Instrumentos musicales/Viento			Hulusi Para Principiantes Hulusi Diseñado Profesionalmente Para Tocar Instrumentos De Viento De En S
SIN SUB	p278039	Instrumentos musicales/Viento			Hulusi Para Principiantes Hulusi Un Instrumento De Viento Eléctrico
SIN SUB	p278044	Instrumentos musicales/Viento			Instrumento Hulusi C/Bb Tune Rendimiento Profesional Tipo Redwood B Tune Siete Agujeros Instrumento 
SIN SUB	p278046	Instrumentos musicales/Viento			Hulusi Para Principiantes 2/3 Hulusi Un Instrumento Tradicional De 7 Agujeros Es Un Instrumento De V
SIN SUB	p278047	Instrumentos musicales/Viento			Hulusi Para Principiantes Hulusi Profesional En Instrumento De Viento De Con Llave Bk O Red C O Bb(4
SIN SUB	p278048	Instrumentos musicales/Viento			Hulusi Para Principiantes Instrumentos De Viento De Profesionales Para Adultos Tecla G Y Otros Tonos
SIN SUB	p278052	Instrumentos musicales/Viento			Bawu Vertical De Sándalo, Instrumento De Viento, Adecuado Para Exámenes De Grado/Actuaciones/Acompañ
SIN SUB	p278075	Instrumentos musicales/Viento			Pan Pipes Instrumento Viento 22 Tubos De Plástico ABS Panpipe G Key Panflute Derecha/Izquierda Instr
SIN SUB	p278097	Instrumentos musicales/Viento			E Key 20 Tubos PanFlute Instrumento De Viento De Instrumento Musical Tradicional Chino(Color:Left-ha
SIN SUB	p278108	Instrumentos musicales/Viento			Octeto para instrumentos de viento y madera (Spanish Edition)
SIN SUB	p278120	Instrumentos musicales/Viento			Hulusi Para Principiantes Instrumento De Viento De Profesional The Hulusi En Bb O C Key Para Princip
SIN SUB	p278126	Instrumentos musicales/Viento			Hulusi Para Principiantes Instrumento De Viento Desmontable De Rendimiento Profesional Con Llave Hul
SIN SUB	p278132	Instrumentos musicales/Viento			Hulusi Para Principiantes Instrumento De Viento De Desmontable De Estilo Profesional Con Llave Plana
SIN SUB	p278134	Instrumentos musicales/Viento			Hulusi Para Principiantes Instrumento De Viento De Tradicional Desmontable Hulusi De Con Llave C/bB(
SIN SUB	p278135	Instrumentos musicales/Viento			Hulusi Para Principiantes Instrumento De Viento De Tradicional Desmontable Hulusi De Con Llave C/bB(
SIN SUB	p278149	Instrumentos musicales/Viento			Instrumento Sheng De 14 Lengüetas, Un Instrumento De Viento Tradicional Chino, En Clave De D, Con Un
SIN SUB	p278163	Instrumentos musicales/Viento			Instrumento de viento Hulusi de 7 agujeros con clave C adecuado para interpretación profesional(C ke
SIN SUB	p278170	Instrumentos musicales/Viento			Instrumento de viento Hulusi de 7 agujeros con clave C adecuado para interpretación profesional(B fl
SIN SUB	p278171	Instrumentos musicales/Viento			Instrumento de viento Hulusi de siete agujeros con clave C adecuado para interpretación profesional(
SIN SUB	p278174	Instrumentos musicales/Viento			Instrumento de viento Hulusi de siete agujeros con clave C adecuado para interpretación profesional(
SIN SUB	p278189	Instrumentos musicales/Viento			Instrumento De Viento De 17 Teclas De Baquelita Negra Con Teclas Niqueladas
SIN SUB	p278192	Instrumentos musicales/Viento			Cuerno Telescópico De Tres Secciones De Estilo Tibetano,Un Instrumento De Viento Para Animar A Los F
SIN SUB	p278194	Instrumentos musicales/Viento			Hulusi para principiantes Instrumento de viento de Hulusi hecho a mano con ébano apto para adultos
SIN SUB	p278195	Instrumentos musicales/Viento			Instrumento De Viento Profesional Para Puesta En Escena Hulusi Con Tecla F Hulusi
SIN SUB	p278196	Instrumentos musicales/Viento			Instrumento De Viento Profesional Para Puesta En Escena Hulusi Con Tecla F Hulusi Principiantes
SIN SUB	p278200	Instrumentos musicales/Viento			Instrumento De Viento De Con Llave En C De 17 Agujeros Con Llave En C De Plata Niquelada
SIN SUB	p278203	Instrumentos musicales/Viento			Instrumento De Viento Profesional Para Puesta En Escena Hulusi Con Tecla F Hulusi Profesional
SIN SUB	p278207	Instrumentos musicales/Viento			FLFL Hulusi Los Estudiantes De Instrumentos De Viento De Hulusi Realizan A La De Tres Tonos Hulusi
SIN SUB	p278209	Instrumentos musicales/Viento			Instrumento de viento de bambú Panpipe G Key hecho a mano Folk Musicales Dizi Instrumento (color: ma
SIN SUB	p278211	Instrumentos musicales/Viento			Hulusi profesional Instrumento de viento de Hulusi hecho a mano con ébano apto para adultos
SIN SUB	p278256	Instrumentos musicales/Viento			Hulusi Para Principiantes C/D Key Hulusi Rendimiento Profesional Para Principiantes Y Adultos Instru
SIN SUB	p278257	Instrumentos musicales/Viento			Hulusi Para Principiantes Hulusi De Siete Y Nueve Hoyos Son Instrumentos De Viento En Tonalidad Do O
SIN SUB	p278258	Instrumentos musicales/Viento			Hulusi Para Principiantes Practique Con Un Hulusi De Nueve Agujeros En Tecla F Profesional Y Otros I
SIN SUB	p278317	Instrumentos musicales/Viento			Amarillo 25 Tubos C Key Pan Pipes Instrumento De Viento De Instrumento Musical Tradicional Chino (Co
SIN SUB	p278320	Instrumentos musicales/Viento			25 Tubos C/G Llave PanFlute Pan Pipes Instrumento De Viento De Instrumento Musical Tradicional Chino
SIN SUB	p278328	Instrumentos musicales/Viento			Hulusi Para Principiantes Instrumento De Viento De Profesional Siete Agujeros Cinco Teclas Hulusi Ma
SIN SUB	p278336	Instrumentos musicales/Viento			Hulusi Para Principiantes BB/C Key Rosewood Hulusi Profesional Adulto Principiante Instrumento De Vi
SIN SUB	p278338	Instrumentos musicales/Viento			Instrumento De Viento De De Estilo Vintage De Baquelita En Do Alto
SIN SUB	p278340	Instrumentos musicales/Viento			Hulusi Para Principiantes Instrumento De Viento De Profesional De Tres Notas Hulusi Con Tecla C/D Ba
SIN SUB	p278351	Instrumentos musicales/Viento			Mano Izquierda Derecha C Llave Pan Pipes Hecho A Mano Instrumento De Viento De 22 Tubos (Color : Lef
SIN SUB	p278374	Instrumentos musicales/Viento			Hulusi Para Principiantes Instrumento De Viento De Profesional Portátil Tradicional Hulusi En Tono C
SIN SUB	p278388	Instrumentos musicales/Viento			Instrumento De Viento Ébano Dos Teclas Y Siete Agujeros Hulusi Profesional(C)
SIN SUB	p278390	Instrumentos musicales/Viento			Instrumento De Viento Hulusi Profesional Orientado A Adultos, Tono Puro, Fácil De Tocar, Incluye Caj
SIN SUB	p278392	Instrumentos musicales/Viento			Hulusi Para Principiantes El Instrumento De Viento Profesional El Hulusi De Siete Agujeros Y Cinco T
SIN SUB	p278418	Instrumentos musicales/Viento			Instrumento De Viento Ébano Dos Teclas Y Siete Agujeros Hulusi Principiantes(C)
SIN SUB	p278419	Instrumentos musicales/Viento			Instrumento De Viento Ébano Dos Teclas Y Siete Agujeros Hulusi(C)
SIN SUB	p278423	Instrumentos musicales/Viento			Instrumento de viento metal plateado en si bemol para principiantes
SIN SUB	p278429	Instrumentos musicales/Viento			B/D/F/G Tono Hulusi Instrumento De Viento De Chino Profesional De 7 Hoyos Chino Hulusi(G)
SIN SUB	p278431	Instrumentos musicales/Viento			Instrumento De Viento Metal Bb B Profesional Con Guantes Para Que Los Principiantes Puedan Tocar Fác
SIN SUB	p278437	Instrumentos musicales/Viento			Hulusi De 9 Hoyos, Un Instrumento De Viento Utilizado Para Enseñar Y Tocar, Con Un Hermoso Tono,G#
SIN SUB	p278450	Instrumentos musicales/Viento			Instrumento Sheng De 14 Lengüetas, Un Instrumento De Viento Tradicional Chino, En Clave De D, Con Un
SIN SUB	p278471	Instrumentos musicales/Viento			Hulusi, un instrumento de viento tradicional chino, utilería para escenario,Plum blossom bamboo,B fl
SIN SUB	p278581	Otros/Varios			AKASO Palo Selfie Invisible 120CM para Cámara Deportiva
SIN SUB	p278747	Otros/Varios			AKASO Palo de Selfie Trípode con empuñadura Flotante para Cámara Deportiva
SIN SUB	p278766	Otros/Varios			AKASO Palo de Selfie con Trípode 60CM Selfie Stick para cámara Deportiva
SIN SUB	p279135	Otros/Varios			Lente de la cámara del teléfono Celular, Lente de telefoto con Zoom de Enfoque Largo 20X con Soporte
SIN SUB	p279187	Otros/Varios			Green FUSION - 3 piezas de repuesto para lente de cámara trasera ultra trasera para Galaxy S25 con h
SIN SUB	p279437	Otros/Varios			GVM Teleprompter portátil para iPad, tablet, smartphone y cámaras réflex digitales, kit de telepromp
SIN SUB	p279438	Otros/Varios			Teleprompter portátil A10 para teléfonos inteligentes y cámaras réflex digitales con soporte para te
SIN SUB	p279522	Otros/Varios			Palo Selfie Tripode con Luces, 170CM Tripode para Movil con Control Remoto Bluetooth, 360° Rotación 
SIN SUB	p279649	Otros/Varios			170cm Trípode para Cámara/Celular Aluminio con Bolsa de Viaje y Mando
SIN SUB	p281096	Otros/Varios			Varilla Extensible de 36.22 Pulgadas, Palo Selfie Invisible Compatible con cámaras de acción, Ideal 
SIN SUB	p281099	Otros/Varios			Soporte de Succión de Leva, Cámara de Copa Potente para Automóvil con Soporte para Teléfono de 9 Cm 
SIN SUB	p281140	Otros/Varios			ULANZI MT88 ClipMate Trípode para cámara,Palo Selfie con Correa Adhesiva
SIN SUB	p281278	Otros/Varios			Fotopro Tripie Flexible, Trípie para Celular, Trípode Camara, Tripode Movil con Adaptador Universal,
SIN SUB	p281409	Otros/Varios			NEEWER TP38 Trípode Móvil y Cámara, Palo Selfie Extensible de Metal 15"
SIN SUB	p284953	Videojuegos/Otros accesorios gamer			Western Digital WD 6 TB My Passport HDD portátil USB 3.0 con Software para gestión de Dispositivos, 
SIN SUB	p294068	Juegos de mesa/Otros juegos			Bananagrams Juegos de mesa
SIN SUB	p295619	Otros/Varios			Juegos para exteriores, patio y playa, para adultos y para la familia, perfectos para el patio trase
SIN SUB	p296268	Otros/Varios			Herramientas de dibujo, maniquí posible, figures de dibujo modelo 2pcs 5.91 pulgadas de acción femen
SIN SUB	p296716	Otros/Varios			Modelo de anatomía de Torso Humano de 78 cm (1 Pieza), Herramienta educativa Unisex de tamaño 1/2 Na
SIN SUB	p296751	Otros/Varios			Vaguelly Portavasos Negro para Carriola con Soporte para Teléfono, de PP Instalación Rápida y Agarre
SIN SUB	p296815	Otros/Varios			Bandeja universal para cochecito de bebé con soporte profundo para tazas y soporte para teléfono, de
SIN SUB	p296861	Otros/Varios			Soporte para tazas y teléfono compatible solo con el sistema de viaje todo en uno original de Doona 
SIN SUB	p296864	Otros/Varios			Bandeja de aperitivos compatible con Nuna, universal para carriola con soporte para tazas y soporte 
SIN SUB	p296875	Otros/Varios			Bandeja de aperitivos compatible con Nuna Mockingbird, bandeja ajustable para aperitivos, con soport
SIN SUB	p30668	Muebles/Otros			Soporte Para Laptop Portátil Qzgyoool
SIN SUB	p30669	Muebles/Otros			Soporte Para Laptop de Aluminio Plegable Antideslizante
SIN SUB	p30726	Electrodomésticos/Otros			Tabla Para Cortar Alimentos Ibili Plástico HDPE 38cm
SIN SUB	p30727	Electrodomésticos/Otros			Tabla Para Cortar Weber
SIN SUB	p30728	Electrodomésticos/Otros			Set de 4 Tablas Para Picar Vanance con Base
SIN SUB	p30752	Joyería y bisutería/Otros			Billetera para Hombre con Tarjetero RFID Marrón
SIN SUB	p30753	Joyería y bisutería/Otros			Billetera para Hombre Timberland
SIN SUB	p30754	Joyería y bisutería/Otros			Billetera para Hombre Bifold Lacoste Azul
SIN SUB	p30755	Joyería y bisutería/Otros			Cinturón para Hombre Steve Madden Casual
SIN SUB	p30756	Joyería y bisutería/Otros			Paraguas Sombrilla Automática Estampado Floral Verde
SIN SUB	p30856	Electrodomésticos/Otros			Juego de Vajilla Gibson Home Zuma Redonda 16 Piezas Gris
SIN SUB	p30857	Electrodomésticos/Otros			Juego de Vajilla Melamina Webbylee 10 Piezas Gris
SIN SUB	p30863	Electrodomésticos/Otros			Juego de Jarra de Agua Libbey Alaska 5 Piezas
SIN SUB	p30864	Electrodomésticos/Otros			Jarra de Agua Plástico Transparente 1.5L Good & Cool
SIN SUB	p30865	Electrodomésticos/Otros			Jarra de Agua de Vidrio Ámbar 77oz con Manija AEFPOYMXU
SIN SUB	p310006	Deportes y fitness/Otros			Báscula de pesca, controlador de pesaje de peces, digital portátil para pesca, herramienta ideal par
SIN SUB	p310126	Muebles/Otros			Bodily Autonomy in 19th Century American Women’s Writing: A Cornucopia of Pharmacopoeia (Routledge R
SIN SUB	p310127	Muebles/Otros			Creative Writing and Wellbeing: Research, Theory, and Practice Beyond Words (Routledge Interdiscipli
SIN SUB	p310207	Muebles/Otros			My Period My Power: A Simple Guide to Body Literacy, Cycle Syncing & Daily Health Tracking
SIN SUB	p310411	Otros/Varios			Immunocal Paquete de Abundancia | 2 Immunocal + 4 Platinum | Precursor de Glutatión | Soporte Avanza
SIN SUB	p311829	Otros/Varios			Sillón Masajeador de Cuerpo Completo, Gravedad Cero, Gris y Blanco, Cuero Sintético, con Panel Tácti
SIN SUB	p311845	Otros/Varios			HPC POLO Sillón de Masaje Reclinable con Gravedad Cero, Pantalla Táctil, LED Ambiental, Soporte para
SIN SUB	p311888	Otros/Varios			Genérico Silla de Masaje 4D para Todo el Cuerpo, Multifunción para Hogar, Relajación de Cuello, Homb
SIN SUB	p312332	Otros/Varios			Aire Acondicionado PortáTil Aces,Ventilador De Torre Silencioso De Escritorio,Carga USB,3 Velocidade
SIN SUB	p313939	Otros/Varios			Healeved Inserto Humidificador De Regulador De Humedad Rectangular Para Gabinete De Humidor Caja De 
SIN SUB	p314366	Otros/Varios			Aire Acondicionado,Ventilador de Escritorio,Aire Acondicionado de Escritorio Mini 3 Engranajes Vient
SIN SUB	p316238	Otros/Varios			2 Abanicos de Mosca para Mesas, Ventiladores de Comida, Abanicos para Repeler Mosquitos, Ventiladore
SIN SUB	p316599	Otros/Varios			Namolit Ventilador portátil de Mesa con Cuello de Mano con ángulo Ajustable de 90° Batería de 3600 m
SIN SUB	p316606	Otros/Varios			Namolit Ventilador portátil de Mesa con Cuello de Mano con ángulo Ajustable de 90° Batería de 3600 m
SIN SUB	p321689	Otros/Varios			Bobinadora circular LY 890, controlador TNC-910H, extractor de alambre calefactor, pesca, anillo mag
SIN SUB	p321690	Otros/Varios			Máquina bobinadora, Bobinadora circular LY 890, controlador TNC-910H, extractor de alambre calefacto
SIN SUB	p322078	Otros/Varios			Tabla Colgante Escalada, Diapasón de Escalada en Roca
SIN SUB	p322287	Deportes y fitness/Otros			Beavorty Juego de Marcador de Bolas de Golf con Rotulador y Plantilla para Alineación, Herramienta L
SIN SUB	p322700	Otros/Varios			PACKOVE Llaveros De Voleibol Portátiles 3 Piezas Llaveros Decorativos para Mochilas Bolsos Llaves de
SIN SUB	p32412	Otros/Varios			Equipo de Supervivencia Portátil para Aventureros Negro
SIN SUB	p32480	Otros/Varios			Navaja Multiusos de Aluminio Aksi Plateada
SIN SUB	p32481	Otros/Varios			Navaja Multiusos 21 Funciones Tipo Suiza Mikels Plateada
SIN SUB	p32482	Otros/Varios			Navaja Multiusos Plegable Milwaukee 48-22-1530 Roja
SIN SUB	p32483	Otros/Varios			Navaja Multiusos Victorinox Huntsman Camo (15 Herramientas)
SIN SUB	p32484	Otros/Varios			Navaja Multiusos Deslizable Klein Tools 44301 Naranja
SIN SUB	p32485	Otros/Varios			Navaja Multiusos Victorinox Signature Negra (7 Herramientas)
SIN SUB	p32486	Otros/Varios			Navaja Multiusos Plegable Klein Tools 44131 Naranja/Negro
SIN SUB	p32487	Otros/Varios			Navaja Multiusos Swiza Allmatt 12 Funciones Negra
SIN SUB	p32488	Otros/Varios			Navaja Multiusos Swiza Negra 7 Funciones para Camping
SIN SUB	p325353	Muebles/Otros			Patines de doble hilera de graffitis blancos, zapatillas de patinaje duraderas y cómodas para niños 
SIN SUB	p32562	Otros/Varios			Brújula Cartográfica Coghlan's 8162 para Camping y Senderismo
SIN SUB	p325784	Deportes y fitness/Otros			Alomejor Brújula Geológica de Alta Precisión, Herramienta de Navegación Compacta y Portátil para Sen
SIN SUB	p32596	Electrodomésticos/Otros			Secadora de Ropa Portátil Mini con Control
SIN SUB	p326127	Otros/Varios			Orejeras Antiruido Para Niños,Orejeras De Protección Auditiva Para El Aprendizaje Del Sueño Para Niñ
SIN SUB	p326251	Otros/Varios			Exquisite Gaming: Cable Guy COD Zombie Ghost - Phone/Controller Holder, Compatible con PS5, Xbox Ser
SIN SUB	p326265	Otros/Varios			191cm Monopie/Tripie para Camara Fotografica con Soporte para Celular&Mando
SIN SUB	p326484	Deportes y fitness/Otros			Equipo de ejercicio sentado con ventosa tipo abdomen, máquina de pérdida de peso, ayuda para el hoga
SIN SUB	p326836	Deportes y fitness/Otros			Estirador de Piernas, Mejora Flexibilidad y Rango de Movimiento, Herramienta de Entrenamiento para L
SIN SUB	p32711	Otros/Varios			Caja Fuerte de Seguridad para el Hogar 2.05 Pies
SIN SUB	p327858	Otros/Varios			Entrenador De Torsión Y Estiramiento para La Columna, Equipo De Gimnasio En Casa De Bajo Impacto, Ca
SIN SUB	p32903	Otros/Varios			Cámara Térmica de Imágenes para Android
SIN SUB	p32921	Otros/Varios			Estación de Carga Múltiple Dock5 5 Puertos + Pad Inalámbrico
SIN SUB	p329661	Otros/Varios			Espejo de Maquillaje con Luz LED, Triptico Trifold de 3 Paneles con Aumento 5X, 3 Tonos de Luz Regul
SIN SUB	p330225	Muebles/Otros			Mobiliario para equipamiento de salón con asiento redondo de PU acolchado y soporte firme para terra
SIN SUB	p33036	Otros/Varios			Detector de Metales Manual Portátil de Seguridad
SIN SUB	p331332	Otros/Varios			LICAEVEY Reposabrazos para Uñas para Tecnología de Uñas con Soporte Giratorio para Teléfono, Reposam
SIN SUB	p331345	Otros/Varios			Reposabrazos para Uñas con Soporte de Celular Forma de U
SIN SUB	p331354	Otros/Varios			HURRISE Reposabrazos para Uñas, Reposabrazos para Manicura para Tecnología de Uñas, Reposabrazos par
SIN SUB	p331405	Otros/Varios			JODSONE Reposabrazos de manicura en forma de U rosa para técnicos de uñas con soporte para teléfono 
SIN SUB	p33177	Otros/Varios			Candado Biométrico con Huella Digital Lockit (Set de 3 Piezas)
SIN SUB	p335910	Otros/Varios			Conair Reflections - Espejo de Maquillaje con iluminación LED, Aumento de 1 x 10 x con Soporte para 
SIN SUB	p33611	Joyería y bisutería/Otros			Mancuernillas Thot Ra Figura De Boton Gemelos E-623 Plateado
SIN SUB	p33612	Joyería y bisutería/Otros			Solviora Mancuernillas Gemelos Para Star Wars Stormtrooper Hombre, Gemelos De Camisa, Adecuados Para
SIN SUB	p33614	Joyería y bisutería/Otros			Gemelos Colleras Star Wars Stormtrooper Blanco Traje Camisa
SIN SUB	p33616	Joyería y bisutería/Otros			Mancuernillas Thot Ra Canguro Gemelos Para Camisa D-044 Plateado
SIN SUB	p338024	Otros/Varios			Lookourway Animal And Pet Themed Feather Flag 12-feet
SIN SUB	p34011	Juguetes y bebés/Otros			Cyc Cocina Juguete Princesas Luz Y Sonido Accesorios Niña
SIN SUB	p34012	Juguetes y bebés/Otros			Mi Cocina / Juguete / Ch Color Rosa/lila
SIN SUB	p34119	Muebles/Otros			Mueble Gabinete de Almacenamiento Organizador para Inodoro Lombardia
SIN SUB	p34203	Muebles/Otros			Espejo Cuerpo Completo Rectangular Negro 125x45cm De Pie y Pared Decoramex
SIN SUB	p344268	Otros/Varios			Alfombrillas de calefacción USB de 5 V, calentador eléctrico, cobija eléctrica, textura de fieltro p
SIN SUB	p350724	Otros/Varios			Weewooday 20 Enchufes de Sublimación Soportes de Agarre de Teléfono en Blanco Agarre de Teléfono Ple
SIN SUB	p350896	Cargadores y adaptadores/Otros			MHCOZY aplicación Tuya Adaptador USB micro WIFI, Interruptor de Toma Inteligente de 5-12 V CC, Contr
SIN SUB	p353571	Joyería y bisutería/Otros			piezas de latón sólido con cierre de hebilla de candado con tornillos, cerradura de pecho vintage pa
SIN SUB	p356267	Joyería y bisutería/Otros			Yosoo Health Gear Mini con Pantalla LED de 4 Piezas, Mini para Interiores con Atenuador 1W 5V LED Re
SIN SUB	p357564	Muebles/Otros			Aparador con Almacenamiento de Cocinao con Cajón,moderno Blanco
SIN SUB	p358207	Muebles/Otros			Mesitas Auxiliares Juego de Madera Maciza de Pino y Rattan, Blanco
SIN SUB	p361419	Muebles/Otros			Isla Organizador Aparador de Isla Cocina Madera con 3 cajones y 2 Puertas Almacenamiento Independien
SIN SUB	p361542	Muebles/Otros			Organizar Aparador de Madera con encimera for té/café, Almacenamiento bajo Puertas y cajones Acceder
SIN SUB	p366539	Otros/Varios			Veemoon Tela Autoadhesiva para Manualidades Gris Forro para Joyería Cajas Regalo Mobiliario y Proyec
SIN SUB	p369093	Instrumentos musicales/Viento			Shure Blx14/b98 Sistema Inalámbrico P/instrumento De Viento. Color Negro
SIN SUB	p369365	Videojuegos/Otros accesorios gamer			Tarjeta Expansion Almacenamiento Seagate Para Xbox Series
SIN SUB	p387689	Otros/Varios			Accesorio De Anillo Magnético Mophie Zagg Ring Snap 360 Black - Venta Internacional.
SIN SUB	p387777	Otros/Varios			Adaptador De Liberación Rápida Smallrig 4611 Para Trípode Para Teléfono - Venta Internacional.
SIN SUB	p387875	Otros/Varios			Almohada De Cuello De Cisne Moko Lazy Con Soporte Para Teléfono Móvil Para Dispositivos De 4 A 11 Añ
SIN SUB	p387906	Otros/Varios			Aro de Luz 8" Eo Safe Imports Esi-4520 color Negro USB con Soporte para Celular
SIN SUB	p387907	Otros/Varios			Aro de Luz Eo Safe Imports ESI-4517 color Negro 12" USB con Soporte para Celular
SIN SUB	p387908	Otros/Varios			Aro de Luz Led 10'' Bluelander Negro con Soporte para Celular
SIN SUB	p387909	Otros/Varios			Aro De Luz Led 10 Pulgadas 26 Cm Comerliv Con Tripié De Escritorio Portatil Soporte Celular Negro Tr
SIN SUB	p387910	Otros/Varios			Aro de Luz LED Archy 10" + Tripie 2 m con Soporte de Teléfono
SIN SUB	p387911	Otros/Varios			Aro De Luz Led Archy 12'' + Tripie 2 M Con Soporte De Teléfono
SIN SUB	p387935	Otros/Varios			Barra De Extensión Para Trípode Pellking 2 En 1 Para Selfies 1 6 M Con Clip - Venta Internacional.
SIN SUB	p388154	Otros/Varios			Botas De Lluvia De Silicona Originales Fred Reboot Con Soporte Para Teléfono Rojas - Venta Internaci
SIN SUB	p388669	Otros/Varios			Carga Super Rápida Banco De Emergía Con Soporte Plegable Compatible Con Iphone 15/15 Pro Y Iphone 14
SIN SUB	p388672	Otros/Varios			Carga Super Rápida Magnético Inalámbrico Con Soporte Plegable Compatible Con Iphone 16/15/15 Pro Y I
SIN SUB	p389985	Otros/Varios			Cartera Para Teléfono Popsockets Con Anillo Magnético De Agarre Expandible - Venta Internacional.
SIN SUB	p390244	Otros/Varios			Cochecito De Cuello De Cisne Woleyi Con Soporte Para Teléfono Para Cochecito De Bebé - Venta Interna
SIN SUB	p390272	Otros/Varios			Control Recargable Bluetooth Android Soporte Para Celular
SIN SUB	p390282	Otros/Varios			Correa Para El Pecho Y Soporte Para La Cabeza Para Teléfonos Y Cámaras De Acción - Venta Internacion
SIN SUB	p390314	Otros/Varios			Empuñadura Magnética Para Teléfono Ugreen Para Soporte De Teléfono Magsafe - Venta Internacional.
SIN SUB	p390326	Otros/Varios			Enfriador De Teléfono Whynotry 48 W Refrigeración Líquida Magnética 68 G - Venta Internacional.
SIN SUB	p390331	Otros/Varios			Espejo Retrovisor De Coche Kelofam Con Soporte Para Iphone Ipad - Venta Internacional.
SIN SUB	p390332	Otros/Varios			Esr Para Magsafe Sticker 360, Anillo Magnético Magsafe (halolock), Paquete De 2 Anillos Magnéticos, 
SIN SUB	p390536	Otros/Varios			Funny Parenting Mom Life Popsocket Grip - Soporte Para Iphone 11 - Venta Internacional.
SIN SUB	p390538	Videojuegos/Otros accesorios gamer			Gatillos Celular Belug Con 4 Botones + Dedales Gamer Negro
SIN SUB	p390539	Videojuegos/Otros accesorios gamer			Gatillos Celular Con 4 Botones + Dedales Gamer Lab.g Negro
SIN SUB	p390540	Videojuegos/Otros accesorios gamer			Gatillos Celular Lab.g Con 4 Botones + Dedales Gamer Negro
SIN SUB	p390663	Otros/Varios			Kit De Parabrisas Nite Ize Steelie Con Soporte Magnético Para Teléfono Celular - Venta Internacional
SIN SUB	p390670	Otros/Varios			Kit De Vloggin, Micrófono Con Tripie De Mano, Luz De Relleno Y Soporte Para Celular
SIN SUB	p390673	Videojuegos/Otros accesorios gamer			Kit Gatillos Celular Belug Sarafox F6 Con 4 Botones + Dedales Gamer Negro
SIN SUB	p390674	Videojuegos/Otros accesorios gamer			Kit Gatillos Celular Con 4 Botones + Dedales Gamer Eo Safe Imports Esi-10017-1 Gris
SIN SUB	p390678	Otros/Varios			Kit Motorizado Bluetooth Slider Joby Swing De Soporte Para Teléfono - Venta Internacional.
SIN SUB	p390713	Otros/Varios			Luz De Video Con Soporte De Teléfono Y Clip De Luz Regulable Cri 80 + 3 Modos De Luz Del Teléfono Co
SIN SUB	p390750	Otros/Varios			Monópode De Golf Precisionmaster Record Swing Con Soporte Para Teléfono - Venta Internacional.
SIN SUB	p390829	Otros/Varios			Phone Grip Popsockets A Base De Plantas Con Soporte Para Teléfono Color Azul Eléctrico - Venta Inter
SIN SUB	p390830	Otros/Varios			Phone Grip Popsockets A Base De Plantas Con Soporte Para Teléfono Helecho - Venta Internacional.
SIN SUB	p390833	Otros/Varios			Phone Grip Popsockets Para Magsafe Con Soporte Para Iphone - Venta Internacional.
SIN SUB	p390878	Otros/Varios			Porta Celular Eo Safe Imports Esi-21729 Plateado
SIN SUB	p390879	Otros/Varios			Porta Celular Green Leaf 18-1540 Ajustable Flexible para Auto
SIN SUB	p390880	Otros/Varios			Porta Celular Marca Condor 191224-002 Negro
SIN SUB	p390881	Otros/Varios			Porta Celular Marca Condor 191224-498 Café
SIN SUB	p390882	Otros/Varios			Porta Celular Negro
SIN SUB	p390883	Otros/Varios			Porta Celular Nine West Nyp568543 Negro Sintético Para Mujer
SIN SUB	p390884	Otros/Varios			Porta Celular Universal Con Cubierta Set
SIN SUB	p390885	Otros/Varios			Porta Celular Universal Set
SIN SUB	p390886	Otros/Varios			Porta Celular W Capsule Ackalecgos3cw Multicolor Textil Para Mujer
SIN SUB	p391090	Otros/Varios			Ring Light Evershop Con Trípode Con Soporte Para Iphone 10» Color Negro - Venta Internacional.
SIN SUB	p391092	Otros/Varios			Ring Light Para Vlogs De 10.3 Pulgadas Con Soporte Y Soporte Para Teléfono Rgb - Venta Internacional
SIN SUB	p391093	Otros/Varios			Ring Light Stally 12.3 Con Soporte De 75 Cm Y 2 Soportes Para Teléfono - Venta Internacional.
SIN SUB	p391094	Otros/Varios			Ring Light Ubeesize 10 Con Soporte De Teléfono Para Iphone - Venta Internacional.
SIN SUB	p391095	Otros/Varios			Ring Light Ubeesize 12 Con Soporte Para Trípode De 74 Cm Ipad Y Soporte Para Teléfono - Venta Intern
SIN SUB	p391096	Otros/Varios			Ring Light Ubesize De 14 Pulgadas Plegable Con Soporte Para Trípode De 62 Pulgadas Para Iphone - Ven
SIN SUB	p391097	Otros/Varios			Ring Light Vimose De 10.5 Pulgadas Con Soporte Y Soporte Para Teléfono Color Negro - Venta Internaci
SIN SUB	p391519	Otros/Varios			Soporte De Teléfono Neewer Para Cámara Dual Dji Osmo Pocket 3 - Venta Internacional.
SIN SUB	p391710	Otros/Varios			Soporte Magnético Para Teléfono Coolpow Para Bicicletas Magsafe - Venta Internacional.
SIN SUB	p391996	Otros/Varios			Soporte Para Teléfono Ajustable, Soporte Para Cámara Web Eo Safe Imports Esi-10269 Negro
SIN SUB	p392361	Otros/Varios			Soporte Para Vaso De Coche, Soporte Para Teléfono Miracase Universal 2023 Mejorado - Venta Internaci
SIN SUB	p392424	Otros/Varios			Soporte Universal Para Vasos Jsaux Para Teléfono Y Tableta - Venta Internacional.
SIN SUB	p392450	Otros/Varios			Tapón Para Botella De Refresco Popgrip Pixar Up Grape Para Soporte De Teléfono - Venta Internacional
SIN SUB	p392454	Otros/Varios			Tarjetero Cartera Magnética Piel Magsafe Soporte Para Iphone
SIN SUB	p392455	Otros/Varios			Tarjetero Magsafe Wallet Esr Aura 5 Con Soporte Para Iphone - Venta Internacional.
SIN SUB	p392467	Otros/Varios			Teléfono Vimose 62 Con Trípode Y Selfie Stick Para Iphone Xs Max - Venta Internacional.
SIN SUB	p392469	Otros/Varios			Televisor Del Siglo Xx Con Empuñadura Para Teléfono Móvil Bob's Burgers Magsafe - Venta Internaciona
SIN SUB	p392482	Otros/Varios			Tripié para Celular o Cámara Digital de Aluminio Steren Mov-049 Gris
SIN SUB	p392490	Otros/Varios			Trípode De Cámara Joilcan 68 Soporte Para Tabletas Y Cámaras De Teléfonos - Venta Internacional.
SIN SUB	p392491	Otros/Varios			Trípode De Cámara Kraftgeek Magsafe Selfie Stick Remote De 168 Cm - Venta Internacional.
SIN SUB	p392492	Otros/Varios			Trípode De Cámara Zikzok 75 Para Teléfono Celular Con Control Remoto Inalámbrico - Venta Internacion
SIN SUB	p392504	Otros/Varios			Trípode Joilcan 67 Para Cámara Teléfono Y Tableta Con Control Remoto - Venta Internacional.
SIN SUB	p392510	Otros/Varios			Trípode Para Cámara Moft Con Soporte Multiángulo Para Teléfono Color Amarillo - Venta Internacional.
SIN SUB	p392511	Otros/Varios			Trípode Para Cámara Telesin Selfie Stick 15-40 Cm Extensible - Venta Internacional.
SIN SUB	p392544	Otros/Varios			Trípode Para Teléfono Victiv Soporte Para Cámara De 71 Pulgadas Con Control Remoto Y Soporte - Venta
SIN SUB	p392602	Otros/Varios			Ventosa Magnética De Silicona Con Soporte Para Iphone Sonix - Venta Internacional.
SIN SUB	p392603	Otros/Varios			Ventosa Magnética De Silicona Con Soporte Para Iphone Sonix - Venta Internacional.
SIN SUB	p392604	Otros/Varios			Ventosa Magnética De Silicona Con Soporte Para Iphone Sonix - Venta Internacional.
SIN SUB	p392605	Otros/Varios			Ventosa Magnética De Silicona Con Soporte Para Iphone Sonix - Venta Internacional.
SIN SUB	p398093	Otros/Varios			Iconos Y Citas Del Programa De Televisión Oven Mitt Ukonic Friends Color Negro - Venta Internacional
SIN SUB	p399672	Otros/Varios			Lunch Box Tote Toynk, Lata De Metal, Estilo Retro, Programa Oficial De Televisión - Venta Internacio
SIN SUB	p401834	Otros/Varios			Plantilla Generic Cuerpo De Perro Yorkie Plástico Mylar Blanco Para Decoración Y Aerografía Con - Ve
SIN SUB	p401835	Otros/Varios			Plantilla Generic Para Decoración De Cuerpo De Perro Yorkie En Plástico Mylar Blanco - Venta Interna
SIN SUB	p402237	Muebles/Otros			Rodillo De Madera Bene Casa Oak Con Cómodas Asas - Venta Internacional.
SIN SUB	p403239	Instrumentos musicales/Viento			Set De Regalo Para Flautas De Champán Paris Hilton En Forma De Corazón 160 Ml 2 Unidades - Venta Int
SIN SUB	p403490	Otros/Varios			Soporte para Huevos de Refrigerador Blanco
SIN SUB	p403491	Otros/Varios			Soporte Para Huevos Luckore 40 Huevos 2 Niveles Para Nevera - Venta Internacional.
SIN SUB	p403492	Otros/Varios			Soporte Para Huevos Mesrosa Para Nevera Con Capacidad Para 36 Huevos Con Tapa - Venta Internacional.
SIN SUB	p403493	Otros/Varios			Soporte Para Huevos Para Nevera Mshomely 60 2 Capas Transparente Sin Bpa - Venta Internacional.
SIN SUB	p403494	Otros/Varios			Soporte Para Huevos Roskdeewat Para Nevera Con Tapa Apilable 28 Huevos - Venta Internacional.
SIN SUB	p403495	Otros/Varios			Soporte Para Huevos Roskdeewat Para Nevera Con Tapa Apilable 42 Huevos - Venta Internacional.
SIN SUB	p403496	Otros/Varios			Soporte Para Huevos Sotfamily Para Nevera 28 Huevos De Gran Tamaño - Venta Internacional.
SIN SUB	p404813	Muebles/Otros			Tela Polar Generic Marfil Rollo 20 Yardas Ancho 152 Cm Suave Y Cómoda - Venta Internacional.
SIN SUB	p407247	Videojuegos/Otros accesorios gamer			Cámara De Juegos Sony Playstation 4 Cámara Para Ps4 Vr Gaming - Venta Internacional.
SIN SUB	p407248	Videojuegos/Otros accesorios gamer			Cámara de Video Hori Super Mario de Planta Piraña para Nintendo Switch 2
SIN SUB	p407249	Videojuegos/Otros accesorios gamer			Cámara Hori para Nintendo Switch 2 Piraña
SIN SUB	p407250	Videojuegos/Otros accesorios gamer			Cámara Sony Hd Para Playstation 5 Ps5
SIN SUB	p407251	Videojuegos/Otros accesorios gamer			Cámara USB-C para Nintendo Switch 2
SIN SUB	p407259	Videojuegos/Otros accesorios gamer			Capuchones De Repuesto Para Palanca Analógica Ostent Para Nintendo Wii U Paquete De 6 - Venta Intern
SIN SUB	p407391	Videojuegos/Otros accesorios gamer			Castlevania: Dominus Collection - Portrait Of Ruin Cover Ps5
SIN SUB	p408087	Muebles/Otros			Correa De Cabeza Vr Vznek Para Meta Quest 3s/3/2 Cómoda Y Ajustable - Venta Internacional.
SIN SUB	p408090	Videojuegos/Otros accesorios gamer			Cover Trasero Extremerate Playvital Para Nintendo Switch - Verde - Venta Internacional.
SIN SUB	p409403	Videojuegos/Otros accesorios gamer			Kit Accesorios Nintendo Switch Oled Knwell Rfca34 34 Piezas Azul/rojo
SIN SUB	p409419	Videojuegos/Otros accesorios gamer			Kit De 25 Accesorios Para Nintendo Switch No Incluye Consolas Eo Safe Imports Esi-8091-1 Multicolor
SIN SUB	p409426	Videojuegos/Otros accesorios gamer			Kit De Accesorios 2 En 1 Para Nintendo Switch 2 Atom Games
SIN SUB	p409429	Videojuegos/Otros accesorios gamer			Kit De Accesorios Fyoung Para Playstation Portal Ps5 Negro - Venta Internacional.
SIN SUB	p409431	Videojuegos/Otros accesorios gamer			Kit De Accesorios Nintendo Switch Oled Orzly Ice White - Venta Internacional.
SIN SUB	p409432	Videojuegos/Otros accesorios gamer			Kit De Accesorios Orzly Para Nintendo Switch Jet Black - Venta Internacional.
SIN SUB	p409433	Videojuegos/Otros accesorios gamer			Kit De Accesorios Para Nintendo Switch 2 Atom Games
SIN SUB	p409434	Videojuegos/Otros accesorios gamer			Kit De Accesorios Para Nintendo Switch Lite 15 En 1 Verde
SIN SUB	p409436	Videojuegos/Otros accesorios gamer			Kit De Accesorios Para Playstation Portal Klipdasse 13 En 1 - Venta Internacional.
SIN SUB	p409437	Videojuegos/Otros accesorios gamer			Kit De Accesorios Spican Switch 2 Para Nintendo Switch 2 - Venta Internacional.
SIN SUB	p409441	Videojuegos/Otros accesorios gamer			Kit De Agarre Scuf Pro Triggers Rojo Para Controles Inalámbricos De Xbox - Venta Internacional.
SIN SUB	p409445	Instrumentos musicales/Baterías			Kit De Baterías Kastar Psp-110h 3 Piezas Con Cargador Usb Doble Para Psp - Venta Internacional.
SIN SUB	p409452	Videojuegos/Otros accesorios gamer			Kit De Dirección Thrustmaster Simtask Con Pinza Para Ps Xbox Pc - Venta Internacional.
SIN SUB	p409459	Videojuegos/Otros accesorios gamer			Kit de Inicio Verbatim Nintendo Switch Vb99801 color Negro
SIN SUB	p409481	Videojuegos/Otros accesorios gamer			Kit De Montaje En Pared Hideit Mounts Para Ps5 Pro Y Ps5 Original - Venta Internacional.
SIN SUB	p409484	Videojuegos/Otros accesorios gamer			Kit De Robots Nintendo Labo Toy-con 02 Para Nintendo Switch - Venta Internacional.
SIN SUB	p409499	Otros/Varios			Kit De Teclado Ratón Bluetooth Lab.g + Soporte Para Tableta Negro
SIN SUB	p411149	Videojuegos/Otros accesorios gamer			Nintendo Switch Nintendo Con Pantalla Lcd Joy‑con De 6,2 Pulgadas En Azul Neón Y Rojo Neón - Venta I
SIN SUB	p411201	Videojuegos/Otros accesorios gamer			Palanca de Velocidades Logitech Driving Force 941-000119 color Negro para XBOX ONE y PC
SIN SUB	p411219	Videojuegos/Otros accesorios gamer			Pantalla Lcd Joy‑con De 6.2 Pulgadas Para Nintendo Switch, Color Gris - Venta Internacional.
SIN SUB	p412050	Videojuegos/Otros accesorios gamer			Reserva Del Videojuego Diablo Iv (ps5) + Light Bearer Mount - Venta Internacional.
SIN SUB	p412461	Videojuegos/Otros accesorios gamer			Sticker Generic Digital Edition Para Ps5 - Venta Internacional.
SIN SUB	p412533	Videojuegos/Otros accesorios gamer			Tarjeta de Acceso Xbox Live Gold Online de 12 Meses
SIN SUB	p412534	Videojuegos/Otros accesorios gamer			Tarjeta De Captura Elgato Hd60 X 1080p60 Hdr10 O 4k30 Para Ps5, Ps4 - Venta Internacional.
SIN SUB	p412550	Videojuegos/Otros accesorios gamer			Tarjeta FC 26 Estándar Código Original Para Xbox One Y Series S/X
SIN SUB	p412551	Videojuegos/Otros accesorios gamer			Tarjeta Fisica Forza Horizon 6 Standard Edition Xbox Series/pc
SIN SUB	p412673	Videojuegos/Otros accesorios gamer			Teclado Bluetooth Inalámbrico Timovo Rgb Para Controlador Ps5 - Venta Internacional.
SIN SUB	p413428	Otros/Varios			Teclado Sablute Large Print Con Cable Reposamuñecas Y Soporte Para Teléfono - Venta Internacional.
SIN SUB	p414081	Videojuegos/Otros accesorios gamer			Videojuego Disney Classic Games Collection Ps4: El Libro De La Selva, Aladdin Y El Rey León - Venta 
SIN SUB	p414623	Videojuegos/Otros accesorios gamer			Videojuego Silver Lining Interactive Tiny Bookshop Para Playstation 5 Con Banda Sonora Y Libro - Ven
SIN SUB	p414633	Videojuegos/Otros accesorios gamer			Videojuego Skybound La Conclusión De Clementine Xbox One Con Nuevo Sistema De Cámara
SIN SUB	p43	Joyería y bisutería/Otros			Mancuernillas Pegasus Acero Inoxidable 316L
SIN SUB	p44	Joyería y bisutería/Otros			Mancuernillas KFLK Diseño Dinosaurio
SIN SUB	p44937	Videojuegos/Otros accesorios gamer			Caja de Botones SIM-PANEL Gen 2 (Diseño Horizontal)
SIN SUB	p45043	Otros/Varios			Dispositivo de Seguimiento UltrA CatcheR Rocket Balloon con Pilas AA
SIN SUB	p45215	Otros/Varios			Localizador Xiaomi Tag - 1PZ
SIN SUB	p45372	Otros/Varios			Esterilizador UV-C Dipak LED portátil recargable color blanco
SIN SUB	p45409	Otros/Varios			Traductor Inteligente con Reconocimiento de Voz.Dispositivo de Traducción Preciso sin Conexión a Int
SIN SUB	p45585	Instrumentos musicales/Amplificadores			Tubo de vacío Electro-Harmonix 12AY7/6072A
SIN SUB	p456323	Muebles/Otros			Baby Bouncer Bright Starts, Cómoda Y Relajante, Vibraciones De 0 A 6 M - Venta Internacional.
SIN SUB	p45645	Instrumentos musicales/Amplificadores			Amplificador SounDigital EVOPS 800.4 800W RMS 4 canales
SIN SUB	p45655	Instrumentos musicales/Amplificadores			Amplificador IEM Kadence PEM-01 con entrada XLR/TRS cableada – Blanco
SIN SUB	p45678	Instrumentos musicales/Amplificadores			Pedal de efectos Electro-Harmonix LPB-3 Amplificador de potencia lineal
SIN SUB	p45695	Instrumentos musicales/Amplificadores			Cámara de Reverberación Accutronics 8AB2D1A 3 Resortes Decaimiento Medio
SIN SUB	p457060	Muebles/Otros			Conjunto Gerber Sudadera Azul Cómoda Niño 2 A 5 Años
SIN SUB	p457229	Muebles/Otros			Extractor De Leche Manual Lansinoh Con Cómoda Brida De 150 Ml - Venta Internacional.
SIN SUB	p45728	Otros/Varios			Llavero Porta Púas de Guitarra de Cuero CestAntiQ Rústico
SIN SUB	p457776	Instrumentos musicales/Viento			Piezas Para Extractor De Leche Moomentaneous Flautas Ovaladas De 19mm - Venta Internacional.
SIN SUB	p45791	Otros/Varios			Bigote Clip-On para Tuba Paquete de 2 Samorillo con Estuche
SIN SUB	p45819	Instrumentos musicales/Amplificadores			Sistema de PA Gigaphone G100S Amplificador de Voz Portátil de 30W
SIN SUB	p458337	Otros/Varios			Tabletas Detergentes Momcozy Para Lavadora De Biberones 200 Tabletas - Venta Internacional.
SIN SUB	p45847	Instrumentos musicales/Amplificadores			Sistema de PA Norwii Mini Amplificador de Voz Bluetooth 4000mAh
SIN SUB	p45906	Instrumentos musicales/Amplificadores			Amplificador de Audífonos Mackie HM-400 con 12 Salidas para Rack
SIN SUB	p45918	Instrumentos musicales/Amplificadores			Amplificador de Audífonos SAMSON QH4 Estéreo de 4 Canales
SIN SUB	p45974	Instrumentos musicales/Amplificadores			Amplificador de audífonos ART HeadAmp4 de 4 salidas estéreo
SIN SUB	p45976	Instrumentos musicales/Amplificadores			DAC USB HiBy FC4 MQA DSD512 PCM 768 kHz con amplificador y pantalla OLED
SIN SUB	p45993	Instrumentos musicales/Amplificadores			Amplificador de audio Pyle PTA66BT.5 Bluetooth de 6 canales y 600 W
SIN SUB	p460209	Instrumentos musicales/Viento			Broca Irwin Speedbor Para Madera Con Tres Flautas 1 6 Cm X 10 Cm - Venta Internacional.
SIN SUB	p46108	Instrumentos musicales/Amplificadores			Amplificador profesional cuoperh 600w rms sl-6000
SIN SUB	p46139	Instrumentos musicales/Amplificadores			Amplificador profesional cuoperh 2800w rms k-30
SIN SUB	p46140	Instrumentos musicales/Amplificadores			Amplificador profesional cuoperh 2 canales x 130w rms e-2000
SIN SUB	p46141	Instrumentos musicales/Amplificadores			Amplificador profesional cuoperh 3000w rms k-40
SIN SUB	p46142	Instrumentos musicales/Amplificadores			Amplificador profesional cuoperh 2200w rms sl-22000
SIN SUB	p46147	Instrumentos musicales/Amplificadores			Amplificador DAC portátil CriNear Protocol Max con PEQ de 10 bandas
SIN SUB	p46152	Instrumentos musicales/Amplificadores			Amplificador de potencia comercial Sound Town STCA360-6Z 360W
SIN SUB	p46155	Instrumentos musicales/Amplificadores			Amplificador profesional cuoperh 2 canales x 250w rms e-4000
SIN SUB	p46156	Instrumentos musicales/Amplificadores			Amplificador profesional cuoperh 1800w rms sl-18000
SIN SUB	p46157	Instrumentos musicales/Amplificadores			Amplificador profesional cuoperh 800w rms sl-8000
SIN SUB	p46158	Instrumentos musicales/Amplificadores			Amplificador profesional cuoperh 1200w rms sl-12000
SIN SUB	p46159	Instrumentos musicales/Amplificadores			Amplificador profesional cuoperh 2600w rms sl-26000
SIN SUB	p46160	Instrumentos musicales/Amplificadores			Amplificador profesional cuoperh 1600w rms sl-16000
SIN SUB	p46185	Instrumentos musicales/Amplificadores			Amplificador profesional cuoperh 4 canales x 300w rms 4cm6000
SIN SUB	p46186	Instrumentos musicales/Amplificadores			Amplificador profesional cuoperh 4 canales x 150w rms 4cm2000
SIN SUB	p46197	Deportes y fitness/Otros			Whistle Fox 40 Pearl negro
SIN SUB	p46206	Instrumentos musicales/Baterías			Cajón OnStage OnStage RDF2000 de espuma para cajón tipo rack de 2U
SIN SUB	p46207	Instrumentos musicales/Baterías			Cajón tipo rack OnStage OnStage Locking 2U (RDL2000) negro
SIN SUB	p46211	Instrumentos musicales/Baterías			Cajón OnStage RDF4000 de espuma para cajón tipo rack de 4U
SIN SUB	p46218	Instrumentos musicales/Baterías			Cajón tipo rack OnStage con cierre en el escenario 4U (RDL4000) color negro
SIN SUB	p46370	Instrumentos musicales/Amplificadores			Amplificador HOTONE Pulze Mini BT Modelado 5W con App
SIN SUB	p46372	Instrumentos musicales/Amplificadores			Amplificador para Instrumento Musical Yamaha THR5A Mini Acústico
SIN SUB	p464520	Instrumentos musicales/Viento			Broca Tipo Barrena Wobllmx 5/8 X 9 Para Madera Con Vástago Hexagonal Y Tres Flautas - Venta Internac
SIN SUB	p46569	Instrumentos musicales/Amplificadores			Amplificador Backstage Pro 1960 Watts Rms Cs-20000 de 2 Canales
SIN SUB	p46729	Instrumentos musicales/Amplificadores			Backstage Amplificador De Potencia Mx4
SIN SUB	p46732	Instrumentos musicales/Baterías			New Beat para percusiones NBMP9USB color negro
SIN SUB	p467365	Joyería y bisutería/Otros			Disco De Solapa Forney 71930 Tipo 29 Circonita Azul De 36 Granos 11 5 Cm - Venta Internacional.
SIN SUB	p46741	Instrumentos musicales/Amplificadores			Backstage Amplificador 1600 Watts Rms Cs-16000 2 Canales
SIN SUB	p46745	Instrumentos musicales/Amplificadores			Backstage Amplificador Hasta 550w Cs-6000 2 Canales
SIN SUB	p46752	Instrumentos musicales/Amplificadores			Amplificador de potencia Backstage Hcf-pro-40
SIN SUB	p46758	Instrumentos musicales/Amplificadores			Backstage CS-8000 Amplificador
SIN SUB	p46760	Instrumentos musicales/Amplificadores			BACKSTAGE amplificador CS-12000 color negro
SIN SUB	p46840	Instrumentos musicales/Amplificadores			Amplificador crown De 2 Canales XLS2002
SIN SUB	p468609	Muebles/Otros			Gabinete Bajo Almacenamiento Garaje Madesa Con Encimera
SIN SUB	p468610	Muebles/Otros			Gabinete Bajo Almacenamiento Garaje Madesa Con Encimera
SIN SUB	p468611	Muebles/Otros			Gabinete Bajo Almacenamiento Garaje Madesa Con Encimera
SIN SUB	p468612	Muebles/Otros			Gabinete Bajo Almacenamiento Garaje Madesa con Encimera
SIN SUB	p468613	Muebles/Otros			Gabinete Bajo Almacenamiento Garaje Madesa Con Encimera
SIN SUB	p468614	Muebles/Otros			Gabinete Bajo Almacenamiento Garaje Madesa Con Encimera
SIN SUB	p468615	Muebles/Otros			Gabinete Bajo Almacenamiento Garaje Madesa Con Encimera
SIN SUB	p468616	Muebles/Otros			Gabinete Bajo Almacenamiento Garaje Madesa Con Encimera
SIN SUB	p468617	Muebles/Otros			Gabinete Bajo Almacenamiento Garaje Madesa Con Encimera
SIN SUB	p468618	Muebles/Otros			Gabinete Bajo Almacenamiento Garaje Madesa Con Encimera
SIN SUB	p468634	Muebles/Otros			Gabinete Superior 4 Gavetas 27'' Serie I Urrea
SIN SUB	p468635	Muebles/Otros			Gabinete Superior Almacenamiento Garaje Madesa 120cm
SIN SUB	p468636	Muebles/Otros			Gabinete Superior Almacenamiento Garaje Madesa 120cm
SIN SUB	p468637	Muebles/Otros			Gabinete Superior Almacenamiento Garaje Madesa 120cm
SIN SUB	p468638	Muebles/Otros			Gabinete Superior Almacenamiento Garaje Madesa 120cm
SIN SUB	p468639	Muebles/Otros			Gabinete Superior Almacenamiento Garaje Madesa 80cm
SIN SUB	p468640	Muebles/Otros			Gabinete Superior Almacenamiento Garaje Madesa 80cm
SIN SUB	p468641	Muebles/Otros			Gabinete Superior Almacenamiento Garaje Madesa 80cm
SIN SUB	p468642	Muebles/Otros			Gabinete Superior Almacenamiento Garaje Madesa 80cm
SIN SUB	p46895	Instrumentos musicales/Amplificadores			Amplificador XTI2002
SIN SUB	p470686	Instrumentos musicales/Baterías			Kit De Baterías Blue Sea Systems 7650 Add-a-battery 120a - Venta Internacional.
SIN SUB	p470920	Videojuegos/Otros accesorios gamer			Kit De Reemplazo De Módulo Magnético Para Controlador Ps5 Edge - Venta Internacional.
SIN SUB	p471073	Muebles/Otros			Kit Gabinete Bajo Almacenamiento Garaje Madesa 200cm
SIN SUB	p471074	Muebles/Otros			Kit Gabinete Bajo Almacenamiento Garaje Madesa 200cm
SIN SUB	p471075	Muebles/Otros			Kit Gabinete Bajo Almacenamiento Garaje Madesa 200cm
SIN SUB	p471076	Muebles/Otros			Kit Gabinete Bajo Almacenamiento Garaje Madesa 200cm
SIN SUB	p471077	Muebles/Otros			Kit Gabinete Bajo Almacenamiento Garaje Madesa 200cm
SIN SUB	p471078	Muebles/Otros			Kit Gabinete Bajo Almacenamiento Garaje Madesa Mg
SIN SUB	p471079	Muebles/Otros			Kit Gabinete Superior Almacenamiento Garaje Madesa 200cm
SIN SUB	p471080	Muebles/Otros			Kit Gabinete Superior Almacenamiento Garaje Madesa 200cm
SIN SUB	p471081	Muebles/Otros			Kit Gabinete Superior Almacenamiento Garaje Madesa 200cm
SIN SUB	p471082	Muebles/Otros			Kit Gabinete Superior Almacenamiento Garaje Madesa 200cm
SIN SUB	p47124	Instrumentos musicales/Baterías			Banco redondo DW-CP-5100
SIN SUB	p47145	Otros/Varios			Micrófono Condensador Miniatura SAMETEORITE
SIN SUB	p473199	Otros/Varios			Lámpara Mata Mosquitos Eléctrico Negro
SIN SUB	p474403	Otros/Varios			Llavero Belug De Moda Acero Inoxidable Con Moto
SIN SUB	p475441	Joyería y bisutería/Otros			Mango De Micromotor H37l1 De 35 000 Rpm Para Laboratorio Joyería Y Cerámica - Venta Internacional.
SIN SUB	p475615	Joyería y bisutería/Otros			Máquina De Joyería Yshustgy Manual 2 En 1 Con Manivela - Venta Internacional.
SIN SUB	p475616	Joyería y bisutería/Otros			Máquina De Perforación Generic Ajustable Y Multifuncional Para Joyería Aleación De Aluminio 14 X 9 -
SIN SUB	p476198	Muebles/Otros			Mueble de Baño Esatto Buna Marmol En Mdf Incluye Todo Para Instalar
SIN SUB	p476201	Muebles/Otros			Mueble para Baño Buna Esatto Mdf Mármol Negro Llave Negra Incluye Todo Para Instalar
SIN SUB	p476202	Muebles/Otros			Mueble Para Baño Esatto Moderno Buna Tzalam Incluye Todo Para Instalarlo
SIN SUB	p476203	Muebles/Otros			Mueble Para Baño Wilson Tools Mod. Calisto
SIN SUB	p478149	Otros/Varios			Raqueta Electrónica Exterminadora De Insectos con Batería Recargable
SIN SUB	p479428	Muebles/Otros			Soporte Para Literatura Staples 474429, Plástico Transparente, 23 X 24 X 9 Cm - Venta Internacional.
SIN SUB	p480331	Otros/Varios			Tirantes Para Cinturón De Herramientas Construcción Melotough Con Soporte Para Teléfono - Venta Inte
SIN SUB	p480469	Mascotas/None			Gato Eléctrico Benyan Hidráulico Para Auto 5 Toneladas Con Inflador 12 V - Venta Internacional.
SIN SUB	p480470	Mascotas/None			Gato Eléctrico Trihelper Para Camioneta Suv 5 Toneladas Con Bomba De Neumáticos 12 V - Venta Interna
SIN SUB	p480471	Autos, bicicletas y motos/None			Generador Monofasico Oakland 120/240v13.0 Hp 25 Lt Cargador Baterias 12v Motor 4 Tiempos Encendido E
SIN SUB	p480473	Mascotas/None			Kit Hidráulico Con Gato Eléctrico Rogtz Para Coche 5 Toneladas 12 V Con Inflador De Neumáticos - Ven
SIN SUB	p480531	Herramientas/None			Unidad De Prueba Fluke Prv240 Para Herramientas De Prueba, 240 V Ac/dc - Venta Internacional.
SIN SUB	p480549	Autos, bicicletas y motos/None			Válvula De Compuerta De Descarga De Residuos Para Vehículos Recreativos De Acero Inoxidable 3 - Vent
SIN SUB	p480662	Herramientas/None			Abridor De Desagües Herramienta Superior De 30 Cm De Largo De Nailon Para Lavabo Bañera O Ducha - Ve
SIN SUB	p480711	Muebles/Otros			Alfombra Cotiled Vintage Para Pasillo Marrón Claro Suave Y Cómoda Lavable A Máquina - Venta Internac
SIN SUB	p480804	Autos, bicicletas y motos/None			Alfombra Zentavio Negra Para Sala De Estar Y Dormitorio 6 X 9 Pies - Venta Internacional.
SIN SUB	p480806	Muebles/Otros			Alfombrilla De Ducha Zoesoe Antideslizante Suave Y Cómoda Con Orificios De Drenaje - Venta Internaci
SIN SUB	p481039	Mascotas/None			Almohada Para Viaje Cuello Forma De U Gato De Fresa Eo Safe Imports Esi-18453 Rosa
SIN SUB	p481268	Joyería y bisutería/None			Amuleto Coleccionable De Fanattik Dungeons & Dragons Chapado En Oro De 24 Quilates - Venta Internaci
SIN SUB	p481355	Muebles/Otros			Aparador Bertolini Charlotte Pino Off White
SIN SUB	p481356	Muebles/Otros			Aparador Bertolini Creta Off White
SIN SUB	p481357	Muebles/Otros			Aparador Bertolini Creta Pino
SIN SUB	p481358	Muebles/Otros			Aparador Bertolini Estrella Off White
SIN SUB	p481359	Muebles/Otros			Aparador Bertolini Oasis Pino Off White
SIN SUB	p481360	Muebles/Otros			Aparador Bertolini Rt 3011 Blanco Rustico
SIN SUB	p481361	Muebles/Otros			Aparador Blanco Kappesberg 156 Cm 4 Puertas
SIN SUB	p481362	Muebles/Otros			Aparador Blanco/canela Kappesberg 156 Cm 4 Puertas
SIN SUB	p481363	Muebles/Otros			Aparador Blanco/gris Kappesberg 156 Cm 4 Puertas
SIN SUB	p481364	Muebles/Otros			Aparador Bufetero Blanco 4 Puertas 156 Cm Kappesberg
SIN SUB	p481365	Muebles/Otros			Aparador Bufetero Blanco/canela 4 Puertas 156 Cm Kappesberg
SIN SUB	p481366	Muebles/Otros			Aparador Bufetero Blanco/gris 4 Puertas 156 Cm Kappesberg
SIN SUB	p481367	Muebles/Otros			Aparador Bufetero Canela 4 Puertas 156 Cm Kappesberg
SIN SUB	p481368	Muebles/Otros			Aparador Bufetero Canela/blanco 4 Puertas 156 Cm Kappesberg
SIN SUB	p481369	Muebles/Otros			Aparador Bufetero Canela/gris 4 Puertas 156 Cm Kappesberg
SIN SUB	p481370	Muebles/Otros			Aparador Bufetero Kappesberg 156cm 4 Puertas Blanco
SIN SUB	p481371	Muebles/Otros			Aparador Bufetero Kappesberg 156cm 4 Puertas Blanco/canela
SIN SUB	p481372	Muebles/Otros			Aparador Bufetero Kappesberg 156cm 4 Puertas Blanco/gris
SIN SUB	p481373	Muebles/Otros			Aparador Bufetero Kappesberg 156cm 4 Puertas Canela
SIN SUB	p481374	Muebles/Otros			Aparador Bufetero Kappesberg 156cm 4 Puertas Canela/azul
SIN SUB	p481375	Muebles/Otros			Aparador Bufetero Kappesberg 156cm 4 Puertas Canela/blanco
SIN SUB	p481376	Muebles/Otros			Aparador Bufetero Kappesberg 156cm 4 Puertas Canela/gris
SIN SUB	p481377	Muebles/Otros			Aparador Canela Kappesberg 156 Cm 4 Puertas
SIN SUB	p481378	Muebles/Otros			Aparador Canela/blanco Kappesberg 156 Cm 4 Puertas
SIN SUB	p481379	Muebles/Otros			Aparador Canela/gris Kappesberg 156 Cm 4 Puertas
SIN SUB	p481380	Muebles/Otros			Aparador De Almacenaje Madesa Con 4 Puertas Color Marrón 1
SIN SUB	p481381	Muebles/Otros			Aparador De Almacenaje Madesa Con 4 Puertas Color Marrón
SIN SUB	p481382	Muebles/Otros			Aparador Madesa 160cm Con 3 Cajones Y Compartimentos Marrón
SIN SUB	p481456	Mascotas/None			Arte De Pared Hamduker Con Estampado De Gatos Monet Divertidos Nenúfares - Venta Internacional.
SIN SUB	p481457	Mascotas/None			Arte Gato Negro Minimalista Boho Cuadro Marco De Madera
SIN SUB	p481599	Mascotas/None			Balsa Flotante Para Perros Balsa Hinchable Para Mascotas Suave Para Verano - Venta Internacional.
SIN SUB	p481600	Mascotas/None			Inflable Balsa Apipi Para Perros Azul Con Puerto Para Piscinas - Venta Internacional.
SIN SUB	p481691	Autos, bicicletas y motos/None			Bandeja Autoadhesiva Insauto Para Automóviles 16 Pies Color Plateado Cromado - Venta Internacional.
SIN SUB	p482041	Mascotas/None			Bola De Cristal 3d Snow Globe Movdyka Con Forma De Gato 8 Cm Luz Led - Venta Internacional.
SIN SUB	p482061	Autos, bicicletas y motos/None			Bomba Aireadora Live Bait & Bubbler Engel Ultrasilenciosa Recargable Por Usb - Venta Internacional.
SIN SUB	p482075	Autos, bicicletas y motos/None			Bomba De Baloncesto Wilson Nba Drv Dual Action Azul - Venta Internacional.
SIN SUB	p482081	Autos, bicicletas y motos/None			Bomba Destapacaños De Aire
SIN SUB	p482082	Autos, bicicletas y motos/None			Bomba Destapacaños De Aire
SIN SUB	p482259	Mascotas/None			Bote De Basura Para Excrementos De Perro Animogoods De Acero Inoxidable 5 Litros Impermeable - Venta
SIN SUB	p482358	Mascotas/None			Buró con Jaladera de Conejo
SIN SUB	p482551	Mascotas/None			Buro Mesa De Noche C/luz Led Niños Conejo Recámara
SIN SUB	p482557	Mascotas/None			Buro Mesa De Noche Jaladera Conejo Luz Led Mdf Blanco
SIN SUB	p482563	Mascotas/None			Buro Mesa De Noche Orejas Conejo Recamara Niña Luz Led Rosa
SIN SUB	p482570	Mascotas/None			Buro Mesa Noche Blanco Conejo Recamara Niño Bebe Luz Led Mdf Mate Blanco
SIN SUB	p482574	Mascotas/None			Buro Mesa Noche Orejas Conejo Recamara Niño Bebe Luz Led Mdf
SIN SUB	p482726	Joyería y bisutería/None			Caja De Joyería Alhajero De Tallado Metal En Forma De Corazón Plateado
SIN SUB	p482727	Joyería y bisutería/None			Caja De Joyería Alhajero De Tallado Metal En Forma De Corazón Plateado
SIN SUB	p482730	Joyería y bisutería/None			Caja De Joyería Procase Tamaño De Viaje En Forma De Concha De Mar De Cuero Pu - Venta Internacional.
SIN SUB	p482733	Joyería y bisutería/None			Caja de Joyería Retro Malubero Multifuncional color Verde
SIN SUB	p482734	Joyería y bisutería/None			Caja De Joyería Songmics Organizador De Almacenamiento Con Cerradura Gris Ujbc158g01 - Venta Interna
SIN SUB	p482911	Videojuegos/Otros accesorios gamer			Tarjeta Memory Stick Pro Duo Ms De 16 Gb De Alta Velocidad Para Psp - Venta Internacional.
SIN SUB	p483032	Mascotas/None			Cesta Tejida Hugaboom Para Perros Grandes Con Asas Para Almacenamiento - Venta Internacional.
SIN SUB	p483036	Autos, bicicletas y motos/None			Cesto De Basura Zahari Home Sinatra Resina Champán 9 X 6 X 9 5 Cm - Venta Internacional.
SIN SUB	p483037	Muebles/Otros			Cesto De Ropa Plegable Elly De 40 L Blanco/negro Con Agarraderas Cómodas Con Diseño Compacto Práctic
SIN SUB	p483038	Joyería y bisutería/None			Chapado En Oro Rosa Dorado De 24 Quilates, 10 Pulgadas, Con Caja De Regalo De Lujo - Venta Internaci
SIN SUB	p484760	Herramientas/None			Colchón De Espuma Luuna Blue King Size Adulto Y Base De Madera De Bambú Armable Sin Herramientas
SIN SUB	p486228	Mascotas/None			Colgador De Fotos Hillman De Latón Con Forma De Perro Autoperforante Para Colgar Fotos Paquete De 10
SIN SUB	p486229	Herramientas/None			Colgador De Herramientas Con Rosca Secureline Lehigh Group Negro Grande - Venta Internacional.
SIN SUB	p486239	Mascotas/None			Colgante De Ventana De Vidrieras Dastoll 6x6 Cm 5 Gatos - Venta Internacional.
SIN SUB	p486678	Iluminación/None			Conexión Lámparas Led VentDepot Mxwwp-005 Blanco 5 Piezas 110 cm
SIN SUB	p486679	Iluminación/None			Conexión Lámparas VentDepot Mxwwp-002 Blanco 2 Piezas 110 cm
SIN SUB	p489535	Cámaras y fotografía/None			Cuadro Camara Vintage Canvas Recamara Sala Estudio De Foto
SIN SUB	p489536	Cámaras y fotografía/None			Cuadro Camara Vintage Grande Canvas Recamara Sala Estudio
SIN SUB	p489551	Mascotas/None			Cuadro Canvas Con Foto De Tu Mascota Diseño Chicle Bomba
SIN SUB	p489554	Cafeteras/None			Cuadro Canvas Revolution 120 x 60 cm Duraznos Cafetera Antigua
SIN SUB	p489557	Mascotas/None			Cuadro Canvas Revolution 120 X 80 CM Pintura Impresa Gatos Coloridos
SIN SUB	p489558	Mascotas/None			Cuadro Canvas Revolution 160 X 80 CM Pintura Impresa Gatos Coloridos
SIN SUB	p489559	Cafeteras/None			Cuadro Canvas Revolution 90 x 60 cm Duraznos Cafetera Antigua
SIN SUB	p489562	Cafeteras/None			Cuadro Canvas Revolution Duraznos Cafetera Antigua con Marco Dorado
SIN SUB	p489640	Mascotas/None			Cuadro Decorativo - Cabeza De Perro- Pierre-auguste Renoir - Animales - 31x31 - Impresión En Lienzo 
SIN SUB	p489641	Mascotas/None			Cuadro Decorativo - Cabeza De Perro- Pierre-auguste Renoir - Animales - 51x51 - Impresión En Lienzo 
SIN SUB	p489663	Mascotas/None			Cuadro Decorativo Canvas Destellos Felinos 120x60
SIN SUB	p489664	Mascotas/None			Cuadro Decorativo Canvas Destellos Felinos 90x60
SIN SUB	p489667	Mascotas/None			Cuadro Decorativo Canvas Gato Burbuja 60x90
SIN SUB	p489668	Mascotas/None			Cuadro Decorativo Canvas Gato Burbuja 80x120
SIN SUB	p489669	Mascotas/None			Cuadro Decorativo Canvas Gato De Algodón 60x90
SIN SUB	p489670	Mascotas/None			Cuadro Decorativo Canvas Gato De Algodón 80x120
SIN SUB	p489671	Mascotas/None			Cuadro Decorativo Canvas Gato Estelar 60x90
SIN SUB	p489672	Mascotas/None			Cuadro Decorativo Canvas Gato Estelar 80x120
SIN SUB	p489673	Mascotas/None			Cuadro Decorativo Canvas Gato Fantasía 60x90
SIN SUB	p489674	Mascotas/None			Cuadro Decorativo Canvas Gato Fantasía 80x120
SIN SUB	p489675	Mascotas/None			Cuadro Decorativo Canvas Gato Flotante 60x90
SIN SUB	p489676	Mascotas/None			Cuadro Decorativo Canvas Gato Flotante 80x120
SIN SUB	p489695	Mascotas/None			Cuadro Decorativo Canvas Perro Con Lentes 140x70
SIN SUB	p489696	Mascotas/None			Cuadro Decorativo Canvas Perro Con Lentes 90x60
SIN SUB	p489697	Mascotas/None			Cuadro Decorativo Canvas Perros Playeros 140x70
SIN SUB	p489698	Mascotas/None			Cuadro Decorativo Canvas Perros Playeros 90x60
SIN SUB	p489700	Mascotas/None			Cuadro Decorativo Canvas Tríptico Gato Impresionista 25x38 Cm
SIN SUB	p489701	Mascotas/None			Cuadro Decorativo Canvas Tríptico Gato Impresionista 30x45 Cm
SIN SUB	p489702	Mascotas/None			Cuadro Decorativo Canvas Tríptico Gato Impresionista 40x60 Cm
SIN SUB	p489703	Mascotas/None			Cuadro Decorativo Canvas Tríptico Universo De Gatos 25x38 Cm
SIN SUB	p489704	Mascotas/None			Cuadro Decorativo Canvas Tríptico Universo De Gatos 30x45 Cm
SIN SUB	p489705	Mascotas/None			Cuadro Decorativo Canvas Tríptico Universo De Gatos 40x60 Cm
SIN SUB	p489706	Mascotas/None			Cuadro Decorativo Canvas Tríptico Van Gato 25x38 Cm
SIN SUB	p489707	Mascotas/None			Cuadro Decorativo Canvas Tríptico Van Gato 30x45 Cm
SIN SUB	p489708	Mascotas/None			Cuadro Decorativo Canvas Tríptico Van Gato 40x60 Cm
SIN SUB	p489711	Mascotas/None			Cuadro Decorativo Canvas Ultima Cena Gatos, Sala, Comedor.
SIN SUB	p489742	Mascotas/None			Cuadro Decorativo - Estudio Del Perro Guía Homѐre Et Son.- William Bouguereau - Animales - 28x36-imp
SIN SUB	p489743	Mascotas/None			Cuadro Decorativo - Estudio Del Perro Guía Homѐre Et Son.- William Bouguereau - Animales - 46x61-imp
SIN SUB	p489744	Mascotas/None			Cuadro Decorativo - Estudio Del Perro Guía Homѐre Et Son.- William Bouguereau - Animales - 69x92-imp
SIN SUB	p489753	Mascotas/None			Cuadro Decorativo Fine Art Tj Gato Monet Chameleon Design Inc. Arte Moderno Impresión en Lienzo
SIN SUB	p489754	Mascotas/None			Cuadro Decorativo Fine Art Tj Gato Monet Chameleon Design Inc. Arte Moderno Impresión en Lienzo
SIN SUB	p489755	Mascotas/None			Cuadro Decorativo Fine Art Tj Gato Monet Chameleon Design
SIN SUB	p489760	Mascotas/None			Cuadro Decorativo Fine Art Tj Perro Negro Esquiando Ryan Fowler Arte Animales Impresión en Lienzo
SIN SUB	p489761	Mascotas/None			Cuadro Decorativo Fine Art Tj Perro Negro Esquiando Ryan Fowler Arte Animales Impresión en Lienzo
SIN SUB	p489762	Mascotas/None			Cuadro Decorativo Fine Art Tj Perro Negro Esquiando Ryan Fowler Arte Animales Impresión en Lienzo
SIN SUB	p489775	Mascotas/None			Cuadro Decorativo - Gato Monet - Chameleon Design, Inc. - Arte Moderno - Impresión En Lienzo - Fine 
SIN SUB	p489787	Mascotas/None			Cuadro Decorativo - La Comida Del Conejo (le Repas Du Lapin) (1908)- Henri Rousseau - Abstracto - 28
SIN SUB	p489788	Mascotas/None			Cuadro Decorativo - La Comida Del Conejo (le Repas Du Lapin) (1908)- Henri Rousseau - Abstracto - 46
SIN SUB	p489789	Mascotas/None			Cuadro Decorativo - La Comida Del Conejo (le Repas Du Lapin) (1908)- Henri Rousseau - Abstracto - 69
SIN SUB	p489790	Mascotas/None			Cuadro Decorativo - La Comida Del Conejo (le Repas Du Lapin) (1908)- Henri Rousseau - Abstracto - 77
SIN SUB	p489794	Mascotas/None			Cuadro Decorativo Labrador Retriever Mascota Retrato Canvas
SIN SUB	p489795	Mascotas/None			Cuadro Decorativo Labrador Retriever Mascota Retrato Canvas
SIN SUB	p489796	Mascotas/None			Cuadro Decorativo Labrador Retriever Mascota Retrato Canvas
SIN SUB	p489797	Mascotas/None			Cuadro Decorativo Labrador Retriever Mascota Retrato Canvas
SIN SUB	p489798	Mascotas/None			Cuadro Decorativo Labrador Retriever Mascota Retrato Canvas
SIN SUB	p489799	Lavadoras/None			Cuadro Decorativo - Las Lavadoras- Pierre-auguste Renoir - Paisaje - 28x36 - Impresión En Lienzo - F
SIN SUB	p489800	Lavadoras/None			Cuadro Decorativo - Las Lavadoras- Pierre-auguste Renoir - Paisaje - 46x61 - Impresión En Lienzo - F
SIN SUB	p489801	Lavadoras/None			Cuadro Decorativo - Las Lavadoras- Pierre-auguste Renoir - Paisaje - 69x92 - Impresión En Lienzo - F
SIN SUB	p489827	Mascotas/None			Cuadro Decorativo - Mujer Con Un Gato- Pierre-auguste Renoir - Fotografía - 28x36 - Impresión En Lie
SIN SUB	p489828	Mascotas/None			Cuadro Decorativo - Mujer Con Un Gato- Pierre-auguste Renoir - Fotografía - 46x61 - Impresión En Lie
SIN SUB	p489829	Mascotas/None			Cuadro Decorativo - Mujer Con Un Gato- Pierre-auguste Renoir - Fotografía - 69x92 - Impresión En Lie
SIN SUB	p489830	Mascotas/None			Cuadro Decorativo - Mujer Con Un Gato- Pierre-auguste Renoir - Fotografía - 77x102 - Impresión En Li
SIN SUB	p489839	Mascotas/None			Cuadro Decorativo - Niños Jugando Con Un Gato- Mary Cassatt - Religión - 28x36 - Impresión En Lienzo
SIN SUB	p489840	Mascotas/None			Cuadro Decorativo - Niños Jugando Con Un Gato- Mary Cassatt - Religión - 46x61 - Impresión En Lienzo
SIN SUB	p489841	Mascotas/None			Cuadro Decorativo - Niños Jugando Con Un Gato- Mary Cassatt - Religión - 69x92 - Impresión En Lienzo
SIN SUB	p489846	Mascotas/None			Cuadro Decorativo - Paisaje Con Mujer Y Perro (femme Et Chien Dans Un Paysage) (1917)- Pierre-august
SIN SUB	p489847	Mascotas/None			Cuadro Decorativo - Paisaje Con Mujer Y Perro (femme Et Chien Dans Un Paysage) (1917)- Pierre-august
SIN SUB	p490049	Mascotas/None			Cuadro Decorativo Para Comedor Lentes Caninos 120x60
SIN SUB	p490079	Mascotas/None			Cuadro Decorativo Para Sala Lentes Caninos 90x60
SIN SUB	p490080	Mascotas/None			Cuadro Decorativo - Perro Negro Esquiando - Ryan Fowler - Arte Animales - Impresión En Lienzo - Fine
SIN SUB	p490081	Mascotas/None			Cuadro Decorativo - Perro Y Gallo (1921)- Pablo Picasso - Abstracto - 34x64 - Impresión En Lienzo - 
SIN SUB	p490082	Mascotas/None			Cuadro Decorativo - Perro Y Gallo (1921)- Pablo Picasso - Abstracto - 46x89 - Impresión En Lienzo - 
SIN SUB	p490083	Mascotas/None			Cuadro Decorativo - Perro Y Gallo (1921)- Pablo Picasso - Abstracto - 54x102 - Impresión En Lienzo -
SIN SUB	p490088	Mascotas/None			Cuadro Decorativo Recámara Pop Art Canvas Gato Urban 120x60
SIN SUB	p490089	Mascotas/None			Cuadro Decorativo Recámara Pop Art Canvas Gato Urban 90x60
SIN SUB	p490090	Mascotas/None			Cuadro Decorativo Recámara Pop Art Canvas Perico Coolness 120x60
SIN SUB	p490091	Mascotas/None			Cuadro Decorativo Recámara Pop Art Canvas Perico Coolness 90x60
SIN SUB	p490092	Mascotas/None			Cuadro Decorativo Recámara Pop Art Canvas Perico Funk 120x60
SIN SUB	p490093	Mascotas/None			Cuadro Decorativo Recámara Pop Art Canvas Perico Funk 90x60
SIN SUB	p490094	Mascotas/None			Cuadro Decorativo Recámara Pop Art Canvas Perico Trendy 120x60
SIN SUB	p490095	Mascotas/None			Cuadro Decorativo Recámara Pop Art Canvas Perico Trendy 90x60
SIN SUB	p490096	Mascotas/None			Cuadro Decorativo Recámara Pop Art Canvas Perro De Alturas 120x60
SIN SUB	p490097	Mascotas/None			Cuadro Decorativo Recámara Pop Art Canvas Perro De Alturas 90x60
SIN SUB	p490098	Mascotas/None			Cuadro Decorativo Recámara Pop Art Canvas Perro Pop Radical 120x60
SIN SUB	p490099	Mascotas/None			Cuadro Decorativo Recámara Pop Art Canvas Perro Pop Radical 90x60
SIN SUB	p490100	Mascotas/None			Cuadro Decorativo Recámara Pop Art Canvas Perro Star 120x60
SIN SUB	p490101	Mascotas/None			Cuadro Decorativo Recámara Pop Art Canvas Perro Star 90x60
SIN SUB	p490102	Mascotas/None			Cuadro Decorativo Recámara Pop Art Canvas Perro Street Art 120x60
SIN SUB	p490103	Mascotas/None			Cuadro Decorativo Recámara Pop Art Canvas Perro Street Art 90x60
SIN SUB	p490104	Mascotas/None			Cuadro Decorativo Recámara Pop Art Canvas Perro Surfer 120x60
SIN SUB	p490105	Mascotas/None			Cuadro Decorativo Recámara Pop Art Canvas Perro Surfer 90x60
SIN SUB	p490143	Mascotas/None			Cuadro Decorativo - Una Mujer Con Un Perro- Jean Honore Fragonard - Fotografía - 28x36 - Impresión E
SIN SUB	p490144	Mascotas/None			Cuadro Decorativo - Una Mujer Con Un Perro- Jean Honore Fragonard - Fotografía - 46x61 - Impresión E
SIN SUB	p490145	Mascotas/None			Cuadro Decorativo - Una Mujer Con Un Perro- Jean Honore Fragonard - Fotografía - 69x92 - Impresión E
SIN SUB	p490146	Mascotas/None			Cuadro Decorativo - Una Mujer Con Un Perro- Jean Honore Fragonard - Fotografía - 77x102 - Impresión 
SIN SUB	p490149	Mascotas/None			Cuadro Entelado Cachorro de León Acostado
SIN SUB	p490152	Mascotas/None			Cuadro Gatos Colorido Pintura Maximalista En Canvas 60x80cm
SIN SUB	p490155	Mascotas/None			Cuadro Mural Yaneiro Sobre Lienzo Con Forma De Gato Y Tiburón Negro 40 X 60 Cm - Venta Internacional
SIN SUB	p490156	Mascotas/None			Cuadro Noche Estrellada Gatos Lienzo Canvas Moderno Cats
SIN SUB	p490164	Mascotas/None			Cuadro Perro Dálmata Colorido De Moda Maximalista En Canvas
SIN SUB	p490165	Mascotas/None			Cuadro Perro Impresionista Lienzo Canvas Listo Para Colgar
SIN SUB	p490166	Mascotas/None			Cuadro Perro Pug Noche Estrellada Canvas Grueso 30x30cm Sala
SIN SUB	p490167	Mascotas/None			Cuadro Perro Pug Noche Estrellada Canvas Grueso 40x40cm Sala
SIN SUB	p490168	Mascotas/None			Cuadro Perro Pug Noche Estrellada Canvas Grueso 50x50cm Color Multicolor Armazón Bastidor De Madera
SIN SUB	p490169	Mascotas/None			Cuadro Perro Pug Noche Estrellada Canvas Grueso 60x60cm Sala
SIN SUB	p490170	Mascotas/None			Cuadro Perros Jugando Poker En Lienzo Canvas Con Bastidor
SIN SUB	p490171	Mascotas/None			Cuadro Perros Retratos Varias Razas Canvas Decorativo 55x55
SIN SUB	p490172	Mascotas/None			Cuadro Perros Retratos Varias Razas Canvas Decorativo 55x55
SIN SUB	p490173	Mascotas/None			Cuadro Perros Retratos Varias Razas Canvas Decorativo 55x55
SIN SUB	p490174	Mascotas/None			Cuadro Perros Retratos Varias Razas Canvas Decorativo 55x55
SIN SUB	p490175	Mascotas/None			Cuadro Perros Retratos Varias Razas Canvas Decorativo 55x55
SIN SUB	p490176	Mascotas/None			Cuadro Perros Retratos Varias Razas Canvas Decorativo 55x55
SIN SUB	p490177	Mascotas/None			Cuadro Perros Retratos Varias Razas Canvas Decorativo 55x55
SIN SUB	p490178	Mascotas/None			Cuadro Perros Retratos Varias Razas Canvas Decorativo 55x55
SIN SUB	p490179	Mascotas/None			Cuadro Perros Retratos Varias Razas Canvas Decorativo 55x55
SIN SUB	p490469	Instrumentos musicales/Viento			Cuerno De Carnero Shofar Halleluyah 14 A 16 Cm Kosher Inodoro Con Accesorios - Venta Internacional.
SIN SUB	p490545	Mascotas/None			Decoración Mural Hamduker Garden Con Forma De Gato Negro Divertido Gato Preppy 20 X 25 Cm - Venta In
SIN SUB	p490556	Muebles/Otros			Despensero De Cocina Mueble De Almacenamiento Multiusos Organizador Diseño Minimalista.
SIN SUB	p490557	Muebles/Otros			Despensero De Cocina Mueble De Almacenamiento Multiusos Organizador Diseño Minimalista.
SIN SUB	p490559	Autos, bicicletas y motos/None			Diario De Kilometraje Y Gastos Para Vehículos Adams 13x22 Cm Con Espiral - Venta Internacional.
SIN SUB	p490603	Mascotas/None			Dog Pool Jecoo, Plástico Duro Plegable Para Perros Grandes, Tamaño 3xl - Venta Internacional.
SIN SUB	p490614	Muebles/Otros			¡duerme Cómodamente Con Esta Almohada!
SIN SUB	p491822	Muebles/Otros			Esatto Mueble Para Baño Moderno Astra Tzalam Con Lavabo Cerámico Llave Negra Y Desagües Listo Para I
SIN SUB	p492093	Mascotas/None			Escultura de Gato Transit de Cerámica
SIN SUB	p492094	Mascotas/None			Escultura de Perro Ascua de Cerámica
SIN SUB	p492601	Autos, bicicletas y motos/None			Estante Flotante Ryofobetto Small Farmhouse De 6 X 9 Pulgadas Juego De 3 Unidades Color Negro - Vent
SIN SUB	p492650	Herramientas/None			Estantería De Herramienta, Artículos De Trabajo Y Hogar
SIN SUB	p492697	Autos, bicicletas y motos/None			Estantería Flotante Ryofobetto Pequeña Granja 6 X 9 Pulgadas Juego De 3 Unidades Color Blanco - Vent
SIN SUB	p492741	Mascotas/None			Estatua De Perro Hombre Y Perro De Friygardcn Para Decoración Del Hogar - Venta Internacional.
SIN SUB	p492770	Joyería y bisutería/None			Expositor 3d Belug Joyería Marco Flotante 20 Pcs Negro
SIN SUB	p492771	Joyería y bisutería/None			Expositor 3d Lab.g Joyería Marco Flotante Negro
SIN SUB	p492779	Otros/Varios			Exterminador De Insectos Voladores Con Ventilador
SIN SUB	p492780	Otros/Varios			Exterminador De Insectos Voladores Steren Con Ventilador Grande Insectronic-410
SIN SUB	p492822	Mascotas/None			Figura de Conejo Arene de Poliresina
SIN SUB	p492823	Mascotas/None			Figura De Conejo Blanco De Alicia En El País De Las Maravillas De Swarovski - Venta Internacional.
SIN SUB	p492829	Mascotas/None			Figura Decorativa - Forma De Conejo Dorado
SIN SUB	p492830	Mascotas/None			Figura Decorativa - Forma De Conejo Plateado
SIN SUB	p492832	Mascotas/None			Figura Elegondrar De Mujer Con Perro Westie Para Amantes De Los Perros - Venta Internacional.
SIN SUB	p492834	Mascotas/None			Figura Inflable De Gato
SIN SUB	p493283	Muebles/Otros			Gabinete ​Aparador Madesa 3 Puertas Marrón
SIN SUB	p493601	Muebles/Otros			Gabinete Inferior AURORA Estación De Café Multiusos
SIN SUB	p493924	Herramientas/None			Gancho De Baño Boie Usa Para Herramientas De Ducha O Baño (color Menta) - Venta Internacional.
SIN SUB	p493927	Herramientas/None			Gancho Para Herramientas Crawford Acero Gris Con Revestimiento De Vinilo 15 Kg De Capacidad - Venta 
SIN SUB	p494042	Muebles/Otros			Hamaca de Lona Cómoda y Económica BELUG puede Soportar 200 Kg Colores
SIN SUB	p494046	Herramientas/None			Herramienta De Cierre De Emergencia Orbit 26097 Para Gas Y Agua - Venta Internacional.
SIN SUB	p494047	Herramientas/None			Herramienta Generic Para Retirar Cabezales Emergentes De Piscina Empotrada - Venta Internacional.
SIN SUB	p494072	Mascotas/None			Hip Hopper Hinchable Con Forma De Animal Saltarín Para Perros - Venta Internacional.
SIN SUB	p494639	Iluminación/None			Juego De 2 Faroles Para Velas Glitzhome Farmhouse, Madera Y Metal - Venta Internacional.
SIN SUB	p494648	Muebles/Otros			Juego De 2 Mesitas De Noche Led Blancas Con Carga - Venta Internacional.
SIN SUB	p494649	Muebles/Otros			Juego De 2 Mesitas De Noche Vasagle Con Cajón De Tela - Venta Internacional.
SIN SUB	p494672	Autos, bicicletas y motos/None			Juego De 25 Guías Oxford, Pesadas, 6 X 9 Pulgadas, A-z - Venta Internacional.
SIN SUB	p494707	Lavadoras/None			Juego De 9 Bolsas De Malla Para Lavadoras
SIN SUB	p494720	Herramientas/None			Juego De Broches Metálicos Con Herramientas Broches Costura Eo Safe Imports Esi-19787 Multicolor
SIN SUB	p495587	Mascotas/None			Juego De Figuras De Gato De Resina Liiusgelad Whimsical Decor 6 Piezas - Venta Internacional.
SIN SUB	p495634	Muebles/Otros			Juego De Mesitas De Noche Flotantes Hoseoka Modern Con Cajón Blanco X2 - Venta Internacional.
SIN SUB	p495635	Muebles/Otros			Juego De Mesitas De Noche Flotantes Hoseoka Modern Con Cajón Negro X2 - Venta Internacional.
SIN SUB	p495644	Juegos de mesa/Otros juegos			Juego de Rollos de Hilo 10 Piezas Eo Safe Imports Esi-24267
SIN SUB	p495645	Juegos de mesa/Otros juegos			Juego De Rollos De Hilo Chino Eo Safe Imports Esi-24265
SIN SUB	p495646	Juegos de mesa/Otros juegos			Juego de Rollos de Listón Eo Safe Imports Esi-24263 Azul 6 Piezas
SIN SUB	p495647	Juegos de mesa/Otros juegos			Juego De Rollos Listón Eo Safe Imports Esi-24259 Rosa 6piezas
SIN SUB	p495648	Juegos de mesa/Otros juegos			Juego De Rollos Listón Eo Safe Imports Esi-24262 Verde 6 Piezas
SIN SUB	p495649	Juegos de mesa/Otros juegos			Juego De Rollos Listón Eo Safe Imports Esi-24264 Multicolor 6 piezas
SIN SUB	p498115	Mascotas/None			Kit De Alfombra Con Ganchillo Generic Con Retrato De Perro Husky Y Montañas Nevadas Fibra Acrílica -
SIN SUB	p498116	Mascotas/None			Kit De Alfombra Generic Con Ganchillo De Enganche Gato Blanco Y Negro 52 X 38 Cm - Venta Internacion
SIN SUB	p498117	Herramientas/None			Kit De Alfombra Generic Para Ganchillo De Pestillo Negro Con Base Preimpresa Y Herramienta - Venta I
SIN SUB	p498124	Herramientas/None			Kit De Bordado Generic Calavera Con Flores Bastidor De Bordado Y Herramienta Punch Needle Tela De - 
SIN SUB	p498125	Mascotas/None			Kit De Bordado Generic Con Aguja Mágica Diy De Conejo Tierno - Venta Internacional.
SIN SUB	p498126	Mascotas/None			Kit De Bordado Generic Con Aguja Punch Diseño De Perro Salchicha Marrón Bastidor Ajustable 20 X 20 -
SIN SUB	p498127	Herramientas/None			Kit De Bordado Generic Con Herramienta Punch Needle Tela De Algodón Preimpresa Con Hilos Vibrantes -
SIN SUB	p498146	Herramientas/None			Kit De Cerámica Sculpd Con Arcilla De Secado Al Aire Herramientas Pinturas Y Barniz - Venta Internac
SIN SUB	p498152	Herramientas/None			Kit De Ganchillo Minimalista Para Principiantes Con Lana Y Herramientas - Venta Internacional.
SIN SUB	p498153	Mascotas/None			Kit De Ganchillo Zepiany Para Principiantes Con Gato De Ganchillo Y Vídeos - Venta Internacional.
SIN SUB	p498161	Iluminación/None			Kit De Lámparas Jandorf 60139 Silver Lighting - Venta Internacional.
SIN SUB	p498174	Herramientas/None			Kit De Manualidades Generic Con Cojín Preimpreso Y Herramienta De Ganchillo De Pestillo Cactus - Ven
SIN SUB	p498179	Mascotas/None			Kit De Punch Needle Generic Para Bordado De Gato Con Bastidor Ajustable 20 X 20 Cm - Venta Internaci
SIN SUB	p498180	Herramientas/None			Kit De Punch Needle Infunly 24x24 Cm Con Diseño Preimpreso De Huellas De Patas Y Herramientas Para -
SIN SUB	p498190	Herramientas/None			Kit De Tufting Vehipa 2 En 1 Con Recortadora Y Herramientas Para Alfombras - Venta Internacional.
SIN SUB	p498191	Herramientas/None			Kit De Velas Sculpd Peony Rose Con Cera De Soja Ecológica Y Herramientas - Venta Internacional.
SIN SUB	p498204	Herramientas/None			Kit Para Hacer Velas Diawiew Con Aguja Para Mecha Y Herramientas - Venta Internacional.
SIN SUB	p498228	Otros/Varios			Lámpara Antimosquitos Insectos 20w Eo Safe Imports Esi-14103 Negro
SIN SUB	p498525	Otros/Varios			Lámpara Eléctrica Mata Mosquitos Con Luz Led Para Interior Y Exterior
SIN SUB	p498613	Otros/Varios			Lámpara Mata Mosquitos De Conexión Usb Eo Safe Imports Esi-20545 Blanco
SIN SUB	p498614	Otros/Varios			Lámpara Mata Mosquitos Eléctrica Luz Uv Mosquito 18w Eo Safe Imports Esi-14099 Negro
SIN SUB	p498615	Otros/Varios			Lámpara Mata Mosquitos Eléctrico Eo Safe Imports ESI-8940 Negro
SIN SUB	p498616	Otros/Varios			Lámpara Mata Mosquitos Electrico Impermeable Usb Portatil Eo Safe Imports Esi-15268 Multicolor
SIN SUB	p498617	Otros/Varios			Lámpara Mata Mosquitos Eléctrico Interior Y Exterior Eo Safe Imports Esi-15267 Multicolor
SIN SUB	p498618	Otros/Varios			Lámpara Mata Mosquitos Eléctrico Matamoscas 20w Esi-6015 Negro
SIN SUB	p498619	Otros/Varios			Lámpara Mata Mosquitos Eléctrico Portatil Antimosquitos Eo Safe Imports Esi-9400 Negro
SIN SUB	p498620	Otros/Varios			Lampara Mata Mosquitos Eléctrico Recargable Y Iluminado Eo Safe Imports Esi-20543 Negro
SIN SUB	p498621	Otros/Varios			Lámpara Mata Mosquitos Impermeable Portátil Eo Safe Imports Esi-15270 Negro
SIN SUB	p498622	Otros/Varios			Lámpara Mata Mosquitos Insecto Uv Eléctrico Silenciar Eo Safe Imports Esi-15266 Negro
SIN SUB	p498623	Otros/Varios			Lámpara Mata Mosquitos Insectos Uv Usb Eléctrico Eo Safe Imports Esi-15265 Gris
SIN SUB	p498624	Otros/Varios			Lámpara Mata Mosquitos Repelente Uv Eléctrica 5w Eo Safe Imports Esi-15273 Gris
SIN SUB	p498625	Otros/Varios			Lámpara Matamosquitos Eléctrica Portátil 4200 v Eo Safe Imports Esi-14102 Negro
SIN SUB	p498626	Otros/Varios			Lámpara Matamosquitos Insectos Luz Uv Led Usb Eo Safe Imports Esi-14100 Blanco
SIN SUB	p498627	Otros/Varios			Lámpara Matamosquitos Usb Recargable Impermeable Portátil Eo Safe Imports Esi-14101 Negro
SIN SUB	p498654	Otros/Varios			Lámpara Para Mata Mosquitos Eléctrico Impermeable Eo Safe Imports Esi-20542 Negro
SIN SUB	p498658	Otros/Varios			Lampara Repelente Eléctrica Mata Mosquitos Mosca Eo Safe Imports Esi-15269 Negro
SIN SUB	p498991	Autos, bicicletas y motos/None			Libreta De Direcciones Y Teléfonos Libro De Registro De Direcciones Genérica De 6 X 9 Pulgadas - Ven
SIN SUB	p499291	Muebles/Otros			Maceta Decorativa 3d Escritorio3d Art Mxfbw-004 4 Piezas Azul
SIN SUB	p499293	Muebles/Otros			Maceta Decorativa Para Escritorio3d Art Mxyfb-002 2 Piezas Rojo
SIN SUB	p499365	Muebles/Otros			Manta De Forro Polar Cómoda 127 X 152 Cm Diseño De Búho Navideño - Venta Internacional.
SIN SUB	p500082	Joyería y bisutería/None			Marco De Fotos Yipinyin De Metal Chapado En Oro 10 X 15 Cm Paquete De 2 - Venta Internacional.
SIN SUB	p500084	Mascotas/None			Marco Decorativo Coleccionador Pines Mascotas Mundiales Futbol 1966-2026
SIN SUB	p500090	Otros/Varios			Mata Mosquitos Lampara Repelente Eo Safe Imports Esi-20541 Negro
SIN SUB	p500101	Videojuegos/Otros accesorios gamer			Tarjeta Memory Stick Pro Duo 16 Gb Hsanyiur Para Psp Y Cámara - Venta Internacional.
SIN SUB	p500102	Videojuegos/Otros accesorios gamer			Tarjeta Memory Stick Pro Duo De 128 Gb De Alta Velocidad Para Psp Y Cámara - Venta Internacional.
SIN SUB	p500103	Videojuegos/Otros accesorios gamer			Memory Stick Pro Duo De 128 Gb Para Cámara Y Accesorios De Psp - Venta Internacional.
SIN SUB	p500104	Videojuegos/Otros accesorios gamer			Memory Stick Pro Duo De 16 Gb De Alta Velocidad Para Psp Y Cámara Juzhuo - Venta Internacional.
SIN SUB	p500105	Videojuegos/Otros accesorios gamer			Tarjeta Memory Stick Pro Duo De 64 Gb Para Cámara Y Accesorios De Psp - Venta Internacional.
SIN SUB	p500106	Videojuegos/Otros accesorios gamer			Tarjeta Memory Stick Pro Duo Hsanyiur De 64 Gb Para Psp Y Cámara - Venta Internacional.
SIN SUB	p500108	Videojuegos/Otros accesorios gamer			Tarjeta Memory Stick Pro Duo Liliwell Original De 16 Gb Para Psp Y Cámara - Venta Internacional.
SIN SUB	p500109	Videojuegos/Otros accesorios gamer			Memory Stick Pro Duo Liliwell Original De 32 Gb Para Cámara Psp - Venta Internacional.
SIN SUB	p500110	Videojuegos/Otros accesorios gamer			Tarjeta Memory Stick Pro-hg Duo De 128 Gb Para Psp 1000 2000 3000 - Venta Internacional.
SIN SUB	p500111	Videojuegos/Otros accesorios gamer			Tarjeta Memory Stick Pro-hg Duo De 16 Gb Para Cámara Y Accesorios De Psp - Venta Internacional.
SIN SUB	p500892	Televisores/None			Mesa para Televisión Belice Café
SIN SUB	p500893	Televisores/None			Mesa para Televisión Cairo Chocolate
SIN SUB	p500894	Televisores/None			Mesa para Televisión Gala Natural Café
SIN SUB	p500895	Televisores/None			Mesa para Televisión Geminis Nogal
SIN SUB	p500896	Televisores/None			Mesa Para Televisión Ilios Innova Tv1002 Color Multicolor
SIN SUB	p500897	Televisores/None			Mesa para Televisión Ismael Café
SIN SUB	p500898	Televisores/None			Mesa para Televisión Luna Chocolate
SIN SUB	p500899	Televisores/None			Mesa para Televisión Mobi Zafiro Tabaco
SIN SUB	p500900	Televisores/None			Mesa para Televisión Palermo Nogal
SIN SUB	p500901	Televisores/None			Mesa para Televisión Ryu Gris
SIN SUB	p500902	Televisores/None			Mesa para Televisión Tauro Chocolate
SIN SUB	p500903	Televisores/None			Mesa para Televisión Tauro Gris
SIN SUB	p500904	Televisores/None			Mesa para Televisión Zaira Café
SIN SUB	p500905	Televisores/None			Mesa para Televisión Zeus Chocolate
SIN SUB	p500951	Muebles/Otros			Mueble Para Sala Lima Miel con Negro
SIN SUB	p501170	Muebles/Otros			Mesitas Songmics Bellah Negro Con 2 Cajones Espaciosos Y Estructura Resistente - Venta Internacional
SIN SUB	p501176	Mascotas/None			Mini Gatos Fortuna de Cerámica 5 Piezas
SIN SUB	p501191	Mascotas/None			Minifigurita Raqwi Con Forma De Rana Y Gato Para Decoración De Oficina - Venta Internacional.
SIN SUB	p501192	Mascotas/None			Minifigurita Raqwi Con Forma De Rana Y Gato Para Decoración De Oficina - Venta Internacional.
SIN SUB	p501234	Muebles/Otros			Mueble De Baño Completo Para Almacenaje Madesa Nice 120cm 1
SIN SUB	p501235	Muebles/Otros			Mueble De Baño Completo Para Almacenaje Madesa Nice 120cm 5
SIN SUB	p501236	Muebles/Otros			Mueble De Baño Completo Para Almacenaje Madesa Nice 120cm C
SIN SUB	p501237	Muebles/Otros			Mueble De Baño Completo Para Almacenaje Madesa Nice 120cm G
SIN SUB	p501238	Muebles/Otros			Mueble de Baño con Lavabo Essato Dcta Rondo
SIN SUB	p501239	Muebles/Otros			Mueble de Baño Esatto Bleu Ebano Indi color Gris
SIN SUB	p501240	Muebles/Otros			Mueble De Baño Flotante Mobi Mendoza Blanco
SIN SUB	p501241	Muebles/Otros			Mueble de Baño Minimalista
SIN SUB	p501410	Muebles/Otros			Mueble Para Baño Completo Dafne Mármol Blanco
SIN SUB	p501411	Muebles/Otros			Mueble para Baño Completo Dafne Mármol Negro
SIN SUB	p501412	Muebles/Otros			Mueble Para Baño Completo Decomobil DAFNE Parota
SIN SUB	p501413	Muebles/Otros			Mueble Para Baño Completo Francesca Mármol Branco
SIN SUB	p501414	Muebles/Otros			Mueble Para Baño Completo Francesca Mármol Negro
SIN SUB	p501415	Muebles/Otros			Mueble Para Baño Completo Francesca Parota
SIN SUB	p501416	Muebles/Otros			Mueble Para Baño Completo Hazel Mármol Blanco
SIN SUB	p501417	Muebles/Otros			Mueble Para Baño Completo Hazel Mármol Negro
SIN SUB	p501418	Muebles/Otros			Mueble Para Baño Completo Hazel Parota
SIN SUB	p501420	Muebles/Otros			Mueble para Baño Hogare Rustik Wood-cubierta Negro
SIN SUB	p501421	Muebles/Otros			Mueble para Baño Mobi Arkansas Chocolate
SIN SUB	p501422	Muebles/Otros			Mueble para Baño Mobi Dakota Nogal
SIN SUB	p501423	Muebles/Otros			Mueble para Baño Mobi Limay Blanco
SIN SUB	p501424	Muebles/Otros			Mueble para Baño Mobi Limay Miel
SIN SUB	p501425	Muebles/Otros			Mueble para Baño Mobi Malibú Fresno
SIN SUB	p501426	Muebles/Otros			Mueble para Baño Mobi Portland Fresno
SIN SUB	p501427	Muebles/Otros			Mueble para Baño Mobi Virginia Tabaco
SIN SUB	p501428	Muebles/Otros			Mueble para Baño +Simple Madison con Lavabo
SIN SUB	p501429	Muebles/Otros			Mueble para Baño + Simple Victoria Blanco
SIN SUB	p501438	Televisores/None			Mueble Para Televisión Organizador Elegante Estante Y Repisa Eo Safe Imports Esi-24654 Multicolor
SIN SUB	p501439	Televisores/None			Mueble Para Televisión Organizador Elegante Estante Y Repisa Eo Safe Imports Esi-26146 Café
SIN SUB	p501678	Muebles/Otros			Muebles para Baño Mobi Yuma Gris
SIN SUB	p501912	Joyería y bisutería/None			Organizador Uprony Transparente Con 120 Compartimentos Para Joyería De Viaje - Venta Internacional.
SIN SUB	p502322	Mascotas/None			Parche De Tigre Felino Para Ropapatchpros Mxgri-005 5 Parchesmulticolor
SIN SUB	p502324	Mascotas/None			Parches De Tigre Felino Bordadopatchpros Mxigt-001 1 Parchemulticolor
SIN SUB	p502852	Mascotas/None			Piscina Plegable Para Mascotas Niubya Pvc 247 X 41 Cm - Venta Internacional.
SIN SUB	p502854	Mascotas/None			Piscina Plegable Para Perros Y Niños Jasonwell 180l Para Patio Trasero - Venta Internacional.
SIN SUB	p502855	Mascotas/None			Piscina Plegable Para Perros Y Niños Jasonwell, Plástico Duro, 150 Cm - Venta Internacional.
SIN SUB	p502856	Mascotas/None			Piscina Plegable Sloosh Para Perros Y Niños Color Gris 160 X 30 Cm - Venta Internacional.
SIN SUB	p502857	Mascotas/None			Piscina Portátil Plegable Para Perros Plástico Duro Varios Tamaños - Venta Internacional.
SIN SUB	p502929	Mascotas/None			Pool Float Bigmouth Inc., Bonito Perro Corgi Con Forma De Más De 1,2 M De Ancho - Venta Internaciona
SIN SUB	p502940	Otros/Varios			Portalápices Idefair Con Diseño De Calavera Gótica Con Soporte Para Teléfono 9 X 10 Cm - Venta Inter
SIN SUB	p502945	Mascotas/None			Portaplumas Gato De La Suerte Naranja Para Escritorio - Venta Internacional.
SIN SUB	p503461	Mascotas/None			Rampa Inflable Para Perros Solstice Pup Plank Xl 90 Kg - Venta Internacional.
SIN SUB	p503550	Mascotas/None			Reloj De Pared Lafocuse Gato Negro Con Esfera Amarilla Y Azul Para Niños 30 Cm Funciona Con Pilas - 
SIN SUB	p503576	Otros/Varios			Repelente De Mosquitos Candle Shanghai Daisy Wax 68 Ml - Venta Internacional.
SIN SUB	p503674	Mascotas/None			Repisa Genérica Perro Blanco Minimalista Recámara Infantil Mdf 1 Pieza
SIN SUB	p503687	Mascotas/None			Repisa Minimalista Gato Decoración Recámara Infantil Mdf Blanco
SIN SUB	p503688	Mascotas/None			Repisa Minimalista Gato Decoración Recámara Infantil Mdf Cafe
SIN SUB	p503689	Mascotas/None			Repisa Minimalista Generica Gatito Decoración Blanco Recámara Infantil Mdf
SIN SUB	p503798	Joyería y bisutería/None			Réplica De Estaño De Almacenamiento Fallout Grape Mentats Para Joyería - Venta Internacional.
SIN SUB	p505283	Muebles/Otros			Sala Modular Sofantástico Cderati Chocolate
SIN SUB	p505284	Muebles/Otros			Sala Modular Sofantástico Cerati Amarillo Mostaza
SIN SUB	p505285	Muebles/Otros			Sala Modular Sofantástico Cerati Azul
SIN SUB	p505286	Muebles/Otros			Sala Modular Sofantástico Elton Chocolate Tela Velvet
SIN SUB	p505287	Muebles/Otros			Sala Modular Sofantástico Elton Verde
SIN SUB	p505338	Mascotas/None			Set 2 Cuadros Gato Negro Minimalista Moderno Marcos Madera
SIN SUB	p505354	Mascotas/None			Set 3 Cuadros Decorativos Canvas Veterinario, Perros Y Gatos
SIN SUB	p505355	Mascotas/None			Set 3 Cuadros Decorativos Canvas Veterinario, Perros Y Gatos
SIN SUB	p505386	Mascotas/None			Set 4 Cuadros Decorativos Canvas Veterinario, Pet Shop
SIN SUB	p505439	Mascotas/None			Set Cuadros Gatos En Lienzo Canvas Contemporáneos Modernos
SIN SUB	p505440	Mascotas/None			Set Cuadros Gatos Esponjosos Minimalistas Gatito Fluffy Cats
SIN SUB	p505503	Iluminación/None			Set De 3 Faroles Eléctricos Perfnique De Metal Negro Con Temporizador - Venta Internacional.
SIN SUB	p505539	Mascotas/None			Set De 5 Mini Gatos De La Fortuna De Cerámica De 4 Cm
SIN SUB	p505544	Autos, bicicletas y motos/None			Set De 6 Marcos De Fotos Pealsn Negros De 6 X 9 Para Fotos De 4 X 6 - Venta Internacional.
SIN SUB	p505959	Muebles/Otros			Set De Mesitas De Noche Sthmec Led Con Cargador Negro - Venta Internacional.
SIN SUB	p506334	Mascotas/None			Silla Inflable Salvavidas Para Bebé Diseño De Perro
SIN SUB	p507300	Autos, bicicletas y motos/None			Sobres Para Monedas Homrelaxy #1 600 Unidades 6 X 9 Cm Papel Kraft Amarillo - Venta Internacional.
SIN SUB	p507871	Herramientas/None			Soporte De Herramientas Para Cuero Qwork De Madera Con 98 Agujeros - Venta Internacional.
SIN SUB	p507900	Muebles/Otros			Soporte Para Literatura Staples, 4 Niveles, Tamaño Folleto, Plástico Transparente - Venta Internacio
SIN SUB	p507936	Otros/Varios			Spray Repelente De Mosquitos Murphy\'s Naturals Con Protección De 30 Horas Y Fragancia Fresca - Vent
SIN SUB	p507937	Autos, bicicletas y motos/None			Steno Pads Better Office Products En Espiral 6 X 9 Pulgadas 60 Hojas - Venta Internacional.
SIN SUB	p508179	Refrigeradores/None			Tapón De Drenaje Para Refrigeradores Igloo Bmx, Overland E Imx De 25 A 72 Cuartos De Galón - Venta I
SIN SUB	p508223	Televisores/None			Televisor Inflable Gigante De Pool Float Bigmouth Inc., Retro, 2 M De Largo - Venta Internacional.
SIN SUB	p508280	Iluminación/None			Tiras de Led 20 Flores Malubero color Blanco
SIN SUB	p508805	Autos, bicicletas y motos/None			Toy Hot Wheels Mattel City Speedy Pizza Pick-up Con 1 Vehículo - Venta Internacional.
SIN SUB	p509161	Juegos de mesa/Otros juegos			Accesorio Para Juegos De Mesa Renegade Axis & Allies Hit Dice 72 - Venta Internacional.
SIN SUB	p509172	Mascotas/None			Adhesivo Art Craft Kit Fortand Gem Con 8 Diseños De Gatitos - Venta Internacional.
SIN SUB	p509202	Joyería y bisutería/None			Alambre De Aluminio Benecreat Calibre 12 30 M Verde Para Joyería Artesanal - Venta Internacional.
SIN SUB	p509203	Joyería y bisutería/None			Alambre Para Fabricación De Joyería The Beadsmith Elementos De Alambre Calibre 20 - Venta Internacio
SIN SUB	p509205	Mascotas/None			Alfiler Esmaltado Para Perros Deadpool Y Wolverine De Marvel Studios - Venta Internacional.
SIN SUB	p509288	Mascotas/None			Animal De Peluche Aurora , Adorable Cachorro De Nutria De Río Mini Flopsie™ - Venta Internacional.
SIN SUB	p509289	Mascotas/None			Animal De Peluche Aurora , Adorable Gatito De Angora Miyoni Tots - Venta Internacional.
SIN SUB	p509290	Mascotas/None			Animal De Peluche Aurora Adorable Mini Flopsie™ Cachorro De 20 Cm - Venta Internacional.
SIN SUB	p509291	Mascotas/None			Animal De Peluche Houwsbaby Gato Blanco Con Música Y Luz 30 Cm - Venta Internacional.
SIN SUB	p509292	Mascotas/None			Animal De Peluche Hyden Cat Mami Con 4 Gatitos De 35 Cm Para Niños - Venta Internacional.
SIN SUB	p509293	Mascotas/None			Animal De Peluche Hyden Cat Mami Con 4 Gatitos De 35 Cm Para Niños - Venta Internacional.
SIN SUB	p509294	Mascotas/None			Animal De Peluche Hyden Cat Mami Con 4 Gatitos De 35 Cm Para Niños - Venta Internacional.
SIN SUB	p509295	Mascotas/None			Animal De Peluche Hyden Cat Mami Con 4 Gatitos De 35 Cm Para Niños - Venta Internacional.
SIN SUB	p509296	Mascotas/None			Animal De Peluche Living Nature Conejo De Orejas Caídas Sentado Marrón - Venta Internacional.
SIN SUB	p509297	Mascotas/None			Animal De Peluche Living Nature Conejo Holandés De Orejas Caídas Gris - Venta Internacional.
SIN SUB	p509298	Mascotas/None			Animal De Peluche Living Nature Conejo Holandés De Orejas Caídas Marrón - Venta Internacional.
SIN SUB	p509299	Mascotas/None			Animal De Peluche Skylety, Gato Cariñoso Con Gatitos De Peluche De 40 Cm - Venta Internacional.
SIN SUB	p509300	Mascotas/None			Animal De Peluche Sqeqe Gato Negro Mami Con 4 Bebés Gato En La Barriga - Venta Internacional.
SIN SUB	p509305	Mascotas/None			Animal De Peluche Wild Republic Ecokins Harbor Seal Cachorro De 30 Cm - Venta Internacional.
SIN SUB	p509306	Mascotas/None			Animales De Peluche ¿qué Memes? Cachorros De Apoyo Emocional - Venta Internacional.
SIN SUB	p509307	Mascotas/None			Animales De Peluche Y Gatitos De Apoyo Emocional Que Se Pueden Identificar Con Una Cesta - Venta Int
SIN SUB	p509313	Mascotas/None			Árbol Navideño De Peluche Para Perros Harry Potter De 36 Cm Con Chirriador - Venta Internacional.
SIN SUB	p509316	Herramientas/None			Arcilla Polimérica Shuttle Art, 57 Colores, Horno Para Hornear Con Herramientas Y Accesorios - Venta
SIN SUB	p509319	Mascotas/None			Arcos Delicados Virtuales Para Mascotas Tamagotchi Connection - Venta Internacional.
SIN SUB	p509392	Autos, bicicletas y motos/None			Autos Giftpack Majorette 212053172 Multicolor Edición Porsche con 5 Vehículos
SIN SUB	p509393	Autos, bicicletas y motos/None			Autos Giftpack Majorette 212053178 Multicolor Edición Dream Cars Italy con 5 Vehículos
SIN SUB	p509394	Autos, bicicletas y motos/None			Autos Giftpack Majorette 212053179 Multicolor Edición Light Racer con 5 Vehículos
SIN SUB	p509395	Autos, bicicletas y motos/None			Autos Pack Descúbrelos Majorette 212058601 Multicolor Edición Porsche Incluye 20 Coches y 2 Vehículo
SIN SUB	p509415	Herramientas/None			Banco de Herramientas Play-doh - Venta Internacional
SIN SUB	p509521	Autos, bicicletas y motos/None			Barajas De Cartas The Dreidel Company Paquete De 24 6x9 Cm - Venta Internacional.
SIN SUB	p509524	Mascotas/None			Barbie Con Lancha Y Mascota Accesorios Rubia 35cm Mattel
SIN SUB	p509526	Autos, bicicletas y motos/None			Barbie Mini Barbieland Vehículo Sorpresa Hyf38
SIN SUB	p509543	Autos, bicicletas y motos/None			Batimóvil Hollywood Rides 2022 Con Vehículo Batman Fig 1/32 - Venta Internacional.
SIN SUB	p509548	Herramientas/None			Beach Sand Toy Cra-z-sand, Bolsa De 1,36 Kg Con Herramienta Sorpresa Para Mayores De 4 - Venta Inter
SIN SUB	p509570	Herramientas/None			Bicicleta Balance Sereed Negra Sin Pedales Sin Herramientas 3 5 Kg - Venta Internacional.
SIN SUB	p509731	Joyería y bisutería/None			Billete Coleccionable Fanattik The Polar Express Chapado En Oro De 24 Quilates - Venta Internacional
SIN SUB	p509761	Joyería y bisutería/None			Boleto De Lucha Rocky Iii De Edición Limitada Chapado En Oro De 24 Quilates - Venta Internacional.
SIN SUB	p509769	Mascotas/None			Bolsa Interactiva De Peluche Realista Para Perros Y Gatos Perfect Petzzz - Venta Internacional.
SIN SUB	p509771	Mascotas/None			Bolsa Para Cachorros De Peluche Y Animal De Peluche Pucci Pups Cocker Spaniel - Venta Internacional.
SIN SUB	p509773	Mascotas/None			Bolsa Veterinaria Vida The Vet Con 5 Accesorios Del Kit De Médico Veterinario - Venta Internacional.
SIN SUB	p509774	Mascotas/None			Bolsas Coleccionables Pop It! Edición Disney Para Mascotas Con 4 Mascotas - Venta Internacional.
SIN SUB	p509784	Mascotas/None			Bote Los Perrodos Y Sus Cuates Bote
SIN SUB	p509801	Mascotas/None			Burbujas Virtuales Para Mascotas Tamagotchi Connection Bubbles Con Juegos, A Partir De 6 Años - Vent
SIN SUB	p509813	Mascotas/None			Cachorro De Oso Grizzly De Figurine Safari Ltd., Wild Safari, North Amer - Venta Internacional.
SIN SUB	p509814	Mascotas/None			Cachorro De Silicona Qcroad Squishy Antiestrés 7 Cm - Venta Internacional.
SIN SUB	p509817	Cafeteras/None			Cafetería Pretend Play Con Cafetera Y Caja Registradora 3+ - Venta Internacional.
SIN SUB	p509850	Autos, bicicletas y motos/None			Calendario De Adviento Grain 2024 Con 24 Vehículos De Juego Para Niños - Venta Internacional.
SIN SUB	p509851	Autos, bicicletas y motos/None			Calendario De Adviento Navidad Para Niños Con Vehículos De Carreras Para Navidad De 2024 - Venta Int
SIN SUB	p509880	Cámaras y fotografía/None			Cámara Dollrank 1080p Rosa Con Pantalla Abatibles - Venta Internacional.
SIN SUB	p509881	Cámaras y fotografía/None			Cámara Infantil Vivitar Kids Tech 12mp 1080p Hd Usb Recargable - Venta Internacional.
SIN SUB	p509911	Autos, bicicletas y motos/None			Camión Portajuguetes Newcrave 34 X 11 X 15 Cm Con 7 Vehículos - Venta Internacional.
SIN SUB	p509926	Autos, bicicletas y motos/None			Camión Volquete Sunny Days Dig Rig Para Vehículos De Construcción Con Luces - Venta Internacional.
SIN SUB	p509951	Televisores/None			Car Jada Toys Batmobile Classic, Serie De Televisión Hecha A Presión, Escala 1:18 - Venta Internacio
SIN SUB	p510155	Mascotas/None			Centro De Cuidado De Mascotas Tqqfun Pretend Play Con 33 Figuras De Hámster - Venta Internacional.
SIN SUB	p510158	Mascotas/None			Chaqueta Universitaria De Peluche Gund Boo, El Perro Más Lindo Del Mundo, 23 Cm - Venta Internaciona
SIN SUB	p510171	Mascotas/None			Clóset De Taxidermia Con Calavera De Animal Real Y Gato Para Regalo Científico - Venta Internacional
SIN SUB	p510199	Cámaras y fotografía/None			Coche de Radio Control y Cámara Negro
SIN SUB	p510298	Juegos de mesa/Otros juegos			Colección De Juegos De Mesa Ws Game Company Edición De Estantería Vintage - Venta Internacional.
SIN SUB	p510322	Juegos de mesa/Otros juegos			Comerciante De Juegos De Mesa Ambassador Mlb Slammin' Sluggers - Venta Internacional.
SIN SUB	p510327	Mascotas/None			Conejo 7cm Talismini Nici 36685 color Marrón
SIN SUB	p510328	Mascotas/None			Conejo De Pascua Bubble Wand Artcreativity De 14 M Con Led Y Música - Venta Internacional.
SIN SUB	p510329	Mascotas/None			Conejo De Pascua Lego Creator 30668 Con Huevos De Colores - Venta Internacional.
SIN SUB	p510330	Mascotas/None			Conejo de Peluche con Zanahoria Lab.G 4 Piezas
SIN SUB	p510331	Mascotas/None			Conejo De Peluche De Zanahoria/ Fresa 4pcs Belug Colores
SIN SUB	p510337	Juegos de mesa/Otros juegos			Conjunto De Juego De Roles De Guardería Con Cochecito Para Muñecas Bebé Deao Con Accesorios - Venta 
SIN SUB	p510362	Televisores/None			Cubo De Rubik: Cubo De Miércoles En Escala De Grises De La Serie De Televisión - Venta Internacional
SIN SUB	p510372	Muebles/Otros			Decoración De Aula Literaria Outus 13 Piezas Elementos De Inglés - Venta Internacional.
SIN SUB	p510378	Autos, bicicletas y motos/None			Dino Rescata el Vehículo Transformador de Rex Paw Patrol- Venta Internacional
SIN SUB	p510394	Mascotas/None			Doll House Octeric 11 Habitaciones Con Muñecas Cachorros Y Muebles Color Rosa - Venta Internacional.
SIN SUB	p510395	Mascotas/None			Doll Monster High Clawd Wolf con Mascota - Venta Internacional
SIN SUB	p510396	Mascotas/None			Doll Monster High Jinafire Long Dragon Con Perro De Mascota Y 7 Accesos. - Venta Internacional.
SIN SUB	p510423	Herramientas/None			Dough Classpack Crayola, 8 Colores Variados Con Herramientas, 24 X 3 Oz - Venta Internacional.
SIN SUB	p510426	Mascotas/None			Dulces Amuletos Virtuales Para Mascotas Tamagotchi Connection - Venta Internacional.
SIN SUB	p510431	Mascotas/None			El Gato Robot De Peluche Marsjoy Yellow Maullido Interactivo Con Control - Venta Internacional.
SIN SUB	p510442	Mascotas/None			El Perro De Peluche Gund Boo, El Perro Pomeranio Más Lindo Del Mundo - Venta Internacional.
SIN SUB	p510508	Mascotas/None			F-p Gatito Pelotitas Rodantes Htw92
SIN SUB	p510541	Mascotas/None			Figura Coraline De Surreal Entertainment Con Gato De 16 5 Cm De Altura - Venta Internacional.
SIN SUB	p510543	Mascotas/None			Figura De Acción Accoutrements Crazy Cat Lady Con 6 Gatos 20 Cm - Venta Internacional.
SIN SUB	p510544	Televisores/None			Figura De Acción Beast-x King Red Ranger De 15 Cm, Inspirada En Una Serie De Televisión - Venta Inte
SIN SUB	p510547	Mascotas/None			Figura de Acción Bruder Bworld Policeman con Perro 10,9 cm - Venta Internacional
SIN SUB	p510552	Herramientas/None			Figura De Acción Fortnite Modo Individual Ciclo De 10 Cm Con Herramienta De Recolección - Venta Inte
SIN SUB	p510554	Televisores/None			Figura De Acción Funko Pop! Mad Men De La Televisión Don Draper 9 5 Cm - Venta Internacional.
SIN SUB	p510555	Televisores/None			Figura De Acción Funko Pop! Miércoles De Televisión - Rave'n: Enid Sinclair - Venta Internacional.
SIN SUB	p510556	Televisores/None			Figura De Acción Funko Pop Television Power Rangers Pink Ranger - Venta Internacional.
SIN SUB	p510590	Mascotas/None			Figura De Acción Teoboeys Titan 13 Impresa En 3d Con Perro 20 Cm - Venta Internacional.
SIN SUB	p510596	Autos, bicicletas y motos/None			Figura De Acción Y Vehículo Star Wars Luke Skywalker X-wing - Venta Internacional.
SIN SUB	p510597	Autos, bicicletas y motos/None			Figura de Acción y Vehículo Star Wars Vintage Ahsoka 9,5 Cm - Venta Internacional
SIN SUB	p510599	Televisores/None			Figura De Colección Funko Pop Television Juego De Tronos Yara Greyjoy - Venta Internacional.
SIN SUB	p510600	Televisores/None			Figura De Colección Funko Pop Television La Tribu De Los Brady Cindy - Venta Internacional.
SIN SUB	p510601	Televisores/None			Figura De Colección Funko Pop Television Power Rangers Goldar - Venta Internacional.
SIN SUB	p510604	Mascotas/None			Figura De Peluche Mattel Minecraft Con Forma De Conejo Blanco, 20 Cm, Más De 3 Años - Venta Internac
SIN SUB	p510606	Mascotas/None			Figura De Perro Schleich Farm World Great Dane Para Niños De 3 Años O Más - Venta Internacional.
SIN SUB	p510608	Mascotas/None			Figura De Vinilo Coleccionable Funko Pop! Mascotas De La Nba: Orlando - Venta Internacional.
SIN SUB	p510609	Mascotas/None			Figura De Vinilo Funko Mascota De La Nba Sonics Squatch - Venta Internacional.
SIN SUB	p510612	Televisores/None			Figura de Vinilo Funko Pop! Televisión: The Office: Creed Bratton - Venta Internacional
SIN SUB	p510622	Televisores/None			Figura ¡Funko Pop! Televisión: Lo Que Hacemos en las Sombras Laszlo - Venta Internacional
SIN SUB	p510638	Mascotas/None			Figura Papo Princesa Con Perro Rosa - Venta Internacional.
SIN SUB	p510639	Mascotas/None			Figura Papo Wild Animal Kingdom Con Forma De Cachorro De Tigre De Pie 50269 - Venta Internacional.
SIN SUB	p510641	Mascotas/None			Figura Popobox Capibara Y Perro 6 5 Cm Caja Sorpresa Aleatoria Con Edición Secreta - Venta Internaci
SIN SUB	p510646	Mascotas/None			Figura Robótica Para Mascota Zuru Robo Alive, Lagartija Con Cuello Con Volantes - Venta Internaciona
SIN SUB	p510648	Mascotas/None			Figura Safari Ltd Wild Safari Wildlife Lioness Con Cachorro - Venta Internacional.
SIN SUB	p510650	Mascotas/None			Figura Schleich Perro Sabueso Afgano-Venta Internacional
SIN SUB	p510651	Autos, bicicletas y motos/None			Figura Star Wars Darth Vader Tie Advanced Con Vehículo Para Niños De 4 Años O Más - Venta Internacio
SIN SUB	p510656	Autos, bicicletas y motos/None			Figura Y Vehículo De La Patrulla Canina, Excavadora Rubble's - Venta Internacional.
SIN SUB	p510657	Autos, bicicletas y motos/None			Figura Y Vehículos De La Serie 2 De Toy Disney Doorables Let's Go - Venta Internacional.
SIN SUB	p510673	Mascotas/None			Figuras De Animales En Miniatura Recur Para Gatos Y Perros 12 Unidades - Venta Internacional.
SIN SUB	p510675	Mascotas/None			Figuras De Conejo Coleccionables Li'l Woodzeez Hoppingoods Rabbit - Venta Internacional.
SIN SUB	p510685	Mascotas/None			Figuras para Mascotas de Melissa & Doug - Venta Internacional
SIN SUB	p510699	Mascotas/None			Funko Pop Plush Disney Stitch In Costume El Gato Sonriente 7
SIN SUB	p510702	Televisores/None			Funko Pop Television Letterkenny Katy Con Puppers & Beer - Venta Internacional.
SIN SUB	p510705	Mascotas/None			Game Spin Master Games Solidroots Game Rover Con Perro A Partir De 8 Años - Venta Internacional.
SIN SUB	p510709	Mascotas/None			Gatito De Peluche Sentado Suave Con Olor A Frutas
SIN SUB	p510710	Mascotas/None			Gatito Interactivo Best Friend Forever Funzone Kiki
SIN SUB	p510717	Mascotas/None			Gato De Peluche Con Gatitos De Peluche Skylety De 40 Cm Y 12 Cm - Venta Internacional.
SIN SUB	p510718	Mascotas/None			Gato de Peluche de 55 cm-Venta Internacional
SIN SUB	p510719	Mascotas/None			Gato De Peluche De La Colección Bearington Lil' Tabby, 20 Cm, Color Naranja - Venta Internacional.
SIN SUB	p510720	Mascotas/None			Gato de Peluche Doll Monster High Catty Noir - Venta Internacional
SIN SUB	p510721	Mascotas/None			Gato De Peluche Realista Siamés Viahart 36 Cm Color Stefan Siamese T
SIN SUB	p510722	Mascotas/None			Gato de Peluche Toynk - Venta Internacional
SIN SUB	p510723	Mascotas/None			Gato Dientes De Sable Papo Smilodon - Venta Internacional.
SIN SUB	p510724	Mascotas/None			Gato Gnomántico De Peluche Con 4 Gatitos En Su Interior Para Niños De 3 A 8 Años - Venta Internacion
SIN SUB	p510725	Mascotas/None			Gato / Gatito De Peluche Sentado Suave Con Olor A Frutas
SIN SUB	p510733	Joyería y bisutería/None			Grapa Remache 2 mm Para Bisutería Belug 200 Piezas Color Plata
SIN SUB	p510734	Joyería y bisutería/None			Grapa Remache Lab.G 2 mm Para Bisutería 200 Piezas Color Plata
SIN SUB	p510746	Mascotas/None			Gund Snuggle Gato Ahorrar 30%
SIN SUB	p510750	Mascotas/None			Hámster de Peluche Warmies con Aroma a Lavanda - Venta Internacional
SIN SUB	p510755	Herramientas/None			Herramientas De Demostración En El Aula De Ciencias Recursos De Aprendizaje Modelo Del Cuerpo Humano
SIN SUB	p510764	Herramientas/None			Herramientas para Modelar Arcilla y Cerámica de 30 Unidades
SIN SUB	p510767	Herramientas/None			Herramientas Prácticas Toob De Toy Safari Ltd., Con 8 Minifiguras De Más De 3 Años - Venta Internaci
SIN SUB	p510769	Herramientas/None			Hojas De Textura De Arcilla Polimérica Keoker Para Halloween Herramientas - Venta Internacional.
SIN SUB	p510774	Autos, bicicletas y motos/None			Hot Wheels Collector Vehículo De Colección 98 Toyota Altezza
SIN SUB	p510782	Mascotas/None			Huevos De Pascua Oesins Con Conejo Articulado Para Niños 6 Piezas - Venta Internacional.
SIN SUB	p510785	Autos, bicicletas y motos/None			Hw Collector Vehículo De Colección Neon Speeders Hlh72
SIN SUB	p510797	Instrumentos musicales/None			Instrumento Musical Electrónico Otamatone Classic Aggretsuko - Venta Internacional.
SIN SUB	p510805	Mascotas/None			Interactive Fingerlings X ¡adoptame! ¡perro Nuevo 2024! - Venta Internacional.
SIN SUB	p510824	Mascotas/None			Joke Cards Ridley's 100 Tarjetas De Broma Con Forma De Gato Para Niños Y Adultos - Venta Internacion
SIN SUB	p510826	Joyería y bisutería/None			Juego Bisuteria Maquillaje Lavable No Tóxico Para Niñas Lab.g Multicolor
SIN SUB	p510830	Muebles/Otros			Juego De 12 Carteles De Elementos Literarios Decorably 28x35 Cm Mate - Venta Internacional.
SIN SUB	p510831	Juegos de mesa/Otros juegos			Juego De 12 Juegos De Mesa Peg Fun Express - Venta Internacional.
SIN SUB	p510834	Autos, bicicletas y motos/None			Juego De 15 Vehículos Toy Cars & Trucks Hot Wheels Track - Venta Internacional.
SIN SUB	p510841	Mascotas/None			Juego De 30 Unidades De Imanes Para Mascotas De Halloween Para Niños De Craft Kit Copkim - Venta Int
SIN SUB	p510846	Otros/Varios			Juego de 4 Figuras de Acción Zing Stikbots con Trípode Móvil - Venta Internacional
SIN SUB	p511019	Televisores/None			Juego De Cartas Aquarius Friends Shaped Deck Para Programas De Televisión - Venta Internacional.
SIN SUB	p511605	Joyería y bisutería/None			Juego De Disfraces De Joyería Movies Ganadores Pretty Princess De 5 Años O Más - Venta Internacional
SIN SUB	p511648	Mascotas/None			Juego de Gato Fabi y Sofi Diako Multicolor
SIN SUB	p511672	Mascotas/None			Juego De Imanes De Madera Spark & Wow Para Gatos Y Perros 20 Niños O Más - Venta Internacional.
SIN SUB	p511673	Instrumentos musicales/None			Juego De Instrumentos Musicales Maxzone 12 Piezas Para Niños Con Bolsa (rosa) - Venta Internacional.
SIN SUB	p511674	Instrumentos musicales/None			Juego De Instrumentos Musicales Taimasi 33 Piezas 18 Tipos Para Niños - Venta Internacional.
SIN SUB	p512122	Televisores/None			Juego De Mesa Golden Bell Studios Action News: El Juego De Las Noticias De Televisión - Venta Intern
SIN SUB	p512762	Televisores/None			Juego De Mesa: Tema Del Programa De Televisión Usaopoly Clue Bob's Burgers - Venta Internacional.
SIN SUB	p512994	Televisores/None			Juego de Preguntas y Respuestas Programa de Televisión Paladone Friends con 100 Preguntas - Venta In
SIN SUB	p512998	Autos, bicicletas y motos/None			Juego De Reparación De Automóviles Mecánicos Qaba Kids De 3 A 5 Años - Venta Internacional.
SIN SUB	p512999	Autos, bicicletas y motos/None			Juego De Reparación De Automóviles Mecánicos Qaba Kids De 3 A 5 Años - Venta Internacional.
SIN SUB	p513112	Mascotas/None			Juego Escape Room Adventure Cluebox El Gato De Schrödinger Puzzle - Venta Internacional.
SIN SUB	p513122	Mascotas/None			Juego Mesa Taco Gato Cabra Queso Pizza Blue Orange
SIN SUB	p513137	Juegos de mesa/Otros juegos			Juegos De Mesa Apostrophe Games Crea Tu Propio Opolio Con Accesorios - Venta Internacional.
SIN SUB	p513151	Juegos de mesa/Otros juegos			Juegos De Mesa Token Holder Gamegenic Protect Store Tokens - Venta Internacional.
SIN SUB	p513155	Juegos de mesa/Otros juegos			Juegos De Restauración De Juegos De Mesa Inigualables: The Witcher Desde Hace Más De 9 Años - Venta 
SIN SUB	p513156	Juegos de mesa/Otros juegos			Juegos De Restauración De Juegos De Mesa Unmatched Battle Of Legends Vol. 3 - Venta Internacional.
SIN SUB	p513226	Mascotas/None			Kit De Abalorios Para Mascotas Sunnyclue Diy 10 Juegos Con Más De 600 Unidades Para Navidad - Venta 
SIN SUB	p513228	Herramientas/None			Kit De Alfarería Cmiolacuna Con Torno Ajustable Y Herramientas Para Modelar Arcilla 907 G Con - Vent
SIN SUB	p513233	Herramientas/None			Kit De Arcilla Ifergoo Para Secar Al Aire 102 Colores No Tóxico Con Herramientas - Venta Internacion
SIN SUB	p513234	Herramientas/None			Kit De Arcilla Para Modelar Ciaraq 36 Colores Arcilla Secada Al Aire Con Herramientas - Venta Intern
SIN SUB	p513235	Herramientas/None			Kit De Arcilla Polimérica Artecho Con Herramientas Y Accesorios Para Joyería 70 Colores - Venta Inte
SIN SUB	p513237	Herramientas/None			Kit De Arcilla Polimérica Ixiaoyoo 60 Colores Con Herramientas De Modelado Diy - Venta Internacional
SIN SUB	p513238	Herramientas/None			Kit De Arcilla Pott'd Edición Especial Noche De Cita 2 Kg Con Herramientas Y Pinturas - Venta Intern
SIN SUB	p513239	Herramientas/None			Kit De Arcilla Pottreactive Con Herramientas Para Modelado En Arcilla De Secado Al Aire - Venta Inte
SIN SUB	p513241	Mascotas/None			Kit De Arte Con Arena Ynanimery Para Caja Sensorial De Mascotas Con Accesorios - Venta Internacional
SIN SUB	p513245	Joyería y bisutería/None			Kit de Bisutería Belug 712 Piezas
SIN SUB	p513257	Mascotas/None			Kit De Doctor Louvpy Con Perro De Peluche 39 Piezas Para Niños De 3 A 5 Años Con Estetoscopio - Vent
SIN SUB	p513258	Herramientas/None			Kit De Excavación De Fósiles De Dinosaurios Discovery Kids Con Herramientas - Venta Internacional.
SIN SUB	p513260	Herramientas/None			Kit De Excavación Unglinga 15 Gemas Y Fósiles Con Herramientas Y Guía Identificativa - Venta Interna
SIN SUB	p513267	Herramientas/None			Kit De Hilo De Bordar Bymore, 200 Colores, 8 M, Con Herramientas - Venta Internacional.
SIN SUB	p513323	Herramientas/None			Kit De Joyas Con Cristales Dentales Nelikoo Diy Con Más De 140 Gemas Y Herramientas - Venta Internac
SIN SUB	p513326	Iluminación/None			Kit De Lámparas Paint Your Own Cat Laoese Con Material De Arte Para Niños De 6 A 12 Años - Venta Int
SIN SUB	p513368	Herramientas/None			Kit De Manualidades Microland Para Suculentas Con Moldes Y Herramientas - Venta Internacional.
SIN SUB	p513426	Herramientas/None			Kit De Pelotas Vivimagis Con Bomba De Aire Y Herramienta Expansora - Venta Internacional.
SIN SUB	p513452	Herramientas/None			Kit De Rueda De Alfarería Catcrafter Gris Con Herramientas Para Modelado Y Pinturas Vibrantes 13 - V
SIN SUB	p513458	Mascotas/None			Kit Gemas 3d Abeja Gato
SIN SUB	p513459	Mascotas/None			Kit Gemas 3d Gato Ballena
SIN SUB	p513463	Mascotas/None			Kit Médico Efo Shm Para Niños Y Niñas Con Set De Juego Veterinario 3 - Venta Internacional.
SIN SUB	p513488	Mascotas/None			Kit Stem Para Mascotas Robóticas Thames & Kosmos Tumbling Hedgehog - Venta Internacional.
SIN SUB	p513501	Televisores/None			La Mirilla Del Programa De Televisión Mirror Friends Enmarca La De Monica Geller - Venta Internacion
SIN SUB	p513536	Autos, bicicletas y motos/None			Lego Friends 41707 Vehículo de Plantación de Árboles
SIN SUB	p513551	Televisores/None			Letter Opener The Flash Serie De Televisión Icon Heroes - Venta Internacional.
SIN SUB	p513557	Joyería y bisutería/None			Lingote Chapado En Oro De 24 Quilates Yu-gi-oh! El Héroe Elemental Neos - Venta Internacional.
SIN SUB	p513558	Joyería y bisutería/None			Lingote Chapado En Oro Yu-gi-oh! La Heroína Elemental Burstinatrix - Venta Internacional.
SIN SUB	p513587	Mascotas/None			Llavero Lego Icónico Con Traje De Conejo Para Hombre, 8,9 Cm, Con Luz Led - Venta Internacional.
SIN SUB	p513588	Mascotas/None			Llavero Nici 46821 Multicolor Diseño de Gato Sirena 11 cm
SIN SUB	p513589	Mascotas/None			Llavero Nici 46823 Multicolor Diseño de Conejo Sirena 12 cm
SIN SUB	p513599	Mascotas/None			¡los Alevines Interactivos De Mascotas Adópteme! Strawberry Bat Dragon - Venta Internacional.
SIN SUB	p513607	Mascotas/None			Lucifer Cenicienta Gato Peluche Niños
SIN SUB	p513679	Mascotas/None			Maqueta: Lindberg: Los Gatos Frenéticos Se Mueven Al Ritmo - Venta Internacional.
SIN SUB	p513686	Mascotas/None			Máquina Automática De Burbujas Nicmore Con Forma De Perro Con Luces Para Niños - Venta Internacional
SIN SUB	p513687	Iluminación/None			Máquina De Burbujas Bbnote Farola Recargable Azul - Venta Internacional.
SIN SUB	p513708	Mascotas/None			Mascota De Compañía Joy For All Ageless Innovation Bird Bluebird - Venta Internacional.
SIN SUB	p513710	Mascotas/None			Mascota De Peluche De Ravenclaw Colección Harry Potter The Noble - Venta Internacional.
SIN SUB	p513711	Mascotas/None			Mascota Digital Tamagotchi Original Relámpago - Venta Internacional
SIN SUB	p513712	Mascotas/None			Mascota Digital Tamagotchi Tama Yummy Con Cadena - Venta Internacional.
SIN SUB	p513713	Mascotas/None			Mascota Electrónica Tamagotchi Pets - Venta Internacional.
SIN SUB	p513714	Mascotas/None			Mascota Interactiva FurReal Newborn Kitty de Just Play para Niños - Venta Internacional
SIN SUB	p513715	Mascotas/None			Mascota Interactiva Just Play FurReal Newborn Puppy para Niños de 4+ años - Venta Internacional
SIN SUB	p513758	Autos, bicicletas y motos/None			Mesa de Juego de Madera con Vías y Vehículos de Melissa & Doug - Venta Internacional
SIN SUB	p513788	Mascotas/None			Mi Primer Gatito Mi Alegría Juega Cuida Y Aprende
SIN SUB	p513789	Joyería y bisutería/None			Mi Taller De Joyería Creativa Y Divertida Mi Alegría
SIN SUB	p513855	Mascotas/None			Minifigura De Oficial De Policía De Lego City Con Perro Y Esposas - Venta Internacional.
SIN SUB	p513881	Juegos de mesa/Otros juegos			Mochila Para Juegos De Mesa Enhance Edición Coleccionista Dragon Pink - Venta Internacional.
SIN SUB	p513883	Herramientas/None			Modeling Compound Play-doh Con Tema De Unicornio Paquete De 13 Unidades Con Herramientas - Venta Int
SIN SUB	p513893	Autos, bicicletas y motos/None			Modelo De Montaje Del Vehículo Bandai Hobby Star Wars At-m6 012 - Venta Internacional.
SIN SUB	p513952	Mascotas/None			Mordedero para Bebés Dr. Brown's Flexees Gris Conejo 100% Silicona - Venta Internacional
SIN SUB	p514000	Autos, bicicletas y motos/None			Motocicletas Hot Wheels Street Power De Edición Limitada Coleccionables X-blade Red - Venta Internac
SIN SUB	p514014	Mascotas/None			Muñeca Barbie A Touch Of Magic Teresa Con Atuendo Mascota Y Accesorios - Venta Internacional.
SIN SUB	p514015	Mascotas/None			Muñeca Barbie Barbie «brooklyn» A La Moda Con 2 Mascotas De Fantasía - Venta Internacional.
SIN SUB	p514017	Mascotas/None			Muñeca Barbie Sisters & Cachorros Recién Nacidos
SIN SUB	p514018	Mascotas/None			Muñeca Bratz Big Babyz Cloe De 33 7 Cm Con Traje Mascota Y Botella - Venta Internacional.
SIN SUB	p514023	Mascotas/None			Muñeca De Moda Mattel Disney Princess Belle Con Perro Y Accesorios - Venta Internacional.
SIN SUB	p514026	Muebles/Otros			Muñeca Jumbrace My First Baby Rosa Para Bebé Suave Y Cómoda - Venta Internacional.
SIN SUB	p514027	Mascotas/None			Muñeca Kaibibi Con Mascota En Caja 27x10.5x23cm
SIN SUB	p514031	Mascotas/None			Muñeca Monster High Spectra Vondergeist Con Hurón Como Mascota Rhuen - Venta Internacional.
SIN SUB	p514034	Mascotas/None			Muñeca Venus Mcflytrap De Monster High Con Mascota Plant Monster - Venta Internacional.
SIN SUB	p514035	Mascotas/None			Muñeca Y Mascotas Mattel Barbie Multicolor - Venta Internacional.
SIN SUB	p514039	Mascotas/None			Muñeco de Peluche Gato Lucifer
SIN SUB	p514048	Mascotas/None			Mystery Bag: Gatos Contra Pepinillos Gatitos Contra Pepinillos Con Peluches - Venta Internacional.
SIN SUB	p514069	Juegos de mesa/Otros juegos			Oficina De Investigaciones De Juegos De Mesa: Investigaciones En Arkham - Venta Internacional.
SIN SUB	p514071	Juegos de mesa/Otros juegos			Organizador De Juegos De Mesa Towerrex For Splendor Con Cities Of Splendor - Venta Internacional.
SIN SUB	p514072	Mascotas/None			Oso De Peluche Gigante Morismos Con Cachorros De 90 Cm, Color Marrón - Venta Internacional.
SIN SUB	p514074	Muebles/Otros			Outus 13 Pósteres De Literatura Inglesa Vintage 33x24 Cm - Venta Internacional.
SIN SUB	p514078	Autos, bicicletas y motos/None			Pack De Vehículos Y Figuras De Toy Bluey Beach Quad Con Bandit - Venta Internacional.
SIN SUB	p514083	Mascotas/None			Papel Decoupage Flonz 35 Hojas 15x20cm Gatos Navideños - Venta Internacional.
SIN SUB	p514087	Mascotas/None			Paquete De 2 Minimonederos Para Mascotas Edgy Hedgy Hedgehog & Narwow - Venta Internacional.
SIN SUB	p514100	Autos, bicicletas y motos/None			Paquete De Cultura Automovilística Premium Toy Hot Wheels Con 2 Vehículos Jbk97 - Venta Internaciona
SIN SUB	p514104	Televisores/None			Paquete De Fiesta Yoyo Ball Big Time Tal Como Se Ve En La Televisión Con 5 Bolas - Venta Internacion
SIN SUB	p514116	Autos, bicicletas y motos/None			Paquete De Regalo True Metal Dino Rescue De Toy Paw Patrol Para 8 Vehículos - Venta Internacional.
SIN SUB	p514117	Autos, bicicletas y motos/None			Paquete De Regalo True Metal Spark De Toy Paw Patrol Para 6 Vehículos, 1:55 - Venta Internacional.
SIN SUB	p514139	Mascotas/None			Party Favors Jiytivity Adopta Un Gato Con 20 Minigatitos De Peluche - Venta Internacional.
SIN SUB	p514242	Autos, bicicletas y motos/None			Paw Patrol Launch'n Haul Paw Patroller Set de Orugas 2 en 1 para Vehículos True Metal
SIN SUB	p514252	Deportes y fitness/None			Pelota para Futbolito Eo Safe Imports ESI-15842 Multicolor 10 Piezas
SIN SUB	p514253	Deportes y fitness/None			Pelota para Futbolito Eo Safe Imports Esi-15843 Multicolor
SIN SUB	p514259	Mascotas/None			Peluche Auderhine Con Bonito Gato Negro De 25 Cm - Venta Internacional.
SIN SUB	p514260	Mascotas/None			Peluche Aurora Miyoni Conejo Blanco Americano
SIN SUB	p514261	Mascotas/None			Peluche Aurora Miyoni Peluche Tots Conejo Angora Gris Bunny Grey
SIN SUB	p514262	Mascotas/None			Peluche Aurora Miyoni Tots Peluche Gato Attigrado Naranja
SIN SUB	p514263	Mascotas/None			Peluche Aurora Playful Teddy Pets™, Gato Con Forma De Esmoquin, 16,5 Cm - Venta Internacional.
SIN SUB	p514264	Mascotas/None			Peluche Bearington Harry Hugglesmore Brown Cachorro 28 Cm - Venta Internacional.
SIN SUB	p514265	Mascotas/None			Peluche Bleacher Creatures Kansas Jayhawks Big Jay 8, Mascota - Venta Internacional.
SIN SUB	p514266	Mascotas/None			Peluche Bleacher Creatures Lsu Mike The Tiger 8, Mascota - Venta Internacional.
SIN SUB	p514272	Mascotas/None			Peluche Chongker Realista De Gato 1.5 Kg - Venta Internacional.
SIN SUB	p514273	Mascotas/None			Peluche con Diseño de Gato Negro
SIN SUB	p514274	Mascotas/None			Peluche Con Forma De Gato Douglas Kiki Ragdoll 48 Cm De Largo - Venta Internacional
SIN SUB	p514275	Mascotas/None			Peluche Con Forma De Gato Winsterch Color Blanco 25 Cm Para Niños - Venta Internacional.
SIN SUB	p514277	Mascotas/None			Peluche de Conejo Belug color Púrpura
SIN SUB	p514278	Mascotas/None			Peluche de Conejo con Moño Beige Tierna Importadora La Merced Felpa Hipoalergénica
SIN SUB	p514279	Mascotas/None			Peluche de Conejo con Moño color Blanco Tierna Importadora La Merced Felpa Hipoalergénica
SIN SUB	p514280	Mascotas/None			Peluche de Conejo con Moño color Rosa Tierna Importadora La Merced Felpa Hipoalergénica
SIN SUB	p514281	Mascotas/None			Peluche de Conejo Gund 25 cm - Venta Internacional
SIN SUB	p514286	Mascotas/None			Peluche de Gato Atigrado Gris Zigby Douglas - Venta Internacional
SIN SUB	p514287	Mascotas/None			Peluche de Gato de 65 cm-Venta Internacional
SIN SUB	p514288	Mascotas/None			Peluche de Gato Warmies Calentable - Venta Internacional
SIN SUB	p514289	Mascotas/None			Peluche De Hámster Douglas Brushy De 13 Cm De Altura - Venta Internacional.
SIN SUB	p514290	Mascotas/None			Peluche De La Familia De Animales De Peluche Un Gato De Fresa Auspicioso Para Principiantes - Venta 
SIN SUB	p514291	Mascotas/None			Peluche De Peluche Carl Dick Rough Collie Para Perro 25 Cm - Venta Internacional.
SIN SUB	p514292	Mascotas/None			Peluche De Peluche Douglas Klaus Perro Belga Malinois - Venta Internacional.
SIN SUB	p514293	Mascotas/None			Peluche De Peluche Douglas Lil' Baby Gatito Blanco Y Negro - Venta Internacional.
SIN SUB	p514294	Mascotas/None			Peluche De Peluche Douglas Lil' Baby, Perro De Laboratorio Negro - Venta Internacional.
SIN SUB	p514296	Mascotas/None			Peluche De Peluche Douglas Mya, Perro Pastor Alemán, 41 Cm - Venta Internacional.
SIN SUB	p514297	Mascotas/None			Peluche De Peluche Douglas Phoebe Pomsky, Perro De 25 Cm De Largo - Venta Internacional.
SIN SUB	p514298	Mascotas/None			Peluche De Peluche Douglas Steward Perro Pastor Australiano - Venta Internacional.
SIN SUB	p514300	Mascotas/None			Peluche De Peluche Gund Baby, Cachorro Sostenible De 33 Cm, Color Azul/crema - Venta Internacional.
SIN SUB	p514301	Mascotas/None			Peluche De Peluche Gund Boo, El Perro Más Lindo Del Mundo, 23 Cm - Venta Internacional.
SIN SUB	p514302	Mascotas/None			Peluche De Peluche Gund Boo El Perro Más Lindo Del Mundo Itty Bitty Boo Alien Pomeranian 5 - Venta I
SIN SUB	p514303	Mascotas/None			Peluche De Peluche Gund Cozys Collection Con Forma De Cachorro, 25 Cm - Venta Internacional.
SIN SUB	p514304	Mascotas/None			Peluche De Peluche Interactivo Para Pasear Y Perro Gobrilfun - Venta Internacional.
SIN SUB	p514305	Mascotas/None			Peluche De Peluche Mr Vivicare 13 Cm Rosa Con Forma De Gato Abrazable - Venta Internacional.
SIN SUB	p514306	Mascotas/None			Peluche De Peluche Para Perros Con Chuleta De Cordero Para Mascotas 25 Cm Paquete De 2 - Venta Inter
SIN SUB	p514307	Mascotas/None			Peluche De Peluche, Perro Pastor Alemán Douglas Sheba, 20 Cm - Venta Internacional.
SIN SUB	p514308	Mascotas/None			Peluche De Peluche Wild Republic Cachorro De Guepardo 30 Cm - Venta Internacional.
SIN SUB	p514309	Mascotas/None			Peluche de Perro Aurora 20 cm - Venta Internacional
SIN SUB	p514310	Mascotas/None			Peluche De Perro De 22cm Blanco
SIN SUB	p514311	Mascotas/None			Peluche De Perro De 22cm Marrón
SIN SUB	p514312	Mascotas/None			Peluche Demdaco Perro De Montaña Bernés 25 Cm Suave Peluche - Venta Internacional.
SIN SUB	p514313	Mascotas/None			Peluche Douglas Bear, Perro De Laboratorio Negro, 25 Cm - Venta Internacional.
SIN SUB	p514314	Mascotas/None			Peluche Douglas Clanger Perro Ganadero Australiano 20 Cm - Venta Internacional.
SIN SUB	p514315	Mascotas/None			Peluche Douglas Con Cremallera, Gato Atigrado Gris, 30 Cm - Venta Internacional.
SIN SUB	p514316	Mascotas/None			Peluche Douglas Con Forma De Cachorro De Tigre Blanco Sedoso 36 Cm - Venta Internacional.
SIN SUB	p514318	Mascotas/None			Peluche Douglas Hally Gato Con Rayas Anaranjadas 20 Cm De Altura - Venta Internacional.
SIN SUB	p514319	Mascotas/None			Peluche Douglas Scatter Con Forma De Gato Gris 20 Cm - Venta Internacional.
SIN SUB	p514320	Mascotas/None			Peluche Douglas Snippy, Gato Blanco Y Negro, 20 Cm - Venta Internacional.
SIN SUB	p514322	Mascotas/None			Peluche Faonie Para Perro Maltés 26 Cm - Venta Internacional.
SIN SUB	p514323	Mascotas/None			Peluche Fimigid Monster Con Dibujos Animados De Gato Y Perro 33 Cm Halloween - Venta Internacional.
SIN SUB	p514325	Mascotas/None			Peluche Grande Mascota De Futbol Águila Con Sonido Mi Alegría
SIN SUB	p514326	Mascotas/None			Peluche Grande Mascota De Futbol Chiva Con Sonido Mi Alegría
SIN SUB	p514327	Mascotas/None			Peluche Grande Mascota De Futbol Pumas Con Sonido Mi Alegría
SIN SUB	p514328	Mascotas/None			Peluche Gudves Gato Siamés Pelo Corto 30 Cm Para Niños - Venta Internacional.
SIN SUB	p514330	Mascotas/None			Peluche Gund Boo, El Perro Más Lindo Del Mundo, Año Nuevo Lunar - Venta Internacional.
SIN SUB	p514331	Mascotas/None			Peluche Gund Boo, El Perro Más Lindo Del Mundo, Fresa, 13 Cm - Venta Internacional.
SIN SUB	p514332	Mascotas/None			Peluche Gund Checkers Con Forma De Cachorro Dálmata, 35 Cm - Venta Internacional.
SIN SUB	p514333	Mascotas/None			Peluche Gund de Gato-Venta Internacional
SIN SUB	p514334	Mascotas/None			Peluche Gund Drops Paulie Pup, Cachorro Naranja De 23 Cm - Venta Internacional.
SIN SUB	p514335	Mascotas/None			Peluche Gund El Perro Unicornio-Venta Internacional
SIN SUB	p514336	Mascotas/None			Peluche Hansa Terrier Cachorro De 23 Cm De Longitud - Venta Internacional.
SIN SUB	p514337	Mascotas/None			Peluche Hollyhome Bichon Frise Cachorro De Peluche 33 Cm Para Niños - Venta Internacional.
SIN SUB	p514338	Mascotas/None			Peluche Hollyhome Para Perro Maltés 38 Cm Color Blanco - Venta Internacional.
SIN SUB	p514340	Mascotas/None			Peluche Jrystar Yellow Duck 60 Cm Para Niños Y Mascotas - Venta Internacional.
SIN SUB	p514344	Mascotas/None			Peluche Mary Meyer Cozy Toes, Gato De Peluche, 43 Cm - Venta Internacional.
SIN SUB	p514345	Mascotas/None			Peluche Mascota De Futbol Cruz Azul Con Sonido Mi Alegría
SIN SUB	p514346	Mascotas/None			Peluche Merrymakers Para Perro Hombre Y Gato 6.5 Pulgadas Naranja - Venta Internacional.
SIN SUB	p514347	Mascotas/None			Peluche Morismos Giant Bunny 80 Cm Conejo De Peluche Gris - Venta Internacional.
SIN SUB	p514348	Mascotas/None			Peluche Mr Vivicare 13 Cm Azul Con Forma De Gato De Pie Abrazable - Venta Internacional.
SIN SUB	p514349	Mascotas/None			Peluche Onsoyours Gatito - Venta Internacional.
SIN SUB	p514351	Mascotas/None			Peluche Para Mascota Ideen Fantasma Con Válvula De Sonido
SIN SUB	p514352	Mascotas/None			Peluche Para Mascota Ideen Frankenstein Con Válvula De Sonido
SIN SUB	p514353	Mascotas/None			Peluche Para Perro De Laboratorio Douglas Brewster Color Negro 30 Cm - Venta Internacional.
SIN SUB	p514354	Mascotas/None			Peluche Para Perro De Laboratorio Douglas Butter, Amarillo, 13 Cm - Venta Internacional.
SIN SUB	p514355	Mascotas/None			Peluche Para Perro De Laboratorio Douglas Chester, Color Negro, 41 Cm - Venta Internacional.
SIN SUB	p514356	Mascotas/None			Peluche Para Perro De Laboratorio Douglas Cocoa Chocolate, 41 Cm - Venta Internacional.
SIN SUB	p514357	Mascotas/None			Peluche Para Perro De Laboratorio Douglas Finn Chocolate 13 Cm - Venta Internacional.
SIN SUB	p514358	Mascotas/None			Peluche Para Perro Douglas Dilly Dachshund 23 Cm - Venta Internacional.
SIN SUB	p514359	Mascotas/None			Peluche Para Perro Douglas Dunham Shiba Inu, 30 Cm - Venta Internacional.
SIN SUB	p514360	Mascotas/None			Peluche Para Perro Douglas Oma St. Bernard 28 Cm - Venta Internacional.
SIN SUB	p514361	Mascotas/None			Peluche Para Perro Douglas Poofy Shih-tzu, 20 Cm - Venta Internacional.
SIN SUB	p514362	Mascotas/None			Peluche Para Perro Gadxv 61 Cm Suave Cachorro De Peluche - Venta Internacional.
SIN SUB	p514363	Mascotas/None			Peluche Para Perros Warmies Color Marrón De Peluche De 1 Año O Más - Venta Internacional.
SIN SUB	p514365	Mascotas/None			Peluche Peppa Pig 30 cm con Sonidos Peppa y su Mascota
SIN SUB	p514366	Mascotas/None			Peluche Peppa Pig George 30 cm con Sonidos y su Mascota
SIN SUB	p514367	Mascotas/None			Peluche Pequeño Gato Eo Safe Imports Esi-21053 Naranja
SIN SUB	p514368	Mascotas/None			Peluche Perrito / Perro Cafe Super Suave Regalo Muñeco
SIN SUB	p514369	Mascotas/None			Peluche Perrito / Perro Cafe Super Suave Regalo Muñeco
SIN SUB	p514370	Mascotas/None			Peluche, Perro Pastor Alemán Douglas Prince, 13 Cm - Venta Internacional.
SIN SUB	p514371	Mascotas/None			Peluche Personaje Gato Ojos Saltones Negro
SIN SUB	p514372	Mascotas/None			Peluche Personaje Gato Ojos Saltones Negro
SIN SUB	p514373	Mascotas/None			Peluche Pesado Gato Negro Meowtastic 22 Cm 2 Kg - Venta Internacional.
SIN SUB	p514374	Mascotas/None			Peluche Pesado Para Perros Jellymallow 2 27 Kg - Venta Internacional.
SIN SUB	p514375	Mascotas/None			Peluche Recur Conejo De Peluche Color Marrón 30 Cm - Venta Internacional.
SIN SUB	p514376	Mascotas/None			Peluche Ruz 10'' Shinymals con Accesorios Adopta una Mascota Gato
SIN SUB	p514377	Mascotas/None			Peluche Skylety, Gato Cariñoso Con 4 Gatitos De Peluche De 40 Cm - Venta Internacional.
SIN SUB	p514378	Mascotas/None			Peluche Skylety, Gato Cariñoso Con 4 Gatitos De Peluche De 40 Cm - Venta Internacional.
SIN SUB	p514379	Mascotas/None			Peluche Sqeqe Para Perro Con Peso 60 Cm Color Marrón - Venta Internacional.
SIN SUB	p514380	Mascotas/None			Peluche Talking Hamster Eocolz Repeats What You Say Para Niños - Venta Internacional.
SIN SUB	p514381	Mascotas/None			Peluche Teeturtle, Gato Salvaje, Reversible, Tigre, 10 Cm - Venta Internacional.
SIN SUB	p514385	Mascotas/None			Peluche Tigerhart Bastien El Perro De Montaña De Berna - Venta Internacional.
SIN SUB	p514389	Mascotas/None			Peluche Toynk, Tamaño Grande, Abeja Y Gatito, 30 Cm, Para Niños - Venta Internacional.
SIN SUB	p514390	Muebles/Otros			Peluche Ucc Distributing Doki Literature Club Monkia 15 Cm - Venta Internacional.
SIN SUB	p514391	Mascotas/None			Peluche Viahart Boone, El Gato Negro, 33 Cm, De Peluche - Venta Internacional.
SIN SUB	p514392	Mascotas/None			Peluche Viahart Lasodo The Lion, Gato De Peluche De 99 Cm - Venta Internacional.
SIN SUB	p514402	Mascotas/None			Peluche Wild Republic Para Perros Salvajes Africanos 20 Cm - Venta Internacional.
SIN SUB	p514403	Mascotas/None			Peluche Wild Republic, Perro Salvaje Africano, 30 Cm, Para Niños - Venta Internacional.
SIN SUB	p514404	Mascotas/None			Peluche Wild Republic, Perro Salvaje Africano, 30 Cm, Para Niños - Venta Internacional.
SIN SUB	p514405	Mascotas/None			Peluche Winsterch Con Forma De Gato Naranja De Peluche Para Niños - Venta Internacional.
SIN SUB	p514406	Mascotas/None			Peluche Ygze Con Forma De Cachorro Pesado De 60 Cm Y 2 Kg - Venta Internacional.
SIN SUB	p514409	Mascotas/None			Peluches Para Gatos Contra Pepinillos Jumbo Cactus 8 Super Soft - Venta Internacional.
SIN SUB	p514410	Muebles/Otros			Peluches Vaca Lola Y Percherón Baby La Granja De Zenon 14 Cm Colores
SIN SUB	p514415	Instrumentos musicales/Baterías			Percusiones Meinl Negros 2 Piezas-Venta Internacional
SIN SUB	p514429	Mascotas/None			Perro De Montaña Bernés Dollibu Animal De Peluche 20 Cm - Venta Internacional.
SIN SUB	p514430	Mascotas/None			Perro De Peluche Gund Muttsy Brown De 14 Pulgadas Para Niños De 1 Año En Adelante - Venta Internacio
SIN SUB	p514431	Mascotas/None			Perro De Peluche Skylety Con Bebés En Su Interior, 1 Mamá Grande Con 4 Bebés Pequeños - Venta Intern
SIN SUB	p514433	Mascotas/None			Perro De Peluche Tumama Cachorro Interactivo Que Canta Y Habla 25 Cm - Venta Internacional.
SIN SUB	p514434	Mascotas/None			Perro De Peluche Wild Republic Rescue Dog Con Sonido, 14 Cm - Venta Internacional.
SIN SUB	p514435	Mascotas/None			Perro De Peluche Youthfuljive Corgi Con Bebés 5 Unidades Para Niños - Venta Internacional.
SIN SUB	p514436	Mascotas/None			Perro Robot Doble control remoto y sensor inteligente movimientos de acrobacias
SIN SUB	p514437	Mascotas/None			Perro Robot Inteligente Dingdongwu Mascota Stem Interactiva A Partir De 6 Años - Venta Internacional
SIN SUB	p514438	Mascotas/None			Perro Robot Interactivo Cretargio Para Niños De 3 A 8 Años - Venta Internacional.
SIN SUB	p514439	Mascotas/None			Perro Robot Peachleaf Programable Con Control Remoto Y Por Voz - Venta Internacional.
SIN SUB	p514440	Mascotas/None			Perro Robot Qudify Inteligente Programable Con Control Por Voz Y Aplicación - Venta Internacional.
SIN SUB	p514441	Mascotas/None			Perro Robot Zreswap Programable Con Control Por Voz Y Respuesta Táctil Inteligente - Venta Internaci
SIN SUB	p514442	Mascotas/None			Perro Skylety De Peluche Con Bebés En Su Interior Para Niños Corgi - Venta Internacional.
SIN SUB	p514468	Autos, bicicletas y motos/None			Pingüe City & Speed | Pista Dino Trax Para Niños Set De Transporte Y Almacenamiento Alta Velocidad P
SIN SUB	p514469	Autos, bicicletas y motos/None			Pingüe City & Speed | Pista Dino Trax Para Niños Set De Transporte Y Almacenamiento Alta Velocidad P
SIN SUB	p514512	Herramientas/None			Play Doh Banco De Herramientas 284g Hasbro
SIN SUB	p514515	Mascotas/None			Playmobil Water Rescue Con Perro - Venta Internacional.
SIN SUB	p514517	Mascotas/None			Playset Cookeez Makery Lil' Bakez Para Mascotas Múltiples Con 3 Mascotas De Peluche - Venta Internac
SIN SUB	p514518	Autos, bicicletas y motos/None			Playset Daron Boeing De La Segunda Guerra Mundial Con 2 Modelos De Aviones Y 2 Vehículos - Venta Int
SIN SUB	p514526	Mascotas/None			Playset Schleich Horse Club Stall Con Caballo Y Perro 32 Piezas Para Niños Mayores De 5 Años - Venta
SIN SUB	p514529	Mascotas/None			Plushie Teeturtle, El Gato Reversible Original, Calabaza Negra - Venta Internacional.
SIN SUB	p514530	Mascotas/None			Plushie Teeturtle, El Gato Reversible Original Que Brilla En La Oscuridad - Venta Internacional.
SIN SUB	p514531	Mascotas/None			Plushie Teeturtle, El Original Esqueleto Reversible De Gato Blanco - Venta Internacional.
SIN SUB	p514532	Mascotas/None			Plushmates Teeturtle, Gato Atigrado Reversible, Naranja, 11,4 Cm - Venta Internacional.
SIN SUB	p514540	Mascotas/None			Portabicicletas Playset Barbie Chelsea Para Cachorros Con Muñeca Pequeña Y Accesorio - Venta Interna
SIN SUB	p514549	Herramientas/None			Pottery Wheel Skirfy Mini Para Principiantes Con Arcilla Y Herramientas - Venta Internacional.
SIN SUB	p514553	Juegos de mesa/Otros juegos			Producción De Repositorios De Juegos De Mesa El Señor De Los Anillos: Duel - Venta Internacional.
SIN SUB	p514846	Mascotas/None			Puzzle Bgraamiens - Vitral Con Forma De Gato (1000 Piezas 61 X 61 Cm) - Venta Internacional.
SIN SUB	p515003	Mascotas/None			Puzzle Good Puzzle Co. Perros Y Flores, 500 Piezas - Venta Internacional.
SIN SUB	p515270	Mascotas/None			Puzzone Puzzone Halloween 1000 Piezas Con Gato Y Bruja - Venta Internacional.
SIN SUB	p515322	Mascotas/None			Reloj de Pared Rompecabezas 3d de Madera Gato - Venta Internacional.
SIN SUB	p515364	Mascotas/None			Remolcador Interactivo Fisher-price Para Mascotas, Remolca Con Amigos - Venta Internacional.
SIN SUB	p515370	Joyería y bisutería/None			Réplica De Alfiler Sinsajo De Los Juegos Del Hambre Chapado En Oro - Venta Internacional.
SIN SUB	p515379	Autos, bicicletas y motos/None			Réplica De Vehículo Qmx Batman Batwing Metal Plateado 17 Cm Adulto - Venta Internacional.
SIN SUB	p515385	Herramientas/None			Reserva The Elf On The Shelf Elves At Play: Herramientas Y Consejos - Venta Internacional.
SIN SUB	p515395	Mascotas/None			Robot Interactivo De Peluche Con Forma De Gato Marsjoy White - Venta Internacional.
SIN SUB	p515396	Mascotas/None			Robot Interactivo Para Gatos Perros Robot Stemtron Programable - Venta Internacional.
SIN SUB	p515397	Mascotas/None			Robot Robótico Interactivo Para Perros Y Gatos Stemtron Programable - Venta Internacional.
SIN SUB	p515407	Mascotas/None			Rompecabezas 1000 Piezas 70 X 50 Cm El Gato Está En La Cocina, Belug Multicolor
SIN SUB	p515408	Mascotas/None			Rompecabezas 1000 Piezas 70 X 50 Cm El Gato Está En La Cocina
SIN SUB	p515486	Mascotas/None			Rompecabezas Aquarius El Gato Con Sombrero 1000 Piezas Dr. Seuss - Venta Internacional.
SIN SUB	p515490	Televisores/None			Rompecabezas Aquarius Friends De La Serie De Televisión Navidad De 1000 Piezas - Venta Internacional
SIN SUB	p515552	Mascotas/None			Rompecabezas Belug De 1000 Piezas, 70x50 Cm De Perros Lindos Multicolor
SIN SUB	p515596	Lavadoras/None			Rompecabezas Buffalo Games Centrifugadora 1500 Piezas - Venta Internacional.
SIN SUB	p515770	Mascotas/None			Rompecabezas Ceaco Los Villanos De Disney Y Sus Mascotas 1000 Piezas - Venta Internacional.
SIN SUB	p515850	Mascotas/None			Rompecabezas De 1000 Piezas, 70x50 Cm De Perros Lindos
SIN SUB	p515851	Mascotas/None			Rompecabezas De 1000 Piezas, 70x50 Cm De Perros Lindos
SIN SUB	p515854	Mascotas/None			Rompecabezas De 1000 Piezas Lab.g, 70x50 Cm De Perros Lindos
SIN SUB	p515858	Mascotas/None			Rompecabezas De 70 X 50 Cm De Gato Y Libros, Belug 1000 Piezas Gato Libros Multicolor
SIN SUB	p516016	Mascotas/None			Rompecabezas Flink Perro Pastor Alemán 1000 Piezas
SIN SUB	p516024	Mascotas/None			Rompecabezas Gatos Y Perro Vintage
SIN SUB	p516047	Mascotas/None			Rompecabezas Joyin De 300 Unidades Con Perros Multicolores Para Niños Y Adultos - Venta Internaciona
SIN SUB	p516372	Mascotas/None			Rompecabezas Motiloo 500 Unidades Halloween Para Perros Y Gatos 36 X 51 Cm - Venta Internacional.
SIN SUB	p516401	Televisores/None			Rompecabezas: Paladone Friends (serie De Televisión) Central Perk Cup - Venta Internacional.
SIN SUB	p516631	Mascotas/None			Rompecabezas Razas De Perros
SIN SUB	p516745	Mascotas/None			Rompecabezas Sellos Navideños de Gato de Jigsaw Puzzle Vermont 550 Unidades - Venta Internacional
SIN SUB	p516960	Mascotas/None			Rompecabezas Wishdiam 1000 Piezas Para Gatos Gatitos Mascotas Y Adultos - Venta Internacional.
SIN SUB	p516979	Mascotas/None			Rompecabezas Wuundentoy El Dominio Del Gato Cartón con 300 Piezas
SIN SUB	p517010	Mascotas/None			Safari Ltd Wild Safari - Cachorro De Lobo Silvestre Norteame - Venta Internacional.
SIN SUB	p517031	Mascotas/None			Set 2 en 1 Veterinaria y Belleza con Perrito de Peluche Mágicamente
SIN SUB	p517039	Juegos de mesa/Otros juegos			Set Combinado De Juegos De Mesa Gse Games & Sports Expert 16 Deluxe - Venta Internacional.
SIN SUB	p517040	Juegos de mesa/Otros juegos			Set Combinado De Juegos De Mesa Gse Games & Sports Expert 9 En 1 Wood - Venta Internacional.
SIN SUB	p517041	Juegos de mesa/Otros juegos			Set Combinado De Juegos De Mesa Gse Games & Sports Expert De Piel De 12 5 Pulgadas - Venta Internaci
SIN SUB	p517042	Juegos de mesa/Otros juegos			Set Combinado De Juegos De Mesa Gse Games & Sports Expert De Piel De 12 5 Pulgadas - Venta Internaci
SIN SUB	p517045	Mascotas/None			Set De 12 Figuras De Pingüinos Toymany, Realistas, Con Cachorro De Pingüino - Venta Internacional.
SIN SUB	p517048	Mascotas/None			Set De 2 Gatos De Peluche Tiburón Y Camarón 13cm Eo Safe Imports Esi-21058 Multicolor
SIN SUB	p517053	Mascotas/None			Set De 8 Figuras Flexibles De Conejo De Pascua Artcreativity - Venta Internacional.
SIN SUB	p517054	Mascotas/None			Set De 80 Plantillas Navideñas Para Mascotas Dzxcyz 7 5 X 7 5 Cm - Venta Internacional.
SIN SUB	p517090	Herramientas/None			Set De Arcilla Polimérica Sculpey Bake Shop De 12 Colores Con Herramienta - Venta Internacional.
SIN SUB	p517122	Autos, bicicletas y motos/None			Set De Canciones Marvel Spidey Y Sus Increíbles Amigos Con Vehículo - Venta Internacional.
SIN SUB	p517138	Joyería y bisutería/None			Set De Cortadores Generic Para Joyería Con Diseños De Animales Y Motivos Primaverales 12 Piezas - Ve
SIN SUB	p517139	Joyería y bisutería/None			Set De Cortadores Generic Para Joyería Con Formas De Corazón 13 Piezas - Venta Internacional.
SIN SUB	p517142	Herramientas/None			Set De Cuentagotas, Herramientas Para Clases De Ciencias, Recursos De Aprendizaje - Venta Internacio
SIN SUB	p517179	Mascotas/None			Set de Figuras Gabby's Dollhouse Cuidado de Gatitos con Gabby
SIN SUB	p517180	Televisores/None			Set De Figuras Little People Collector Seinfeld (serie De Televisión) - Venta Internacional.
SIN SUB	p517181	Mascotas/None			Set De Figuras National Geographic León Y Cachorro 2 Piezas - Venta Internacional.
SIN SUB	p517185	Mascotas/None			Set De Gato Caminante Interactivo Que Habla Canta Y Baila - Venta Internacional.
SIN SUB	p517186	Muebles/Otros			Set De Gis Play Day Ultimate Para Banqueta - Venta Internacional.
SIN SUB	p517189	Herramientas/None			Set De Hélices Para Dji Mini 3 Craznick Con 32 Palas Y Herramientas - Venta Internacional.
SIN SUB	p517200	Mascotas/None			Set De Huevos De Pascua Oyeftp Con Figuras De Conejo Ocultas 2 Piezas - Venta Internacional.
SIN SUB	p517201	Mascotas/None			Set De Huevos Eiagurey Impresos En 3d Con Conejo Interior Pastel 4 Piezas - Venta Internacional.
SIN SUB	p517212	Instrumentos musicales/None			Set De Instrumentos Musicales Lexibook Azul Y Rojo 7 Piezas - Venta Internacional.
SIN SUB	p517213	Instrumentos musicales/None			Set De Instrumentos Musicales Lexibook Frozen Azul Y Blanco 7 Piezas - Venta Internacional.
SIN SUB	p517214	Instrumentos musicales/None			Set De Instrumentos Musicales Melissa & Doug Deluxe Band Con Almacenamiento - Venta Internacional.
SIN SUB	p517215	Instrumentos musicales/None			Set De Instrumentos Musicales Miniartis Baby Montessori 1-3 Years - Venta Internacional.
SIN SUB	p517216	Instrumentos musicales/None			Set De Instrumentos Musicales Montessori Toys Para Niños De 1 A 3 Años - Venta Internacional.
SIN SUB	p517217	Instrumentos musicales/None			Set De Instrumentos Musicales Raimy Neutral Colors Para 1 A 3 Años - Venta Internacional.
SIN SUB	p517219	Instrumentos musicales/None			Set De Instrumentos Musicales Vinjoe Wooden Music Para Niños - Venta Internacional.
SIN SUB	p517222	Mascotas/None			Set De Juego Barbie Y Stacie Al Rescate Con Muñeca Y 3 Perros - Venta Internacional.
SIN SUB	p517224	Autos, bicicletas y motos/None			Set De Juego Con Figura De Acción Y Vehículo Hasbro Marvel Venom - Venta Internacional.
SIN SUB	p517248	Mascotas/None			Set De Juego De Figuras De Perro Eyscota Plástico Realista 12 Unidades Para Niños - Venta Internacio
SIN SUB	p517279	Autos, bicicletas y motos/None			Set De Juego Militar Daron Boeing Con 2 Modelos De Aviones Y Vehículos - Venta Internacional.
SIN SUB	p517285	Herramientas/None			Set De Juego Play-doh Bluey Goes Para Acampar Con Herramientas Para Fogatas Durante Más De 3 Años - 
SIN SUB	p517287	Mascotas/None			Set De Juego Roblox 888 Rog0177 Celebrity-deluxe Pet Store Wave 6 - Venta Internacional.
SIN SUB	p517293	Mascotas/None			Set De Juego Veterinario Melissa Y Doug Examinan Y Tratan A Un Veterinario De Mascotas - Venta Inter
SIN SUB	p517295	Juegos de mesa/Otros juegos			Set De Juegos De Mesa Apostrophe Games: Crea Tu Propio Kit De Bricolaje - Venta Internacional.
SIN SUB	p517299	Mascotas/None			Set De Juegos Para Mascotas Dshmixia Doll Accessories Con Casa Y Animales - Venta Internacional.
SIN SUB	p517344	Mascotas/None			Set De Muñecas Familiares Trekfox Con Perro Y Caballo Embarazada Para Mamá Papá Y 4 Niños - Venta In
SIN SUB	p517352	Mascotas/None			Set De Peluches Houwsbaby Cat Con Gatitos Para Niños De 17 Pulgadas - Venta Internacional.
SIN SUB	p517353	Mascotas/None			Set De Peluches Labrador Chocolate Mamá Labrador Con 3 Cachorros - Venta Internacional.
SIN SUB	p517428	Autos, bicicletas y motos/None			Set De Vehículo Y Figura Star Wars At-rt Con Patas Mecánicas Y Cañones Giratorios - Venta Internacio
SIN SUB	p517430	Autos, bicicletas y motos/None			Set De Vehículos Fundidos A Presión Hot Wheels Car Culture 2023 Race Day - Venta Internacional.
SIN SUB	p517433	Autos, bicicletas y motos/None			Set De Vehículos Paw Patrol Racers Rescue Marshall, Spy Chase, Skye - Venta Internacional.
SIN SUB	p517434	Mascotas/None			Set de Veterinario con Perrito de Peluche Sweet Rocket con Varios Movimientos y Accesorios
SIN SUB	p517449	Mascotas/None			Set Lego Creator 3 En 1 Perico Exótico 253 Piezas Color Multicolor Para Niños Desde 7 Años
SIN SUB	p517451	Mascotas/None			Set Magic4u De Cuidado De Mascotas Y Cuidado De Mascotas Pretend Play Para Niños De 3 A 6 Años - Ven
SIN SUB	p517457	Autos, bicicletas y motos/None			Set Multipack De 5 Vehículos De Invierno Mattel Disney Pixar Cars - Venta Internacional.
SIN SUB	p517460	Joyería y bisutería/None			Set para Hacer Joyeria Make It Real para Niñas Crystal Dreams
SIN SUB	p517472	Mascotas/None			Set Veterinario Sweet Rocket con Perrita de Peluche y 10 Accesorios
SIN SUB	p517492	Mascotas/None			Snacks Para Tu Mascota
SIN SUB	p517520	Autos, bicicletas y motos/None			Star Wars Micro Galaxy Squadron V-wing Starfighter (edición Armada), Vehículo De 3 Pulgadas Con Alas
SIN SUB	p517523	Autos, bicicletas y motos/None			Stem Kits Yutin Modelo De Madera Para Construcción De Automóviles Control Remoto 8-13 - Venta Intern
SIN SUB	p517535	Mascotas/None			Sunshade Star Trek: La Nueva Generación De Gatos Para Parabrisas - Venta Internacional.
SIN SUB	p517598	Joyería y bisutería/None			Tarjeta Metálica Yu-gi-oh! Harpie's Pet Dragon Chapado En Oro De 24 Quilates - Venta Internacional.
SIN SUB	p517662	Teclados/None			Teclado Eléctrico Drmukie De 37 Teclas Con Micrófono Para Niños - Venta Internacional.
SIN SUB	p517670	Juegos de mesa/Otros juegos			Teoría De Juegos De Mesa 11 Box One 1 Jugador Neil Patrick Harris - Venta Internacional.
SIN SUB	p517671	Juegos de mesa/Otros juegos			Teoría De Juegos De Mesa 11 Box Two De Neil Patrick Harris - Venta Internacional.
SIN SUB	p517678	Mascotas/None			Tipmant Electrónico Talking Parrots Para Mascotas Con Función De Grabación - Venta Internacional.
SIN SUB	p517683	Mascotas/None			Títere De Mano Folkmanis Cachorro Pastor Alemán 3116 - Venta Internacional.
SIN SUB	p517688	Autos, bicicletas y motos/None			Torre De Observación De Toy Paw Patrol Con Figuras Y Vehículo De Chase - Venta Internacional.
SIN SUB	p517691	Mascotas/None			Tortita De Peluche Douglas Con Forma De Cachorro De Tigre De Bengala 36 Cm - Venta Internacional.
SIN SUB	p517692	Mascotas/None			Tostada De Peluche Con Forma De Cachorro De Bulldog Gund Para Niños De 1 Año O Más, Color Marrón Y B
SIN SUB	p517720	Autos, bicicletas y motos/None			Toy Little Tikes Story Dream Machine Go, Go, Vehículos De Más De 3 Años - Venta Internacional.
SIN SUB	p517721	Autos, bicicletas y motos/None			Toy Marvel Spidey Y Sus Increíbles Amigos Saltan Un Vehículo De Ataque - Venta Internacional.
SIN SUB	p517738	Autos, bicicletas y motos/None			Toy Playmobil City Action 71433 Limpieza Urbana Con Vehículo - Venta Internacional.
SIN SUB	p517742	Autos, bicicletas y motos/None			Toy Spidey Web Crawler Con Figura De Acción Y Vehículo De Spidey De 10 Cm - Venta Internacional.
SIN SUB	p517746	Autos, bicicletas y motos/None			Toymark Vehículo De Fricción Para Niños 2+ Años
SIN SUB	p517761	Muebles/Otros			Transmisor De Radio Betafpv Literadio 2 Se Elrs V3 Con Usb-c - Venta Internacional.
SIN SUB	p517763	Autos, bicicletas y motos/None			Transport Car Carrier Truck Toy +6 Vehículos De Madera De 2 A 5 Años - Venta Internacional.
SIN SUB	p518008	Muebles/Otros			Trivia Game Room Curiosidades Literarias Con 140 Preguntas - Venta Internacional.
SIN SUB	p518012	Herramientas/None			Tubos De Ensayo Jumbo Learning Resources Herramientas De Medición - Venta Internacional
SIN SUB	p518013	Iluminación/None			Tubos Led Led Navideños Sensory Toys Witmelt Para Niños Mayores De 3 Años - Venta Internacional.
SIN SUB	p518015	Herramientas/None			Unicornio Unicorn Academy Glacier Con Silla Y Herramienta Para Peinar Talla 28 Cm - Venta Internacio
SIN SUB	p518016	Herramientas/None			Unicornio Unicorn Academy Wildstar Con Accesorios Y Herramienta Para Peinar La Crin Talla 28 Cm - Ve
SIN SUB	p518017	Mascotas/None			Uniforme Star Trek De The Coop Con Cuello De Gato Color Dorado - Venta Internacional.
SIN SUB	p518043	Autos, bicicletas y motos/None			Vehículo At-te De Toy Jazwares Star Wars Micro Galaxy Squadron - Venta Internacional.
SIN SUB	p518044	Autos, bicicletas y motos/None			Vehículo Bmc Toys M3 Halftrack Arena Con Ruedas Giratorias Y Figuras - Venta Internacional.
SIN SUB	p518045	Autos, bicicletas y motos/None			Vehículo Coleccionable Hot Wheels Car Culture Circuit Legend - Venta Internacional.
SIN SUB	p518046	Autos, bicicletas y motos/None			Vehículo Coleccionable: Lancha Motora Fortnite Hasbro Victory Royale - Venta Internacional
SIN SUB	p518047	Autos, bicicletas y motos/None			Vehículo De Acción Mcfarlane Toys Dc Batcycle La Película De Batman - Venta Internacional.
SIN SUB	p518048	Autos, bicicletas y motos/None			Vehículo De Camión Lab.g Volquete Aleación Rc 1:24 9ch Personaje Marshall, Color Amarillo
SIN SUB	p518049	Autos, bicicletas y motos/None			Vehículo De Camión Volquete Aleación Belug Rc 1:24 9ch Color Naranja Personaje Marshall
SIN SUB	p518050	Autos, bicicletas y motos/None			Vehículo De Camión Volquete Aleación Rc 1:24 9ch Color Naranja Personaje Marshall
SIN SUB	p518051	Autos, bicicletas y motos/None			Vehículo De Camión Volquete Aleación Rc 1:24 9ch Color Naranja Personaje Marshall
SIN SUB	p518053	Autos, bicicletas y motos/None			Vehículo de Colección Monster Jam Blue Thunder 1:24 - Venta Internacional
SIN SUB	p518055	Autos, bicicletas y motos/None			Vehículo de Coleccionista Monster Jam Mohawk Warrior 1:24 - Venta Internacional
SIN SUB	p518056	Autos, bicicletas y motos/None			Vehículo de Coleccionista Monster Jam Sparkle Smash 1:24 - Venta Internacional
SIN SUB	p518057	Autos, bicicletas y motos/None			Vehículo De Construcción Sunny Days Maxx Action Crane Truck 27'' - Venta Internacional.
SIN SUB	p518060	Autos, bicicletas y motos/None			Vehículo De Karts Estándar Toy Hot Wheels Mario Kart Shy Guy - Venta Internacional.
SIN SUB	p518061	Autos, bicicletas y motos/None			Vehículo De Peluche Star Wars Millennium Falcon Jumbo - Venta Internacional.
SIN SUB	p518063	Autos, bicicletas y motos/None			Vehículo Destacado Marvel Spidey Y Sus Increíbles Amigos - Venta Internacional.
SIN SUB	p518064	Autos, bicicletas y motos/None			Vehículo Excavador Big Power Worker Maxi Digger Para Niños Mayores De 3 Años - Venta Internacional.
SIN SUB	p518082	Autos, bicicletas y motos/None			Vehículo Fundido Hot Wheels Quick Bite Fast Foodie 4/5 - Venta Internacional.
SIN SUB	p518084	Autos, bicicletas y motos/None			Vehículo Fundido Monster Jam Blue Thunder - Venta Internacional
SIN SUB	p518088	Autos, bicicletas y motos/None			Vehículo Hot Wheels Real World Racers Negro Para Niños Mayores De 5 Años - Venta Internacional.
SIN SUB	p518089	Autos, bicicletas y motos/None			Vehículo Jada Toys Hollywood Rides 2022 Con Batman 1/32 - Venta Internacional.
SIN SUB	p518091	Autos, bicicletas y motos/None			Vehículo Masters Of The Universe Origins Wind Raider Con Acc - Venta Internacional.
SIN SUB	p518092	Autos, bicicletas y motos/None			Vehículo Mcfarlane Toys Dc Direct Justice League Super Powers - Venta Internacional
SIN SUB	p518093	Autos, bicicletas y motos/None			Vehículo Mcfarlane Toys Dc Multiverse Batmobile Batman Beyond - Venta Internacional.
SIN SUB	p518095	Autos, bicicletas y motos/None			Vehículo Monster Jam Grave Digger 1:24 - Venta Internacional
SIN SUB	p518097	Autos, bicicletas y motos/None			Vehículo Monster Truck Inercial Lab.g Todoterreno Para Niños 4 Pcs Colores
SIN SUB	p518099	Autos, bicicletas y motos/None			Vehículo Montable Eléctrico Control 6v Amarillo para Niños
SIN SUB	p518101	Autos, bicicletas y motos/None			Vehículo Para Niños 4pcs Belug Rojo Verde Azul Naranja
SIN SUB	p518102	Autos, bicicletas y motos/None			Vehículo Para Niños Belug 4pcs Rojo Verde Azul Naranja
SIN SUB	p518103	Autos, bicicletas y motos/None			Vehículo Para Niños Lab.g 4pcs Rojo Verde Azul Naranja
SIN SUB	p518104	Autos, bicicletas y motos/None			Vehículo Playset Vtech Bluey Road Trip Con Efectos De Sonido - Venta Internacional.
SIN SUB	p518105	Autos, bicicletas y motos/None			Vehículo Razor Crest Jazwares Con Microfigura Del Mandaloriano 18 Cm - Venta Internacional.
SIN SUB	p518106	Autos, bicicletas y motos/None			Vehículo Rc Nkok Halo Infinite Battle Hog Warthog - Venta Internacional
SIN SUB	p518107	Autos, bicicletas y motos/None			Vehículo Rc Teenage Mutant Ninja Turtles Michelangelo 5+ - Venta Internacional.
SIN SUB	p518108	Autos, bicicletas y motos/None			Vehículo Rocky Transforming Sawfish De Toy Paw Patrol Aqua Pups - Venta Internacional.
SIN SUB	p518109	Autos, bicicletas y motos/None			Vehículo Star Wars Micro Galaxy Assault Class Ghost Jazwares - Venta Internacional
SIN SUB	p518110	Autos, bicicletas y motos/None			Vehículo Técnico 2 En 1 Con Control Remoto Building Toy Dolive - Venta Internacional.
SIN SUB	p518111	Autos, bicicletas y motos/None			Vehículo Teledirigido Marvel Spidey Web Crawler Rc - Venta Internacional.
SIN SUB	p518112	Autos, bicicletas y motos/None			Vehículo Teledirigido Teenage Mutant Ninja Turtles Donatello Durante Más De 5 Años - Venta Internaci
SIN SUB	p518113	Autos, bicicletas y motos/None			Vehículo Teledirigido Teenage Mutant Ninja Turtles Leonardo, Más De 5 Años - Venta Internacional.
SIN SUB	p518114	Autos, bicicletas y motos/None			Vehículo Teledirigido Teenage Mutant Ninja Turtles Película De Miguel Ángel - Venta Internacional.
SIN SUB	p518117	Autos, bicicletas y motos/None			Vehículo Toy Hot Wheels Tesla Roadster Safari Para Niños A Partir De 3 Años - Venta Internacional.
SIN SUB	p518118	Autos, bicicletas y motos/None			Vehículo Toy Mattel Jurassic World Rebirth Con Figuras - Venta Internacional.
SIN SUB	p518119	Autos, bicicletas y motos/None			Vehículo Transformable Jazwares Spidey Transportador Raceway 23 Cm Con Vehículo Exclusivo Spidey - V
SIN SUB	p518120	Autos, bicicletas y motos/None			Vehículo Transformador Disney Junior Mickey Mouse Funhouse, - Venta Internacional.
SIN SUB	p518121	Autos, bicicletas y motos/None			Vehículo Transformador Fisher-price Disney Mickey & The Roadster Racers 2 En 1 Mickey - Venta Intern
SIN SUB	p518122	Autos, bicicletas y motos/None			Vehículo Volquete Cat de Construcción 10 Pulgadas - Venta Internacional
SIN SUB	p518124	Autos, bicicletas y motos/None			Vehículos Coches Fricción Hotwheels Shark Bite Carreras
SIN SUB	p518125	Autos, bicicletas y motos/None			Vehículos Coches Fricción Hotwheels Velociracer Dinosaurios Carreras
SIN SUB	p518126	Autos, bicicletas y motos/None			Vehículos Coleccionables Fundidos A Presión Paw Patrol True Metal X3 - Venta Internacional.
SIN SUB	p518127	Autos, bicicletas y motos/None			Vehículos con Figuras Paw Patrol Mighty Movie Liberty & Poms - Venta Internacional
SIN SUB	p518128	Autos, bicicletas y motos/None			Vehículos Maisto Formula 1 -4
SIN SUB	p518170	Autos, bicicletas y motos/None			Venta Internacional- Barbie Vehículo Todo Terreno Con Ruedas Rodantes
SIN SUB	p518177	Autos, bicicletas y motos/None			Venta Internacional - Camión De Reciclaje Lego City 60386, Juego De Vehículos De J
SIN SUB	p518190	Autos, bicicletas y motos/None			Venta Internacional- Disney Junior Mickey Mouse Funhouse Vehículo Transformador, Mickey Mouse, Red T
SIN SUB	p518192	Cafeteras/None			Venta Internacional- Disney Mickey Mouse 1-cup Cafetera Con Taza
SIN SUB	p518202	Televisores/None			Venta Internacional- Funko Pop Television: Casado Con Hijos - Figura Coleccionable Bud, Multicolor
SIN SUB	p518203	Televisores/None			Venta Internacional- Funko Pop Television: Friends - Joey In Chandler's Ropsible Collectible Figura,
SIN SUB	p518204	Televisores/None			Venta Internacional- ¡funko Pop! Televisión: ¡oye Arnold! Figura Coleccionable Helga
SIN SUB	p518209	Mascotas/None			Venta Internacional - Gato De Peluche Gund Pusheen Squisheen Squishy Blue 28 Cm
SIN SUB	p518213	Herramientas/None			Venta Internacional: Hand2mind, Herramientas De Geología, Placas De Rayas Para Minerales, Kit De Pru
SIN SUB	p518284	Joyería y bisutería/None			Venta Internacional: Just Play Kit De Joyería De Dinks Contrinky, Arte De Arte Y Artesanía Para Niño
SIN SUB	p518286	Mascotas/None			Venta Internacional- Lancha Barbie Con Cachorro Y Accesorios Temáticos, , Grg29
SIN SUB	p518290	Mascotas/None			Venta Internacional - Lego Minifigura Animal Perro Pastor Alemán
SIN SUB	p518298	Mascotas/None			Venta Internacional -lol Sorpresa Luces Mascotas Con Cabello Real Y 9 Sorpresas, Incluidas Sorpresas
SIN SUB	p518299	Joyería y bisutería/None			Venta Internacional - Lol Surprise! Kit De Actividad Sorpresa De Estudio De Joyería De Horizon Group
SIN SUB	p518301	Herramientas/None			Venta Internacional - Lote De 3 Accesorios Lego Pieza De Herramienta Separador Ladrillo Naranja Y Ax
SIN SUB	p518304	Autos, bicicletas y motos/None			Venta Internacional - Matchbox Jurassic World Dino Transporters Tyranno -hauler Vehículo Y Figura
SIN SUB	p518307	Autos, bicicletas y motos/None			Venta Internacional - Melissa Y Doug Mini Sketch Pad Of Paper (6 X 9 Pulgadas) - 50 Sábanas, 3 Paque
SIN SUB	p518308	Autos, bicicletas y motos/None			Venta Internacional - Melissa Y Doug Reusable Placher Places Set: Prehistórico, Hábitats Y Vehículos
SIN SUB	p518315	Autos, bicicletas y motos/None			Venta Internacional- Paw Patrol Vehículo Jet Special, Everest
SIN SUB	p518316	Mascotas/None			Venta Internacional - Peluche de Perro Stevie Bernese
SIN SUB	p518321	Autos, bicicletas y motos/None			Venta Internacional - Playset Paw Patrol Adventure Bay Lookout Tower Con 2 Vehículos
SIN SUB	p518353	Mascotas/None			Venta Internacional-Set de Juego Battat Veterinario 11 Piezas
SIN SUB	p518354	Autos, bicicletas y motos/None			Venta Internacional- Star Wars Mission Fleet Clase Expedición El Mandaloriano El Niño Batalla Por La
SIN SUB	p518355	Autos, bicicletas y motos/None			Venta Internacional- Star Wars Mission Fleet Gear Class Boba Fett Capture In The Clouds Figura Y Veh
SIN SUB	p518358	Muebles/Otros			Venta International - Cocomelon Pillow Plush, 18 '' - Soft, Tierno, Cómoda, Almohada Extra Grande
SIN SUB	p518359	Autos, bicicletas y motos/None			Venta International - Melissa & Doug Drawing Paper Pad (6 X 9 Pulgadas) - 50 Hojas, 4 Paquetes
SIN SUB	p518360	Autos, bicicletas y motos/None			Venta International - Melissa & Doug Jumbo De 50 Páginas Para Almohadillas Para Niños Para Niños - A
SIN SUB	p518361	Autos, bicicletas y motos/None			Venta International-melissa Y Doug Mini-sketch En La Almohadilla De Espiral (6 X 9 Pulgadas)-4 Paque
SIN SUB	p518365	Mascotas/None			Veterinario De Mascotas Playset Little Live Pets Mama Surprise Families - Venta Internacional.
SIN SUB	p518463	Joyería y bisutería/None			Yu-gi-oh! De Colección Baby Dragon Edición Limitada Chapado En Oro De 24 Quilates. - Venta Internaci
SIN SUB	p518499	Mascotas/None			Accesorio De Ducha Para Mascotas V-frankness 3 Mode Con Manguera De 2 5 M - Venta Internacional.
SIN SUB	p518502	Mascotas/None			Accesorios Electrónicos Para Gatos Orsda T65 Y T85 14 Piezas - Venta Internacional.
SIN SUB	p518505	Mascotas/None			Aceite De Coco Raw Paws Organic Virgin Para Perros Y Gatos 240 Ml - Venta Internacional.
SIN SUB	p518506	Mascotas/None			Aceite De Salmón Premium 250 Ml Omega 3 Y 6 Para Mascotas
SIN SUB	p518507	Mascotas/None			Aceite De Salmón Vital Pet Life 240 Ml Natural Para Perros Y Gatos Suplemento Alimenticio
SIN SUB	p518508	Mascotas/None			Aceite Humectante Petmax Terriomax para Perro
SIN SUB	p518510	Mascotas/None			Acondicionador Bark2basics Blueberry D-mat Para Perros 473 Ml - Venta Internacional.
SIN SUB	p518511	Mascotas/None			Acondicionador En Aerosol Para Perros The Blissful Dog Shine-on + Sheen Coat - Venta Internacional.
SIN SUB	p518512	Mascotas/None			Acondicionador En Aerosol Trizchlor 4 Para Perros Gatos Y Caballos 240 Ml - Venta Internacional.
SIN SUB	p518514	Mascotas/None			Acondicionador Para Perros Bark2basics Oatmeal 473 Ml Hidratante - Venta Internacional.
SIN SUB	p518515	Mascotas/None			Acondicionador Para Perros Bodhi Dog Hidratante Suave 500 Ml Lavanda - Venta Internacional.
SIN SUB	p518516	Mascotas/None			Acondicionador Para Perros The Coat Handler Undercoat Control 480 Ml - Venta Internacional.
SIN SUB	p518517	Mascotas/None			Acondicionador Para Perros Tropiclean Con Mantequilla De Kiwi Y Coco, 600 Ml, Fabricado En Ee. Uu - 
SIN SUB	p518525	Mascotas/None			Adhesivo Interior Para Mascotas Remarcable Paquete De 8 Unidades Alerta De Seguridad Y Rescate - Ven
SIN SUB	p518533	Mascotas/None			Aditivo Para Agua Y Aliento Para Perros Tropiclean Fresh Breath 473 Ml - Venta Internacional.
SIN SUB	p518534	Mascotas/None			Adorno Colgante Flagwix Con Forma De Gato Vitral 20 Cm - Venta Internacional.
SIN SUB	p518538	Mascotas/None			Aerosol Automático Para Disuadir Mascotas Petsafe Ssscat Para Gatos Y Perros - Venta Internacional.
SIN SUB	p518540	Mascotas/None			Aerosol Desodorizante Para Perros, Té Blanco Refrescante De Calidad Ambiental, 240 Ml - Venta Intern
SIN SUB	p518541	Mascotas/None			Aerosol Para Después Del Baño Para Perros Warren London 10 En 1 120 Ml - Venta Internacional.
SIN SUB	p518542	Otros/Varios			Aerosol Repelente De Insectos Cedarcide Extrastrength Tickshield 1 Litro - Venta Internacional.
SIN SUB	p518544	Mascotas/None			Alberca Plegable Eo Safe Imports para Mascota 80 x 20 Cm Azul
SIN SUB	p518546	Mascotas/None			Alberca Plegable Para Perro Mascota 80x20 Cm Eo Safe Imports Esi-8850-1 Azul
SIN SUB	p518562	Mascotas/None			Alfombra Para Mascotas Mora Pets Extra Pequeña Con Forro Polar Reversible Y Franela Ultrasuave Para 
SIN SUB	p518563	Mascotas/None			Alfombra Para Mascotas Mora Pets Extrapequeña Con Forro Polar Reversible Ultrasuave - Venta Internac
SIN SUB	p518564	Mascotas/None			Alfombra Para Mascotas Mora Pets Gris Reversible Extra Pequeña Con Forro Polar Y Franela Suave - Ven
SIN SUB	p518565	Mascotas/None			Alfombra Para Perros Cozyrest Grande Lavable Con Fondo Antideslizante Azul - Venta Internacional.
SIN SUB	p518642	Mascotas/None			Alimento de Perro Royal Canin para Chihuahua Adulto 1.1 kg
SIN SUB	p518643	Mascotas/None			Alimento Diamond Premium Gato 18.14kg
SIN SUB	p518644	Mascotas/None			Alimento Digestive Health Nupec 2 Kg para Perro
SIN SUB	p518646	Mascotas/None			Alimento Hi Multipro para Cachorro de 20kg
SIN SUB	p518647	Mascotas/None			Alimento Húmedo Lata Perro Pomerania Adulto 85g Royal Canin
SIN SUB	p518649	Mascotas/None			Alimento Nupec 1 Kg para Perro Adulto Razas Minis
SIN SUB	p518650	Mascotas/None			Alimento Nupec 1 Kg para Perro Cachorro Razas Minis
SIN SUB	p518757	Celulares/None			Alimento para Mascota Nupec Felino Senior de 3.0 Kg
SIN SUB	p518759	Celulares/None			Alimento para Mascota Nupec - Senior
SIN SUB	p518760	Celulares/None			Alimento para Mascota Nupec Senior Raza Pequeña de 2 Kg
SIN SUB	p518780	Celulares/None			Alimento para Mascota Perfect Sense Senior de 8 Kg
SIN SUB	p518793	Celulares/None			Alimento para Mascota Senior Nupec de 15 Kg
SIN SUB	p518901	Mascotas/None			Alimento Perro Adulto Piel Sensible Grande/med 13kg Proplan
SIN SUB	p518902	Mascotas/None			Alimento Perro Purina Beneful Cachorro 10kg
SIN SUB	p518903	Mascotas/None			Alimento Perro Purina Beneful Salud Radiante 15kg
SIN SUB	p518904	Mascotas/None			Alimento Perro Purina Beneful Triple Proteina 10kg
SIN SUB	p518905	Mascotas/None			Alimento Perro Purina Campeon Adulto 18kg
SIN SUB	p518906	Mascotas/None			Alimento Perro Purina Dog Chow Adulto 15kg
SIN SUB	p518907	Mascotas/None			Alimento Perro Purina Dog Chow Cordero 10kg
SIN SUB	p518908	Mascotas/None			Alimento Purina Pro Plan Raza Grande 3.5 Kg para Perro Cachorro
SIN SUB	p518909	Mascotas/None			Alimento Royal Canin de 4 Kg para Mascotas
SIN SUB	p518912	Mascotas/None			Alimento Super Premium Para Perro - Salmon Y Camote Kirkland 15.87 Kg
SIN SUB	p518913	Mascotas/None			Alimento Virbac Adult de 3 kg para Mascota
SIN SUB	p518951	Mascotas/None			Amoladora de Uñas para Gato/Perros Malubero color Blanco
SIN SUB	p518952	Mascotas/None			Amoladora Y Recortadora De Uñas Para Perros Dremel Pawcontrol 7760-pet - Venta Internacional.
SIN SUB	p518956	Mascotas/None			Anillo De Dentición Fisher-price Key-9 Para Cachorros - Venta Internacional.
SIN SUB	p518957	Mascotas/None			Anillo De Dentición N-bone Sabor A Calabaza Para Cachorros (24 Unidades) - Venta Internacional.
SIN SUB	p518959	Mascotas/None			Anillo Durabite Para Perros Diseño De Serpiente Indestructible Con Forma De Serpiente Color Verde - 
SIN SUB	p518960	Mascotas/None			Anillo Para Perros Tuff Pupper Supermasticable Resistente De Goma - Venta Internacional.
SIN SUB	p518964	Mascotas/None			Animal Bedding Kaytee Pine 19 7 L Para Mascotas Pequeñas - Venta Internacional.
SIN SUB	p518965	Mascotas/None			Antibióticos Para Perros Nenmaokenu Natural Allergy Relief 60 Ml - Venta Internacional.
SIN SUB	p518966	Mascotas/None			Antibióticos Para Perros Vosifsdiy Suplementos Herbales Naturales 60 Ml - Venta Internacional.
SIN SUB	p518972	Mascotas/None			Antiparasitario Petarmor 7 Way Para Perros Praziquantel Y Pamoato De Pirantel - Venta Internacional.
SIN SUB	p518973	Mascotas/None			Aplicación Tópica Trioak Para Gatos 6 Dosis - Venta Internacional.
SIN SUB	p518974	Mascotas/None			Aplicador Knupp Co. Punta Suave Para Mascotas Rojo - Venta Internacional.
SIN SUB	p518975	Mascotas/None			Apoyo Respiratorio Para Perros Everpath 60 Ml - Venta Internacional.
SIN SUB	p519035	Mascotas/None			Árbol Vertical Para Gatos Con Altura Ajustable Eo Safe Imports Esi-20219 Gris
SIN SUB	p519441	Mascotas/None			Aroma Tropical Coco Para Mascotas Zoohugs Mxzsf-002 2 Piezass Botella Con Atomizador Color Blanco
SIN SUB	p519442	Mascotas/None			Asiento de Automóvil para Perros y Gatos Eo Safe Imports Esi-12210 Negro
SIN SUB	p519460	Mascotas/None			Asiento Del Coche De Seguridad Lab.g Para Mascotas Gris -huellas
SIN SUB	p519461	Mascotas/None			Asiento Del Coche De Seguridad Para Mascotas Gris -huellas
SIN SUB	p519463	Mascotas/None			Asiento Elevador De Coche Petbobi Reforzado Para Perros Y Gatos Bolsa Portátil Y Transpirable Con - 
SIN SUB	p519464	Mascotas/None			Asiento Elevador Para Mascotas Amazon Basics, Color Canela, 2.6 Libras - Venta Internacional.
SIN SUB	p519465	Mascotas/None			Asiento Elevador Para Perros Joejoy Deluxe Para Mascotas Pequeñas De Hasta 9 Kg - Venta Internaciona
SIN SUB	p519466	Mascotas/None			Asiento Elevador Para Perros Petsafe Happy Ride Acolchado Xl - Venta Internacional.
SIN SUB	p519467	Mascotas/None			Asiento Elevador Para Perros Petsafe Happy Ride Booster Seat Navy - Venta Internacional.
SIN SUB	p519468	Mascotas/None			Asiento Elevador Para Perros Petsafe Happy Ride Para Automóviles, Camiones Y Suv - Venta Internacion
SIN SUB	p519469	Mascotas/None			Asiento Elevador Petsafe Happy Ride Azul Marino Para Mascotas De Hasta 5,4 Kg - Venta Internacional.
SIN SUB	p519471	Mascotas/None			Asientos De Automóvil Lab.g Para Mascota Gris
SIN SUB	p519472	Mascotas/None			Asientos De Automóvil Para Mascota Gris
SIN SUB	p519478	Mascotas/None			Atrayente para Cachorro Fancy Pets 500 mm
SIN SUB	p519486	Mascotas/None			¡ball Chuckit! Paquete De 2 Unidades Para Perros, Tamaño Ultra Mediano - Venta Internacional.
SIN SUB	p519501	Mascotas/None			Bandanas De Cumpleaños Para Perros Realeaf Paquete De 2 Azul Y Rosa Xl - Venta Internacional.
SIN SUB	p519502	Mascotas/None			Bandanas Para Perros Huhumy 100 Unidades Baberos A Granel Para Perros Medianos Y Grandes - Venta Int
SIN SUB	p519503	Mascotas/None			Bandanas Para Perros Malier Christmas Classic Buffalo Red Plaid - Venta Internacional.
SIN SUB	p519504	Mascotas/None			Bandanas Para Perros Set De 3 Piezas Talla Chica - Ajedrez Rosa Color Rosa
SIN SUB	p519505	Mascotas/None			Bandanas Para Perros Set De 3 Piezas Talla Chica - Navidad Fun
SIN SUB	p519506	Mascotas/None			Bandanas Para Perros Set De 3 Piezas Talla Grande - Navidad Fun
SIN SUB	p519507	Mascotas/None			Bandanas Para Perros Set De 3 Piezas Talla Mediana - Ajedrez Rojo
SIN SUB	p519508	Mascotas/None			Bandanas Para Perros Set De 3 Piezas Talla Mediana - Azul
SIN SUB	p519509	Mascotas/None			Bandanas Para Perros Set De 3 Piezas Talla Mediana - Botanical
SIN SUB	p519510	Mascotas/None			Bandanas Para Perros Set De 3 Piezas Talla Mediana - Navidad Fun
SIN SUB	p519511	Mascotas/None			Bandanas Para Perros Set De 3 Piezas Talla Mediana - Tribal Azul
SIN SUB	p519512	Mascotas/None			Bandanas Zirvyir Para Perros Pequeños Y Medianos Algodón 4 Unidades - Venta Internacional.
SIN SUB	p519520	Mascotas/None			Baño De Arena Wenriko Para Hámster Grande Con Cuchara - Venta Internacional.
SIN SUB	p519521	Mascotas/None			Barra Para Perros Nerf, Goma, Masticable, Ligera, Verde - Venta Internacional.
SIN SUB	p519522	Mascotas/None			Barrera De Malla Para Mascotas Dykeson Con Bolsa De Almacenamiento De 3 Capas S - Venta Internaciona
SIN SUB	p519589	Mascotas/None			Bloc De Rascar Para Gatos Mankaide 4 Paquetes Con Caja De Cartón Reversible - Venta Internacional.
SIN SUB	p519590	Mascotas/None			Bloc De Rascar Para Gatos Primepets Ancho Paquete De 5 Unidades Xl Con Caja Reversible - Venta Inter
SIN SUB	p519592	Mascotas/None			Bocadillos Para Pájaros Para Mascotas Kaytee Food From The Wild, 90 Ml - Venta Internacional.
SIN SUB	p519593	Mascotas/None			Bocaditos Benji & Louie De Pavo Liofilizados Para Perros Y Gatos 85 G - Venta Internacional.
SIN SUB	p519603	Mascotas/None			Bola Para Perros Jolly Pets Tamaño Grande Azul Para Perros De 27 A 41 Kg - Venta Internacional.
SIN SUB	p519606	Mascotas/None			Bolas De Pelo Para Gatos Supplement Pet Naturals, 160 Unidades Masticables - Venta Internacional.
SIN SUB	p519611	Mascotas/None			Bolsa De Aseo Para Mascotas Kislane Púrpura - Venta Internacional.
SIN SUB	p519612	Mascotas/None			Bolsa De Herramientas De Peluche Para Perros Fringe Con Chirriadores 41 X 20 X 4 Cm - Venta Internac
SIN SUB	p519618	Mascotas/None			Bolsa De Silicona Wallfid Para Perros Y Gatos 2 Piezas - Venta Internacional.
SIN SUB	p519627	Mascotas/None			Bolsa De Viaje Belug Portátil Para Mascotas Negro
SIN SUB	p519628	Mascotas/None			Bolsa De Viaje Lab.g Portátil Para Mascotas Negro
SIN SUB	p519632	Mascotas/None			Bolsa De Viaje Para Perros Modoker Para Un Fin De Semana Con Accesorios - Venta Internacional.
SIN SUB	p519633	Mascotas/None			Bolsa De Viaje Para Perros Mydays, Maleta De Equipaje Para Mascotas Con Bolsa Plegable - Venta Inter
SIN SUB	p519636	Mascotas/None			Bolsa Desecante Para Comida Para Mascotas Compatible Con Myfatboss Con Petlibro - Venta Internaciona
SIN SUB	p519637	Mascotas/None			Bolsa Desecante Petlibro Para Comida Para Mascotas 6 Paquetes Mejorados - Venta Internacional.
SIN SUB	p519641	Mascotas/None			Bolsa para Bañar Gato Eo Safe Imports Esi-8827 Verde
SIN SUB	p519642	Mascotas/None			Bolsa Para Bañar/corte Uña Gato Bolsa De Baño Eo Safe Imports Esi-14142 Gris
SIN SUB	p519644	Mascotas/None			Bolsa Portabebés Para Mascotas Y Perros Natuya Impermeable Y Resistente Al Viento - Venta Internacio
SIN SUB	p519659	Mascotas/None			Bolsas Biodegradable Perros Doggy Bags 150pz + Dispensador
SIN SUB	p519660	Mascotas/None			Bolsas Biodegradable Perros Doggy Bags 225pz + Dispensador
SIN SUB	p519661	Mascotas/None			Bolsas Biodegradable Perros Doggy Bags 375pz + Dispensador
SIN SUB	p519662	Mascotas/None			Bolsas Biodegradable Perros Doggy Bags 600pz + Dispensador
SIN SUB	p519663	Mascotas/None			Bolsas Biodegradable Perros Doggy Bags 900pz + Dispensador
SIN SUB	p519664	Mascotas/None			Bolsas Biodegradables para Popo de Perro con Dispensador L Verde 300 Piezas
SIN SUB	p519665	Mascotas/None			Bolsas De Excremento Perros Doggy Bags 150pz + Dispensador
SIN SUB	p519666	Mascotas/None			Bolsas De Excremento Perros Doggy Bags 225pz + Dispensador
SIN SUB	p519667	Mascotas/None			Bolsas De Excremento Perros Doggy Bags 375pz + Dispensador
SIN SUB	p519668	Mascotas/None			Bolsas De Excremento Perros Doggy Bags 600pz + Dispensador
SIN SUB	p519669	Mascotas/None			Bolsas De Excremento Perros Doggy Bags 900pz + Dispensador
SIN SUB	p519671	Mascotas/None			Bolso De Mano Pet Carrier Fashion Para Perros Y Gatos Pequeños - Venta Internacional.
SIN SUB	p519758	Mascotas/None			Bonita Pajarita Petsokoo Con Cuello De Gato Con Campana Breakaway Green - Venta Internacional.
SIN SUB	p519759	Mascotas/None			Boss Pet Prestige Para Perros Grandes Con Resorte 12 M - Venta Internacional.
SIN SUB	p519768	Mascotas/None			Botella Agua Portátil Mascotas 300ml Modelo Amarillo
SIN SUB	p519769	Mascotas/None			Botella Agua Portátil Perros Modelo Blanco
SIN SUB	p519784	Mascotas/None			Botella Para Perro Generic Plegable De Silicona 550 Ml Gris - Venta Internacional.
SIN SUB	p519787	Mascotas/None			Botitas Protex Pawz Rosa Para Perros Con Ajuste Seguro Y Cómodo Talla Pequeña 5-6 5 Cm - Venta Inter
SIN SUB	p519791	Mascotas/None			Bozal De Perro Talla M Eo Safe Imports Esi-24871 Negro
SIN SUB	p519792	Mascotas/None			Bozal Lepark De Nailon Para Perros Pequeños, Medianos, Grandes Y Extragrandes - Venta Internacional.
SIN SUB	p519793	Mascotas/None			Bozal Para Perro Bronzedog Pitbull Cesta De Metal Transpirable Color Marrón - Venta Internacional.
SIN SUB	p519795	Mascotas/None			Bozal para Perro Eo Safe Imports ESI-8176 color Negro
SIN SUB	p519796	Mascotas/None			Bozal Para Perro Jyhy Hocico Corto Ajustable Malla Transpirable Gris - Venta Internacional.
SIN SUB	p519797	Mascotas/None			Bozal Para Perro Resistente Grueso Polímero Reflectante Ajustable 2 Eo Safe Imports Esi-22921 Negro
SIN SUB	p519798	Mascotas/None			Bozal Para Perro Resistente Grueso Polímero Reflectante Ajustable 3 Eo Safe Imports Esi-22922 Negro
SIN SUB	p519799	Mascotas/None			Bozal Para Perro Resistente Grueso Polímero Reflectante Ajustable 4 Eo Safe Imports Esi-22923 Negro
SIN SUB	p519800	Mascotas/None			Bozal Para Perro Resistente Grueso Polímero Reflectante Ajustable 5 Eo Safe Imports Esi-22924 Negro
SIN SUB	p519801	Mascotas/None			Bozal Protector Belug Para Perro Cubierta M Negro
SIN SUB	p519803	Mascotas/None			Brazo Ajustable Para Peluquería De Mascotas Niffgaff Para Mesa 42x69-99 Cm - Venta Internacional.
SIN SUB	p519804	Mascotas/None			Brazo De Aseo Para Mascotas Perros Con Abrazadera Eo Safe Imports Esi-10334 Negro
SIN SUB	p519808	Mascotas/None			Brocha Para El Cuidado De Mascotas Millers Forge Painistic Soft Slicker - Venta Internacional.
SIN SUB	p519810	Mascotas/None			Brocha Para Perros Chris Christensen Original Series Alfiler Ovalado De 27 Mm - Venta Internacional.
SIN SUB	p519811	Mascotas/None			Bunny Tunnels & Tubes Hercocci Piel De Conejo Plegable En 3 Direcciones - Venta Internacional.
SIN SUB	p519812	Mascotas/None			Burbur Pro Acondicionador Bifásico De 500 Ml Para Perros Y Gatos
SIN SUB	p519813	Mascotas/None			Burbur Pro Parfum Five De 500 Ml Para Perros Y Gatos
SIN SUB	p519814	Mascotas/None			Burbur Pro Parfum Four De 500 Ml Para Perros Y Gatos
SIN SUB	p519815	Mascotas/None			Burbur Pro Parfum Seven De 500 Ml Para Perros Y Gatos
SIN SUB	p519818	Mascotas/None			¡busca A Ball Chuckit! Cumpleaños Para Perros De Tamaño Mediano De 9 A 27 Kg - Venta Internacional.
SIN SUB	p519820	Mascotas/None			Cabeza De Repuesto Iveken Para Esmeriladora De Uñas De Mascotas 3 Piezas - Venta Internacional.
SIN SUB	p519826	Mascotas/None			Cable De Amarre Amazon Basics Para Perros De Hasta 27 Kg, 7,6 M, Azul - Venta Internacional.
SIN SUB	p519827	Mascotas/None			Cable De Amarre Amazon Basics Para Perros De Hasta 56,7 Kg, 9,14 M - Venta Internacional.
SIN SUB	p519828	Mascotas/None			Cable De Amarre Mascota Acero Belug Plata
SIN SUB	p519829	Mascotas/None			Cable De Amarre Mascota Acero Belug Plata
SIN SUB	p519830	Mascotas/None			Cable De Amarre Mascota Acero Lab.g Plata
SIN SUB	p519831	Mascotas/None			Cable De Amarre Mascota Acero Lab.g Plata
SIN SUB	p519832	Mascotas/None			Cable De Amarre Para Perros Y Estaca Catapamey 30 M Para Perros Grandes - Venta Internacional.
SIN SUB	p519833	Mascotas/None			Cable De Amarre Petest De 30 Pies Para Perros Pesados De Hasta 56 7 Kg Negro Y Rojo - Venta Internac
SIN SUB	p519834	Mascotas/None			Cable De Amarre Petest Reflectante De 25 Pies Para Perros Pequeños De 35 Libras - Venta Internaciona
SIN SUB	p519835	Mascotas/None			Cable De Amarre Y Estaca Para Perros Petbobi Cable De Acero De 3 M Estaca De 41 Cm - Venta Internaci
SIN SUB	p519836	Mascotas/None			Cable Galvanizado Fancy Pets FL9119 Rojo para Sujetar Perros 5 m
SIN SUB	p519837	Mascotas/None			Cacahuetes Para Mascotas Bird Food Scott Partidos Enteros Sin Cáscara 3 63 Kg - Venta Internacional.
SIN SUB	p519840	Mascotas/None			Cadena de Acero Soldado Malubero Cromado para Perro
SIN SUB	p519841	Mascotas/None			Cadena de Amarre para Perro 3 mm Bajío Pets por 2 pz color Plateado
SIN SUB	p519842	Mascotas/None			Cadena de Amarre para Perro 4 mm Bajío Pets color Plateado
SIN SUB	p519843	Mascotas/None			Cadena De Amarre Para Perros Koch Industries A20321 4 5 M Para Perros Grandes - Venta Internacional.
SIN SUB	p519844	Mascotas/None			Cadena De Amarre Pdq Plateada Giratoria De Acero Para Perro Pequeño/mediano - Venta Internacional.
SIN SUB	p519845	Mascotas/None			Cadena Para Perros Aiyidi Eslabones Cubanos Dorados 10 Mm 316l Acero Inoxidable - Venta Internaciona
SIN SUB	p519846	Mascotas/None			Cadena Para Perros Aiyidi Eslabones Cubanos Dorados 10 Mm 316l Acero Inoxidable - Venta Internaciona
SIN SUB	p519856	Mascotas/None			Caja De Transporte Trixie Pico Para Mascotas Pequeñas - Venta Internacional.
SIN SUB	p519858	Mascotas/None			Caja Sanitaria Para Gato Grande Con Pala – Color Gris
SIN SUB	p519864	Mascotas/None			Calcetines Para Perros Coodeo Xl Antideslizantes Impermeables Grises - Venta Internacional.
SIN SUB	p519865	Mascotas/None			Calcetines Para Perros Coodeo Xl Left Impermeables Y Antideslizantes - Venta Internacional.
SIN SUB	p519866	Mascotas/None			Calcetines Para Perros Dok Tigertoes De Primera Calidad Antideslizantes Para Pisos De Madera - Venta
SIN SUB	p519867	Mascotas/None			Calcetines Para Perros Dok Tigertoes De Primera Calidad Antideslizantes Para Pisos De Madera - Venta
SIN SUB	p519868	Mascotas/None			Calcetines Para Perros Dok Tigertoes De Primera Calidad Antideslizantes Para Pisos De Madera - Venta
SIN SUB	p519869	Mascotas/None			Calcetines Para Perros Expawlorer Antideslizantes Para Perros - Venta Internacional.
SIN SUB	p519870	Mascotas/None			Calcetines Para Perros Expawlorer Antideslizantes Que Evitan Lamerse Las Patas Para Perros - Venta I
SIN SUB	p519871	Mascotas/None			Calcetines Para Perros Pupteck Antideslizantes Con Empuñaduras De Doble Cara Color Gris L - Venta In
SIN SUB	p519872	Mascotas/None			Calcetines Para Perros Scenereal De Goma Antideslizante Para Pavimento Frío/calor - Venta Internacio
SIN SUB	p519878	Mascotas/None			Calming Chews Sentry Para Gatos Calming Aid 120 Ml - Venta Internacional.
SIN SUB	p519879	Mascotas/None			Calming Chews Zesty Paws Compose & Relajation Para Gatos - Venta Internacional.
SIN SUB	p520661	Cámaras y fotografía/None			Cámara Espaciadora Aerokat Trudell para Administrar Medicamento Inhalado
SIN SUB	p520667	Mascotas/None			Camisa Hawaiana para Perro Razas Pequeñas Gato 3 Pack
SIN SUB	p520668	Mascotas/None			Camisas Refrescantes Para Perros Kyeese Paquete De 2 Transpirables Para Verano - Venta Internacional
SIN SUB	p520670	Mascotas/None			Campana De Seguridad Con Cuello De Gato Pawtitas Halloween Pink Skulls Glow - Venta Internacional.
SIN SUB	p520677	Mascotas/None			Campanas Para Perros Luckyiren Ajustables Con Sonido Fuerte 2 Piezas - Venta Internacional.
SIN SUB	p520696	Mascotas/None			Capa para Mascota Pet Pals
SIN SUB	p520697	Mascotas/None			Capa para Mascota Pet Pals
SIN SUB	p520698	Mascotas/None			Capa para Mascota Pet Pals
SIN SUB	p520699	Mascotas/None			Capa para Mascota Pet Pals
SIN SUB	p520700	Mascotas/None			Capa para Mascota Pet Pals
SIN SUB	p520701	Mascotas/None			Capa para Mascota Pet Pals
SIN SUB	p520702	Mascotas/None			Capa para Mascota Pet Pals
SIN SUB	p520703	Mascotas/None			Capa para Mascota Pet Pals
SIN SUB	p520704	Mascotas/None			Capa para Mascota Pet Pals
SIN SUB	p520705	Mascotas/None			Capa para Mascota Pet Pals
SIN SUB	p520706	Mascotas/None			Capa Para Perro Carhartt Firm Duck, Aislante, Color Negro, Tamaño Grande - Venta Internacional.
SIN SUB	p520707	Mascotas/None			Capa Pet Pals color Azul para Mascota
SIN SUB	p520708	Mascotas/None			Capa Pet Pals color Azul para Mascota
SIN SUB	p520709	Mascotas/None			Capa Pet Pals color Azul para Mascota
SIN SUB	p520710	Mascotas/None			Capa Pet Pals color Azul para Mascota
SIN SUB	p520711	Mascotas/None			Capa Pet Pals color Azul para Mascota
SIN SUB	p520712	Mascotas/None			Capa Pet Pals color Azul para Mascota
SIN SUB	p520713	Mascotas/None			Capa Pet Pals color Azul para Mascota
SIN SUB	p520714	Mascotas/None			Capa Pet Pals color Azul para Mascota
SIN SUB	p520715	Mascotas/None			Capa Pet Pals color Azul para Mascota
SIN SUB	p520716	Mascotas/None			Capa Pet Pals color Azul para Mascota
SIN SUB	p520717	Mascotas/None			Capa Pet Pals color Azul para Mascota
SIN SUB	p520718	Mascotas/None			Capa Pet Pals color Azul para Mascota
SIN SUB	p520719	Mascotas/None			Capa Pet Pals color Azul para Mascota
SIN SUB	p520720	Mascotas/None			Capa Pet Pals color Azul para Mascota
SIN SUB	p520721	Mascotas/None			Capa Pet Pals color Azul para Mascota
SIN SUB	p520722	Mascotas/None			Capa Pet Pals color Azul para Mascota
SIN SUB	p520723	Mascotas/None			Capa Pet Pals color Azul para Mascota
SIN SUB	p520724	Mascotas/None			Capa Pet Pals color Azul para Mascota
SIN SUB	p520725	Mascotas/None			Capa Pet Pals color Azul para Mascota
SIN SUB	p520726	Mascotas/None			Capa Pet Pals color Azul para Mascota
SIN SUB	p520727	Mascotas/None			Capa Polar para Perro Pet Pals Rosa
SIN SUB	p520728	Mascotas/None			Capa Polar para Perro Pet Pals Rosa
SIN SUB	p520729	Mascotas/None			Capa Polar para Perro Pet Pals Rosa
SIN SUB	p520730	Mascotas/None			Capa Polar para Perro Pet Pals Rosa
SIN SUB	p520731	Mascotas/None			Capa Polar para Perro Pet Pals Rosa
SIN SUB	p520732	Mascotas/None			Capa Polar para Perro Pet Pals Rosa
SIN SUB	p520733	Mascotas/None			Capa Polar para Perro Pet Pals Rosa
SIN SUB	p520734	Mascotas/None			Capa Polar para Perro Pet Pals Rosa
SIN SUB	p520735	Mascotas/None			Capa Polar para Perro Pet Pals Rosa
SIN SUB	p520736	Mascotas/None			Capa Polar para Perro Pet Pals Rosa
SIN SUB	p520738	Mascotas/None			Carbón Activado En Polvo Rozjovu Para Mascotas Natural De Grado Alimenticio Vegano Sin Gluten 226 G 
SIN SUB	p520741	Mascotas/None			Cargo Liner F-color Suv Para Perros Resistente Al Agua Universal F - Venta Internacional.
SIN SUB	p520742	Mascotas/None			Cargo Liner F-color Suv Resistente Al Agua Para Perros, Ajuste Universal - Venta Internacional.
SIN SUB	p520743	Mascotas/None			Cargo Liner F-color Suv Resistente Al Agua Para Perros, Color Marrón - Venta Internacional.
SIN SUB	p520744	Mascotas/None			Cargo Liner F-color Suv Resistente Al Agua Para Perros, Color Negro - Venta Internacional.
SIN SUB	p520745	Mascotas/None			Cargo Liner F-color Suv Resistente Al Agua Para Perros Universal F - Venta Internacional.
SIN SUB	p520746	Mascotas/None			Cargo Liner F-color Suv Resistente Al Agua Para Perros Universal F - Venta Internacional.
SIN SUB	p520747	Mascotas/None			Carnaza para Perro Fancy Pets 90 Gr Sabor Hierbabuena
SIN SUB	p520748	Mascotas/None			Carnaza para Perro Fancy Pets Sabor Res 40 Piezas
SIN SUB	p520765	Mascotas/None			Carrito 2 En 1 Para Mascotas Vevor Con Remolque De Bicicleta Para Perros, De Hasta 40 Kg - Venta Int
SIN SUB	p520769	Mascotas/None			Cartucho / Recarga Feliway Friends Gato Calmante
SIN SUB	p520937	Mascotas/None			Cat Bed Whiskers & Friends Lavable Para Perros Y Gatos De Interior - Venta Internacional.
SIN SUB	p520940	Mascotas/None			Cat Home Trixie Con Balcón Para Gatos Y Perros Pequeños - Venta Internacional.
SIN SUB	p520970	Mascotas/None			Cat Tunnel Sheldamy De 2 Vías Para Gatos De Interior Con Play Ball Rainbow - Venta Internacional.
SIN SUB	p520971	Mascotas/None			Cat Tunnel Tempcore Plegable En 3 Direcciones Para Gatos De Interior - Venta Internacional.
SIN SUB	p521141	Mascotas/None			Cesta De Bicicleta Para Perros Babeyer Con Laterales Blandos Para Mascotas Azul - Venta Internaciona
SIN SUB	p521143	Mascotas/None			Chamarra Kuoser Reversible Para Perros Medianos Con Cierre De Gancho Y Bucle - Venta Internacional.
SIN SUB	p521144	Mascotas/None			Chamarra México Mundial Futbol Pet Pals para Perro
SIN SUB	p521145	Mascotas/None			Chamarra México Mundial Futbol Pet Pals para Perro
SIN SUB	p521146	Mascotas/None			Chamarra México Mundial Futbol Pet Pals para Perro
SIN SUB	p521147	Mascotas/None			Chamarra México Mundial Futbol Pet Pals para Perro
SIN SUB	p521148	Mascotas/None			Chamarra México Mundial Futbol Pet Pals para Perro
SIN SUB	p521149	Mascotas/None			Chamarra México Mundial Futbol Pet Pals para Perro
SIN SUB	p521150	Mascotas/None			Chamarra México Mundial Futbol Pet Pals para Perro
SIN SUB	p521151	Mascotas/None			Chamarra México Mundial Futbol Pet Pals para Perro
SIN SUB	p521152	Mascotas/None			Chamarra México Mundial Futbol Pet Pals para Perro
SIN SUB	p521153	Mascotas/None			Chamarra México Mundial Futbol Pet Pals para Perro
SIN SUB	p521154	Mascotas/None			Chamarra para Perro Pet Pals Negra Mundial Futbol México
SIN SUB	p521155	Mascotas/None			Chamarra para Perro Pet Pals Negra Mundial Futbol México
SIN SUB	p521156	Mascotas/None			Chamarra para Perro Pet Pals Negra Mundial Futbol México
SIN SUB	p521157	Mascotas/None			Chamarra para Perro Pet Pals Negra Mundial Futbol México
SIN SUB	p521158	Mascotas/None			Chamarra para Perro Pet Pals Negra Mundial Futbol México
SIN SUB	p521159	Mascotas/None			Chamarra para Perro Pet Pals Negra Mundial Futbol México
SIN SUB	p521160	Mascotas/None			Chamarra para Perro Pet Pals Negra Mundial Futbol México
SIN SUB	p521161	Mascotas/None			Chamarra para Perro Pet Pals Negra Mundial Futbol México
SIN SUB	p521162	Mascotas/None			Chamarra para Perro Pet Pals Negra Mundial Futbol México
SIN SUB	p521163	Mascotas/None			Chamarra para Perro Pet Pals Negra Mundial Futbol México
SIN SUB	p521164	Mascotas/None			Chamarra Thundershirt Para Gato Gris Jaspeado Talla M - Venta Internacional.
SIN SUB	p521165	Mascotas/None			Chamarra Universitaria Pet Pals Azul para Perro
SIN SUB	p521166	Mascotas/None			Chamarra Universitaria Pet Pals Azul para Perro
SIN SUB	p521167	Mascotas/None			Chamarra Universitaria Pet Pals Azul para Perro
SIN SUB	p521168	Mascotas/None			Chamarra Universitaria Pet Pals Azul para Perro
SIN SUB	p521169	Mascotas/None			Chamarra Universitaria Pet Pals Azul para Perro
SIN SUB	p521170	Mascotas/None			Chamarra Universitaria Pet Pals Azul para Perro
SIN SUB	p521171	Mascotas/None			Chamarra Universitaria Pet Pals Azul para Perro
SIN SUB	p521172	Mascotas/None			Chamarra Universitaria Pet Pals Azul para Perro
SIN SUB	p521173	Mascotas/None			Chamarra Universitaria Pet Pals Azul para Perro
SIN SUB	p521174	Mascotas/None			Chamarra Universitaria Pet Pals color Rojo para Mascota
SIN SUB	p521175	Mascotas/None			Chamarra Universitaria Pet Pals color Rojo para Mascota
SIN SUB	p521176	Mascotas/None			Chamarra Universitaria Pet Pals color Rojo para Mascota
SIN SUB	p521177	Mascotas/None			Chamarra Universitaria Pet Pals color Rojo para Mascota
SIN SUB	p521178	Mascotas/None			Chamarra Universitaria Pet Pals color Rojo para Mascota
SIN SUB	p521179	Mascotas/None			Chamarra Universitaria Pet Pals color Rojo para Mascota
SIN SUB	p521180	Mascotas/None			Chamarra Universitaria Pet Pals color Rojo para Mascota
SIN SUB	p521240	Mascotas/None			Chaqueta Acolchada Vest Pet Para Perros Y Gatos De La Nfl - Venta Internacional.
SIN SUB	p521242	Mascotas/None			Chaqueta Impermeable Idepet Para Perros Y Gatos Acolchada Color Rojo Rosa - Venta Internacional.
SIN SUB	p521244	Mascotas/None			Chubasquero Para Perros Hde De Doble Capa Impermeable Con Capucha Para Perros - Venta Internacional.
SIN SUB	p521250	Mascotas/None			Cinta Antiarañazos Con Forma De Gato Protectores De Muebles Happyfreesx - Venta Internacional.
SIN SUB	p521251	Mascotas/None			Cinta Antiarañazos Para Gatos Panther Armor Paquete De 10 - Venta Internacional.
SIN SUB	p521258	Mascotas/None			Cinta Retráctil Dog Leash Flexi Neon De 5 M Para Perros De 50 Kg - Venta Internacional.
SIN SUB	p521259	Mascotas/None			Cinta Retráctil Flexi Neon De 5 M Para Perros Grandes - Venta Internacional.
SIN SUB	p521262	Mascotas/None			Cinturón De Seguridad Para Perros Mighty Paw Dog Cinturón De Seguridad Para Coche - Venta Internacio
SIN SUB	p521263	Mascotas/None			Cinturón De Seguridad Para Perros Petsafe Cinturón De Seguridad Ajustable - Venta Internacional.
SIN SUB	p521264	Mascotas/None			Cinturón De Seguridad Para Perros Slowton Ajustable De Nailon Rojo - Venta Internacional.
SIN SUB	p521265	Mascotas/None			Cinturón De Seguridad Para Perros Slowton Ajustable De Nailon Rosa - Venta Internacional.
SIN SUB	p521266	Mascotas/None			Cinturón De Seguridad Para Perros Slowton Azul Ajustable - Venta Internacional.
SIN SUB	p521267	Mascotas/None			Cinturón De Seguridad Para Perros Slowton Reflectante De Nailon 2 Piezas - Venta Internacional.
SIN SUB	p521268	Mascotas/None			Cinturón De Seguridad Para Perros Tivray Ajustable Reflectante Negro 2 Piezas - Venta Internacional.
SIN SUB	p521270	Mascotas/None			Circuito Interactivo para Gato Fancy Pets
SIN SUB	p521292	Mascotas/None			Colcha De Pana Lavable Para Perros De Tamaño Mediano - Venta Internacional.
SIN SUB	p521293	Mascotas/None			Colcha De Pana Lavable Para Perros De Tamaño Mediano - Venta Internacional.
SIN SUB	p521294	Mascotas/None			Colcha De Pana Lavable Para Perros De Tamaño Mediano - Venta Internacional.
SIN SUB	p521295	Mascotas/None			Colcha De Pana Lavable Para Perros De Tamaño Mediano - Venta Internacional.
SIN SUB	p521296	Mascotas/None			Colcha De Pana Lavable Para Perros De Tamaño Mediano - Venta Internacional.
SIN SUB	p521678	Mascotas/None			Collares Navideños Para Gatos, Vellibring, Paquete De 4, Ajustables Con Pajarita - Venta Internacion
SIN SUB	p521679	Mascotas/None			Collares Para Gatos Extodry Classic A Cuadros Con Cascabeles De 15 A 23 Cm De Ajuste. - Venta Intern
SIN SUB	p521680	Mascotas/None			Collares Para Gatos Faygarsle Cotton Breakaway Con Campana, Paquete De 2, Color Rosa P - Venta Inter
SIN SUB	p521681	Mascotas/None			Collares Para Gatos Faygarsle Cotton Breakaway Con Campana, Paquete De 2, Color Verde - Venta Intern
SIN SUB	p521685	Mascotas/None			Colonia Para Mascotas Kenic Christmas Cheer 240 Ml Aroma Duradero - Venta Internacional.
SIN SUB	p521686	Mascotas/None			Colonia Para Mascotas Oivolii Premium Con Aroma A Rosas 100 Ml En Aerosol - Venta Internacional.
SIN SUB	p521687	Mascotas/None			Colonia Para Perros Hempz Petz, Cremosa, Cítricos, Naranja Y Frambuesa Roja - Venta Internacional.
SIN SUB	p521688	Mascotas/None			Colonia Titan para Perro Macho Fancy Pets FL3777 1 L
SIN SUB	p521744	Cámaras y fotografía/None			Comedero Gyozol Con Cámara Inteligente Para Identificar Aves Wi‑fi - Venta Internacional.
SIN SUB	p521791	Mascotas/None			Comida Húmeda Para Gatos Reveal Con Ingredientes Limitados Pollo Auténtico 73 Ml X 1 - Venta Interna
SIN SUB	p521792	Mascotas/None			Comida Húmeda Para Perros Blue Buffalo True Solutions Blissful Belly - Venta Internacional.
SIN SUB	p521793	Mascotas/None			Comida Para Gatos Blue Buffalo Tastefuls Active Chicken, Bolsa De 6,8 Kg - Venta Internacional.
SIN SUB	p521795	Mascotas/None			Comida Para Mascotas Buckeybites Bastones De Cuero Crudo 10 Cm Paquete De 2 - Venta Internacional.
SIN SUB	p521796	Mascotas/None			Comida Para Perros Evolve Classic Crafted Meals Venison, 105 G (paquete De 15) - Venta Internacional
SIN SUB	p521798	Mascotas/None			Comida Y Golosinas Húmedas Para Gatos Hartz Delectables Con Salsa De Pollo - Venta Internacional.
SIN SUB	p521799	Mascotas/None			Comida Y Golosinas Húmedas Para Gatos Hartz Delectables Con Salsa De Pollo - Venta Internacional.
SIN SUB	p521802	Mascotas/None			Comprimidos Para Aliviar El Dolor De Mascotas Medinatura T-relief - 90 Comprimidos - Venta Internaci
SIN SUB	p521803	Mascotas/None			Concentrado de Electrolitos Naturvet Pet para Perros y Gatos 473 ml - Venta Internacional
SIN SUB	p521806	Mascotas/None			Conejito Yuepet De Bed House Para Conejillo De Indias Conejo Hurón O Chinchilla - Venta Internaciona
SIN SUB	p521807	Mascotas/None			Conic Medium Orange para Mascotas
SIN SUB	p521811	Mascotas/None			Conjunto De Esmoquin Para Perro Pumyporeity Talla L Grande Formal Azul - Venta Internacional.
SIN SUB	p521820	Mascotas/None			Contenedor Hermético Para Comida De Mascotas Iris Usa Weatherpro Transparente/negro 25 Kg - Venta In
SIN SUB	p521821	Mascotas/None			Contenedor Hermético Plegable Tiovery Para Alimento De Perro Con Ruedas Y Asa Desmontable - Venta In
SIN SUB	p521824	Mascotas/None			Contenedor Para Comida De Mascotas Color Gris
SIN SUB	p521829	Mascotas/None			Corbata Para Mascotas Anchor Stake Boss Pet De 18 Pulgadas - Venta Internacional.
SIN SUB	p521830	Mascotas/None			Corbatín Navideño Para Perro Fuamey Verde Y Rojo Talla Xl - Venta Internacional.
SIN SUB	p521831	Mascotas/None			Cordón Retráctil Flexi Neon De 5 M Para Perros De 20 Kg - Venta Internacional.
SIN SUB	p521832	Mascotas/None			Cordones Antideslizantes Para Perros Fida, Resistentes, Cómodos, 4 Pies, Azules - Venta Internaciona
SIN SUB	p521833	Mascotas/None			Cordones Antideslizantes Para Perros Fida, Resistentes, Cómodos, De 4 Pies, Negros - Venta Internaci
SIN SUB	p521834	Mascotas/None			Cordones Antideslizantes Para Perros Fida, Resistentes, Cómodos, De 4 Pies - Venta Internacional.
SIN SUB	p522182	Mascotas/None			Corrector Para Mascotas Dog Trainer 30 Ml (paquete De 4) Detiene Los Ladridos - Venta Internacional.
SIN SUB	p522183	Mascotas/None			Corredor Portátil Para Gatos Tenrai Diseño Trapezoidal Plegable - Venta Internacional.
SIN SUB	p522192	Mascotas/None			Cortadora Belug De Patas De Perro De Bajo Ruido Con Luz Led Blanco
SIN SUB	p522193	Mascotas/None			Cortadora de Mascotas Malubero Usb Recargable Eléctrico
SIN SUB	p522194	Mascotas/None			Cortadora De Pelo Eléctrica Para Perros Y Gatos Fácil De Usar
SIN SUB	p522195	Mascotas/None			Cortadora Lab.g De Patas De Perro De Bajo Ruido Con Luz Led Blanco
SIN SUB	p522234	Mascotas/None			Costume Zoo Snoods Tejido Con Forma De Conejo Para Perros De Pascua Para Mascotas - Venta Internacio
SIN SUB	p522236	Mascotas/None			Crema De Cacahuete Para Perros Budder Relax Rover 500 Ml Fabricada En Ee. Uu. - Venta Internacional.
SIN SUB	p522237	Mascotas/None			Crema Hidratante Para Codos Para Perros The Blissful Dog 60 Ml - Venta Internacional.
SIN SUB	p522239	Mascotas/None			Crema Hidratante Para Codos The Blissful Dog Para Perros 66 Ml - Venta Internacional.
SIN SUB	p522242	Mascotas/None			Crema Para Arrugas Yibesi 90 Ml Para Perros Con Pliegues De Piel - Venta Internacional.
SIN SUB	p522243	Mascotas/None			Crema Veterinaria Farnam Aloe Heal Aloe Vera 113 G - Venta Internacional.
SIN SUB	p522244	Mascotas/None			Cremación Funeraria De Madera Para Mascotas Dgdcdv Con Foto - Venta Internacional.
SIN SUB	p522262	Mascotas/None			Cubierta De Asiento Trasero Para Perro Para Camioneta 100% Impermeable Gris - Venta Internacional.
SIN SUB	p522264	Mascotas/None			Cubierta Impermeable Para Asiento Trasero De Auto Para Perros Victoper 600d - Venta Internacional.
SIN SUB	p522265	Mascotas/None			Cubierta Impermeable Para Asiento Trasero De Perro Diamooky Capacidad 190kg - Venta Internacional.
SIN SUB	p522271	Mascotas/None			Cuchara Báscula Digital Multiusos Para Mascotas
SIN SUB	p522272	Mascotas/None			Cuchara Gramera con Báscula Digital para Comida de Mascotas 800gr Chic Fantasy color Blanco
SIN SUB	p522278	Mascotas/None			Cuchilla Para Mascotas Oster Cryogen-x #30 Para Kerbl - Venta Internacional.
SIN SUB	p522279	Mascotas/None			Cuchilla Para Perros Coastal Safari Acero Inoxidable 25 X 8 Cm - Venta Internacional.
SIN SUB	p522281	Mascotas/None			Cuchillas Docal Cerámica Para Cortadora De Perros Corte De 0 5 Mm - Venta Internacional.
SIN SUB	p522282	Mascotas/None			Cuchillas Docal Para Cortadora De Perros Cerámica De 1 5 Mm - Venta Internacional.
SIN SUB	p522380	Mascotas/None			Cunas De Refrigeración Elevadas Para Perros Grandes, Bedsure, Para Perros Grandes - Venta Internacio
SIN SUB	p522381	Mascotas/None			Cunas De Refrigeración Elevadas Para Perros Grandes, Bedsure, Para Perros Grandes - Venta Internacio
SIN SUB	p522382	Mascotas/None			Cunas Para Mascotas Bedsure, Grandes, Elevadas/elevadas, Para Perros - Venta Internacional.
SIN SUB	p522385	Mascotas/None			Depilador Para Mascotas Black+decker Hmsct0001 Reutilizable - Venta Internacional.
SIN SUB	p522386	Mascotas/None			Depurador De Espuma Mágica Para Mascotas Paw Cleaner Gentle Creatures - Venta Internacional.
SIN SUB	p522387	Mascotas/None			Deslanador para Mascotas Lab.G Azul
SIN SUB	p522388	Mascotas/None			Desmatting Comb Raw Paws Para Perros Y Gatos Hojas Largas - Venta Internacional.
SIN SUB	p522391	Mascotas/None			Desodorizante Para Gatos Arm & Hammer, Doble Uso, 900 Ml, Paquete De 6 - Venta Internacional.
SIN SUB	p522393	Mascotas/None			Diadema Para Perro Midlee Pilgrim Turkey Thanksgiving - Venta Internacional.
SIN SUB	p522394	Mascotas/None			Difusor Calmante Portátil Sentry Behavior Para Gatos, 30 Ml - Venta Internacional.
SIN SUB	p522395	Mascotas/None			Difusor De Feromonas Calmante Para Gatos Feliway Classic, 48 Ml, Kit De Inicio - Venta Internacional
SIN SUB	p522658	Mascotas/None			Disolvente Para Pelo De Mascota Vamoosh 3 Sobres 100 G - Venta Internacional.
SIN SUB	p522659	Mascotas/None			Disolvente Para Pelo De Mascotas Seedshub 6 Sobres Con Uso Hasta 12 Meses - Venta Internacional.
SIN SUB	p522688	Mascotas/None			Dispensador con 30 Bolsas Fancy Pets para Deshechos de Perro
SIN SUB	p522700	Mascotas/None			Dispensador de Bolsas Desechables Dry Pet para Mascotas 40 Bolsas
SIN SUB	p522706	Mascotas/None			Dispositivo De Seguridad Bow Wow Labs Buddy Para Perros De 14 A 23 Kg - Venta Internacional.
SIN SUB	p522707	Mascotas/None			Dispositivo De Seguridad Bow Wow Labs Buddy Para Perros De 51 A 75 Libras - Venta Internacional.
SIN SUB	p522708	Mascotas/None			Dispositivo De Seguridad Bow Wow Labs Buddy Para Perros De 7 A 14 Kg - Venta Internacional.
SIN SUB	p522709	Mascotas/None			Disuasor De Ladridos De Perro Zuibas Ultrasónico 20 M Rango 3 Frecuencias - Venta Internacional.
SIN SUB	p522722	Mascotas/None			Dog Recovery Suit Kuoser Para Perros Machos Hembras Xs-2xl - Venta Internacional.
SIN SUB	p522723	Mascotas/None			Dog Recovery Suit Kuoser Para Perros Machos Hembras Xs-2xl - Venta Internacional.
SIN SUB	p522724	Mascotas/None			Dog Recovery Suit Kuoser Para Perros Machos Hembras Xs-2xl - Venta Internacional.
SIN SUB	p522725	Mascotas/None			Dog Recovery Suit Kuoser Para Perros Machos Hembras Xs-2xl - Venta Internacional.
SIN SUB	p522727	Mascotas/None			Dog Stairs Cozy Kiss 3 Escalones Más Anchos Para Perros Pequeños Medianos Y Grandes - Venta Internac
SIN SUB	p522753	Mascotas/None			El Mejor Polvo Probiótico Para Mascotas Tummyworks Perros Y Gatos - Venta Internacional.
SIN SUB	p522754	Mascotas/None			El Polvo Probiótico Vetiq Para Perros Trata La Diarrea 30 Paquetes - Venta Internacional.
SIN SUB	p522761	Mascotas/None			Entrenador Pasto Sintético Bandeja Perro Eo Safe Imports Esi-14711 Verde
SIN SUB	p522763	Mascotas/None			Envoltura De Aseo Para Gatos Neoaurr Autoadherente Y Calmante 70 Cm - Venta Internacional.
SIN SUB	p522764	Mascotas/None			Enzimas Digestivas Para Gatos Naturvet Plus Probiotics 60 Soft Chews - Venta Internacional.
SIN SUB	p522765	Mascotas/None			Escalera 4 Pasos para Perro Poli Pets Gris
SIN SUB	p522766	Mascotas/None			Escalera Afelpada para Perro Poli Pets 3 Pasos Antideslizante Gris
SIN SUB	p522767	Mascotas/None			Escalera Curva Para Mascotas Cozy Kiss Para Perros Con Funda A Prueba De Fugas Color Beige - Venta I
SIN SUB	p522768	Mascotas/None			Escalera De Espuma Para Mascotas Topmart Con 3 Niveles Antideslizantes Extra Anchas Y Profundas - Ve
SIN SUB	p522769	Mascotas/None			Escalera para Mascota 3 Escalones Negro
SIN SUB	p522772	Mascotas/None			Escalera Para Perro Y Gato Antideslizante Talla L Eo Safe Imports Esi-18802 Color Gris
SIN SUB	p522773	Mascotas/None			Escalera para Perro y Gato Redlemon 84018 color Gris y Antideslizante 40 cm
SIN SUB	p522780	Mascotas/None			Escalera Plegable Para Mascotas Con Cajas De Almacenamiento Eo Safe Imports Esi-25434 Gris
SIN SUB	p522783	Mascotas/None			Escaleras Nordjager Para Mascotas Pequeñas 5 Peldaños Para Mascotas Pequeñas Color Gris - Venta Inte
SIN SUB	p522800	Mascotas/None			Escalones Plegables De Espuma Para Mascotas Pet Supplies Para Perros Y Gatos Pequeños - Venta Intern
SIN SUB	p522801	Mascotas/None			Escalones Plegables Para Perros Y Gatos Amazon Basics, Color Gris - Venta Internacional.
SIN SUB	p522803	Cámaras y fotografía/None			Espaciador Inhalador Aerokat Feline Con Cámara De Aerosol Para Gatos - Venta Internacional.
SIN SUB	p522804	Mascotas/None			Espuma Essentials Baño Seco para Perro y Gato Paws y Pals 300 gr
SIN SUB	p522805	Mascotas/None			Estaca De Amarre Para Perros Boss Pet Pdq Grande De Metal Color Plateado - Venta Internacional.
SIN SUB	p522806	Mascotas/None			Estaca De Amarre Para Perros Seleware Outdoor Antioxidante Para Perros Grandes - Venta Internacional
SIN SUB	p522807	Mascotas/None			Estaca De Amarre Para Perros Tombaby 9 5 Kg 9 M Cable Giratorio 360° - Venta Internacional.
SIN SUB	p522808	Mascotas/None			Estaca De Amarre Para Perros Tombaby Cable De 9 M Giratorio 360° - Venta Internacional.
SIN SUB	p522809	Mascotas/None			Estaca De Amarre Para Perros Tombaby Cable De Acero Inoxidable De 30 Pies - Venta Internacional.
SIN SUB	p522810	Mascotas/None			Estaca para Sujetar Perros en Suelo de Tierra Fancy Pets FL9118
SIN SUB	p522812	Mascotas/None			Estación Dispensadora De Agua Para Mascotas Teninyu Replenish 3.8l Grey - Venta Internacional.
SIN SUB	p522814	Mascotas/None			Estantería De Pared Para Gatos Vevor Con Postes De Salto Y Hamacas - Venta Internacional.
SIN SUB	p522816	Mascotas/None			Estantes Y Perchas De Pared Para Gatos Vevor De Hasta 18,14 Kg, Juego De 7 - Venta Internacional.
SIN SUB	p522817	Mascotas/None			Estantes Y Repisas De Pared Takekit Para Gatos Grandes Y Gatitos - Venta Internacional.
SIN SUB	p522820	Mascotas/None			Estera Térmica Uligota Autocalentable Para Gatos - Venta Internacional.
SIN SUB	p522821	Mascotas/None			Etiqueta De Identificación De Mascota Con Código Qr: Perfil En Línea Modificable De Pawaii - Venta I
SIN SUB	p522822	Mascotas/None			Etiqueta De Identificación Para Mascotas Pawaii Silent Silicone Dog Sky Blue Con Código Qr - Venta I
SIN SUB	p522823	Mascotas/None			Etiqueta Para Perro Generic Acero Inoxidable Divertida 1 Unidad - Venta Internacional.
SIN SUB	p522824	Mascotas/None			Etiquetas De Identificación Para Mascotas Con Grabado Providence 8 Formas 8 Colores 2 Tamaños - Vent
SIN SUB	p522825	Mascotas/None			Etiquetas De Identificación Para Mascotas Gotags De Acero Inoxidable Personalizadas De Hasta 8 Línea
SIN SUB	p522826	Mascotas/None			Etiquetas De Identificación Para Mascotas Providence Grabadas En Aluminio Anodizado Para Perros Y Ga
SIN SUB	p522827	Mascotas/None			Etiquetas Para Perros Finn Balor De La Wwe De Los Altos Joyería De Moda - Venta Internacional.
SIN SUB	p522829	Mascotas/None			Extensor Antideslizante Loiion Para Coche Y Perro Negro Asiento Trasero - Venta Internacional.
SIN SUB	p522830	Mascotas/None			Faja De Aseo Para Gatos Neoaurr Autoadherente Y Calmante 90 Cm - Venta Internacional.
SIN SUB	p522831	Mascotas/None			Faja Postoperatoria para Perros y Gatos Eo Safe Imports ESI-8429 Multicolor Talla L
SIN SUB	p522832	Mascotas/None			Faja Postoperatoria para Perros y Gatos Eo Safe Imports ESI-8430 Multicolor Talla XL
SIN SUB	p522839	Mascotas/None			Fancy Pets Bola De Hilo Para Perro Colores Surtidos Con 8 Centímetros
SIN SUB	p522840	Mascotas/None			Fancy Pets Bola De Hilo Para Perro Multicolor Tamaño Extra Chico
SIN SUB	p522842	Mascotas/None			Fancy Pets Carnaza Sabor Carne De Res Para Perro De 10 A 13 Centímetros Con, 1 Pieza
SIN SUB	p522843	Mascotas/None			Fancy Pets Carnaza Sabor Natural Para Perro De 17 A 20 Centímetros Con 2 Piezas
SIN SUB	p522844	Mascotas/None			Fancy Pets Carnaza Sabor Tocino Para Perro De 17 A 20 Centímetros Con, 1 Pieza
SIN SUB	p522845	Mascotas/None			Fancy Pets Carnaza Sabor Tocino Para Perro De 23 A 25 Centímetros Con, 1 Pieza
SIN SUB	p522898	Mascotas/None			Fancy Pets Yummy Galletas Sabor Carne Para Perro Con 100 Gramos, Con Vitaminas Y Minerales
SIN SUB	p522899	Mascotas/None			Fancy Pets Yummy Galletas Sabor Chocolate Para Perro Con 100 Gramos, Con Vitaminas Y Minerales
SIN SUB	p522900	Mascotas/None			Fancy Pets Yummy Galletas Sabor Pollo Para Perro Con 100 Gramos, Con Vitaminas Y Minerales
SIN SUB	p522901	Mascotas/None			Fancy Pets Yummy Galletas Sabor Tocino Para Perro Con 100 Gramos, Con Vitaminas Y Minerales
SIN SUB	p522912	Mascotas/None			Figura De Peluche Para Perros Star Wars Mandalorian The Child, 23 Cm - Venta Internacional.
SIN SUB	p522988	Mascotas/None			Flea Comb Hartz Para Perros Y Gatos Metal De Dientes Finos Color Negro - Venta Internacional.
SIN SUB	p522989	Mascotas/None			Flex Band Para Collares De Perro Garmin Alpha T 20 Y Alpha Tt 25 - Venta Internacional.
SIN SUB	p522992	Mascotas/None			Fórmula Para Articulaciones De Perros Y Gatos 350g B Life Pets Joint Force
SIN SUB	p522994	Mascotas/None			Fórmula Para Piel Y Pelaje De Perros Y Gatos 350g B Life Pets Skin Support
SIN SUB	p522995	Mascotas/None			Fórmula Relajante Para Perros Y Gatos 350g B Life Pets Sabor Res | Relax & Calm
SIN SUB	p522996	Mascotas/None			Fórmula Veterinaria En Aerosol Antipulgas Y Garrapatas Para Perros 240 Ml - Venta Internacional.
SIN SUB	p522997	Mascotas/None			Fragancia Cereza Tropical Mascotas Zoohugs Mxzsc-002 2 Piezass Botella Con Atomizador Color Blanco
SIN SUB	p522998	Mascotas/None			Fragancia Fresca Coco Mascotas 120m Zoohugs Mxzsf-003 3 Piezass Botella Con Atomizador Color Blanco
SIN SUB	p523000	Mascotas/None			Fresh Breath Drops Tropiclean Para Perros, 65 Ml, Concentrado - Venta Internacional.
SIN SUB	p523052	Mascotas/None			Full Life Cachorro Rmyg 4 Kg
SIN SUB	p523053	Mascotas/None			Full Life Cachorro Rp 4 Kg
SIN SUB	p523054	Mascotas/None			Fulltrust Cachorro Razas Pequeñas 8 Kg
SIN SUB	p523055	Mascotas/None			Fulltrust Gato 8 Kg
SIN SUB	p523056	Mascotas/None			Gafas De Sol Con Protección Uv Petleso Para Perros De Tamaño Mediano - Venta Internacional.
SIN SUB	p523057	Mascotas/None			Gafas De Sol Para Perro Nicerinc Pet Medianas Con Protección Uv Ajustables - Venta Internacional.
SIN SUB	p523058	Mascotas/None			Gafas De Sol Para Perro Nicerinc Pet Medianas Con Protección Uv Ajustables - Venta Internacional.
SIN SUB	p523061	Mascotas/None			Gafas De Sol Petleso Con Protección Uv Para Perros Medianos - Venta Internacional.
SIN SUB	p523062	Mascotas/None			Gafas Para Perro Billionchains Con Protección Anti-uv Rosa - Venta Internacional.
SIN SUB	p523063	Mascotas/None			Gafas Para Perro Petleso Para Razas Grandes A Prueba De Viento Y Uv Con Lentes Transparentes - Venta
SIN SUB	p523064	Mascotas/None			Gafas Para Perro Petleso Para Razas Pequeñas Con Protección Uv - Venta Internacional.
SIN SUB	p523065	Mascotas/None			Gafas Para Perro Petleso Transparentes Con Protección Ocular Anti-uv Para Razas Grandes - Venta Inte
SIN SUB	p523066	Mascotas/None			Gafas Para Perro Qumy Con Protección Uv Y A Prueba De Viento Para Razas Pequeñas Y Medianas - Venta 
SIN SUB	p523067	Mascotas/None			Gafas Para Perro Qumy Protección Uv Para Razas Pequeñas A Medianas - Venta Internacional.
SIN SUB	p523068	Mascotas/None			Gafas Y Lentes De Sol Para Perro Namsan Transparentes Para Razas Medianas A Grandes - Venta Internac
SIN SUB	p523069	Mascotas/None			Galletas para Perro Naturance 'Yummy' Sabor Queso 100 gr
SIN SUB	p523070	Mascotas/None			Galletas Para Perros Nutri-vet Hip & Joint Con 500 Mg De Glucosamina, 4 Libras - Venta Internacional
SIN SUB	p523071	Mascotas/None			Galletas Para Perros Nutri-vet Hip & Joint Con 500 Mg De Glucosamina, 6 Libras - Venta Internacional
SIN SUB	p523072	Mascotas/None			Galletas Surtidas Para Perro Fancy Pets Yummy 400 G Con Vitaminas
SIN SUB	p523075	Mascotas/None			Gato Tijera Para Motocicleta Vivohome De Acero Con Capacidad De 500 Kg - Venta Internacional.
SIN SUB	p523076	Mascotas/None			Gato/perro Shear Guroom Azul 6 Pulgadas - Venta Internacional.
SIN SUB	p523077	Mascotas/None			Gel De Linimento Veterinario Magnagard Para Caballos Con Dolor Muscular - Venta Internacional.
SIN SUB	p523078	Mascotas/None			Gel Hemostático Veterinario Benepet Para Heridas Y Cortes Con Antiséptico 60 Ml - Venta Internaciona
SIN SUB	p523079	Mascotas/None			Gel Kzpets Sin Fragancia 40 Ml Para Cuidado De Piel De Mascotas - Venta Internacional.
SIN SUB	p523080	Mascotas/None			Gel Wdelya De Carbón Activado Para Perros Y Gatos 60 Ml - Venta Internacional.
SIN SUB	p523083	Mascotas/None			Glass Marbles Powerking 200 Piezas Ojos De Gato Coloridos 14 Mm - Venta Internacional.
SIN SUB	p523084	Mascotas/None			Golitos Para Gatos Inaba Churu Puré Cremoso De Pollo Con Vieiras 14 Ml X48 - Venta Internacional.
SIN SUB	p523085	Mascotas/None			Golitos Para Gatos Inaba Juicy Bites Sin Granos 18 Sobres De Vieira Y Cangrejo - Venta Internacional
SIN SUB	p523086	Mascotas/None			Golosina Veterinaria Masticable Para La Prevención De Pulgas Y Garrapatas Para Perros De 5 A 22 Libr
SIN SUB	p523087	Mascotas/None			Golosina Y Adorno Húmedo Para Gatos Hartz Delectables Atún 40 G Paquete De 12 - Venta Internacional.
SIN SUB	p523088	Mascotas/None			Golosinas Calmantes Para Gatos Rocco & Roxie Con Melatonina Para Aliviar El Estrés - Venta Internaci
SIN SUB	p523098	Mascotas/None			Goloso Para Gatos Inaba Churu Pop'n Serve Gelatina 35ml Con Vitamina E Y Taurina - Venta Internacion
SIN SUB	p523100	Mascotas/None			Gorro Navideño De Papá Noel Para Perro Con Bufanda Inscape Data - Venta Internacional.
SIN SUB	p523101	Mascotas/None			Gorro Navideño De Papá Noel Y Bufanda Goyoswa Para Perros (l) - Venta Internacional.
SIN SUB	p523102	Mascotas/None			Gorro Para Mascotas Huxley & Kent Antler Buffalo Check Christmas Medium - Venta Internacional.
SIN SUB	p523104	Mascotas/None			Gorros Para Mascotas Weewooday 5 Unidades Conejito León Rana Cachorro Gato Y Gatito - Venta Internac
SIN SUB	p523105	Mascotas/None			Gotas Antipulgas Y Garrapatas Hartz Ultraguard Para Perros De 2.3 A 6.4 Kg - Tratamiento De 3 Meses 
SIN SUB	p523106	Mascotas/None			Gotas Herbales Pgohi Para Perros Y Gatos Con Glucosamina 60 Ml - Venta Internacional.
SIN SUB	p523108	Mascotas/None			Gotas Tópicas Advecta Para Perros Pequeños Con Protección Impermeable 6 Meses - Venta Internacional.
SIN SUB	p523113	Mascotas/None			Guante 2 En 1 Retira Pelo Muerto Fancy Pets para Perros y Gatos
SIN SUB	p523114	Mascotas/None			Guante Antigarrapatas Tick Mitt Green Para Humanos Y Mascotas - Venta Internacional.
SIN SUB	p523115	Mascotas/None			Guante Antigarrapatas Tick Mitt Rosa Para Mascotas Y Personas - Venta Internacional.
SIN SUB	p523117	Mascotas/None			Guante Generic Azul Para Quitar Pelo De Mascotas Con Silicona Flexible Y Ajustable - Venta Internaci
SIN SUB	p523118	Mascotas/None			Guante Generic De Silicona Para Mascotas Azul Con Cerdas Flexibles Y Ajuste Seguro - Venta Internaci
SIN SUB	p523119	Mascotas/None			Guante Generic De Silicona Para Mascotas Azul - Venta Internacional.
SIN SUB	p523120	Mascotas/None			Guante Generic Negro Malla Lavable Para Quitar Pelo De Mascotas Con Ajuste Universal Y Lazo Para - V
SIN SUB	p523121	Mascotas/None			Guante Generic Para Eliminar Pelo De Mascotas Reutilizable 24 X 18 Cm - Venta Internacional.
SIN SUB	p523123	Mascotas/None			Guante Multiusos para Mascota
SIN SUB	p523124	Mascotas/None			Guante Para Mascotas Generic De Silicona Azul Con Cerdas Suaves Para Cepillar Pelo Húmedo O Seco - V
SIN SUB	p523126	Mascotas/None			Guante Removedor de Pelo para Mascota Andromeda Inc 73984 color Azul 1 Par
SIN SUB	p523127	Mascotas/None			Guante Ttiihot Mejorado Para Quitar Pelo De Mascotas 2 Piezas - Venta Internacional.
SIN SUB	p523129	Mascotas/None			Guantes De Aseo Para Mascotas Generic Azul Y Negro Paquete De 4 - Venta Internacional.
SIN SUB	p523130	Mascotas/None			Guantes De Aseo Para Mascotas Nvnan Efficient Deshedding 1 Par Azules - Venta Internacional.
SIN SUB	p523131	Mascotas/None			Guantes De Piel Sintética Con Forma De Uña De Gato Hbbhml Para Cosplay - Venta Internacional.
SIN SUB	p523132	Mascotas/None			Guantes De Piel Sintética De Felpa Con Forma De Uña De Gato Hbbhml Talla Única - Venta Internacional
SIN SUB	p523133	Mascotas/None			Guantes Depiladores Para Mascotas Verdevilla Ecológicos Y Reutilizables - Venta Internacional.
SIN SUB	p523134	Mascotas/None			Guantes Generic Anti Pelos De Mascotas Electrostáticos Reutilizables 2 Piezas - Venta Internacional.
SIN SUB	p523136	Mascotas/None			Guantes Generic Electrostáticos Para Quitar Pelo De Mascotas Reutilizables Y Lavables Con Diseño De 
SIN SUB	p523137	Mascotas/None			Guantes Generic Electrostáticos Para Remover Pelo De Mascotas 3 Pares - Venta Internacional.
SIN SUB	p523138	Mascotas/None			Guantes Generic Para Mascotas Azul Con Cerdas De Silicona Suave Para Baño Y Cepillado - Venta Intern
SIN SUB	p523139	Mascotas/None			Guantes Generic Para Mascotas Con Carga Electrostática Reutilizables 3 Piezas - Venta Internacional.
SIN SUB	p523140	Mascotas/None			Guantes Generic Para Quitar Pelo De Mascotas 2 Piezas Con Tecnología Electrostática - Venta Internac
SIN SUB	p523141	Mascotas/None			Guantes Hbbhml De Piel Sintética Felpa Uña De Gato Para Cosplay - Venta Internacional.
SIN SUB	p523142	Mascotas/None			Guantes Hbbhml De Piel Sintética Felpa Uña De Gato Para Cosplay - Venta Internacional.
SIN SUB	p523143	Mascotas/None			Guantes Para Mascotas Generic Paquete De 2 Reutilizables Con Tecnología Electrostática - Venta Inter
SIN SUB	p523144	Mascotas/None			Guantes Para Mascotas Pawsono Hipoalergénicos 12 Unidades Para Perros Y Gatos - Venta Internacional.
SIN SUB	p523145	Mascotas/None			Hairball Paw Gel Nutri-vet Para Gatos Con Sabor A Salmón, 90 Ml - Venta Internacional.
SIN SUB	p523146	Mascotas/None			Hairball Remedy Paste Hartz Para Gatos Y Gatitos, 75 Ml - Venta Internacional.
SIN SUB	p523197	Mascotas/None			Hamster House Maze Niteangel Multicámara 3 Habitaciones Para Hámster - Venta Internacional.
SIN SUB	p523198	Mascotas/None			Hamster House Maze Niteangel Multicámara 6 Habitaciones Para Hámsteres - Venta Internacional.
SIN SUB	p523199	Mascotas/None			Hamster House Maze Niteangel Multicámara 6 Habitaciones Para Hámsteres - Venta Internacional.
SIN SUB	p523200	Mascotas/None			Hamster Treat Vitakraft Crunch Sticks, Paquete De 2 Unidades - Venta Internacional.
SIN SUB	p523201	Herramientas/None			Herramienta Para Eliminar Garrapatas Jotovo Portátil Segura Confiable Sin Dolor - Venta Internaciona
SIN SUB	p523202	Herramientas/None			Herramienta Portátil Para Eliminar Garrapatas Jotovo Para Mascotas Y Humanos Paquete De 3 - Venta In
SIN SUB	p523206	Mascotas/None			Hill's Adult Large Breed Alimento Perro Raza Grande 20.4 Kg
SIN SUB	p523207	Mascotas/None			Hill's Alimento Gato Adulto Piel Y Estómago Sensible 7kg
SIN SUB	p523209	Mascotas/None			Hill's Canino 15 Kg 1 Unid X Caja Sellado, Original
SIN SUB	p523210	Mascotas/None			Hill's Canino Adult 15 Kg 1 Unid X Caja
SIN SUB	p523213	Mascotas/None			Hill's Canino Adult 2 Kg 4 Unid X Caja Sellado, Original
SIN SUB	p523214	Mascotas/None			Hill's Canino Adult 2 Kg 4 Unid X Caja Sellado, Original
SIN SUB	p523215	Mascotas/None			Hill's Canino Adult 20.4 Kg 1 Unid X Caja
SIN SUB	p523218	Mascotas/None			Hill's Canino Adult 6.8 Kg 1 Unid X Caja
SIN SUB	p523220	Mascotas/None			Hill's Canino Adult 7 12 Kg 1 Unid X Caja
SIN SUB	p523222	Mascotas/None			Hill's Canino Adult 7.5 Kg 1 Unid X Caja
SIN SUB	p523224	Mascotas/None			Hill's Canino Adult Large 15 Kg 1 Unid X Caja
SIN SUB	p523228	Mascotas/None			Hill's Canino Adult Small 2 Kg 1 Unid X Caja
SIN SUB	p523232	Mascotas/None			Hill's Canino Adult Small 7 Kg 1 Unid X Caja
SIN SUB	p523234	Mascotas/None			Hill's Canino Derm Complete 10.9 Kg 1 Unid X Caja
SIN SUB	p523243	Mascotas/None			Hill's Canino J/d 3.9 Kg 1 Unid X Caja
SIN SUB	p523247	Mascotas/None			Hill's Canino K/d 8 Kg 1 Unid X Caja
SIN SUB	p523248	Mascotas/None			Hill's Canino L/d 8 Kg 1 Unid X Caja
SIN SUB	p523250	Mascotas/None			Hill's Canino Metabolic 0.4 Kg 12 Unid X Caja
SIN SUB	p523257	Mascotas/None			Hill's Canino Onc 2.7 Kg 1 Unid X Caja Sellado, Original
SIN SUB	p523259	Mascotas/None			Hill's Canino Perfect Digestion10 Kg 1 Unid X Caja
SIN SUB	p523261	Mascotas/None			Hill's Canino Perfect Weight 11.3 Kg 1 Unid X Caja
SIN SUB	p523264	Mascotas/None			Hill's Canino Perfect Weight 1.8 Kg 1 Unid X Caja Sellado, Original
SIN SUB	p523265	Mascotas/None			Hill's Canino Perfect Weight 5.7 Kg 1 Unid X Caja
SIN SUB	p523268	Mascotas/None			Hill's Canino Puppy 2 Kg 1 Unid X Caja Sellado, Original
SIN SUB	p523270	Mascotas/None			Hill's Canino Puppy 7 Kg 1 Unid X Caja Sellado, Original
SIN SUB	p523271	Mascotas/None			Hill's Canino Puppy Small 2 Kg 1 Unid X Caja
SIN SUB	p523273	Mascotas/None			Hill's Canino Puppy Small 5.6 Kg 1 Unid X Caja
SIN SUB	p523275	Mascotas/None			Hill's Canino Puppy12.5 Kg 1 Unid X Caja Sellado, Original
SIN SUB	p523276	Mascotas/None			Hill's Canino Puppy7 Kg 1 Unid X Caja
SIN SUB	p523279	Mascotas/None			Hill's Canino R/d 3.9 Kg 1 Unid X Caja
SIN SUB	p523282	Mascotas/None			Hill's Canino R/d 8 Kg 1 Unid X Caja Sellado, Original
SIN SUB	p523286	Mascotas/None			Hill's Canino Sensitive Stomach & Skin 7 Kg 1 Unid X Caja Sellado, Original
SIN SUB	p523288	Mascotas/None			Hill's Canino U/d 3.9 Kg 1 Unid X Caja
SIN SUB	p523291	Mascotas/None			Hill's Canino W/d 3.9 Kg 1 Unid X Caja Sellado, Original
SIN SUB	p523293	Mascotas/None			Hill's Canino Z/d 3.2 Kg 1 Unid X Caja
SIN SUB	p523295	Mascotas/None			Hill's Canino Z/d 3.6 Kg 1 Unid X Caja
SIN SUB	p523300	Mascotas/None			Hill's Felino Adult 3.2 Kg 1 Unid X Caja
SIN SUB	p523304	Mascotas/None			Hill's Felino Adult Indoor 3.2 Kg 1 Unid X Caja
SIN SUB	p523305	Mascotas/None			Hill's Felino Adult1.8 Kg 1 Unid X Caja
SIN SUB	p523307	Mascotas/None			Hill's Felino Digestion 1.6 Kg 1 Unid X Caja
SIN SUB	p523311	Mascotas/None			Hill's Felino Hairball 3.2 Kg 1 Unid X Caja
SIN SUB	p523319	Mascotas/None			Hill's Felino Kitten 1.6 Kg 1 Unid X Caja
SIN SUB	p523328	Mascotas/None			Hill's Felino Onc Care 3.2 Kg 1 Unid X Caja Sellado, Original
SIN SUB	p523329	Mascotas/None			Hill's Felino Perfect Digestion 5.9 Kg 1 Unid X Caja Sellado, Original
SIN SUB	p523333	Mascotas/None			Hill's Felino Sensitive Stomach 3.2 Kg 1 Unid X Caja Sellado, Original
SIN SUB	p523335	Mascotas/None			Hill's Felino Sensitive Stomach1.6 Kg
SIN SUB	p523338	Mascotas/None			Hill's Felino Z/d 1.8 Kg 1 Unid X Caja Sellado, Original
SIN SUB	p523340	Mascotas/None			Hill's Prescription Diet Canino Metabolic Metabolic (pérdida Y Mantenimiento De Peso) Canino 8 Kg 1
SIN SUB	p523341	Mascotas/None			Hill's Science Diet Canino Adult Small Bites (perros
SIN SUB	p523342	Mascotas/None			Hill's Science Diet Canino Perfect Digestion (bienestar
SIN SUB	p523344	Mascotas/None			Hoja De Corte Shernbao Pgc-721 Ajustable 5 En 1 Para Mascotas - Venta Internacional.
SIN SUB	p523360	Mascotas/None			Ice Melt Maple99 Seguro Para Mascotas Para Concreto 8 16 Kg Efectivo A -5 °c - Venta Internacional.
SIN SUB	p523361	Mascotas/None			Impermeable Para Gato Perro Talla Ch Eo Safe Imports Esi-20144 Rosa
SIN SUB	p523419	Mascotas/None			Impermeable Pet Pals color Amarillo para Mascota
SIN SUB	p523420	Mascotas/None			Impermeable Pet Pals color Amarillo para Mascota
SIN SUB	p523421	Mascotas/None			Impermeable Pet Pals color Amarillo para Mascota
SIN SUB	p523422	Mascotas/None			Impermeable Pet Pals color Amarillo para Mascota
SIN SUB	p523423	Mascotas/None			Impermeable Pet Pals color Amarillo para Mascota
SIN SUB	p523424	Mascotas/None			Impermeable Pet Pals color Amarillo para Mascota
SIN SUB	p523425	Mascotas/None			Impermeable Pet Pals color Amarillo para Mascota
SIN SUB	p523426	Mascotas/None			Impermeable Raincoat Mascota para Perro Pet Pals Turquesa
SIN SUB	p523427	Mascotas/None			Impermeable Raincoat Mascota para Perro Pet Pals Turquesa
SIN SUB	p523428	Mascotas/None			Impermeable Raincoat Mascota para Perro Pet Pals Turquesa
SIN SUB	p523429	Mascotas/None			Impermeable Raincoat Mascota para Perro Pet Pals Turquesa
SIN SUB	p523430	Mascotas/None			Impermeable Raincoat Mascota para Perro Pet Pals Turquesa
SIN SUB	p523431	Mascotas/None			Impermeable Raincoat Mascota para Perro Pet Pals Turquesa
SIN SUB	p523432	Mascotas/None			Impermeable Raincoat Mascota para Perro Pet Pals Turquesa
SIN SUB	p523433	Mascotas/None			Impermeable Raincoat Mascota para Perro Pet Pals Turquesa
SIN SUB	p523434	Mascotas/None			Impermeable Raincoat Mascota para Perro Pet Pals Turquesa
SIN SUB	p523435	Mascotas/None			Impermeable Raincoat Mascota para Perro Pet Pals Turquesa
SIN SUB	p523436	Mascotas/None			Impermeable Reflejante para Perro Pet Pals Amarillo
SIN SUB	p523437	Mascotas/None			Impermeable Reflejante para Perro Pet Pals Amarillo
SIN SUB	p523438	Mascotas/None			Impermeable Reflejante para Perro Pet Pals Amarillo
SIN SUB	p523439	Mascotas/None			Impermeable Reflejante para Perro Pet Pals Amarillo
SIN SUB	p523440	Mascotas/None			Impermeable Reflejante para Perro Pet Pals Amarillo
SIN SUB	p523441	Mascotas/None			Impermeable Reflejante para Perro Pet Pals Amarillo
SIN SUB	p523442	Mascotas/None			Impermeable Reflejante para Perro Pet Pals Amarillo
SIN SUB	p523443	Mascotas/None			Impermeable Reflejante para Perro Pet Pals Amarillo
SIN SUB	p523444	Mascotas/None			Impermeable Reflejante para Perro Pet Pals Amarillo
SIN SUB	p523445	Mascotas/None			Impermeable Reflejante para Perro Pet Pals Amarillo
SIN SUB	p523446	Mascotas/None			Impermeable Reflejante para Perro Pet Pals Negro
SIN SUB	p523447	Mascotas/None			Impermeable Reflejante para Perro Pet Pals Negro
SIN SUB	p523448	Mascotas/None			Impermeable Reflejante para Perro Pet Pals Negro
SIN SUB	p523449	Mascotas/None			Impermeable Reflejante para Perro Pet Pals Negro
SIN SUB	p523450	Mascotas/None			Impermeable Reflejante para Perro Pet Pals Negro
SIN SUB	p523451	Mascotas/None			Impermeable Reflejante para Perro Pet Pals Negro
SIN SUB	p523452	Mascotas/None			Impermeable Reflejante para Perro Pet Pals Negro
SIN SUB	p523453	Mascotas/None			Impermeable Reflejante para Perro Pet Pals Negro
SIN SUB	p523454	Mascotas/None			Impermeable Reflejante para Perro Pet Pals Negro
SIN SUB	p523455	Mascotas/None			Impermeable Reflejante para Perro Pet Pals Negro
SIN SUB	p523456	Mascotas/None			Impermeable Reflejante para Perro Pet Pals Rojo
SIN SUB	p523457	Mascotas/None			Impermeable Reflejante para Perro Pet Pals Rojo
SIN SUB	p523458	Mascotas/None			Impermeable Reflejante para Perro Pet Pals Rojo
SIN SUB	p523459	Mascotas/None			Impermeable Reflejante para Perro Pet Pals Rojo
SIN SUB	p523460	Mascotas/None			Impermeable Reflejante para Perro Pet Pals Rojo
SIN SUB	p523461	Mascotas/None			Impermeable Reflejante para Perro Pet Pals Rojo
SIN SUB	p523462	Mascotas/None			Impermeable Reflejante para Perro Pet Pals Rojo
SIN SUB	p523463	Mascotas/None			Impermeable Reflejante para Perro Pet Pals Rojo
SIN SUB	p523464	Mascotas/None			Impermeable Reflejante para Perro Pet Pals Rojo
SIN SUB	p523465	Mascotas/None			Impermeable Reflejante para Perro Pet Pals Rojo
SIN SUB	p523466	Mascotas/None			Inhibidor de Olores para Perros Fancy Pets FL3949 82 ml
SIN SUB	p523470	Mascotas/None			Jabón De Ojos Vetericyn Plus Para Perros Y Gatos 90 Ml - Venta Internacional.
SIN SUB	p523575	Mascotas/None			Jeringa De Insulina Veterinaria Easy Touch 31 G 5 Ml U-40 100 Unidades - Venta Internacional.
SIN SUB	p523576	Mascotas/None			Jeringa De Insulina Veterinaria Elimedical 1 Ml 40 Ui U-40 28 G - Venta Internacional.
SIN SUB	p523577	Mascotas/None			Jeringa Veterinaria Easy Touch 31g 0 3 Ml U-40 Para Insulina Para Mascotas - Venta Internacional.
SIN SUB	p523578	Mascotas/None			Jeringas Veterinarias Carepoint Vet U-100 1 Ml 28 G X 0 35 Mm - Venta Internacional.
SIN SUB	p523579	Mascotas/None			Jeringas Veterinarias Carepoint Vet U-100 1 Ml 29 G X 0 33 Mm - Venta Internacional.
SIN SUB	p523580	Mascotas/None			Jeringas Veterinarias Carepoint Vet U-100 Insulina 29 G X 0 3 Ml - Venta Internacional.
SIN SUB	p523581	Mascotas/None			Jeringas Veterinarias Carepoint Vet U-100 Insulina 29 G X 0 5 Ml - Venta Internacional.
SIN SUB	p523582	Mascotas/None			Jeringas Veterinarias Carepoint Vet U-100 Para Insulina 31 G X 8 Mm 0 5 Ml - Venta Internacional.
SIN SUB	p523583	Mascotas/None			Jeringas Veterinarias Carepoint Vet U-40 Insulina 1 Ml 29 G X 1/2 - Venta Internacional.
SIN SUB	p523584	Mascotas/None			Jeringas Veterinarias Carepoint Vet U-40 Insulina 29 G X 0 3 Ml - Venta Internacional.
SIN SUB	p523585	Mascotas/None			Jersey De Cuello Alto Con Cuello Alto Para Perros Pequeños - Venta Internacional.
SIN SUB	p523586	Mascotas/None			Jersey Gooby De Forro Polar Elástico Para Perros, Azul Índigo, Talla Xs - Venta Internacional.
SIN SUB	p523587	Mascotas/None			Jersey Gooby Elástico De Forro Polar Lavanda 3xl Para Perros - Venta Internacional.
SIN SUB	p523588	Mascotas/None			Jersey Gooby Verde Bosque Elástico Para Perros Talla 3xl - Venta Internacional.
SIN SUB	p523589	Mascotas/None			Jersey Kyeese Christmas Snowflake Reindeer Para Perros Pequeños - Venta Internacional.
SIN SUB	p523590	Mascotas/None			Jersey Para Perro Chilly Dog Tejido Trenzado Natural Xl De Lana Beige - Venta Internacional.
SIN SUB	p523591	Mascotas/None			Jersey Para Perro Kurgo Core Con Forro Polar Para Clima Frío Talla Xs - Venta Internacional.
SIN SUB	p523592	Mascotas/None			Jersey Para Perro Kyeese Reindeer Christmas Red Buffalo Check - Venta Internacional.
SIN SUB	p523593	Mascotas/None			Jersey Para Perro Lelepet Cálido De Cuello Alto A Cuadros Rojo Talla M - Venta Internacional.
SIN SUB	p523594	Mascotas/None			Jersey Para Perros Bobibi Prendas De Punto Navideñas Con Renos Para Invierno - Venta Internacional.
SIN SUB	p523595	Mascotas/None			Jersey Para Perros Gooby Sherpa Vest, Color Malva, Para Perros Extragrandes - Venta Internacional.
SIN SUB	p523596	Mascotas/None			Jersey Para Perros Pequeños Kyeese Con Estampado Navideño De Renos Color Rojo - Venta Internacional.
SIN SUB	p523597	Mascotas/None			Jersey Para Perros Pequeños Kyeese Con Estampado Navideño De Renos Color Rojo - Venta Internacional.
SIN SUB	p523598	Mascotas/None			Jersey Para Perros Pets First Nfl Green Bay Packers, Xxl - Venta Internacional.
SIN SUB	p523599	Mascotas/None			Join Support Mascotas Now Tratamiento para Articulaciones Perro y Gato 90 Masticables
SIN SUB	p523605	Mascotas/None			Juego De 2 Rompecabezas Para Perros Hippih, Interactivos Para Perros Grandes - Venta Internacional.
SIN SUB	p523610	Mascotas/None			Juego De 4 Protectores Anfibios Chuckit Para Perros, Tamaño Pequeño - Venta Internacional.
SIN SUB	p523627	Mascotas/None			Juego De Cucharas Para Comida Para Mascotas Hinmay, Vasos Medidores De Plástico Para Mascotas - Vent
SIN SUB	p523634	Mascotas/None			Juego De Cuerdas Cruzadas Para Perros Con Múltiples Mascotas 29 Cm 1 Paquete - Venta Internacional.
SIN SUB	p523635	Mascotas/None			Juego de Cuerdas Elásticas para Gatos con Ventosa y Bola Multicolor
SIN SUB	p523636	Mascotas/None			Juego De Cuerdas Para Perros Franklin Pet Supply, Paquete De 3, Para Cachorros Y Perros - Venta Inte
SIN SUB	p523653	Mascotas/None			Juego De Peines Antipulgas Para Mascotas Lamoutor 7 Piezas De Acero Inoxidable Con Dientes Finos - V
SIN SUB	p523655	Mascotas/None			Juego De Peluche Para Mascotas Mosyzeo Con Sonido 4 Piezas Para Perros Y Gatos Pequeños - Venta Inte
SIN SUB	p523656	Mascotas/None			Juego de Plumas Belug con Campana para Gatos 22 Piezas Multicolor
SIN SUB	p523657	Mascotas/None			Juego De Plumas Con Campana Para Gatos, 22 Unidades Eo Safe Imports Esi-9757-1 Multicolor
SIN SUB	p523658	Mascotas/None			Juego De Recambios Para Gatos Zaylumo Pájaro Realista Con Campana 11 Unidades - Venta Internacional.
SIN SUB	p523929	Celulares/None			Juguete Para Perro Kong Senior Caucho Natural Duradero Mediano Paquete De 2 - Venta Internacional.
SIN SUB	p524160	Mascotas/None			Kantek Cachorro 20 Kg Original Sellado
SIN SUB	p524167	Mascotas/None			Kit 675 Bolsas Sanitarias De Perro Para Recoger Heces Eo Safe Imports Esi-11571-1 Verde
SIN SUB	p524170	Mascotas/None			Kit Belug Multifuncional Quita Pelusa Removedor Para Mascotas Ergonómico Azul Blanco
SIN SUB	p524184	Mascotas/None			Kit Dd Alicates y Limas para Cortar Uñas de Mascotas Ele-gate
SIN SUB	p524192	Mascotas/None			Kit De Alicates Y Limas Para Cortar Uñas De Mascotas, Con Led Azul Belug
SIN SUB	p524193	Mascotas/None			Kit De Alimentación Por Sonda Lbh Market Para Cachorros Y Gatitos - Venta Internacional.
SIN SUB	p524194	Mascotas/None			Kit De Análisis De Pelo Para Mascotas 5 Mechones 380 Artículos Probados - Venta Internacional.
SIN SUB	p524211	Mascotas/None			Kit De Bienestar Para Gatos Kit4cat Con Arena Hidrofóbica 2 Lb - Venta Internacional.
SIN SUB	p524217	Mascotas/None			Kit De Cuidado Bucal Tropiclean Fresh Breath Para Perros Grandes - Venta Internacional.
SIN SUB	p524221	Mascotas/None			Kit De Extracción Homesake De Acero Inoxidable Para Perros Y Gatos - Venta Internacional.
SIN SUB	p524223	Mascotas/None			Kit De Higiene Bucal Virbac C.e.t. Para Perros Y Gatos, 3 Piezas - Venta Internacional.
SIN SUB	p524224	Mascotas/None			Kit De Huella Catose Con Marcas Para Perros Gatos Y Bebés 8 Tarjetas Y 2 Marcos - Venta Internaciona
SIN SUB	p524226	Mascotas/None			Kit De Huellas Sin Tinta Outus Para Mascotas 7x5 Cm Negro - Venta Internacional.
SIN SUB	p524228	Mascotas/None			Kit De Inicio Para Cachorros Smartpetlove Snuggle Puppy Con Accesorios - Venta Internacional.
SIN SUB	p524229	Mascotas/None			Kit De Lavado Para Perros Wondurdog Manguera De Ducha Y Protector Contra Salpicaduras - Venta Intern
SIN SUB	p524233	Mascotas/None			Kit De Prueba Cym702 Para Mascotas Con App De Ia 5 Pruebas - Venta Internacional.
SIN SUB	p524246	Mascotas/None			Kit Lab.g Multifuncional Quita Pelusa Removedor Para Mascotas Ergonómico Azul Blanco
SIN SUB	p524258	Mascotas/None			Kit Paw Print Deerzone Inkless Para Perros Y Gatos - Venta Internacional.
SIN SUB	p524259	Mascotas/None			Kit Pet Corte Pelo Canina Perro Belug Mascota Negro
SIN SUB	p524260	Mascotas/None			Kit Pet Corte Pelo Canina Perro Lab.g Mascota Negro
SIN SUB	p524268	Mascotas/None			Kit Rodillos Quita Pelusa Pelo Removedor Para Mascota Adhesivo 11 Pzs Blanco
SIN SUB	p524271	Herramientas/None			Kits De Herramientas Para Plantas Acuarios Acero Inoxidable Eo Safe Imports Esi-14171-1 Plata
SIN SUB	p524272	Herramientas/None			Kits De Herramientas Para Plantas Acuarios Acero Inoxidable Eo Safe Imports Esi-14171 Plata
SIN SUB	p524273	Herramientas/None			Kits de Herramientas para Plantas Acuarios Malubero color Plateado
SIN SUB	p524277	Herramientas/None			La Herramienta Antiesteras Andis 66055 Reduce La Caída De Pelo De Las Mascotas, De Forma Ecológica -
SIN SUB	p524278	Mascotas/None			Lámpara Generic De Vidrio Con Diseño De Perro Arcoíris Y Alimentación Usb - Venta Internacional.
SIN SUB	p524284	Mascotas/None			Lanzador Automático De Bolas All For Paws Para Perros Pequeños - Venta Internacional.
SIN SUB	p524298	Mascotas/None			Lata De Recarga Para Repelente Automático De Mascotas Petsafe Ssscat - Venta Internacional.
SIN SUB	p524301	Mascotas/None			Leash Carhartt Pet Pet, De Nailon Duradero, Para Perros, Brite Lime L - Venta Internacional.
SIN SUB	p524302	Mascotas/None			Leash Trainer Dogwatch Sidewalker Sw-5 Para Perros - Venta Internacional.
SIN SUB	p524303	Mascotas/None			Leche De Cabra Para Perros Y Gatos The Honest Kitchen 150 Ml - Venta Internacional.
SIN SUB	p524305	Mascotas/None			Lentes de Sol para Perros Eo Safe Imports ESI-8428 color Negro Protección UV
SIN SUB	p524307	Mascotas/None			Lickable Treats Choolip Squeeze Vita Stick Para Perros Y Gatos - Venta Internacional.
SIN SUB	p524312	Mascotas/None			Lima Eléctrica Generic Recargable Para Mascotas Con 2 Velocidades Silenciosa - Venta Internacional.
SIN SUB	p524313	Mascotas/None			Líquido Spray Quita Pulgas Y Garrapatas Now Pets para Perros 237ml
SIN SUB	p524315	Mascotas/None			Loción Abrillantadora Para Mascotas Diego Dalla Palma D-dog 250 Ml - Venta Internacional.
SIN SUB	p524316	Mascotas/None			Loción Amarga Anti Mordisqueo para Perros Fancy Pets Stay Away 125 mm
SIN SUB	p524320	Mascotas/None			Los Mejores Suministros Para Mascotas De Foam Pet Steps Para Perros Y Gatos Pequeños - Venta Interna
SIN SUB	p524321	Mascotas/None			Luz LED para PerroNite Ize - Venta Internacional
SIN SUB	p524332	Mascotas/None			Manga De Recuperación Wzxozyng Suave Con Cierre Para Perros - Venta Internacional.
SIN SUB	p524333	Mascotas/None			Manga Protectora Marnonsis Antilecado Para Perros Talla M - Venta Internacional.
SIN SUB	p524504	Mascotas/None			Mantas Relajantes Luciphia De Forro Polar Para Perros Y Gatos Gris 3 Piezas - Venta Internacional.
SIN SUB	p524505	Mascotas/None			Mantas Tatuo para Mascotas- Venta Internacional
SIN SUB	p524506	Mascotas/None			Mantas Termicas Con Estampado De Pata 3 Piezas Mascotas Perros Eo Safe Imports Esi-25431 Blanco
SIN SUB	p524508	Mascotas/None			Maquina Afeitadora color Dorado para Perros y Gatos
SIN SUB	p524509	Mascotas/None			Maquina Afeitadora Para Perros Y Gatos Dorado Belug
SIN SUB	p524510	Mascotas/None			Maquina Afeitadora Para Perros Y Gatos Dorado
SIN SUB	p524512	Mascotas/None			Máquina Cortador Rasurador Profesional Pelo Perro Silenciosa Belug Gris
SIN SUB	p524513	Mascotas/None			Máquina Cortador Rasurador Profesional Pelo Perro Silenciosa Lab.g Gris
SIN SUB	p524514	Mascotas/None			Máquina Cortadora con Accesorios para Mascotas Elegate
SIN SUB	p524515	Mascotas/None			Máquina Cortadora Para Mascota Perro Gato Blanco/negro
SIN SUB	p524517	Mascotas/None			Máquina De Cortar Pelo Para Perros Y Gatos Negro
SIN SUB	p524518	Mascotas/None			Máquina De Corte Para Mascotas Grimgrow Inalámbrica E Impermeable 7500 Rpm - Venta Internacional.
SIN SUB	p524520	Mascotas/None			Máquina para Cortar Cabello Belug para Mascota
SIN SUB	p524522	Mascotas/None			Maquina Para Cortar Pelo De Perros Y Gatos Belug Beige
SIN SUB	p524523	Mascotas/None			Maquina Para Cortar Pelo De Perros Y Gatos Lab.g Beige
SIN SUB	p524524	Mascotas/None			Maquina Para Cortar Pelo Para Mascotas Plata
SIN SUB	p524535	Mascotas/None			Marcadores De Tinta Para Pelo De Mascotas Opawz 12 Colores No Tóxicos Y Lavables - Venta Internacion
SIN SUB	p524536	Mascotas/None			Masa De Sebo Sin Derretir C&s Peanut Delight Para Mascotas 333 G - Venta Internacional.
SIN SUB	p524539	Mascotas/None			Máscara Hidratante para Cabello Tauro Pro Line para Mascota 400 ml
SIN SUB	p524574	Mascotas/None			Masticable Arm & Hammer Scrubbies Boomerang Para Perros Mayores - Venta Internacional.
SIN SUB	p524576	Mascotas/None			Masticable Nylabone Gourmet Style Stick Para Cachorros De Pollo - Venta Internacional.
SIN SUB	p524577	Mascotas/None			Masticable Para Perros Wildfang Briar Wood Natural Resistente 15 A 25 Kg - Venta Internacional.
SIN SUB	p524578	Mascotas/None			Masticable Pet Chef Nutrition No Poo Para Perros 300 G Contra Coprofagia - Venta Internacional.
SIN SUB	p524579	Mascotas/None			Masticables Blandos Calming Support Para Perros Nutricost Pets 60 Unidades - Venta Internacional.
SIN SUB	p524580	Mascotas/None			Masticables Blandos Preprobióticos Y Prebióticos Para Perros Petnc Natural Care 120 Unidades - Venta
SIN SUB	p524581	Mascotas/None			Masticables Con Cuernos De Ciervo Para Perros Tamaño Grande Tamaño Xl Extra Grande - Venta Internaci
SIN SUB	p524582	Mascotas/None			Masticables De Arándano Artullano Para Perros 240 Unidades Soporte Para Infecciones Urinarias - Vent
SIN SUB	p524583	Mascotas/None			Masticables Diamondg Para Perros Con Quercetina 60 Unidades - Venta Internacional.
SIN SUB	p524584	Mascotas/None			Masticables Helopssa Sabor Pato Para Perros 120 Unidades - Venta Internacional.
SIN SUB	p524585	Mascotas/None			Masticables Oh Norman! Good Gut Para Perros Con Pre Y Probióticos 270 G Sabor A Cala - Venta Interna
SIN SUB	p524586	Mascotas/None			Masticables Okköbi Cola De Pavo 150 Piezas Para Perros Suplemento Inmunológico - Venta Internacional
SIN SUB	p524587	Mascotas/None			Masticables Okköbi Sabor Pato 150 Unidades Para Perros Con Probióticos Y Enzimas - Venta Internacion
SIN SUB	p524588	Mascotas/None			Masticables Ourcares Omega 3 Para Perros Sabor A Pollo 120 Unidades - Venta Internacional.
SIN SUB	p524589	Mascotas/None			Masticables Para Aliviar La Alergia En Perros, Pet Honesty Immunity, Max Strength - Venta Internacio
SIN SUB	p524590	Mascotas/None			Masticables Para Perros Felcan Pet Con Probióticos Para Mascotas 120 Piezas - Venta Internacional.
SIN SUB	p524591	Mascotas/None			Masticables Para Perros Pawnnergy Sabor Calabaza Blandos 100 Unidades - Venta Internacional.
SIN SUB	p524592	Mascotas/None			Masticables Paw Royalty Sabor Res Para Perros 90 Unidades Con Mezcla Probiótica Multicepa Y Enzimas 
SIN SUB	p524594	Mascotas/None			Masticables Probióticos Petscy Para Perros De Todas Las Edades Tamaños Y Razas 30 - Venta Internacio
SIN SUB	p524596	Mascotas/None			Masticables Shinepaws Omega 3 Para Perros 120 Unidades - Venta Internacional.
SIN SUB	p524597	Mascotas/None			Masticables Tzzyic Para Perros Sabor Cerdo 200 Unidades - Venta Internacional.
SIN SUB	p524599	Mascotas/None			Masticables Zesty Paws Para Perros Con Mezcla Repelguard 90 Unidades - Venta Internacional.
SIN SUB	p524600	Mascotas/None			Masticadores Dentales Virbac Cet Hextra Premium Para Perros Grandes - Venta Internacional.
SIN SUB	p524604	Mascotas/None			Matt Splitter Mikki «all Tangled Up» Para Perros Y Gatos - Venta Internacional.
SIN SUB	p524608	Mascotas/None			Medical Solution Gel Cicatrizante De Kiwi Para Perros, Gatos Y Pequeños Mamíferos Con 60 Gramos
SIN SUB	p524609	Mascotas/None			Medical Solution Isabelino Para Perro Talla 0 Con 18 Centímetros
SIN SUB	p524610	Mascotas/None			Medical Solutions Complete Derma Care Para Perro Tabletas Masticables Para Piel Y Pelaje, 60 Tableta
SIN SUB	p524611	Mascotas/None			Medical Solutions Complete Growth Calcio Para Perros Con 60 Tabletas
SIN SUB	p524612	Mascotas/None			Medical Solutions Jabón Antiséptico Para Heridas De Perros Gatos O Pequeños Mamíferos Con 125 Ml
SIN SUB	p524617	Mascotas/None			Mesa De Exploración Para Estética Canina, Veterinaria, Razas Medianas\grandes Marca
SIN SUB	p524620	Mascotas/None			Microrecortadora Mcbazel 2 En 1 Para Mascotas Recargable Con Luz Led - Venta Internacional.
SIN SUB	p524763	Mascotas/None			Molinillo De Uñas Conairpro Multicolor Para Perro Paquete De 1 - Venta Internacional.
SIN SUB	p524764	Mascotas/None			Molinillo De Uñas Para Mascotas Lucky Tail Supersilencioso Para Perros Y Gatos - Venta Internacional
SIN SUB	p524765	Mascotas/None			Molinillo De Uñas Para Mascotas Y Perros Dremel 7350-pet 4v, Fácil De Usar Y Seguro - Venta Internac
SIN SUB	p524766	Mascotas/None			Molinillo De Uñas Para Perros Casfuy 6 Velocidades 50% + Boost Power - Venta Internacional.
SIN SUB	p524767	Mascotas/None			Molinillo De Uñas Para Perros Casfuy Quiet De 6 Velocidades Con 2 Luces Led Rojas - Venta Internacio
SIN SUB	p524769	Mascotas/None			Molinillo De Uñas Platgo Diamond Dremel Para Perros - Venta Internacional.
SIN SUB	p524770	Mascotas/None			Molinillo De Uñas Yabife Recargable Para Perros Pequeños Y Grandes - Venta Internacional.
SIN SUB	p524774	Mascotas/None			Moño para Gatos Peppermint Azul con Puntos Blancos Elegante y Ajustable
SIN SUB	p524778	Mascotas/None			Mosquetón Nite Ize Microlink Para Mascotas Acero Inoxidable 2 Piezas - Venta Internacional.
SIN SUB	p524783	Mascotas/None			Mueble Fancy Pets Guiza para Gato 175 cm
SIN SUB	p524784	Mascotas/None			Mueble Fancy Pets Pekin para Gato 200 cm
SIN SUB	p524787	Mascotas/None			Mueble para Gatos Fancy Pets Tulum 170 cm
SIN SUB	p524805	Mascotas/None			Multivitamínico 11 En 1 Para Perros Y Gatos 350g B Life Pets Vitamin Support
SIN SUB	p524806	Mascotas/None			Multivitamínico Diario Para Perros Supplement Pet Naturals 30 Comprimidos Masticables - Venta Intern
SIN SUB	p524807	Mascotas/None			Multivitamínico Gomitas Suaves Para Perros Pupganics Con Suporte Al Sistema Inmunológico 60 Piezas -
SIN SUB	p524808	Mascotas/None			Multivitamínico Masticable Canine12 24 En 1 Para Perros 120 Piezas - Venta Internacional.
SIN SUB	p524809	Mascotas/None			Multivitamínico para Perros Medical Solutions Vitality Tabletas Masticables 60 Tabletas
SIN SUB	p524810	Mascotas/None			Multivitamínico Prestige Breed Para Perros Con Glucosamina Msm Y Fructoborato De Calcio - Venta Inte
SIN SUB	p524821	Mascotas/None			Neutralizador De Olores Líquido Para Perro Wahl 236ml
SIN SUB	p524825	Mascotas/None			Nucan Cachorro Rmg 20 Kg
SIN SUB	p524826	Mascotas/None			Nufit Cachorro Nfv 20kg
SIN SUB	p524831	Mascotas/None			Omega 3 6 9 Para Perros Y Gatos 500ml Alta Concentración De Epa Y Dha B Life Pets Omega Balance
SIN SUB	p524832	Mascotas/None			Orejeras Antirruido Para Perro Eo Safe Imports Esi-22937 Blanco
SIN SUB	p524833	Mascotas/None			Orejeras Con Protección Contra El Ruido Para Perros Eo Safe Imports Esi-18240 Negro
SIN SUB	p524834	Mascotas/None			Orejeras De Perro Con Protección Contra El Ruido Para Perros Quiet Ears - Venta Internacional.
SIN SUB	p524836	Mascotas/None			Otomana Pet House Petmaker Plegable Para Mascotas Pequeñas - Venta Internacional.
SIN SUB	p524837	Mascotas/None			Overol Due Felice Leopardo De Recuperación Para Perro - Venta Internacional.
SIN SUB	p524843	Mascotas/None			Pack De 2 Dispensadores De Bolsas Para Residuos De Mascota
SIN SUB	p524844	Mascotas/None			Pack De 2 Pajaritas Con Cuello De Gato Color Azuza Halloween Breakaway Con Forma De Campana - Venta 
SIN SUB	p524846	Mascotas/None			Pack Variado De Purés Para Lamer Para Gatos Beefeaters 48 Unidades - Venta Internacional.
SIN SUB	p524847	Mascotas/None			Pajarita Formal Roja Kuoser Con Esmoquin Para Perro Tamaño 2xl - Venta Internacional.
SIN SUB	p524849	Mascotas/None			Paleta Congelable para Perro Fancy Pets FL8792 Reutilizable
SIN SUB	p524850	Mascotas/None			Palitos Carnaza Res Varios Sabores 40piezas Perro Fancy Pets
SIN SUB	p524851	Mascotas/None			Palitos De Carnaza Natural Para Perro Dog Munchies 4-5'' (10-12cm) 120 Pza.
SIN SUB	p524852	Mascotas/None			Palitos De Carnaza Natural Para Perro Dog Munchies 4-5'' (10-12cm) 40 Pza.
SIN SUB	p524853	Mascotas/None			Palitos de Carnaza para Perro Fancy Pets Sabores Variados 100 Piezas
SIN SUB	p524854	Mascotas/None			Palitos Masticables Artkida De Madera De Manzano Para Mascotas Pequeñas 900 G - Venta Internacional.
SIN SUB	p524877	Mascotas/None			Pañuelos Holiday Dog Weewooday 50 Unidades Para Perros Pequeños Medianos Y Grandes - Venta Internaci
SIN SUB	p524878	Mascotas/None			Pañuelos Navideños Para Perros Bulk Reginary 120 Unidades Para Mascotas - Venta Internacional.
SIN SUB	p524879	Mascotas/None			Pañuelos Para Perros Adoggygo Con Borla Navideña A Cuadros Pequeños 35 X 35 Cm - Venta Internacional
SIN SUB	p524880	Mascotas/None			Pañuelos Para Perros Amylove 120 Pañuelos Ajustables A Cuadros Para Mascotas - Venta Internacional.
SIN SUB	p524881	Mascotas/None			Pañuelos Para Perros Malier Classic Buffalo Red Plaid Christmas Paquete De 2 - Venta Internacional.
SIN SUB	p524882	Mascotas/None			Pañuelos Para Perros Realeaf Halloween Paquete De 2 Pañuelos Con Forma De Calabaza Naranja - Venta I
SIN SUB	p524883	Mascotas/None			Pañuelos Para Perros Realeaf Halloween Paquete De 2 Pañuelos Con Forma De Calabaza Naranja - Venta I
SIN SUB	p524884	Mascotas/None			Pañuelos Para Perros Realeaf Halloween Paquete De 2 Pañuelos Con Forma De Calabaza Naranja - Venta I
SIN SUB	p524886	Mascotas/None			Papel De Lija Autoadhesivo Astfys Para Mascotas Negro 10 Pulgadas Con Grano De Malla 80 1 Pieza - Ve
SIN SUB	p524887	Mascotas/None			Papel Natural De Confeti Carefresh Para Mascotas Carefresh 99% Libre De Polvo 5 - Venta Internaciona
SIN SUB	p524891	Mascotas/None			Paquete Bolsa Higiene Para Mascotas 600pzas Eo Safe Imports Esi-9830-1 Verde
SIN SUB	p524899	Mascotas/None			Paquete De 4 Pañuelos Scenereal Christmas Para Perros Y Gatos - Venta Internacional.
SIN SUB	p524903	Mascotas/None			Paquete De Prevención De Pulgas Y Garrapatas: Fórmula Veterinaria Para Perros - Venta Internacional.
SIN SUB	p524911	Mascotas/None			Parque Portátil Para Gatos Desell Reforzado De 8 Varillas Rosa 81x61x56 Cm - Venta Internacional.
SIN SUB	p524913	Mascotas/None			Pasta De Dientes Petrodex Enzymatic Sabor A Pollo Para Perros 180 Ml - Venta Internacional.
SIN SUB	p524914	Mascotas/None			Pasta De Dientes Tropiclean Fresh Breath Para Cachorros 60 Ml - Venta Internacional.
SIN SUB	p524915	Mascotas/None			Pasta Dientes Profesional Con Menta Mascotas Menta
SIN SUB	p524917	Mascotas/None			Pasta Oral Vetoquinol Pro-pectalina Para Perros Y Gatos 30 Ml Paquete De 2 - Venta Internacional.
SIN SUB	p524918	Mascotas/None			Pasto 100% Natural para Gatos y Pequeños Roedores Fancy Pets con Maceta
SIN SUB	p524921	Mascotas/None			Patito Chillón De Peluche Para Perros
SIN SUB	p524922	Mascotas/None			Paw Balm Natural Dog Company Pawtection 30 Ml Para Perros - Venta Internacional.
SIN SUB	p524923	Mascotas/None			Paw Balm Natural Dog Company Pawtection 60 Ml Para Perros - Venta Internacional.
SIN SUB	p524924	Mascotas/None			Paw Balm Stick Natural Dog Company Pawtection Para Perros 60 Ml - Venta Internacional.
SIN SUB	p524925	Mascotas/None			Paw Bandages Pawflex Medimitt Para Perros Gatos Y Mascotas Paquete De 12 - Venta Internacional.
SIN SUB	p524926	Mascotas/None			Paw Trimmer Oneisall De Bajo Ruido Con Luz Led Para Perros - Venta Internacional.
SIN SUB	p525064	Muebles/Otros			Pechera tipo Malla Acolchonada con Antirreflejante color Azul Ultra Cómoda
SIN SUB	p525065	Muebles/Otros			Pechera tipo Malla Acolchonada con Antirreflejante color Negro Ultra Cómoda
SIN SUB	p525066	Muebles/Otros			Pechera tipo Malla Acolchonada con Antirreflejante color Rojo Ultra Cómoda
SIN SUB	p525073	Mascotas/None			Peinado Y Autolimpieza De Mascotas Con Botón De Liberación Azul Claro
SIN SUB	p525074	Mascotas/None			Peinado Y Autolimpieza De Mascotas Con Botón De Liberación Azul Claro
SIN SUB	p525086	Mascotas/None			Peines Para Mascotas Skypia De Doble Cara Para Gatos Y Perros Paquete De 4 - Venta Internacional.
SIN SUB	p525087	Mascotas/None			Pelo Corto Para Perros Hop Home Of Paws Para Desenredar El Pelaje - Venta Internacional.
SIN SUB	p525096	Deportes y fitness/None			Pelota De Ejercicio Para Hámster Chuqiantong Silent Wheel 12 Cm - Venta Internacional.
SIN SUB	p525163	Mascotas/None			Peluca Con Melena De León Onmygogo Para Perros Talla L Blanca - Venta Internacional.
SIN SUB	p525164	Mascotas/None			Peluca Con Melena De León Para Perros Onmygogo Talla L Negra - Venta Internacional.
SIN SUB	p525165	Mascotas/None			Peluca Con Melena De León Para Perros Onmygogo Talla M Gris - Venta Internacional.
SIN SUB	p525167	Mascotas/None			Peluca De Perro Onmygogo Con Melena De León Talla M Color Café - Venta Internacional.
SIN SUB	p525168	Mascotas/None			Peluca De Perro Tessveya De Pelo Rizado Negro Para Perros Pequeños Y Grandes - Venta Internacional.
SIN SUB	p525169	Mascotas/None			Peluca Negra Para Mascotas Onmygogo Unicornio Para Halloween Talla L - Venta Internacional.
SIN SUB	p525170	Mascotas/None			Peluca Onmygogo Con Diseño De Reno Y Alce Para Mascotas Talla L - Venta Internacional.
SIN SUB	p525173	Mascotas/None			Peluche Con Flecos Para Perros Duraderos 25 X 19 X 5 Cm Resistentes A La Masticación - Venta Interna
SIN SUB	p525175	Mascotas/None			Peluche de Pato para Perro con Sonido
SIN SUB	p525178	Mascotas/None			Peluche Duradero Y Chirriante Para Perros Letsmeet Para La Dentición De Un Cachorro - Venta Internac
SIN SUB	p525179	Mascotas/None			Peluche Fluff & Tuff Gordon Stingray Para Perros - Venta Internacional.
SIN SUB	p525180	Mascotas/None			Peluche Forma Alce C/sonido Mascotas Sp-3487 Sharpaw
SIN SUB	p525181	Mascotas/None			Peluche Forma Elefante C/sonido Mascotas Sp-3476 Sharpaw
SIN SUB	p525182	Mascotas/None			Peluche Forma Galleta Jengibre C/sonido Mascotas Sharpaw
SIN SUB	p525183	Mascotas/None			Peluche Forma Mapache C/sonido Mascotas Sp-3482 Sharpaw
SIN SUB	p525184	Mascotas/None			Peluche Forma Muñeco Nieve C/sonido Mascotas Sharpaw
SIN SUB	p525186	Mascotas/None			Peluche Forma Papas Francesa C/sonido Mascotas Sharpaw
SIN SUB	p525187	Mascotas/None			Peluche Forma Pato C/sonido Mascotas Sp-3471 Sharpaw
SIN SUB	p525188	Mascotas/None			Peluche Forma Pato C/sonido Mascotas Sp-3478 Sharpaw
SIN SUB	p525189	Mascotas/None			Peluche Forma Pizza C/sonido Mascotas Sp-3440 Sharpaw
SIN SUB	p525190	Mascotas/None			Peluche Forma Tarro Cerveza C/sonido Mascotas Sharpaw
SIN SUB	p525191	Mascotas/None			Peluche Forma Zorro C/sonido Mascotas Sp-3480 Sharpaw
SIN SUB	p525192	Mascotas/None			Peluche Generic Gumby Con Gorro De Santa 23 Cm Para Perro - Venta Internacional.
SIN SUB	p525198	Mascotas/None			Peluche Para Mascotas Ardilla
SIN SUB	p525199	Mascotas/None			Peluche Para Mascotas Buho
SIN SUB	p525200	Mascotas/None			Peluche Para Mascotas Castor
SIN SUB	p525201	Mascotas/None			Peluche Para Mascotas Mapache
SIN SUB	p525202	Mascotas/None			Peluche Para Mascotas Puerco Espín
SIN SUB	p525203	Mascotas/None			Peluche Para Perro Masticable Cocodrilo
SIN SUB	p525204	Mascotas/None			Peluche Para Perro Masticable Pulpo
SIN SUB	p525205	Mascotas/None			Peluche Para Perros Con Flecos Watch Your Step 19 X 18 X 10 Cm - Venta Internacional.
SIN SUB	p525206	Mascotas/None			Peluche Para Perros Iokheira Para Masticadores Grandes Y Agresivos - Venta Internacional.
SIN SUB	p525213	Mascotas/None			Peluches para Perros Pato
SIN SUB	p525216	Mascotas/None			Percha De Ventana Para Gatos Amosijoy Sin Cables Con Ventosas Y Marco - Venta Internacional.
SIN SUB	p525217	Mascotas/None			Percha Para Ventana Amosijoy Para Gatos Inalámbrica Con Ventosas Y Marco - Venta Internacional.
SIN SUB	p525220	Mascotas/None			Percha Para Ventana Con Forma De Gato Junspow Inalámbrica Plegable Estable 18 Kg - Venta Internacion
SIN SUB	p525221	Mascotas/None			Percha Para Ventana De Gato Greenpetopia Con Poste Para Rascar De Sisi Fuerte - Venta Internacional.
SIN SUB	p525222	Mascotas/None			Percha Térmica Para Pájaros K&h Pet Products, Color Gris Mediano - Venta Internacional.
SIN SUB	p525224	Mascotas/None			Perfume Aroma Cereza Mascotas Diari Zoohugs Mxzsc-005 5 Piezass Botella Con Atomizador Color Blanco
SIN SUB	p525225	Mascotas/None			Perfume Cereza Mascotas Spray 120ml Zoohugs Mxzsc-001 1 Piezas Botella Con Atomizador Color Blanco
SIN SUB	p525226	Mascotas/None			Perfume Cereza Perros Y Gatos 120ml Zoohugs Mxzsc-003 3 Piezass Botella Con Atomizador Color Blanco
SIN SUB	p525227	Mascotas/None			Perfume Chris Christensen Madison Ave Para Mascotas - Venta Internacional.
SIN SUB	p525228	Mascotas/None			Perfume Coco Mascotas Spray 120ml Zoohugs Mxzsf-001 1 Piezas Botella Con Atomizador Color Blanco
SIN SUB	p525229	Mascotas/None			Perfume Despues De Baño Mascota Zoohugs Mxsml-005 5 Piezass Botella Con Atomizador Color Blanco
SIN SUB	p525232	Mascotas/None			Perfume Kenic Oh Baby Para Mascotas Con Aroma A Talco Para Bebés Duradero 240 Ml - Venta Internacion
SIN SUB	p525234	Mascotas/None			Perfume Para Mascotas Mamozin Pet Aroma Blueberry 120 Ml - Venta Internacional.
SIN SUB	p525235	Mascotas/None			Perfume Para Mascotas Zoohugs Mxsml-001 1 Piezas Botella Con Atomizador Color Blanco
SIN SUB	p525237	Mascotas/None			Pesa Flexible para Perro Fancy Pets con Sonido
SIN SUB	p525244	Mascotas/None			Pet Brush Hertzko Soft Pin Bristle Para Perros Y Gatos - Venta Internacional.
SIN SUB	p525249	Herramientas/None			Pet Feeder Master Herramientas De Grooming Proselect Goodie Bowl Pequeño - Venta Internacional.
SIN SUB	p525250	Mascotas/None			Pet Food C&s Hot Pepper Delight Masa De Sebo Sin Derretir 333 G - Venta Internacional.
SIN SUB	p525253	Mascotas/None			Pet Slicker Brush, Sólido, Autolimpiante, Para Perros Y Gatos - Venta Internacional.
SIN SUB	p525254	Mascotas/None			Pet Stairs Petmaker Foam 3 Peldaños Para Perros O Gatos Pequeños - Venta Internacional.
SIN SUB	p525255	Mascotas/None			Pet Steps Petsafe Cozyup - Escaleras Plegables Para Perros (68 Kg), Color Gris - Venta Internacional
SIN SUB	p525261	Mascotas/None			Pet Wipes Earth Rated Textured Para Perros Y Gatos, Sin Perfume, 400 - Venta Internacional.
SIN SUB	p525305	Mascotas/None			Píldoras Antipulgas Vetgrade Para Perros 120 Unidades Masticables Sabor Ternera - Venta Internaciona
SIN SUB	p525306	Mascotas/None			Pin Brush Conairpro Negro Y Amarillo Para Gatos Y Perros Tamaño Mediano Paquete De 1 Unidad - Venta 
SIN SUB	p525307	Mascotas/None			Pinzas con Lima para Uñas de Mascotas Eo Safe Imports Esi-12165 Blanco
SIN SUB	p525309	Mascotas/None			Pinzas Para Placas De Identificación Jovitec Para Perros Y Gatos 3 Tamaños 12 Unidades - Venta Inter
SIN SUB	p525310	Mascotas/None			Pipetas Dorso Pet Guard Spot On Pack de 3 Para Gatos 0.5 Ml
SIN SUB	p525311	Mascotas/None			Pipetas Frontline Spot On Caja con 3 Para Perros De 10 A 20 Kg
SIN SUB	p525312	Mascotas/None			Pipetas Frontline Spot On Pack de 3 Para Perros De 20 A 40 Kg 0.67 Ml
SIN SUB	p525315	Mascotas/None			Pistola Para Mascotas Qiyadin Cat Shooter Para Animales Pequeños - Venta Internacional.
SIN SUB	p525479	Mascotas/None			Pollo Asado Al Horno Treats Greenies 70 G Para Gato - Venta Internacional.
SIN SUB	p525484	Mascotas/None			Polvo Natudelight Kéfir De Leche Liofilizado Para Perros Y Gatos 30 G - Venta Internacional.
SIN SUB	p525485	Mascotas/None			Polvo Para Bebés De Larga Duración Para Mascotas Kenic Oh Baby 240 Ml - Venta Internacional.
SIN SUB	p525486	Mascotas/None			Polvo Para El Cuidado Bucal Proden Plaqueoff Para Mascotas 60 G - Venta Internacional.
SIN SUB	p525488	Mascotas/None			Polvo Vitamina E Para Perros Homibabis 60 G Con Apoyo A La Piel Y Sistema Inmunológico - Venta Inter
SIN SUB	p525489	Mascotas/None			Polvo Zodiac Contra Pulgas Y Garrapatas Para Perros Cachorros Y Gatos 170 G - Venta Internacional.
SIN SUB	p525490	Mascotas/None			Pomada Para Mascotas Absorbine Silver Honey Hot Spot Care 57 G - Venta Internacional.
SIN SUB	p525491	Mascotas/None			Pomada Terriomax Paw Balm para Patas de Perros y Gatos
SIN SUB	p525492	Mascotas/None			Portabebé Para Mascotas Baby K'tan Para Perros Pequeños Y Medianos 9 Kg - Venta Internacional.
SIN SUB	p525494	Mascotas/None			Portabicicletas Para Perros Noah & Paw Piel Vegana 2 2 A 8 Kg Mascotas - Venta Internacional.
SIN SUB	p525495	Mascotas/None			Portabicicletas Para Perros Y Gatos Goldfire Portátil Para Mascotas De Hasta - Venta Internacional.
SIN SUB	p525501	Mascotas/None			Prebióticos Para Perros Y Gatos 350g B Life Pets Digestive Prebiotics
SIN SUB	p525503	Mascotas/None			Premio para Perro Treats Digestive Care Nupec 180 g
SIN SUB	p525504	Mascotas/None			Premio Para Perro Treats Joint Care Nupec 180 g
SIN SUB	p525505	Mascotas/None			Premios Chef Kitty De Pollo Y Krill Para Gatos 10 Tubos - Venta Internacional.
SIN SUB	p525506	Mascotas/None			Premios Comfycradle Tiras De Pollo Y Pasto Para Gatos 20 Unidades - Venta Internacional.
SIN SUB	p525509	Mascotas/None			Premios Dentales Minties Sabor Salmón Para Gato Refrescante De Aliento 283 G - Venta Internacional.
SIN SUB	p525510	Mascotas/None			Premios Deshidratados Para Perro Dog Munchies Higado De Res 120 Grs
SIN SUB	p525511	Mascotas/None			Premios Deshidratados Para Perro Dog Munchies Patitas De Pollo 12 Pza.
SIN SUB	p525512	Mascotas/None			Premios Deshidratados Para Perro Dog Munchies Traquea De Res 3 Pza
SIN SUB	p525513	Mascotas/None			Premios Greenies Smartbites Sabor Pollo Para Gatos 130 G Paquete De 2 - Venta Internacional.
SIN SUB	p525514	Mascotas/None			Premios Heckin Yum Para Gatos Con Pollo Y Abadejo Láminas Suaves 91 G - Venta Internacional.
SIN SUB	p525516	Mascotas/None			Premios Húmedos Para Gato Delectables Lickable Spoon Atún 40 Piezas - Venta Internacional.
SIN SUB	p525517	Mascotas/None			Premios Húmedos Para Gato Tiki Cat Stix Atún Con Salsa Cremosa Sin Granos 85 G - Venta Internacional
SIN SUB	p525518	Mascotas/None			Premios Húmedos Para Gatos Delectables Salmón Con Cuchara Individual Cremoso 96 Piezas - Venta Inter
SIN SUB	p525519	Mascotas/None			Premios Húmedos Para Gatos Good ‘n’ Tasty Salados Spoonables Con Salmón Atún Y Krill Tubo 6 Piezas -
SIN SUB	p525530	Mascotas/None			Premios Pawli Para Gato Con Apoyo Inmunológico Lamibles 7 Unidades 100 Ml - Venta Internacional.
SIN SUB	p525531	Mascotas/None			Premios Probióticos Snoot To Toot Para Perros 60 Unidades Blandos - Venta Internacional.
SIN SUB	p525533	Mascotas/None			Premios Purrly Para Gatos Crema De Pollo 30 Unidades - Venta Internacional.
SIN SUB	p525534	Mascotas/None			Prevención De Pulgas Y Garrapatas Para Gatos Petarmor Plus 12 Dosis - Venta Internacional.
SIN SUB	p525535	Mascotas/None			Prevención De Pulgas Y Garrapatas Para Gatos Petarmor Plus 3 Dosis - Venta Internacional.
SIN SUB	p525536	Mascotas/None			Prevención De Pulgas Y Garrapatas Para Gatos Petarmor Plus 6 Dose - Venta Internacional.
SIN SUB	p525537	Mascotas/None			Prevención De Pulgas Y Garrapatas Para Perros Advecta Ultra 4 Month - Venta Internacional.
SIN SUB	p525538	Mascotas/None			Prevención De Pulgas Y Garrapatas Para Perros Advecta Ultra 4 Month - Venta Internacional.
SIN SUB	p525539	Mascotas/None			Prevención De Pulgas Y Garrapatas Para Perros Advecta Ultra Xl 4 Meses - Venta Internacional.
SIN SUB	p525540	Mascotas/None			Prevención De Pulgas Y Garrapatas Para Perros Apex Plus Small De 2 3 A 10 Kg - Venta Internacional.
SIN SUB	p525541	Mascotas/None			Prevención De Pulgas Y Garrapatas Para Perros Petarmor Plus 1 Dosis - Venta Internacional.
SIN SUB	p525542	Mascotas/None			Prevención De Pulgas Y Garrapatas Para Perros Petarmor Plus 6 Dosis - Venta Internacional.
SIN SUB	p525543	Mascotas/None			Prevención De Pulgas Y Garrapatas Para Perros Petarmor Plus 6 Dosis - Venta Internacional.
SIN SUB	p525544	Mascotas/None			Prevención De Pulgas Y Garrapatas Para Perros Petarmor Plus De 45 A 88 Libras - Venta Internacional.
SIN SUB	p525545	Mascotas/None			Prevención De Pulgas Y Garrapatas Para Perros Petarmor Plus De 45 A 88 Libras - Venta Internacional.
SIN SUB	p525546	Mascotas/None			Prevención De Pulgas Y Garrapatas Para Perros Petarmor Plus De 45 A 88 Libras - Venta Internacional.
SIN SUB	p525547	Mascotas/None			Prevención De Pulgas Y Garrapatas Para Perros Petarmor Plus De 5 A 10 Kg 12 M - Venta Internacional.
SIN SUB	p525548	Mascotas/None			Prevención De Pulgas Y Garrapatas Para Perros Petarmor Plus De 5 A 10 Kg Y 6 M - Venta Internacional
SIN SUB	p525549	Mascotas/None			Prevención De Pulgas Y Garrapatas Para Perros Petarmor Plus De 5 A 22 Libras - Venta Internacional.
SIN SUB	p525550	Mascotas/None			Prevención De Pulgas Y Garrapatas Para Perros Petarmor Plus De 89 A 132 Libras - Venta Internacional
SIN SUB	p525551	Mascotas/None			Prevención De Pulgas Y Garrapatas Para Perros Petarmor Plus Medium 10-20 - Venta Internacional.
SIN SUB	p525552	Mascotas/None			Pro Plan Gatito Purina de 1,5 kg
SIN SUB	p525553	Mascotas/None			Probiotic Chews Natural Dog Company Para Perros (90 Mordidas) - Venta Internacional.
SIN SUB	p525554	Mascotas/None			Probiotic Pet Naturals Con Sabor A Pato Para Perros, 160 Unidades Masticables, 120 Millones De Cfu -
SIN SUB	p525555	Mascotas/None			Probiótico Para Perros En Polvo 90g 2 Piezas
SIN SUB	p525556	Mascotas/None			Probiótico Vetone Advita Para Perros 30 Paquetes - Venta Internacional.
SIN SUB	p525557	Mascotas/None			Probióticos Clear Max Líquido 90 Ml Para Perros Y Gatos - Venta Internacional.
SIN SUB	p525560	Mascotas/None			Probióticos Para Perros Dinovite Para Perros Medianos De 8 A 20 Kg Suministro Para 90 Días - Venta I
SIN SUB	p525561	Mascotas/None			Probióticos Para Perros Nature Target: 6 Mil Millones De Ufc Con Prebióticos - Venta Internacional.
SIN SUB	p525562	Mascotas/None			Probióticos Para Perros Nature Target En Polvo 6 Mil Millones De Cfu 270 G - Venta Internacional.
SIN SUB	p525563	Mascotas/None			Probióticos Para Perros Petlab Co. Allergy & Immune 30 Chews Para Perros Pequeños - Venta Internacio
SIN SUB	p525564	Mascotas/None			Probióticos Para Perros Petlab Co. Apoya La Salud Intestinal Y La Picazón En La Piel - Venta Interna
SIN SUB	p525565	Mascotas/None			Probióticos Y Enzimas Digestivas Para Perros: Wholistic Pet Organics Apoya El Sistema Inmunitario De
SIN SUB	p525567	Mascotas/None			Productos Para Mascotas K&h Kitty House Con Calefacción Exterior Para Gatos - Venta Internacional.
SIN SUB	p525568	Mascotas/None			Protector Antiparasitario Puainta Addcool Plus Para Perros Medianos - Venta Internacional.
SIN SUB	p525569	Mascotas/None			Protector Antiprurito Puainta Addcool Plus Para Perros Grandes - Venta Internacional.
SIN SUB	p525570	Mascotas/None			Protector Antirrasguños De Gato Muebles Torre Arbol 100 Cm
SIN SUB	p525571	Mascotas/None			Protector Antirrasguños De Gato Muebles Torre Arbol 100 Cm
SIN SUB	p525572	Mascotas/None			Protector De Alfombra Pwezon Para Gatos Negro Robusto 2 5 M X 31 Cm - Venta Internacional.
SIN SUB	p525585	Muebles/Otros			Protector De Bozal Goodboy Gris Talla M Para Entrenamiento Con Cómoda Ajustabilidad - Venta Internac
SIN SUB	p525586	Mascotas/None			Protector De Cobertizo Para Perros Con 3 Asas De Tráfico Acolchadas Color Rosa - Venta Internacional
SIN SUB	p525587	Mascotas/None			Protector De Muebles Cat Scratch Acostop Para Muebles De Cuero - Venta Internacional.
SIN SUB	p525588	Mascotas/None			Protector De Muebles Secopad Cat Scratch Transparente 18 Unidades - Venta Internacional.
SIN SUB	p525589	Mascotas/None			Protector De Muebles Stelucca Amazing Shields Cat Scratch X10 - Venta Internacional.
SIN SUB	p525590	Mascotas/None			Protector De Pared Para Rascar Con Forma De Gato 40 X300 Cm Belug Gris
SIN SUB	p525591	Mascotas/None			Protector De Pared Para Rascar Con Forma De Gato 40 X300 Cm Lab.g Gris
SIN SUB	p525592	Mascotas/None			Protector De Uñas Para Aseo De Mascotas Dremel At02-pgk - Venta Internacional.
SIN SUB	p525595	Mascotas/None			Protector Para Pulgas Y Garrapatas Vectra 3d Para Perros Medianos Acción Rápida Resistente Al Agua -
SIN SUB	p525598	Mascotas/None			Protectores De Muebles Antiarañazos Causados Por Gatos Cinta Antiarañazos Para Gatos Cinta Adhesiv -
SIN SUB	p525599	Mascotas/None			Protectores De Patas Para Perros Coodeo 3xl Antideslizantes Impermeables Grises - Venta Internaciona
SIN SUB	p525600	Mascotas/None			Protectores De Patas Para Perros Coodeo 3xl Antideslizantes Impermeables Grises - Venta Internaciona
SIN SUB	p525603	Mascotas/None			Puente De Madera Para Hámsteres Tfwadmx Extra Grande Para Animales Pequeños - Venta Internacional.
SIN SUB	p525637	Mascotas/None			Puff Para Mascota Kyuden Home Blue Print
SIN SUB	p525638	Mascotas/None			Puff para Mascota Kyuden Home Rock
SIN SUB	p525640	Mascotas/None			Puré Para Gatos Puddonio Alto En Carne 140 G - Venta Internacional.
SIN SUB	p525641	Mascotas/None			Purina Dog Chow Comida Perro Cachorro Raza Pequeña Extralife Nutrición - Multicolor
SIN SUB	p525642	Mascotas/None			Purina Dog Chow Comida Perros Adultos Razas Medianas Y Grandes Diferentes Presentaciones - Multicolo
SIN SUB	p525643	Mascotas/None			Puzle De Peluche Con Temática De Cumpleaños Para Perros Outward Hound - Venta Internacional.
SIN SUB	p525646	Mascotas/None			Puzle Interactivo Para Perros De Peluche Outward Hound Nina Ottosson - Venta Internacional.
SIN SUB	p525648	Mascotas/None			Puzles De Repuesto Para Perros Outward Hound Nina Ottosson - Venta Internacional.
SIN SUB	p525651	Mascotas/None			Puzzle De Peluche Para Perros Outward Hound Nina Ottosson Hide-ablez - Venta Internacional.
SIN SUB	p525653	Mascotas/None			Puzzle Interactivo Para Perros De Peluche Outward Hound Nina Ottosson - Venta Internacional.
SIN SUB	p525654	Mascotas/None			Puzzle Interactivo Para Perros De Peluche Y Bola De Taburete Outward Hound - Venta Internacional.
SIN SUB	p525656	Mascotas/None			Puzzle Para Perros Extra Doors Outward Hound Nina Ottosson, Paquete De 5 - Venta Internacional.
SIN SUB	p525657	Mascotas/None			Puzzle Para Perros Outward Hound Nina Ottosson Hide N' Find De Peluche - Venta Internacional.
SIN SUB	p525658	Mascotas/None			Puzzle Para Perros Outward Hound Nina Ottosson Silly Legz De Peluche Azul - Venta Internacional.
SIN SUB	p525659	Mascotas/None			Puzzle Para Perros Outward Hound Nina Ottosson Silly Legz De Peluche - Venta Internacional.
SIN SUB	p525661	Mascotas/None			Quita Pelusa Lab.g para Mascotas Reutilizable 4 Piezas
SIN SUB	p525662	Mascotas/None			Quitamanchas Burt's Bees Para Perros Con Manzanilla, 120 Ml - Venta Internacional.
SIN SUB	p525665	Mascotas/None			Rampa Eheyciga Para Perros Pequeños, 34 Cm De Alto, 3 Peldaños, Gris - Venta Internacional.
SIN SUB	p525759	Mascotas/None			Rastrillo De Aseo Para Mascotas Maxpower Planet De Doble Cara Color Azul - Venta Internacional.
SIN SUB	p525776	Mascotas/None			Recambios De Aceite Perfumado Arm & Hammer Para Mascotas, Color Lavanda, 60 Unidades - Venta Interna
SIN SUB	p525779	Mascotas/None			Recambios De Plumas Para Gatos Tienailing 8 Piezas - Venta Internacional.
SIN SUB	p525780	Mascotas/None			Recambios De Plumas Para Gatos Tienailling 6 Piezas - Venta Internacional.
SIN SUB	p525781	Mascotas/None			Receta De Atún Para Gatos Inaba Churu Bites 24 Tubos 235 Ml - Venta Internacional.
SIN SUB	p525789	Mascotas/None			Recortadora De Patas Casfuy Inalámbrica Para Perros Con Doble Cuchilla Recargable Por Usb - Venta In
SIN SUB	p525790	Mascotas/None			Recortadora Eléctrica Para Perros Warmow Saffory Paw Trimmer Con Luz Led - Venta Internacional.
SIN SUB	p525793	Mascotas/None			Red para Bañar a Gato Eo Safe Imports ESI-8826 Rosa
SIN SUB	p525794	Mascotas/None			Redecilla Para Mascotas Zoo Snoods Panda Talla Grande - Venta Internacional.
SIN SUB	p525808	Mascotas/None			Remedio Veterinario Goodwinol Para Perros Con Afecciones Respiratorias 59 Ml - Venta Internacional.
SIN SUB	p525810	Mascotas/None			Remolque Para Bicicleta Para Perros Vevor Soporta Un Marco Plegable De 45 Kg, Azul/negro - Venta Int
SIN SUB	p525812	Mascotas/None			Removedor De Pelo Furcobra Pro Raspador Multihoja Para Mascotas - Venta Internacional.
SIN SUB	p525814	Mascotas/None			Removedor de Pelo para Acicalar FANCY PETS para Mascota color Rosa Expert
SIN SUB	p525815	Mascotas/None			Removedor De Pelo Para Mascotas Uproot Clean Pro Con Mini Para Sofá Y Coche - Venta Internacional.
SIN SUB	p525816	Mascotas/None			Removedor De Pelo Para Mascotas Uproot Cleaner Pro Multi-fabric Edge - Venta Internacional.
SIN SUB	p525817	Mascotas/None			Removedor Pelo Mascotas Y Quita Pelusa Portátil
SIN SUB	p525818	Otros/Varios			Repelente De Insectos Farnam Equisect A Base De Agua 946 Ml Para Mascotas - Venta Internacional.
SIN SUB	p525819	Mascotas/None			Repelente Fancy Pets para perro con 300 Mililitros
SIN SUB	p525820	Mascotas/None			Repelente Granulado Dry Pet FL3902 para Alejar a Perros y Gatos 1 Kilo
SIN SUB	p525821	Mascotas/None			Repelente para Mascotas Fancy Pets Off 500 ml
SIN SUB	p525822	Mascotas/None			Repelente para Mascotas Terriomax
SIN SUB	p525826	Mascotas/None			Reserve El Libro De Cocina Casero De Galletas Para Perros: Recetas Fáciles Y Deliciosas - Venta Inte
SIN SUB	p525830	Mascotas/None			Rociador Para Mascotas Rmr Xtreme Sin Fragancia 450 Ml - Venta Internacional.
SIN SUB	p525832	Mascotas/None			Rodillo Generic Con Autolimpieza Para Mascotas Reutilizable - Venta Internacional.
SIN SUB	p525833	Mascotas/None			Rodillo para Quitar Pelos de Mascotas Eo Safe Imports Esi-7908 color Blanco
SIN SUB	p525834	Mascotas/None			Rodillo Quita Pelusa Para Mascotas Blanco/azul
SIN SUB	p525835	Mascotas/None			Rodillo Quita Pelusa Pelo Removedor Mascota Alfombra Muebles Blanco
SIN SUB	p525836	Mascotas/None			Rodillo Quita Pelusa Pelo Removedor Mascota Alfombra Muebles Blanco
SIN SUB	p525837	Mascotas/None			Rodillo Quita Pelusa Pelo Removedor Mascota Alfombra Muebles
SIN SUB	p525839	Mascotas/None			Rollo De Carnaza Natural Para Perro Dog Munchies 4-5'' (10-12cm) 18 Pza.
SIN SUB	p525840	Mascotas/None			Rollo De Carnaza Natural Para Perro Dog Munchies 4-5'' (10-12cm) 6 Pza.
SIN SUB	p525841	Mascotas/None			Rollo Vet Tech Badge Landical Divertido Animal Para Perro Y Gato 10 Unidades - Venta Internacional.
SIN SUB	p525842	Mascotas/None			Rompecabezas Para Perros Lilford Dispensador De Golosinas Y Golosinas - Venta Internacional.
SIN SUB	p525843	Mascotas/None			Rompecabezas Para Perros West Paw Zogoflex Qwizl Granny Smith - Venta Internacional.
SIN SUB	p525844	Mascotas/None			Rompecabezas Para Perros West Paw Zogoflex Qwizl Tangerine - Venta Internacional.
SIN SUB	p525860	Mascotas/None			Routing Pin Comb Ugroom Azul/verde Para Perro Paquete De 1 - Venta Internacional.
SIN SUB	p525866	Mascotas/None			Saco Deportivo K9 Para Perros Knavigate Small Dune Para 33 A 40 Cm - Venta Internacional.
SIN SUB	p525869	Mascotas/None			Sampoo Fancy Pets Essentials para Piel Sensible de Perro con 250 ML
SIN SUB	p525871	Mascotas/None			Secador De Aseo Para Mascotas Flying Pig De Alta Velocidad Con Calentador - Venta Internacional.
SIN SUB	p525872	Mascotas/None			Secador De Aseo Para Mascotas Flying Pig De Alta Velocidad Con Calentador - Venta Internacional.
SIN SUB	p525873	Mascotas/None			Secador De Aseo Para Mascotas Flying Pig Flying One Plus Digital Control - Venta Internacional.
SIN SUB	p525885	Mascotas/None			Set 2 Collares de Piel para Mascotas Bajíopets #3 color Negro y Café
SIN SUB	p525897	Mascotas/None			Set 4pz Filtros Belug Fuente Gatos Filtro Carbón Activado Repuesto Blanco
SIN SUB	p525898	Mascotas/None			Set 4pz Filtros Fuente Perro, Filtro Carbón Activado Repuesto Eo Safe Imports Esi-8422-1 Blanco
SIN SUB	p525900	Mascotas/None			Set Belug Lactancia Biberón Mamila Para Cachorro 13 Piezas Blanco
SIN SUB	p525904	Mascotas/None			Set de 2 Collares de Piel para Mascotas Bajío Pets #1 color Negro y Café
SIN SUB	p525906	Mascotas/None			Set de 4 Cadenas de Castigo Bajíopets para Mascotas de 2 mm color Gris
SIN SUB	p525941	Mascotas/None			Set De Arneses Scenereal Halloween Para Perro Pequeño - Venta Internacional.
SIN SUB	p525942	Mascotas/None			Set De Aseo Generic Para Hámsteres Y Mascotas Pequeñas 4 Peines - Venta Internacional.
SIN SUB	p525945	Mascotas/None			Set De Bloques Xbert Brix Gato Tuxedo Con Accesorios 1200 Piezas - Venta Internacional.
SIN SUB	p525946	Mascotas/None			Set De Cabezales Iveken Para Lima De Uñas De Perro 5 Piezas - Venta Internacional.
SIN SUB	p525947	Mascotas/None			Set De Cd Icalmdog Through A Dog's Ear Music Para Caninos Ancianos - Venta Internacional.
SIN SUB	p525954	Mascotas/None			Set De Collares Weewooday Para Mascotas Y Gafas De Sol Retro Para Perros Pequeños - Venta Internacio
SIN SUB	p525967	Mascotas/None			Set De Esmoquin Weewooday Para Mascotas Cuello Anudado Y Gafas Redondas Retro - Venta Internacional.
SIN SUB	p525968	Mascotas/None			Set De Gafas De Sol Y Cadena Dorada Para Perro Y Gato - Venta Internacional.
SIN SUB	p525977	Mascotas/None			Set De Orejas Y Cola De Perro Antler Hodrme Brown Para Niños Y Adultos - Venta Internacional.
SIN SUB	p525979	Mascotas/None			Set De Pajaritas Para Mascotas Senniea Halloween Con Forma De Calabaza Y Murciélago Fantasma - Venta
SIN SUB	p525980	Mascotas/None			Set De Peines Para Mascotas Juwantu Acero Inoxidable Con Dientes Redondeados 5 Piezas - Venta Intern
SIN SUB	p525982	Mascotas/None			Set De Peluche Para Perros Bark Trout Twins - Venta Internacional.
SIN SUB	p525983	Mascotas/None			Set De Peluches Chillones Para Perro
SIN SUB	p525990	Mascotas/None			Set De Sombreros De Cumpleaños Para Mascotas Cellcacn Ajustables Con Pompones De 6 Cm - Venta Intern
SIN SUB	p526001	Mascotas/None			Set Lab.g Lactancia Biberón Mamila Para Cachorro 13 Piezas Blanco
SIN SUB	p526004	Mascotas/None			Set Silbatos para Perros 2 PiezasEo Safe Imports Esi-8955 Negro
SIN SUB	p526035	Mascotas/None			Silbato Entrenador de Perro Fancy Pets FL8563 Plateado
SIN SUB	p526036	Mascotas/None			Silbato Para Perro Generic Con Cordón Negro - Venta Internacional.
SIN SUB	p526038	Mascotas/None			Silla De Coche Adecuada Para Perro Y Gato Eo Safe Imports Esi-14500 Negro
SIN SUB	p526039	Mascotas/None			Silla De Coche Elevadora Para Perros Indybud Negro Para Perros Pequeños Y Medianos - Venta Internaci
SIN SUB	p526041	Mascotas/None			Sistema De Valla Electrónica Eléctrica Para Perros Inalámbrico Para Mascotas - Venta Internacional.
SIN SUB	p526044	Mascotas/None			Slicker Brush Chris Christensen Baby G Dog Para Perros Pequeños - Venta Internacional.
SIN SUB	p526045	Mascotas/None			Slicker Brush Coastal Para Aseo Y Muda De Perros Color Verde - Venta Internacional.
SIN SUB	p526046	Mascotas/None			Slicker Brush Master Equipment Ugroom Blue Para Perros Y Gatos - Venta Internacional.
SIN SUB	p526047	Mascotas/None			Slicker Brush Miracle Care Para Perros Y Gatos Que Pierden Pelo - Venta Internacional.
SIN SUB	p526048	Mascotas/None			Slicker Brush Tweezerman Para Perros Y Gatos Para Mascotas Grandes - Venta Internacional.
SIN SUB	p526049	Mascotas/None			Slicker Brush Tweezerman Para Perros Y Gatos Para Mascotas Pequeñas - Venta Internacional.
SIN SUB	p526050	Mascotas/None			Slip Lead Fida Durable, 6 Pies X 3/8 Pulgadas, Para Perros Pequeños, Nailon Rojo - Venta Internacion
SIN SUB	p526051	Mascotas/None			Slip Lead Fida Durable De 1,8 M X 1,3 Cm Para Perros Grandes Y Medianos, Color Rojo - Venta Internac
SIN SUB	p526052	Mascotas/None			Slip Lead Tagme Para Perros Resistente 6 Pies Con Asa Acolchada Color Rojo - Venta Internacional.
SIN SUB	p526053	Mascotas/None			Slip Leads Tagme Para Perros Resistente 6 Pies Con Asa Acolchada - Venta Internacional.
SIN SUB	p526054	Mascotas/None			Slip Leads Tagme Para Perros Resistente 6 Pies Con Asa Acolchada - Venta Internacional.
SIN SUB	p526057	Mascotas/None			Small Animal House Trixie Hogar Criado Para Mascotas Para Conejos, Etc. - Venta Internacional.
SIN SUB	p526058	Mascotas/None			Snack Cujzthrin Garganta De Pavo Liofilizado Para Perros Y Gatos 50 G - Venta Internacional.
SIN SUB	p526061	Mascotas/None			Snacks Blandos Morbites Con Melatonina Para Perros 120 Unidades - Venta Internacional.
SIN SUB	p526062	Mascotas/None			Snacks Get Naked Para Gatos Blandos Con Probióticos Y Prebióticos 71 G - Venta Internacional.
SIN SUB	p526072	Mascotas/None			Snacks Rellenos De Pollo Generic Para Gatos Bajos En Calorías 255 G - Venta Internacional.
SIN SUB	p526073	Mascotas/None			Snacks Uncle Crunch Salmón Liofilizado 57 G Para Gatos Con Ácidos Grasos Omega - Venta Internacional
SIN SUB	p526087	Mascotas/None			Sofá Ortopédico Bedsure Para Perros Pequeños, Color Gris - Venta Internacional.
SIN SUB	p526088	Mascotas/None			Sofá Ortopédico De Espuma Viscoelástica Para Perros Eheyciga De 36 X 27 X 18 Cm, Color Gris - Venta 
SIN SUB	p526097	Mascotas/None			Soft Chews Nutri-vet Pre Y Probiotic Para Perros 120 Unidades - Venta Internacional.
SIN SUB	p526098	Mascotas/None			Solapa De Repuesto Ideal Pet Products De Vinilo Transparente Extra Grande - Venta Internacional.
SIN SUB	p526099	Mascotas/None			Solapa De Repuesto Ideal Pet Products Vinilo Transparente Tamaño Mediano - Venta Internacional.
SIN SUB	p526100	Mascotas/None			Solapa De Repuesto Petsafe Original Para Mascotas Grandes - Venta Internacional.
SIN SUB	p526105	Mascotas/None			Solución Auditiva Zymox Advanced Otic Plus Para Perros Y Gatos - Venta Internacional.
SIN SUB	p526106	Mascotas/None			Sombrero De Conejo Para Mascotas Homedy Crafts Tejido Con Forma De Rana 2 Unidades - Venta Internaci
SIN SUB	p526107	Mascotas/None			Sombrero De Copa Cómodo Para Perro Con Peluca De Lana Para Xxs-xxl - Venta Internacional.
SIN SUB	p526108	Mascotas/None			Sombrero Mexicano para Perro Pet Pals Multicolor de Palma
SIN SUB	p526113	Mascotas/None			Soporte Digestivo Para Gatos Naturvet Scoopables Enzimas Digestivas - Venta Internacional.
SIN SUB	p526115	Mascotas/None			Soporte Ortopédico Para Perros Grandes Bedsure Xl - Venta Internacional.
SIN SUB	p526116	Mascotas/None			Soporte Para Collares De Perro Airtag Pzoz A Prueba De Agua Para Apple (paquete De 2) - Venta Intern
SIN SUB	p526118	Mascotas/None			Soporte Para Gato High Lift Para Jeep Wrangler Jk 2007-2017 - Venta Internacional.
SIN SUB	p526120	Mascotas/None			Spray Adams Plus Flea & Tick Con Precor Para Perros Y Gatos 240 Ml - Venta Internacional.
SIN SUB	p526121	Mascotas/None			Spray Ambientador De Aliento Para Perros Lillian Ruff 120 Ml - Venta Internacional.
SIN SUB	p526122	Mascotas/None			Spray Ambientador Tropiclean Fresh Breath Para Perros Y Gatos - Venta Internacional.
SIN SUB	p526123	Mascotas/None			Spray Antimasticable De Té Santo No Masticable Para Perros, 2 X 100 Ml, 200 Ml - Venta Internacional
SIN SUB	p526125	Mascotas/None			Spray Antipulgas Terriomax para Perro Petmax Máxima Eficacia
SIN SUB	p526126	Mascotas/None			Spray Antipulgas Y Garrapatas Adams Plus Para Perros Y Gatos 473 Ml - Venta Internacional.
SIN SUB	p526127	Mascotas/None			Spray Antipulgas Y Garrapatas Zoecon Para Mascotas Con Igr 473 Ml - Venta Internacional.
SIN SUB	p526128	Mascotas/None			Spray Aroma Cereza Natural Mascotas Zoohugs Mxzsc-004 4 Piezass Botella Con Atomizador Color Blanco
SIN SUB	p526129	Mascotas/None			Spray Aromático Menta Mascotas Zoohugs Mxzfn-002 2 Piezass Botella Con Atomizador Color Blanco
SIN SUB	p526130	Mascotas/None			Spray Bodhi Dog Bitter 2 En 1 Para Mascotas No Se Mastica Y No Se Puede Masticar - Venta Internacion
SIN SUB	p526131	Mascotas/None			Spray Calmante Terriomax Relajante para Perros
SIN SUB	p526132	Mascotas/None			Spray Control Caída Fancy Pets para Perro con 250 Mililitros
SIN SUB	p526135	Mascotas/None			Spray De Tratamiento De Caspa Para Gatos Pet Mastermind Fluffy Feline - Venta Internacional.
SIN SUB	p526142	Mascotas/None			Spray Desodorizante Tropiclean Watermelon Para Gato Y Perro, 240 Ml - Venta Internacional.
SIN SUB	p526143	Mascotas/None			Spray Leacademic Nano Silver Con Clorhexidina Para Gatos 120 Ml - Venta Internacional.
SIN SUB	p526144	Mascotas/None			Spray Para Mascotas Eeljoy Aceite Nutritivo Para El Pelaje 100 Ml - Venta Internacional.
SIN SUB	p526145	Mascotas/None			Spray Para Perros Vetified Anti-comezón 236 Ml - Venta Internacional.
SIN SUB	p526146	Mascotas/None			Spray Seguro Aroma Menta Mascotas Zoohugs Mxzfn-004 4 Piezass Botella Con Atomizador Color Blanco
SIN SUB	p526147	Mascotas/None			Spray Voluminizador Artero Big Bang Extra Volumen Para Perros Y Gatos - Venta Internacional.
SIN SUB	p526148	Mascotas/None			Sticks para Perro Fancy Pets Sabor Carne 5 Piezas
SIN SUB	p526259	Mascotas/None			Suministro De Manualidades Para Mascotas Cat Tunnel Magic Mewnicorn Boredom Relief - Venta Internaci
SIN SUB	p526260	Mascotas/None			Suministros De Aseo Para Gatos Con Forma De Bola De Pelo Para Lamer, Sin Pastillas - Venta Internaci
SIN SUB	p526261	Suplementos/None			Suplemento Absorbine Bute-less Comfort & Recovery 2,27 Kg - Venta Internacional.
SIN SUB	p526262	Suplementos/None			Suplemento Absorbine Bute-less Comfort & Recovery De 4,54 Kg - Venta Internacional.
SIN SUB	p526263	Mascotas/None			Suplemento Alfa Pet Kidney Support Para Gatos Y Perros 60 Ml - Venta Internacional.
SIN SUB	p526264	Mascotas/None			Suplemento Amazing Nutritionals De Arándano Para Perros 120 Unidades Masticables - Venta Internacion
SIN SUB	p526265	Mascotas/None			Suplemento Amazing Nutritionals De Cúrcuma Para Perros 120 Unidades Masticables - Venta Internaciona
SIN SUB	p526266	Suplementos/None			Suplemento Biológico Hagen para Acuario 120 Ml
SIN SUB	p526267	Suplementos/None			Suplemento Biológico Hagen para Acuario 250 Ml
SIN SUB	p526268	Suplementos/None			Suplemento Biológico Hagen para Acuario 30 ml
SIN SUB	p526269	Suplementos/None			Suplemento Biológico Hagen para Acuario 500 ml
SIN SUB	p526270	Mascotas/None			Suplemento Con Zinc Homibabis Para Perros Sabor Tocino 60 Ml - Venta Internacional.
SIN SUB	p526272	Mascotas/None			Suplemento De Aceite De Coco Zesty Paws Para Perros 473 Ml - Venta Internacional.
SIN SUB	p526273	Suplementos/None			Suplemento De Agua Desodorizante Marshall Goodbye Odor 237 Ml - Venta Internacional.
SIN SUB	p526274	Mascotas/None			Suplemento De Arándanos Para Perros Ttlxbl 200 Chews Urinary Tract - Venta Internacional.
SIN SUB	p526275	Mascotas/None			Suplemento De Calabaza Generic Para Perros Y Gatos Orgánico 100 G - Venta Internacional.
SIN SUB	p526278	Suplementos/None			Suplemento De Cuidado Dental Proden Plaqueoff Powder 420 G - Venta Internacional.
SIN SUB	p526281	Suplementos/None			Suplemento De Nitrógeno Seachem Flourish Nitrogen 2l - Venta Internacional.
SIN SUB	p526282	Suplementos/None			Suplemento De Oligoelementos Seachem Cichlid 500 Ml - Venta Internacional.
SIN SUB	p526284	Mascotas/None			Suplemento De Probióticos Pet Honesty Para Perros, Calabaza, 90 Unidades - Venta Internacional.
SIN SUB	p526286	Mascotas/None			Suplemento De Taurina Para Perros Homibabis 120 G Con Apoyo Cardíaco - Venta Internacional.
SIN SUB	p526287	Mascotas/None			Suplemento Doggy Supps Taurina En Polvo 200 G Para Perros - Venta Internacional.
SIN SUB	p526289	Mascotas/None			Suplemento Dr. Mercola Detox Support Para Perros Y Gatos, 50 Ml - Venta Internacional.
SIN SUB	p526290	Mascotas/None			Suplemento Earth Animal Healthy Weight Para Perros Y Gatos 240 Ml - Venta Internacional.
SIN SUB	p526291	Mascotas/None			Suplemento Farnam Horse Health Canine Red Cell 1l Para Perros - Venta Internacional.
SIN SUB	p526292	Suplementos/None			Suplemento Farnam Horse Health Joint Combo Para Pezuña Y Abrigo, 8 Libras - Venta Internacional.
SIN SUB	p526293	Suplementos/None			Suplemento Farnam Sand Clear Para Caballos, 10 Libras - Venta Internacional.
SIN SUB	p526294	Suplementos/None			Suplemento Feliway Cystease Advanced Urinary Tract 30 Comprimidos - Venta Internacional.
SIN SUB	p526295	Suplementos/None			Suplemento Herbal Amber Naturalz Kidney Rejuvenator 30 Ml - Venta Internacional.
SIN SUB	p526296	Mascotas/None			Suplemento Herbal Salutempet Milk Thistle Para Gatos 60 Ml - Venta Internacional.
SIN SUB	p526297	Suplementos/None			Suplemento Herbario Pet Wellbeing Adrenal Harmony Gold 59 Ml - Venta Internacional.
SIN SUB	p526298	Mascotas/None			Suplemento Homibabis De Taurina En Polvo Para Perros Y Gatos 60 G - Venta Internacional.
SIN SUB	p526299	Mascotas/None			Suplemento Horbäach De Glucosamina Para Perros 150 Comprimidos Masticables - Venta Internacional.
SIN SUB	p526302	Suplementos/None			Suplemento Líquido Para Tejidos De Coral Brightwell Aquatics Restor 250 Ml - Venta Internacional.
SIN SUB	p526304	Mascotas/None			Suplemento Maxbuddy Defensa Intestinal Gotas Para Mascotas - Venta Internacional.
SIN SUB	p526307	Mascotas/None			Suplemento Multivitamínico Prestige Breed Para Perros Yorkie Con Glucosamina Y Probióticos 90 Cubos 
SIN SUB	p526308	Mascotas/None			Suplemento Nature Target Probiotics Para Perros 6 Unidades De Cfu Salmón 120 Unidades - Venta Intern
SIN SUB	p526309	Mascotas/None			Suplemento Naturvet Advanced Probiotics Para Perros, 120 Comprimidos Masticables - Venta Internacion
SIN SUB	p526310	Mascotas/None			Suplemento Naturvet No Scoot Para Perros, 120 Comprimidos Masticables - Venta Internacional.
SIN SUB	p526311	Mascotas/None			Suplemento Naturvet No Scoot Para Perros, 60 Cápsulas Masticables Blandas - Venta Internacional.
SIN SUB	p526312	Mascotas/None			Suplemento Nupro Joint Support Para Perros De 2,27 Kg - Venta Internacional.
SIN SUB	p526313	Mascotas/None			Suplemento Nutramax Cobalequin B12 Para Gatos Y Perros Pequeños - Venta Internacional.
SIN SUB	p526314	Mascotas/None			Suplemento Nutramax Proviable Digestive Health Para Perros 60 G - Venta Internacional.
SIN SUB	p526315	Mascotas/None			Suplemento Nutramax Solliquin Calming Para Perros Grandes, 75 Masticables - Venta Internacional.
SIN SUB	p526316	Mascotas/None			Suplemento Nutri-vet Bladder Control Para Perros 90 Comprimidos - Venta Internacional.
SIN SUB	p526317	Suplementos/None			Suplemento Nutricional Líquido Petag Dyne 32 Oz Para Ganado - Venta Internacional.
SIN SUB	p526318	Mascotas/None			Suplemento Nutricional Probiótico Vetone Advita Para Perros 60 Unidades - Venta Internacional.
SIN SUB	p526319	Suplementos/None			Suplemento Oxbow Critical Care Carnivore 70 G Para Carnívoros - Venta Internacional.
SIN SUB	p526320	Suplementos/None			Suplemento Oxbow Critical Care Carnívoro 3x70ml Para Pequeñas Mascotas - Venta Internacional.
SIN SUB	p526321	Suplementos/None			Suplemento Para Acuarios Boyd Enterprises Freshwater Vitachem 120 Ml - Venta Internacional.
SIN SUB	p526322	Suplementos/None			Suplemento Para Acuarios Brightwell Aquatics Reef Biofuel 2 Litros - Venta Internacional.
SIN SUB	p526325	Suplementos/None			Suplemento Para Apoyar El Crecimiento De Perros Y Gatos 350g B Life Pets Strong Growth
SIN SUB	p526328	Mascotas/None			Suplemento Para Gatos Naturvet L-lisina Immune Support 60 Comprimidos Masticables - Venta Internacio
SIN SUB	p526332	Mascotas/None			Suplemento Para Mascotas Naturvet Aller-911 Advanced Aller-911, Ayuda Para Alergias - Venta Internac
SIN SUB	p526333	Mascotas/None			Suplemento para Mascotas NaturVet de Levadura Seca de Cerveza con Sabor a Ajo 1000 Cápsulas Masticab
SIN SUB	p526334	Mascotas/None			Suplemento Para Mascotas Terry Naturally Bladder Control 30 Cápsulas - Venta Internacional.
SIN SUB	p526335	Mascotas/None			Suplemento para Perro Geriapet Combo 120
SIN SUB	p526336	Mascotas/None			Suplemento Para Perro Prestige Breed Multivitamínico 90 Piezas - Venta Internacional.
SIN SUB	p526337	Mascotas/None			Suplemento Para Perros Dinovite Probiotics Suministro Para 90 Días Más De 45 Libras - Venta Internac
SIN SUB	p526338	Mascotas/None			Suplemento Para Perros Naturvet Mushroom Max Immune Support 120 Unidades - Venta Internacional.
SIN SUB	p526339	Mascotas/None			Suplemento Para Perros Naturvet Mushroom Max Immune Support, 60 Unidades - Venta Internacional.
SIN SUB	p526341	Mascotas/None			Suplemento Para Perros Pup Labs K9 Immune En Polvo Apoyo Inmunológico 75 G - Venta Internacional.
SIN SUB	p526342	Mascotas/None			Suplemento Para Perros Zesty Paws, Probióticos, Enzimas Digestivas, 90 Unidades - Venta Internaciona
SIN SUB	p526344	Mascotas/None			Suplemento Pet Wellbeing Kidney Support Gold Para Perros 59 Ml - Venta Internacional.
SIN SUB	p526345	Mascotas/None			Suplemento Pet Wellbeing Life Gold Para Perros 118 Ml - Venta Internacional.
SIN SUB	p526346	Suplementos/None			Suplemento Pet Wellbeing Old Friend Senior Dogs 59 Ml - Venta Internacional.
SIN SUB	p526347	Suplementos/None			Suplemento Petalive Respo-k Tablets 180 Tabletas - Venta Internacional.
SIN SUB	p526349	Suplementos/None			Suplemento Prestige Breed Para Australian Cattle Dog 90 Tabletas - Venta Internacional.
SIN SUB	p526350	Suplementos/None			Suplemento Prestige Breed Para Bulldog 90 Tabletas - Venta Internacional.
SIN SUB	p526351	Suplementos/None			Suplemento Prestige Breed Para Bulldog Francés Con Sabor A Tocino - Venta Internacional.
SIN SUB	p526353	Mascotas/None			Suplemento Probiótico Diario Para Perros Fullbucket Para La Digestión, 87 G - Venta Internacional.
SIN SUB	p526354	Mascotas/None			Suplemento Probiótico Dinovite Omega 3 Para Perros De Más De 45 Libras 30 Días - Venta Internacional
SIN SUB	p526355	Mascotas/None			Suplemento Probiótico Doggie Dailies Para Perros Con Sabor A Pato - Venta Internacional.
SIN SUB	p526357	Mascotas/None			Suplemento Probiótico Masticable Para Perros Wag 90 Chews - Venta Internacional.
SIN SUB	p526358	Mascotas/None			Suplemento Probiótico Naturesplus Furbaby Para Perros 280 Ml - Venta Internacional.
SIN SUB	p526359	Mascotas/None			Suplemento Probiótico Omega 3 De Dinovite Para Perros De 18 A 45 Libras - Venta Internacional.
SIN SUB	p526360	Mascotas/None			Suplemento Probiótico Para La Salud De Gatos Rocco & Roxie Para Gatos - Venta Internacional.
SIN SUB	p526361	Mascotas/None			Suplemento Probiótico Pro Plan Veterinary Para Perros 30 Unidades - Venta Internacional.
SIN SUB	p526363	Mascotas/None			Suplemento Proden Plaqueoff Powder 420 G Para Mascotas - Venta Internacional.
SIN SUB	p526364	Suplementos/None			Suplemento Pupford Gut Health & Immunity Para Cachorros Y Perros - Venta Internacional.
SIN SUB	p526365	Mascotas/None			Suplemento Rocco & Roxie Allergy Relief Para Gatos - Venta Internacional.
SIN SUB	p526368	Suplementos/None			Suplemento Thornevet Canine Basic Nutrients Masticables Blandos 90 Piezas - Venta Internacional.
SIN SUB	p526369	Mascotas/None			Suplemento Uromaxx Para Mascotas Con Arándano Sabor Salmón 180 Ml - Venta Internacional.
SIN SUB	p526370	Mascotas/None			Suplemento Vet Classics Pain Plus Extra Strength Para Perros - Venta Internacional.
SIN SUB	p526372	Mascotas/None			Suplemento Wholistic Pet Organics De Para Perros 380 Ml Apto Para Uso Alimentario - Venta Internacio
SIN SUB	p526373	Mascotas/None			Suplemento Zesty Paws Advanced Cognition Para Perros Mayores, 90 Unidades - Venta Internacional.
SIN SUB	p526374	Mascotas/None			Suplemento Zesty Paws Cranberry Bidder Bites Para Perros, 90 G - Venta Internacional.
SIN SUB	p526375	Mascotas/None			Suplemento Zesty Paws Stay Green Bites Para Perros, 90 Unidades Masticables - Venta Internacional.
SIN SUB	p526377	Mascotas/None			Suplementos Para Perros El Mejor Masticable Para Alergias Estacionales Del Veterinario - Venta Inter
SIN SUB	p526379	Mascotas/None			Suplementos Purina Pro Plan Veterinary Multi Care Para Perros 60 Unidades - Venta Internacional.
SIN SUB	p526380	Mascotas/None			Supplement Licks Digestion Para Perros Sin Pastillas, 30 Paquetes De Gel - Venta Internacional.
SIN SUB	p526381	Mascotas/None			Supplement Now Foods Pet Health G.i. Support Para Perros Y Gatos - Venta Internacional.
SIN SUB	p526382	Mascotas/None			Supplement Zesty Paws, Masticables Blandos Para Perros, Que Ayudan A Eliminar Las Manchas De Lágrima
SIN SUB	p526383	Mascotas/None			Sustituto de Leche para Gatitos 0-2 Meses Perfect Sense 360 gr
SIN SUB	p526387	Mascotas/None			Tabla De Rascar Baysea Marrón Plegable Para Gatos - Venta Internacional.
SIN SUB	p526388	Mascotas/None			Tabla De Rascar Para Gatos Comsaf Cat Scratch Para Gatos De Interior - Venta Internacional.
SIN SUB	p526390	Mascotas/None			Tablas De Rascar Para Gatos Fukumaru Ex-large Con Caja De 5 Unidades - Venta Internacional.
SIN SUB	p526391	Mascotas/None			Tablero para Gatos Eo Safe Imports Esi-8821 Blanco 2 Piezas
SIN SUB	p526397	Mascotas/None			Talco Anti Pulgas Para Perros Terriomax 240 G
SIN SUB	p526398	Mascotas/None			Talco Repelente de Pulgas y Garrapata Terriomax para Mascotas
SIN SUB	p526399	Mascotas/None			Talking Buttons Starter Set Hunger For Words Para Perros - Venta Internacional.
SIN SUB	p526400	Mascotas/None			Talking Pet Essential Words Juego De 6 Piezas Para Perros Con Hambre - Venta Internacional.
SIN SUB	p526403	Mascotas/None			Tapa Para Latas Y Cuchara Meow&woof Para Comida Para Gatos, Sin Bpa - Venta Internacional.
SIN SUB	p526459	Mascotas/None			Tapón De Agua Sin Goteo Para Perros Mamut De 60 A 90 Kg - Venta Internacional.
SIN SUB	p526460	Mascotas/None			Tapones De Silicona Para Mascotas Petbonus Negro 3 Piezas - Venta Internacional.
SIN SUB	p526461	Mascotas/None			Tapones De Silicona Para Mascotas Petbonus Universal 4 Piezas - Venta Internacional.
SIN SUB	p526462	Mascotas/None			Tapones De Uñas Para Gatos Ymccool Negros 100 Unidades Con Adhesivos Y Aplicadores - Venta Internaci
SIN SUB	p526463	Mascotas/None			Tapones De Uñas Victhy Para Uñas De Gato 100 Unidades Con Pegamento Y Aplicadores - Venta Internacio
SIN SUB	p526464	Mascotas/None			Tapones De Uñas Ymccool Para Gatos, 100 Unidades, Con Adhesivo, Pegamento Y Aplicador - Venta Intern
SIN SUB	p526466	Mascotas/None			Taste Of The Wild Para Gato Trucha 2.28 Kg
SIN SUB	p526467	Mascotas/None			Taste Of The Wild Para Gato Venado Asado 2.28 Kg
SIN SUB	p526485	Mascotas/None			Temporizador De Temperatura Ajustable Heeyoo Para Gatos Con Calefacción Para Interiores - Venta Inte
SIN SUB	p526486	Mascotas/None			Tennis Ball Blaster Nerf Dog Para Perros Pequeños Y Cachorros - Venta Internacional.
SIN SUB	p526488	Mascotas/None			Tie Out Rope Pdq Para Perro De Polietileno Rojo/negro Pequeño/mediano 15 Pies - Venta Internacional.
SIN SUB	p526489	Mascotas/None			Tie Out Stake Howard Pet Metal Rojo Tamaño Grande Para Perro - Venta Internacional.
SIN SUB	p526490	Mascotas/None			Tierra De Diatomeas Harris Para Mascotas 0.9 Kg - Venta Internacional.
SIN SUB	p526492	Mascotas/None			Tijera Millers Forge Con Forma De Garra Para Gatos Y Animales Pequeños - Venta Internacional.
SIN SUB	p526493	Mascotas/None			Tijeras De Aseo Fenice Peak 20 Cm Para Perros Y Gatos - Venta Internacional.
SIN SUB	p526497	Mascotas/None			Tijeras Rectas Andis Professional Para El Aseo De Perros Y Gatos - Venta Internacional.
SIN SUB	p526499	Mascotas/None			Tinte De Pelo Para Mascotas Opawz Permanent Adorable Pink Para Perros Y Caballos - Venta Internacion
SIN SUB	p526500	Mascotas/None			Tinte De Pelo Para Mascotas Opawz Permanente Azul Cobalto Para Perros Y Caballos - Venta Internacion
SIN SUB	p526501	Mascotas/None			Tinte De Pelo Para Mascotas Opawz Permanente Rojo Intenso Para Perros Y Caballos - Venta Internacion
SIN SUB	p526502	Mascotas/None			Tinte De Pelo Para Mascotas Opawz Semipermanente Rojo Fresa Para Perros Y Gatos - Venta Internaciona
SIN SUB	p526503	Mascotas/None			Tinte Para El Cabello Para Mascotas Opawz Pigmento Semipermanente Apto Para Uso Alimentario Kelly Gr
SIN SUB	p526504	Mascotas/None			Tinte Para El Cabello Para Mascotas Opawz Pigmento Semipermanente De Calidad Alimentaria Para Mascot
SIN SUB	p526505	Mascotas/None			Tinte Para El Pelo De Mascotas Opawz Semipermanente Apto Para Perros Y Gatos - Venta Internacional.
SIN SUB	p526506	Mascotas/None			Tinte Para Mascotas Opawz Permanent Ardent Orange Para Perros Y Caballos - Venta Internacional.
SIN SUB	p526507	Mascotas/None			Tinte Para Mascotas Opawz Permanent Chic Violet Para Perros Y Caballos - Venta Internacional.
SIN SUB	p526508	Mascotas/None			Tinte Para Mascotas Opawz Permanent Flame Orange Para Perros Y Caballos - Venta Internacional.
SIN SUB	p526509	Mascotas/None			Tinte Para Mascotas Opawz Permanent Forest Green Para Perros Y Caballos - Venta Internacional.
SIN SUB	p526510	Mascotas/None			Tinte Para Mascotas Opawz Permanent Glorious Yellow Para Perros Y Caballos - Venta Internacional.
SIN SUB	p526511	Mascotas/None			Tinte Para Mascotas Opawz Permanent Innocent Blue Para Perros Y Caballos - Venta Internacional.
SIN SUB	p526512	Mascotas/None			Tinte Para Mascotas Opawz Permanent Lamarius Blue Para Perros Y Caballos - Venta Internacional.
SIN SUB	p526513	Mascotas/None			Tinte Para Mascotas Opawz Permanent Profound Green Para Perros Y Caballos - Venta Internacional.
SIN SUB	p526514	Mascotas/None			Tinte Para Mascotas Opawz Semipermanente Naranja Calabaza Para Perros Y Gatos - Venta Internacional.
SIN SUB	p526515	Mascotas/None			Tinte Para Pelo De Perro Opawz Permanent Super Black 20 Lavados - Venta Internacional.
SIN SUB	p526516	Mascotas/None			Tinte Permanente Para Mascotas Opawz Para Perros Y Caballos Adrian Pink - Venta Internacional.
SIN SUB	p526517	Mascotas/None			Tinte Permanente Para Pelo De Perro Opawz Teddy Brown Seguro Para Más De 20 Lavados - Venta Internac
SIN SUB	p526519	Mascotas/None			Tirolina Para Perros Petsafe Happy Ride Movilidad Segura En El Asiento Trasero - Venta Internacional
SIN SUB	p526570	Mascotas/None			Traje De Boda Formal Para Mascotas Kuoser Rojo 3xl Con Forma De Esmoquin Para Perro - Venta Internac
SIN SUB	p526571	Mascotas/None			Traje De Recuperación Caslfuca Con Cierre Trasero Para Perros Y Gatos - Venta Internacional.
SIN SUB	p526572	Mascotas/None			Traje De Recuperación Caslfuca Mono Transpirable Para Perros - Venta Internacional.
SIN SUB	p526573	Mascotas/None			Traje De Recuperación Caslfuca Para Perro Con Cierre En La Espalda - Venta Internacional.
SIN SUB	p526574	Mascotas/None			Traje De Recuperación Caslfuca Para Perro Con Protección Abdominal De Tela Ligera Y Elástica - Venta
SIN SUB	p526575	Mascotas/None			Traje De Recuperación Caslfuca Para Perro Con Protección Abdominal Ligero Y Elástico - Venta Interna
SIN SUB	p526577	Mascotas/None			Traje De Recuperación Caslfuca Para Perro Postoperatorio Cómodo - Venta Internacional.
SIN SUB	p526578	Mascotas/None			Traje De Recuperación Caslfuca Para Perro Postquirúrgico Con Cierre En La Espalda - Venta Internacio
SIN SUB	p526579	Mascotas/None			Traje De Recuperación Caslfuca Para Perro Protector Abdomi Elástico Talla S - Venta Internacional.
SIN SUB	p526580	Mascotas/None			Traje De Recuperación Caslfuca Para Perros Con Cierre Trasero Y Cremallera Antideslizante - Venta In
SIN SUB	p526581	Mascotas/None			Traje De Recuperación Caslfuca Para Perros Con Protección Abdominal - Venta Internacional.
SIN SUB	p526582	Mascotas/None			Traje De Recuperación Caslfuca Para Perros Con Protección Abdominal - Venta Internacional.
SIN SUB	p526583	Mascotas/None			Traje De Recuperación Caslfuca Para Perros Con Protección Abdominal Y Tela Elástica Ligera - Venta I
SIN SUB	p526584	Mascotas/None			Traje De Recuperación Doton Morado Postquirúrgico Para Gato - Venta Internacional.
SIN SUB	p526585	Mascotas/None			Traje De Recuperación Doton Para Gato Con Ajuste Suave Y Cómodo Talla S - Venta Internacional.
SIN SUB	p526586	Mascotas/None			Traje De Recuperación Doton Para Gato Postoperatorio Y Esterilización Talla L - Venta Internacional.
SIN SUB	p526587	Mascotas/None			Traje De Recuperación Exploreu Para Perro Después De Esterilización - Venta Internacional.
SIN SUB	p526588	Mascotas/None			Traje De Recuperación Exploreu Para Perros Después De Esterilización - Venta Internacional.
SIN SUB	p526589	Mascotas/None			Traje De Recuperación Exploreu Para Perros Después De Esterilización - Venta Internacional.
SIN SUB	p526590	Mascotas/None			Traje De Recuperación Exploreu Para Perros Después De Esterilización - Venta Internacional.
SIN SUB	p526591	Mascotas/None			Traje De Recuperación Hpetppy Rosa Para Gato Posquirúrgico Talla S - Venta Internacional.
SIN SUB	p526592	Mascotas/None			Traje De Recuperación Kedi Cats Solutions Para Gatos Negro Talla Mediana Con Sistema De Sujeción - V
SIN SUB	p526593	Mascotas/None			Traje De Recuperación Kukaster Pet Azul Para Perros Con Broches A Presión Y Mangas Largas - Venta In
SIN SUB	p526595	Mascotas/None			Traje De Recuperación Kzrfojy Azul Oscuro Para Gato S - Venta Internacional.
SIN SUB	p526596	Mascotas/None			Traje De Recuperación Nanaki Azul Para Perro Con Cierre Ajustable - Venta Internacional.
SIN SUB	p526597	Mascotas/None			Traje De Recuperación Nanaki Azul Para Perros Suave Y Transpirable - Venta Internacional.
SIN SUB	p526598	Mascotas/None			Traje De Recuperación Nanaki Para Perro Negro Y Rojo Con Protección Integral Postoperatoria - Venta 
SIN SUB	p526599	Mascotas/None			Traje De Recuperación Nanaki Para Perro Talla Xl Mono - Venta Internacional.
SIN SUB	p526600	Mascotas/None			Traje De Recuperación Nanaki Para Perros Esterilizados - Venta Internacional.
SIN SUB	p526601	Mascotas/None			Traje De Recuperación Nanaki Para Perros Hembra Rojo Talla M - Venta Internacional.
SIN SUB	p526602	Mascotas/None			Traje De Recuperación Nasjac Para Perro Rosa Con Cierre Ajustable Talla M - Venta Internacional.
SIN SUB	p526603	Mascotas/None			Traje De Recuperación Opaw Para Perro Y Gato Con Diseño Alternativo Al Cono Quirúrgico Talla S - Ven
SIN SUB	p526604	Mascotas/None			Traje De Recuperación Opaw Para Perro Y Gato Suave Postcirugía Talla M - Venta Internacional.
SIN SUB	p526605	Mascotas/None			Traje De Recuperación Opaw Para Perro Y Gato Talla M Con Diseño Ergonómico Y Acceso Al Baño - Venta 
SIN SUB	p526606	Mascotas/None			Traje De Recuperación Opaw Para Perro Y Gato Talla S - Venta Internacional.
SIN SUB	p526607	Mascotas/None			Traje De Recuperación Opaw Para Perros Gris Azul Con Ajuste Cómodo Y Transpirable - Venta Internacio
SIN SUB	p526608	Mascotas/None			Traje De Recuperación Opaw Para Perros Verde Marino Talla Xs-xxl Postoperatorio Con Ajuste Cómodo - 
SIN SUB	p526609	Mascotas/None			Traje De Recuperación Opaw Para Perros Y Gatos Después De Cirugía Verde Marino Talla Xl - Venta Inte
SIN SUB	p526610	Mascotas/None			Traje De Recuperación Opaw Para Perros Y Gatos Gris Azul Suave Transpirable Con Ajuste Cómodo - Vent
SIN SUB	p526611	Mascotas/None			Traje De Recuperación Opaw Para Perros Y Gatos Gris Azul Talla M Con Ajuste Cómodo Y Suave - Venta I
SIN SUB	p526612	Mascotas/None			Traje De Recuperación Opaw Suave Talla L Para Perros Y Gatos - Venta Internacional.
SIN SUB	p526613	Mascotas/None			Traje De Recuperación Paipeper Azul Para Perros Pequeños - Venta Internacional.
SIN SUB	p526614	Mascotas/None			Traje De Recuperación Paipeper Gris Con Estrellas Para Perro Pequeño - Venta Internacional.
SIN SUB	p526615	Mascotas/None			Traje De Recuperación Paipeper Gris Con Estrellas Para Perro Pequeño - Venta Internacional.
SIN SUB	p526616	Mascotas/None			Traje De Recuperación Paipeper Para Perro Y Perra Algodón Y Poliéster Tallas Xxs A Xl - Venta Intern
SIN SUB	p526617	Mascotas/None			Traje De Recuperación Paipeper Para Perros Con Protección De Heridas Quirúrgicas Talla Xl - Venta In
SIN SUB	p526618	Mascotas/None			Traje De Recuperación Para Perros Bellyguard De Algodón Para Después De La Cirugía - Venta Internaci
SIN SUB	p526619	Mascotas/None			Traje De Recuperación Para Perros Cirugía Suítica Negro Xxs 33-42 Cm - Venta Internacional.
SIN SUB	p526621	Mascotas/None			Traje De Recuperación Pelukoa Gris Para Perros Y Gatos Después De Cirugía - Venta Internacional.
SIN SUB	p526622	Mascotas/None			Traje De Recuperación Pelukoa Gris Para Perros Y Gatos Después De Cirugía - Venta Internacional.
SIN SUB	p526623	Mascotas/None			Traje De Recuperación Pelukoa Gris Para Perros Y Gatos Postoperatorio Con Protección Abdominal - Ven
SIN SUB	p526624	Mascotas/None			Traje De Recuperación Posquirúrgica Due Felice Para Perros - Venta Internacional.
SIN SUB	p526625	Mascotas/None			Traje De Recuperación Postoperatoria Due Felice Para Perros Talla Pequeño-mediana - Venta Internacio
SIN SUB	p526626	Mascotas/None			Traje De Recuperación Postoperatoria Lamiaraga Para Gatos Y Perros Talla Mediana 4 Piezas - Venta In
SIN SUB	p526627	Mascotas/None			Traje De Recuperación Postquirúrgica Nanaki Rojo Para Perro Con Protección Integral Y Tejido De - Ve
SIN SUB	p526628	Mascotas/None			Traje De Recuperación Uadonile Azul Tie-dye Para Perro Talla Mediana - Venta Internacional.
SIN SUB	p526631	Mascotas/None			Traje Formal Navideño Fuamey De Esmoquin Para Perro Con Pajarita L - Venta Internacional.
SIN SUB	p526632	Mascotas/None			Traje Posquirúrgico Opaw Para Perros Y Gatos Verde Marino Talla 2xl Con Ajuste Cómodo Y Transpirable
SIN SUB	p526745	Mascotas/None			Tratamiento Antiprurito Puainta Addcool Plus Para Perros Pequeños - Venta Internacional.
SIN SUB	p526746	Mascotas/None			Tratamiento Antipulgas Capstar Oral Para Perros Medianos Y Grandes 11 4 Mg - Venta Internacional.
SIN SUB	p526747	Mascotas/None			Tratamiento Antipulgas Masticable Advantus Para Perros Grandes De 23 A 50 Kg, 30 Unidades - Venta In
SIN SUB	p526748	Mascotas/None			Tratamiento Antipulgas Para Gatos Woyamay 200 Chewables Natural - Venta Internacional.
SIN SUB	p526749	Mascotas/None			Tratamiento Antipulgas Tevrapet Actispot Ii Para Gatos De 2 3 A 4 1 Kg 6 Dosis - Venta Internacional
SIN SUB	p526750	Mascotas/None			Tratamiento Antipulgas Tevrapet Actispot Ii Para Gatos Grandes De Más De 4 Kg - Venta Internacional.
SIN SUB	p526751	Mascotas/None			Tratamiento Antipulgas Y Garrapatas Para Gatos Petarmor 1 5 Libras 3 Meses - Venta Internacional.
SIN SUB	p526752	Mascotas/None			Tratamiento Antipulgas Y Garrapatas Para Perros Petarmor Plus Xl 12 Dosis - Venta Internacional.
SIN SUB	p526753	Mascotas/None			Tratamiento Contra Ácaros Adams Para Perros Y Gatos, 15 Ml - Venta Internacional.
SIN SUB	p526755	Mascotas/None			Tratamiento Oral Antipulgas Petarmor Capaction Para Perros De 25 A 90 Kg 6 Dosis - Venta Internacion
SIN SUB	p526756	Mascotas/None			Tratamiento Oral Contra Pulgas Capstar Para Perros De 2 A 25 Libras 12 Dosis - Venta Internacional.
SIN SUB	p526758	Mascotas/None			Tratamiento Para Perros Trioak Impermeable 6 Dosis Para Perros Medianos - Venta Internacional.
SIN SUB	p526759	Mascotas/None			Tratamiento Para Pulgas Y Garrapatas Petarmor Para Perros Extragrandes - Venta Internacional.
SIN SUB	p526760	Mascotas/None			Tratamiento Para Pulgas Y Garrapatas Petarmor Para Perros Medianos De 10 A 20 Kg - Venta Internacion
SIN SUB	p526761	Mascotas/None			Tratamiento Para Pulgas Y Garrapatas Petarmor Para Perros Pequeños De 2 A 10 Kg - Venta Internaciona
SIN SUB	p526762	Otros/Varios			Tratamiento Repelente De Insectos Sawyer Products Sp624 Permethrin - Venta Internacional.
SIN SUB	p526763	Mascotas/None			Tratamiento Tópico Contra Pulgas Y Garrapatas Para Perros Medianos Amazon Basics - Venta Internacion
SIN SUB	p526764	Mascotas/None			Tratamiento Y Prevención De Pulgas Advantage Ii Para Gatos Grandes De 9 Libras O Más - Venta Interna
SIN SUB	p526765	Mascotas/None			Tratamiento Y Prevención De Pulgas Advantage Ii Para Gatos Pequeños 2 3 A 4 1 Kg - Venta Internacion
SIN SUB	p526766	Mascotas/None			Tratamiento Y Prevención De Pulgas Advantage Ii Para Gatos Pequeños De 2 Kg A 4 Kg - Venta Internaci
SIN SUB	p526767	Mascotas/None			Tratamiento Y Prevención De Pulgas Advantage Ii Para Perros Medianos - Venta Internacional.
SIN SUB	p526768	Mascotas/None			Tratamiento Y Prevención De Pulgas Advantage Ii Para Perros Medianos - Venta Internacional.
SIN SUB	p526769	Mascotas/None			Tratamiento Y Prevención De Pulgas Advantage Ii Para Perros Pequeños De 3 A 10 Libras - Venta Intern
SIN SUB	p526770	Mascotas/None			Tratamiento Y Prevención De Pulgas Para Gatos Cheristin 6 Unidades - Venta Internacional.
SIN SUB	p526771	Mascotas/None			Tratamientos Dentales Para Gatos Purina Dentalife Savory Salmon 560 Ml - Venta Internacional.
SIN SUB	p526772	Mascotas/None			Tratamientos Dentales Para Gatos Purina Dentalife Tasty Chicken 550 Ml - Venta Internacional.
SIN SUB	p526773	Mascotas/None			Tratamientos Para Gatos Greenies Smartbites Para La Salud De La Piel Y El Pelaje 473 Ml - Venta Inte
SIN SUB	p526774	Mascotas/None			Treat Ball Starmark Everlasting Large Para Perros Con 1 Golosina - Venta Internacional.
SIN SUB	p526779	Mascotas/None			Treats Mayde Bonito Flakes Para Perros Y Gatos 120 Ml Totalmente Naturales - Venta Internacional.
SIN SUB	p526780	Mascotas/None			Tronco Para Gatos Gretmix Árbol 3 Vías Plegable Con Túneles Y Hojas - Venta Internacional.
SIN SUB	p526782	Mascotas/None			Troqueles Delorigin De Acero Al Carbono Con Diseño De Perro Corgi 2 Piezas - Venta Internacional.
SIN SUB	p526800	Mascotas/None			Valla Inalámbrica Para Mascotas Petsafe Stay & Play Con Batería Reemplazable - Venta Internacional.
SIN SUB	p526821	Mascotas/None			Venta Internacional- Calmante para Gato en Spray Feliway
SIN SUB	p526823	Mascotas/None			Ventosa De Baño Hlogree Uso Rudo Para Perros Grandes Negro - Venta Internacional.
SIN SUB	p526877	Mascotas/None			Vestidos Sanwuta Con Lazo Floral Para Cachorro Talla L 8 Piezas - Venta Internacional.
SIN SUB	p526881	Mascotas/None			Wet Mix-in Para Perros Greenies Smart Topper Con Alto Contenido De Proteínas, 60 G - Venta Internaci
SIN SUB	p526914	Autos, bicicletas y motos/None			Adhesivo De Vinilo Generic Envejecido Premium Para Vasos Vehículos Laptops 23 Cm - Venta Internacion
SIN SUB	p527394	Cámaras y fotografía/None			Cámara de Llanta para Moto 2.50/2.75-17 Vento
SIN SUB	p527395	Cámaras y fotografía/None			Cámara Neumática para Motocicleta Vento
SIN SUB	p527396	Cámaras y fotografía/None			Cámara Neumática para Motocicleta Vento
SIN SUB	p527397	Cámaras y fotografía/None			Cámara Neumática para Motocicleta Vento
SIN SUB	p527505	Mascotas/None			Casco Certificado Con Bluetooth Oreja De Gato Talla M/g Eo Safe Imports Esi-19999 Negro
SIN SUB	p528684	Autos, bicicletas y motos/None			Guantes Aptos Para Pantalla Táctil Belug Motociclista Mosquetón L Negro
SIN SUB	p528685	Autos, bicicletas y motos/None			Guantes Aptos Para Pantalla Táctil Belug Motociclista Mosquetón M Negro
SIN SUB	p528687	Autos, bicicletas y motos/None			Guantes Con Proteccion Belug Motociclista/guantes Tacticos Militar Azul
SIN SUB	p528688	Autos, bicicletas y motos/None			Guantes con Protección para Motociclista Eo Safe Imports Negro
SIN SUB	p528689	Autos, bicicletas y motos/None			Guantes Con Proteccionbelug Motociclista Anti Derrape Táctil Negro Xl
SIN SUB	p528714	Autos, bicicletas y motos/None			Guantes De Motociclista Benotto Bmd Talla L Color Blanco Blanco
SIN SUB	p528715	Autos, bicicletas y motos/None			Guantes de Motociclista Benotto MS Blancos Talla XL
SIN SUB	p528716	Autos, bicicletas y motos/None			Guantes de Motociclista Negro Xl
SIN SUB	p528742	Autos, bicicletas y motos/None			Guantes Motociclista Benotto Piel/Textil Completo BMD Negro/Rojo
SIN SUB	p528743	Autos, bicicletas y motos/None			Guantes Motociclista Benotto Piel/Textil Completo BMD Negro/Rojo
SIN SUB	p528744	Autos, bicicletas y motos/None			Guantes Motociclista Eo Safe Imports ESI-8989 Negro Touch Screen Limpiamica Talla EG
SIN SUB	p528745	Autos, bicicletas y motos/None			Guantes Motociclista Touch Screen talla M Eo Safe Imports Esi-8988 Negro
SIN SUB	p528790	Autos, bicicletas y motos/None			Guantes Para Motociclista Antideslizante Con Sensores Táctiles Talla L Negro Con Verde Bluelander
SIN SUB	p528791	Autos, bicicletas y motos/None			Guantes Para Motociclista Antideslizante Con Sensores Táctiles Talla M Negro Con Rojo Bluelander
SIN SUB	p528792	Autos, bicicletas y motos/None			Guantes para Motociclista Benotto Textil Completo MS-2017-01 BMD Negro/Blanco
SIN SUB	p528793	Autos, bicicletas y motos/None			Guantes para Motociclista Benotto Textil Completo MS-2017-01 BMD Negro/Blanco
SIN SUB	p528794	Autos, bicicletas y motos/None			Guantes para Motociclista Benotto Textil Completo MS-2017-01 BMD Negro/Blanco
SIN SUB	p528795	Autos, bicicletas y motos/None			Guantes para Motociclista Benotto Textil Completo MS-2018-03 BMD Amarillos
SIN SUB	p528796	Autos, bicicletas y motos/None			Guantes para Motociclista BLUELANDER Guanteslg color Negro Antideslizante Cómodos para Hombre y Muje
SIN SUB	p528797	Autos, bicicletas y motos/None			Guantes para Motociclista BLUELANDER guantesmg color Negro Antideslizante Cómodos para Hombre y Muje
SIN SUB	p528798	Autos, bicicletas y motos/None			Guantes para Motociclista BLUELANDER Guantesxlg color Negro Antideslizante Cómodos para Hombre y Muj
SIN SUB	p528799	Autos, bicicletas y motos/None			Guantes para Motociclista Brumm BM-GT101 Extragrandes
SIN SUB	p528800	Autos, bicicletas y motos/None			Guantes para Motociclista Brumm BM-GT101 Extragrandes
SIN SUB	p528801	Autos, bicicletas y motos/None			Guantes para Motociclista Brumm BM-GT101 Grandes
SIN SUB	p528802	Autos, bicicletas y motos/None			Guantes para Motociclista Brumm BM-GT101 Medianos
SIN SUB	p528803	Autos, bicicletas y motos/None			Guantes para Motociclista Brumm BM-GT201 Extragrande
SIN SUB	p528804	Autos, bicicletas y motos/None			Guantes para Motociclista Brumm Chicos
SIN SUB	p528805	Autos, bicicletas y motos/None			Guantes para Motociclista Brumm Grandes
SIN SUB	p528806	Autos, bicicletas y motos/None			Guantes para Motociclista Brumm Grandes
SIN SUB	p528807	Autos, bicicletas y motos/None			Guantes para Motociclista Brumm Grandes
SIN SUB	p528808	Autos, bicicletas y motos/None			Guantes para Motociclista Brumm Medianos
SIN SUB	p528809	Autos, bicicletas y motos/None			Guantes para Motociclista Brumm Medianos
SIN SUB	p528810	Autos, bicicletas y motos/None			Guantes Para Motociclista Color Rojo Antideslizante Cómodos Para Hombre Y Mujer Talla Xl
SIN SUB	p528811	Autos, bicicletas y motos/None			Guantes para Motociclista Eo Safe Imports Esi-10085 Negro Aptos para Pantalla Táctil Talla L
SIN SUB	p528812	Autos, bicicletas y motos/None			Guantes para Motociclista Eo Safe Imports ESI-3163 color Negro Talla M/G
SIN SUB	p528813	Autos, bicicletas y motos/None			Guantes para Motociclista Eo Safe Imports ESI-3164 color Negro
SIN SUB	p528814	Autos, bicicletas y motos/None			Guantes para Motociclista Eo Safe Imports ESI-3997 color Negro Talla L - XL
SIN SUB	p528815	Autos, bicicletas y motos/None			Guantes para Motociclista Eo Safe Imports Talla G
SIN SUB	p528816	Autos, bicicletas y motos/None			Guantes para Motociclista Eo Safe Imports Talla L
SIN SUB	p528817	Autos, bicicletas y motos/None			Guantes para Motociclista Eo Safe Imports Talla L
SIN SUB	p528818	Autos, bicicletas y motos/None			Guantes para Motociclista Eo Safe Imports Talla L
SIN SUB	p528819	Autos, bicicletas y motos/None			Guantes para Motociclista Eo Safe Imports Talla L
SIN SUB	p528820	Autos, bicicletas y motos/None			Guantes para Motociclista Eo Safe Imports Talla M
SIN SUB	p528821	Autos, bicicletas y motos/None			Guantes para Motociclista Eo Safe Imports Talla M
SIN SUB	p528822	Autos, bicicletas y motos/None			Guantes para Motociclista Eo Safe Imports Talla M
SIN SUB	p528823	Autos, bicicletas y motos/None			Guantes para Motociclista Eo Safe Imports Talla M
SIN SUB	p528824	Autos, bicicletas y motos/None			Guantes para Motociclista Eo Safe Imports Talla XL
SIN SUB	p528825	Autos, bicicletas y motos/None			Guantes para Motociclista Eo Safe Imports Talla Xl
SIN SUB	p528826	Autos, bicicletas y motos/None			Guantes para Motociclista Eo Safe Imports Talla Xl
SIN SUB	p528827	Autos, bicicletas y motos/None			Guantes para Motociclista Eo Safe Imports Talla Xl
SIN SUB	p528828	Autos, bicicletas y motos/None			Guantes para Motociclista Fox Racing Dirtpaw Grandes
SIN SUB	p528829	Autos, bicicletas y motos/None			Guantes para Motociclista Fox Racing Dirtpaw Medianos
SIN SUB	p528830	Autos, bicicletas y motos/None			Guantes para Motociclista Fox Racing Dirtpaw Medianos
SIN SUB	p528831	Autos, bicicletas y motos/None			Guantes para Motociclista O'Neal Element E032 Extragrande
SIN SUB	p528832	Autos, bicicletas y motos/None			Guantes para Motociclista O'Neal Element E032 Extragrande
SIN SUB	p528833	Autos, bicicletas y motos/None			Guantes para Motociclista O'Neal Element E032 Grande
SIN SUB	p528834	Autos, bicicletas y motos/None			Guantes para Motociclista O'Neal Element E032 Grandes
SIN SUB	p528835	Autos, bicicletas y motos/None			Guantes Para Motociclista Protección Táctiles Talla: L Eo Safe Imports Esi-25497 Negro
SIN SUB	p528836	Autos, bicicletas y motos/None			Guantes Para Motociclista Protección Táctiles Talla: M Eo Safe Imports Esi-25496 Morado
SIN SUB	p528837	Autos, bicicletas y motos/None			Guantes Para Motociclista Protección Táctiles Talla: M Eo Safe Imports Esi-25499 Verde
SIN SUB	p528838	Autos, bicicletas y motos/None			Guantes Para Motociclista Protección Táctiles Talla: S Eo Safe Imports Esi-25494 Rosa
SIN SUB	p528839	Autos, bicicletas y motos/None			Guantes Para Motociclista Protección Táctiles Talla: S Eo Safe Imports Esi-25495 Morado
SIN SUB	p528840	Autos, bicicletas y motos/None			Guantes Para Motociclista Protección Táctiles Talla: Xl Deo Safe Imports Esi-25498 Negro
SIN SUB	p528841	Autos, bicicletas y motos/None			Guantes para Motociclista Ride Extragrandes
SIN SUB	p528842	Autos, bicicletas y motos/None			Guantes para Motociclista Ride Extragrandes
SIN SUB	p528843	Autos, bicicletas y motos/None			Guantes para Motociclista Ride Extragrandes
SIN SUB	p528844	Autos, bicicletas y motos/None			Guantes para Motociclista Ride Grandes
SIN SUB	p528845	Autos, bicicletas y motos/None			Guantes para Motociclista Ride Grandes
SIN SUB	p528846	Autos, bicicletas y motos/None			Guantes para Motociclista Roda color Negro Medio Dedo
SIN SUB	p528847	Autos, bicicletas y motos/None			Guantes para Motociclista Roda color Negro Medio Dedo
SIN SUB	p528848	Autos, bicicletas y motos/None			Guantes para Motociclista Roda Sport Set Rojo
SIN SUB	p528849	Autos, bicicletas y motos/None			Guantes Para Motociclista Talla: L Eo Safe Imports Esi-25500 Negro
SIN SUB	p528850	Autos, bicicletas y motos/None			Guantes Para Motociclista Talla: Xl Eo Safe Imports Esi-25501 Negro
SIN SUB	p528851	Autos, bicicletas y motos/None			Guantes para Motociclista Térmicos Negros Talla L
SIN SUB	p528852	Autos, bicicletas y motos/None			Guantes para Motociclista Xl
SIN SUB	p528873	Autos, bicicletas y motos/None			Guantes Proteccion Pantalla Táctil De Dedo Para Motocicletatalla G Eo Safe Imports Esi-13782 Multico
SIN SUB	p528874	Autos, bicicletas y motos/None			Guantes Proteccion Pantalla Táctil De Dedo Para Motocicletatalla Xl Eo Safe Imports Esi-13783 Multic
SIN SUB	p528875	Autos, bicicletas y motos/None			Guantes Proteccion Pantalla Táctil De Dedo Para Motocicletatalla Xxl Eo Safe Imports Esi-13784 Multi
SIN SUB	p528891	Autos, bicicletas y motos/None			Guantes Roda color Naranja para Motociclista
SIN SUB	p528892	Autos, bicicletas y motos/None			Guantes Roda color Negro para Motociclista
SIN SUB	p528893	Autos, bicicletas y motos/None			Guantes Roda color Negro para Motociclista
SIN SUB	p528894	Autos, bicicletas y motos/None			Guantes Roda color Negro para Motociclista
SIN SUB	p528895	Autos, bicicletas y motos/None			Guantes Roda color Negro para Motociclista
SIN SUB	p528896	Autos, bicicletas y motos/None			Guantes Roda color Negro para Motociclista
SIN SUB	p528897	Autos, bicicletas y motos/None			Guantes Roda color Negro para Motociclista
SIN SUB	p528898	Autos, bicicletas y motos/None			Guantes Roda color Negro para Motociclista
SIN SUB	p528899	Autos, bicicletas y motos/None			Guantes Roda color Negro para Motociclista
SIN SUB	p528900	Autos, bicicletas y motos/None			Guantes Roda color Negro para Motociclista
SIN SUB	p528901	Autos, bicicletas y motos/None			Guantes Roda color Negro para Motociclista
SIN SUB	p528902	Autos, bicicletas y motos/None			Guantes Roda color Negro para Motociclista
SIN SUB	p528907	Autos, bicicletas y motos/None			Guantes Tact Motociclista Kov Delta Touch Screen
SIN SUB	p528908	Autos, bicicletas y motos/None			Guantes Tact Motociclista Negro Talla Xl
SIN SUB	p528909	Autos, bicicletas y motos/None			Guantes Tact Motociclista Negro Talla Xl
SIN SUB	p529194	Autos, bicicletas y motos/None			Manubrio Deportivo Para Motocross Y Motocicletas Universal Eo Safe Imports Esi-20916 Rojo
SIN SUB	p529388	Mascotas/None			Orejas De Gato Para Casco De Moto Rojas Con Luz Kinlley
SIN SUB	p529739	Autos, bicicletas y motos/None			Rodillera para Motociclista Negra Rígida
SIN SUB	p529742	Autos, bicicletas y motos/None			Rodilleras Coderas Lab.g 2 En 1 Para Motociclista Protección 4p Negro
SIN SUB	p529743	Autos, bicicletas y motos/None			Rodilleras Coderas Motociclista Protección Metalica 4 Pzas Lab.g Negro
SIN SUB	p529748	Autos, bicicletas y motos/None			Rodilleras Para Motociclista Punto Extremo SR-9002 Unitalla
SIN SUB	p529753	Autos, bicicletas y motos/None			Rodilleras y Coderas Belug color Negro para Motociclista
SIN SUB	p529821	Autos, bicicletas y motos/None			Slider Dm Para Motocicletas Eo Safe Imports Esi-10225 Negro
SIN SUB	p529822	Autos, bicicletas y motos/None			Slider Dm Para Motocicletas Lab.g Italika Dm-150 Dm-200 Y Dm-250.negro
SIN SUB	p529880	Mascotas/None			Sticker Generic De Vinilo Duradero Con Diseño De Perro Globo Talla 5 Pulgadas - Venta Internacional.
SIN SUB	p529998	Mascotas/None			Armazón Ellen Tracy Busan Ojo De Gato Negro Para Dama
SIN SUB	p529999	Mascotas/None			Armazón Ellen Tracy Porto Ojo De Gato Negro Para Dama
SIN SUB	p530000	Mascotas/None			Armazón Ellen Tracy Porto Ojo De Gato Púrpura Para Dama
SIN SUB	p530001	Mascotas/None			Armazón Ellen Tracy Porto Ojo De Gato Vino Para Dama
SIN SUB	p530002	Mascotas/None			Armazón Ellen Tracy Quebec Ojo De Gato Azul Marino Para Dama
SIN SUB	p530003	Mascotas/None			Armazón Ellen Tracy Quebec Ojo De Gato Vino Para Dama
SIN SUB	p530004	Mascotas/None			Armazón Jessica Mcclintock 4049 Ojo De Gato Azul Para Dama
SIN SUB	p530005	Mascotas/None			Armazón Jessica Mcclintock 4051 Ojo De Gato Negro Para Dama
SIN SUB	p530006	Mascotas/None			Armazón Jessica Mcclintock 4052 Ojo De Gato Ciruela Dama
SIN SUB	p530031	Televisores/None			Kit Combinado De Limpieza De Pantalla Zeiss Para Ordenadores Teléfonos Y Televisores - Venta Interna
SIN SUB	p530062	Mascotas/None			Accesorio de Gatito Mxkea-001 High Monaco 1 Pieza Azul
SIN SUB	p530075	Mascotas/None			Accesorios de Cadenas de Gatos Mxkea-002 High Monaco 2 Piezas Azul
SIN SUB	p530085	Joyería y bisutería/None			Alambre De Cobre De Bisutería 0.3mm/100m Eo Safe Imports Esi-17130 Plata
SIN SUB	p530869	Mascotas/None			Anteojos De Sol Betsey Johnson Serpentina Ojo De Gato 56mm Azul Claro - Venta Internacional.
SIN SUB	p530870	Mascotas/None			Anteojos De Sol Polarizados Sojos De Ojo De Gato Trendy Y Lindo Para Mujer Sj2237 - Venta Internacio
SIN SUB	p530871	Mascotas/None			Anteojos De Sol Sojos Cuadrados De Ojo De Gato Polarizados Para Mujer Sj2235 - Venta Internacional.
SIN SUB	p530872	Mascotas/None			Anteojos De Sol Sojos Grandes De Ojo De Gato Sobredimensionados Sj2231 Para Mujer - Venta Internacio
SIN SUB	p530873	Mascotas/None			Anteojos De Sol Sojos Retro Ojo De Gato Sj2199 Polarizados Uv400 Marrón - Venta Internacional.
SIN SUB	p530874	Mascotas/None			Anteojos De Sol Sojos Retro Vintage De Ojo De Gato Sj2044 Para Mujeres - Venta Internacional.
SIN SUB	p530875	Mascotas/None			Anteojos De Sol Vintage Retro Fozono Ojo De Gato Uv400 Fzn7514 Para Mujer - Venta Internacional.
SIN SUB	p530920	Joyería y bisutería/None			Árbol De Navidad Joyería Ventdepot Mxxta-005 5 Piezas Plata S925 Chapa Multicolor
SIN SUB	p531361	Mascotas/None			Armazones Ópticos Gucci Ojo De Gato Blanco Transparente Para Mujeres - Venta Internacional.
SIN SUB	p531429	Joyería y bisutería/None			Bisutería Religiosaventdepot Mxnom-003 3 Piezas Oro
SIN SUB	p531432	Joyería y bisutería/None			Bolsa para Joyería Joyapak Azul
SIN SUB	p531433	Joyería y bisutería/None			Bolsas de Joyería High Monaco Mxjwt-003 6 Piezas
SIN SUB	p531434	Joyería y bisutería/None			Bolsas de Joyería High Monaco Mxnjk-003 3 Piezas Negras
SIN SUB	p531436	Joyería y bisutería/None			Bolsas de Terciopelo para Joyería Ventdepot Mxmvb-003 3 piezas Negras
SIN SUB	p531437	Joyería y bisutería/None			Bolsas para Bisutería Ventdepot Mxmvb-009 25 Pieza Negras
SIN SUB	p531440	Mascotas/None			Bonitas Cadenas De Gatos High Monaco Mxgkn-001 1 Pieza Plata
SIN SUB	p531505	Mascotas/None			Cadena con Dije de Felino Mxkae-001 High Monaco Negro
SIN SUB	p531516	Mascotas/None			Cadena con Dijes de Gatos Mxkgn-003 High Monaco 3 Piezas
SIN SUB	p531521	Mascotas/None			Cadena Elegantes De Mascotas High Monaco Mxoek-001 1 Pieza Dorado
SIN SUB	p531549	Mascotas/None			Cadena Y Dije De Mascotas High Monaco Mxoek-004 4 Piezas Dorado
SIN SUB	p531556	Mascotas/None			Cadenas Bonitas De Gatos High Monaco Mxgkn-004 4 Piezas Plata
SIN SUB	p531563	Mascotas/None			Cadenas con Dije de Felinos Mxkae-002 High Monaco 2 Piezas Negro
SIN SUB	p531564	Mascotas/None			Cadenas con Dije de Gato Mxekz-005 High Monaco 5 Piezas Plateado y Negro
SIN SUB	p531585	Mascotas/None			Cadenas Con Dijes De Gatos High Monaco Mxbgh-002 2 Piezas Plata
SIN SUB	p531586	Mascotas/None			Cadenas con Dijes de Gatos Mxeak-002 High Monaco 2 Piezas Plateado y Negro
SIN SUB	p531588	Mascotas/None			Cadenas de Acero Inoxidable Gatos Mxeak-005 High Monaco 5 Piezas Plateado y Negro
SIN SUB	p531589	Mascotas/None			Cadenas de Acero Inoxidable Gatos Mxkgn-005 High Monaco 5 Piezas
SIN SUB	p531593	Mascotas/None			Cadenas De Gatitos High Monaco Mxbgh-005 5 Piezas Plata
SIN SUB	p531594	Mascotas/None			Cadenas De Gatos High Monaco Mxbgh-001 1 Pieza Plata
SIN SUB	p531595	Mascotas/None			Cadenas De Gatos High Monaco Mxkgn-001 1 Pieza Plata
SIN SUB	p531596	Mascotas/None			Cadenas De Gatos Y Circoniahigh Monaco Mxeki-003 3 Piezas Plata
SIN SUB	p531599	Mascotas/None			Cadenas Hermosas De Gatos High Monaco Mxgkn-003 3 Piezas Plata
SIN SUB	p531611	Mascotas/None			Cadenas Y Dijes De Felinos Mxkae-003 High Monaco 3 Piezas Negro
SIN SUB	p531636	Joyería y bisutería/None			Caja Bisutería Morada Ventdepot Mxpuv-001 1pieza Morado
SIN SUB	p531637	Joyería y bisutería/None			Caja Blanca Joyería Ventdepot Mxgwf-001 1pieza Blanco
SIN SUB	p531638	Joyería y bisutería/None			Caja Blanca Para Joyería Ventdepot Mxmwi-001 1pieza Blanco
SIN SUB	p531643	Joyería y bisutería/None			Caja De Joyería Medwhite Ventdepot Mxmwi-002 2piezas Blanco
SIN SUB	p531644	Joyería y bisutería/None			Caja De Joyería Miniblack Ventdepot Mxmbk-002 2piezas Negro
SIN SUB	p531645	Joyería y bisutería/None			Caja De Madera We Games Caja De Joyería De Estilo Vintage Del Viejo Mundo - Venta Internacional.
SIN SUB	p531650	Joyería y bisutería/None			Caja Duradera Para Joyería Ventdepot Mxglq-005 5piezas Blanco
SIN SUB	p531652	Joyería y bisutería/None			Caja Exhibición Joyería Ventdepot Mxexj-001 1pieza Negro
SIN SUB	p531654	Joyería y bisutería/None			Caja Exhibidora Joyería Ventdepot Mxexg-001 1pieza Negro
SIN SUB	p531656	Joyería y bisutería/None			Caja Joyería Cartón Elegante Ventdepot Mxvcn-002 2piezas Cian
SIN SUB	p531657	Joyería y bisutería/None			Caja Joyería Elegante Ventdepot Mxexy-001 1pieza Naranja
SIN SUB	p531658	Joyería y bisutería/None			Caja Joyería Flotante Ventdepot Mxexv-002 2piezas Naranja
SIN SUB	p531660	Joyería y bisutería/None			Caja Joyería Negra Mate Ventdepot Mxexq-003 3piezas Negro
SIN SUB	p531661	Joyería y bisutería/None			Caja Joyería Negra Ventdepot Mxexj-003 3piezas Negro
SIN SUB	p531663	Joyería y bisutería/None			Caja Marco Joyería Ventdepot Mxexq-005 5piezas Negro
SIN SUB	p531665	Joyería y bisutería/None			Caja Negra Para Joyería Ventdepot Mxgbd-002 2piezas Negro
SIN SUB	p531666	Joyería y bisutería/None			Caja Negra Para Joyería Ventdepot Mxmbq-002 2piezas Negro
SIN SUB	p531687	Joyería y bisutería/None			Caja Para Joyería Glamblack3 Ventdepot Mxglj-001 1pieza Negro
SIN SUB	p531688	Joyería y bisutería/None			Caja Para Joyería Glamblack4 Ventdepot Mxgbd-001 1pieza Negro
SIN SUB	p531689	Joyería y bisutería/None			Caja Para Joyería Ventdepot Mxewa-005 5 Piezas Blanco
SIN SUB	p531705	Joyería y bisutería/None			Caja Resistente Para Joyería Ventdepot Mxglq-003 3piezas Blanco
SIN SUB	p531706	Joyería y bisutería/None			Caja Reutilizable Para Joyería Ventdepot Mxglq-004 4piezas Blanco
SIN SUB	p531742	Baterías portátiles/None			Cargador Inalámbrico Portátil Huoto Para Apple Watch Series 1-10 - Venta Internacional.
SIN SUB	p531789	Mascotas/None			Charm Calabaza Gato Metálico Plata Ventdepot Mxcpy-001 1 Pieza Plata S925 Chapa Multicolor
SIN SUB	p531843	Mascotas/None			Charm Colgante Gato Coronado Ventdepot Mxxkx-003 3 Piezas Plata S925 Chapa Multicolor
SIN SUB	p531904	Mascotas/None			Charm Gato Calabaza Esmaltado Joya Ventdepot Mxcpy-003 3 Piezas Plata S925 Chapa Multicolor
SIN SUB	p531905	Mascotas/None			Charm Gato Rey Navidad S925 Lujo Ventdepot Mxxkx-001 1 Pieza Plata S925 Chapa Multicolor
SIN SUB	p531927	Mascotas/None			Charm Metálico Gato Calabaza Cute Ventdepot Mxcpy-005 5 Piezas Plata S925 Chapa Multicolor
SIN SUB	p531999	Mascotas/None			Charm Para Pulsera Dije De Corazón Y Huellas De Perro Luckyly Modelo Dora Oro Rosa
SIN SUB	p532000	Mascotas/None			Charm Para Pulsera Dije De Corazón Y Huellas De Perro Luckyly Modelo Dora Plata
SIN SUB	p532015	Mascotas/None			Charm Para Pulsera Dije De Perro Luckyly Modelo Doggy Oro Rosa
SIN SUB	p532016	Mascotas/None			Charm Para Pulsera Dije De Perro Luckyly Modelo Doggy Plata
SIN SUB	p532135	Mascotas/None			Colgantes con Dije de Mascotas High Mónaco Mxoke-004 4 Piezas Plata y Naranja
SIN SUB	p532141	Mascotas/None			Colgantes Para Vitrales Diseño De Gato Atigrado Gris Lcensp - Venta Internacional.
SIN SUB	p532764	Mascotas/None			Collares con Colgantes de Gatos Mxekz-002 High Monaco 2 Piezas
SIN SUB	p532765	Mascotas/None			Collares con Detalles de Felinos Mxzke-002 High Monaco 2 Piezas Negro
SIN SUB	p532769	Mascotas/None			Collares con Dije de Gato Mxzke-004 High Monaco 4 Piezas Negro
SIN SUB	p532777	Mascotas/None			Collares con Dijes de Gato Mxeak-004 High Monaco 4 Piezas Plateado y Negro
SIN SUB	p532780	Mascotas/None			Collares con Gato Mxzke-005 High Monaco 5 Piezas Negro
SIN SUB	p532785	Mascotas/None			Collares de Felinos Mxkgn-004 High Monaco 4 Piezas
SIN SUB	p532788	Mascotas/None			Collares De Mascotas High Monaco Mxkog-002 2 Piezas Dorado Y Negro
SIN SUB	p532840	Joyería y bisutería/None			Conjunto de Joyería de Nudo de Bruja Celta en Plateado de Acero Inoxidable
SIN SUB	p532842	Joyería y bisutería/None			Conjunto Millenia Zirconia Swarovski De Talla Octogonal Rosa 5620548 Joyería De Lujo Para Mujer Idea
SIN SUB	p532843	Joyería y bisutería/None			Copo de Nieve Zirconia Ventdepot Mxxcw-005 5 Piezas
SIN SUB	p533202	Joyería y bisutería/None			Cronógrafo Invicta Speedway Con Esfera Azul Y Chapado En Oro - Venta Internacional.
SIN SUB	p533206	Joyería y bisutería/None			Cuentas Pakalana Artesanales Verde Claro Con Diseño Floral Realista Para Joyería Y Manualidades - Ve
SIN SUB	p533220	Mascotas/None			Dije Calabaza Naranja Gato De Plata Ventdepot Mxcpy-004 4 Piezas Plata S925 Chapa Multicolor
SIN SUB	p533283	Mascotas/None			Dije Felino Navideño Esmaltado Ventdepot Mxxkx-002 2 Piezas Plata S925 Chapa Multicolor
SIN SUB	p533287	Mascotas/None			Dije Halloween Calabaza Gato Plata Ventdepot Mxcpy-002 2 Piezas Plata S925 Chapa Multicolor
SIN SUB	p533378	Mascotas/None			Dijes de Gatos Mxeak-003 High Monaco 3 Piezas Plateado y Negro
SIN SUB	p533379	Mascotas/None			Dijes De Mascotas Con Cadena High Monaco Mxkeg-004 4 Piezas Dorado
SIN SUB	p533380	Mascotas/None			Dijes de Mascotas High Monaco Mxkeg-003 3 Piezas Dorados
SIN SUB	p533392	Mascotas/None			Dijes Y Cadenas de Gatos Mxkea-005 High Monaco 5 Piezas Azul
SIN SUB	p533400	Joyería y bisutería/None			Empaques de Bisutería Ventdepot Mxmvb-007 15 Piezas Negras
SIN SUB	p533412	Mascotas/None			Escultura Decorativa Xiaomagg Con Forma De Globo Para Perro Resina Dorada - Venta Internacional.
SIN SUB	p533414	Joyería y bisutería/None			Eslabón Doble Me Encanta De Pandora Me Recubrimiento En 14k 781699c01 Línea Pandora Me Auténtica Joy
SIN SUB	p533424	Mascotas/None			Estapiata Con Cuello De Gato Diseño De Luna Y Corbata De Moño - Venta Internacional.
SIN SUB	p533426	Joyería y bisutería/None			Estuches para Bisutería Ventdepot Mxmvb-008 20 piezas Negras de Organza
SIN SUB	p533427	Mascotas/None			Etiquetas Dobles Para Perros De La Wwe The New Day Con Cadena - Venta Internacional.
SIN SUB	p533433	Joyería y bisutería/None			Exhibidor De Joyería 3d Marco Flotante Alhajeros 12 Piezas Eo Safe Imports Esi-26281 Blanco
SIN SUB	p533434	Joyería y bisutería/None			Exhibidor De Joyería 3d Marco Flotante Alhajeros 12 Piezas Eo Safe Imports Esi-26282 Negro
SIN SUB	p533445	Joyería y bisutería/None			Exhibidor para Joyería Malubero de 3 Niveles
SIN SUB	p533446	Joyería y bisutería/None			Exhibidor para Joyería Malubero de 3 Niveles
SIN SUB	p533447	Joyería y bisutería/None			Exhibidor Para Joyería Ventdepot Mxexy-003 3piezas Naranja
SIN SUB	p533452	Joyería y bisutería/None			Exhibidor Volantín Giratorio Para Joyería 2 Niveles Eo Safe Imports Esi-26277 Negro
SIN SUB	p533593	Joyería y bisutería/None			Franela para Limpiar Joyería
SIN SUB	p533600	Mascotas/None			Gafas De Sol Andwood De Ojo De Gato Polarizadas Para Mujeres - Venta Internacional.
SIN SUB	p533601	Mascotas/None			Gafas De Sol Barbie Con Forma De Ojo De Gato Para Niña, Con Asa, Funda Rígida Plateada - Venta Inter
SIN SUB	p533602	Mascotas/None			Gafas De Sol Betsey Johnson Serpentine Ojo De Gato 56 Mm Para Mujer - Venta Internacional.
SIN SUB	p533603	Mascotas/None			Gafas De Sol Dollger Retro Ojo De Gato Para Mujer Y Hombre Uv400 - Venta Internacional.
SIN SUB	p533604	Mascotas/None			Gafas De Sol Dollger Retro Ojo De Gato Polarizadas Sobredimensionadas Con Estampado Leopardo - Venta
SIN SUB	p533605	Mascotas/None			Gafas De Sol Easyhaute Ojo De Gato Retro Para Mujer Con Protección Uv400 - Venta Internacional.
SIN SUB	p533606	Mascotas/None			Gafas De Sol Feisedy Pequeñas Ojo De Gato Vintage Cuadradas Para Mujer B2291 - Venta Internacional.
SIN SUB	p533607	Mascotas/None			Gafas De Sol Feisedy Retro Ovaladas Con Diseño Ojo De Gato Para Mujer B0257 - Venta Internacional.
SIN SUB	p533608	Mascotas/None			Gafas De Sol Feisedy Retro Ovaladas Con Ojo De Gato Para Mujer B0257 - Venta Internacional.
SIN SUB	p533609	Mascotas/None			Gafas De Sol Feisedy Vintage Ojo De Gato Cuadrado B2473 Para Mujeres - Venta Internacional.
SIN SUB	p533614	Mascotas/None			Gafas De Sol Gucci Ojo De Gato Negro Con Lente Marrón Talla Única - Venta Internacional.
SIN SUB	p533615	Mascotas/None			Gafas De Sol Maui Jim Honi Con Forma De Ojo De Gato Color Arenisca Polarizadas Pequeñas - Venta Inte
SIN SUB	p533616	Mascotas/None			Gafas De Sol Mosanana Ojo De Gato Blanco Retro Vintage De Moda Años 90 - Venta Internacional.
SIN SUB	p533617	Mascotas/None			Gafas De Sol Mosanana Ojo De Gato Negro Naranja Para Mujer Ms51801 - Venta Internacional.
SIN SUB	p533618	Mascotas/None			Gafas De Sol Polarizadas Lvioe De Ojo De Gato Sobredimensionadas Para Mujer - Venta Internacional.
SIN SUB	p533619	Mascotas/None			Gafas De Sol Polarspex Polarizadas De Ojo De Gato Para Mujeres Con Protección Uv400 - Venta Internac
SIN SUB	p533620	Mascotas/None			Gafas De Sol Retro Feisedy Ovaladas De Ojo De Gato Para Mujer B0257 - Venta Internacional.
SIN SUB	p533621	Mascotas/None			Gafas De Sol Retro Ojo De Gato Polarizadas Vanlinker Vl9845 Para Mujeres - Venta Internacional.
SIN SUB	p533622	Mascotas/None			Gafas De Sol Retro Ovaladas Con Diseño De Ojo De Gato Para Mujer Con Protección Uv400 - Venta Intern
SIN SUB	p533623	Mascotas/None			Gafas De Sol Retro Ovaladas De Ojo De Gato Para Mujer Con Protección Uv400 - Venta Internacional.
SIN SUB	p533624	Mascotas/None			Gafas De Sol Retro Vintage Ojo De Gato Fozono Uv400 Fzn7514 Para Mujer - Venta Internacional.
SIN SUB	p533625	Mascotas/None			Gafas De Sol Retro Vintage Yoshya De Ojo De Gato Estrecho Para Mujer - Venta Internacional.
SIN SUB	p533626	Mascotas/None			Gafas De Sol Retro Vintage Yoshya Ojo De Gato Estrechas Para Mujer - Venta Internacional.
SIN SUB	p533627	Mascotas/None			Gafas De Sol Ridering Retro Ovaladas De Ojo De Gato Uv400 Para Mujeres Y Hombres - Venta Internacion
SIN SUB	p533628	Mascotas/None			Gafas De Sol Serpiente Ojo De Gato Moradas Betsey Johnson 56mm - Venta Internacional.
SIN SUB	p533629	Mascotas/None			Gafas De Sol Sojos De Moda Oversized Cuadradas Ojo De Gato Sj2179 Para Mujer - Venta Internacional.
SIN SUB	p533630	Mascotas/None			Gafas De Sol Sojos Estilo Ojo De Gato Sj2052 Con Protección Uv400 En Color Carey Azul - Venta Intern
SIN SUB	p533631	Mascotas/None			Gafas De Sol Sojos Grandes Oversize Ojo De Gato Sj2231 Verde/marrón - Venta Internacional.
SIN SUB	p533632	Mascotas/None			Gafas De Sol Sojos Ojo De Gato Sj1001 Para Mujer Con Lentes Espejados - Venta Internacional.
SIN SUB	p533633	Mascotas/None			Gafas De Sol Sojos Ojo De Gato Sj1001 Para Mujeres Con Lentes Espejadas - Venta Internacional.
SIN SUB	p533634	Mascotas/None			Gafas De Sol Sojos Ojo De Gato Sj2052 A La Moda Uv400 Marrón/degradado - Venta Internacional.
SIN SUB	p533636	Mascotas/None			Gafas De Sol Sojos Retro Ojo De Gato Sj2199 Polarizadas Uv400 Verde - Venta Internacional.
SIN SUB	p533637	Mascotas/None			Gafas De Sol Sojos Vintage Sj2179 Con Forma De Ojo De Gato Cuadradas De Gran Tamaño - Venta Internac
SIN SUB	p533638	Mascotas/None			Gafas De Sol Tijn Vintage Ojo De Gato Polarizadas Uv400 Para Mujer - Venta Internacional.
SIN SUB	p533639	Mascotas/None			Gafas De Sol Vanlinker Retro Ojo De Gato Polarizadas Para Mujer Vl9845 - Venta Internacional.
SIN SUB	p533640	Mascotas/None			Gafas De Sol Vivienfang Retro Polarizadas De Ojo De Gato 2025 Para Mujeres - Venta Internacional.
SIN SUB	p533641	Mascotas/None			Gafas De Sol Vivienfang Retro Polarizadas Ojo De Gato Azul Marino Vf2219d - Venta Internacional.
SIN SUB	p533642	Mascotas/None			Gafas De Sol Wowsun Pequeñas De Ojo De Gato Polarizadas Para Mujer - Venta Internacional.
SIN SUB	p533643	Mascotas/None			Gafas De Sol Wowsun Vintage Polarizadas De Ojo De Gato Para Mujeres - Venta Internacional.
SIN SUB	p533644	Mascotas/None			Gafas De Sol Yoshya Retro Vintage De Ojo De Gato Estrechas Para Mujer - Venta Internacional.
SIN SUB	p533645	Mascotas/None			Gafas De Sol Yoshya Retro Vintage De Ojo De Gato Estrecho Para Mujer - Venta Internacional.
SIN SUB	p533671	Mascotas/None			Gatos Par De Pendientes High Monaco Mxrir-004 4 Piezas Plata
SIN SUB	p533672	Mascotas/None			Hermosas Cadenas De Gatos High Monaco Mxgkn-002 2 Piezas Plata
SIN SUB	p533677	Herramientas/None			Herramienta De Envolver Pliers The Beadsmith Big Wrapper En Varios Pasos - Venta Internacional.
SIN SUB	p533678	Herramientas/None			Herramienta de Medición Invicta para Reloj-Venta Internacional
SIN SUB	p533690	Joyería y bisutería/None			Joya Corazon Zirconia Elegantventdepot Mxxko-002 2 Piezas Plata S925 Chapaplateado
SIN SUB	p533697	Joyería y bisutería/None			Joyería Alternativa Calavera Moda Mxckk-004 4piezas Plata S925 Chapa Multicolor
SIN SUB	p533710	Joyería y bisutería/None			Joyería Calavera Corazón Brillante Mxckz-005 5 Piezas Plata S925 Chapamulticolor
SIN SUB	p533711	Joyería y bisutería/None			Joyería Calavera Negra Moderna Mxclq-004 4 Piezas Plata S925 Chapamulticolor
SIN SUB	p533712	Joyería y bisutería/None			Joyería Calavera Sombrero Elegante Mxcks-004 4 Piezas Plata S925 Chapamulticolor
SIN SUB	p533713	Joyería y bisutería/None			Joyería Catolicaventdepot Mxiao-005 5 Piezas Oro
SIN SUB	p533714	Joyería y bisutería/None			Joyeria Católicaventdepot Mxoeh-002 2 Piezas Plata
SIN SUB	p533715	Joyería y bisutería/None			Joyería Catolicoventdepot Mxonm-003 3 Piezas Plata
SIN SUB	p533720	Joyería y bisutería/None			Joyería Con Diseño Gótico De Calave Ventdepot Mxcsq-005 5 Piezas Plata S925 Chapa Multicolor
SIN SUB	p533722	Mascotas/None			Joyeria Con Temática De Gatos High Monaco Mxohr-004 4 Piezas Oro
SIN SUB	p533736	Mascotas/None			Joyeria De Cadenas Y Dijes De Gatos High Monaco Mxohr-002 2 Piezas Oro
SIN SUB	p533743	Mascotas/None			Joyería de Collares de Felinos Mxzek-004 High Monaco 4 Piezas Negro
SIN SUB	p533745	Joyería y bisutería/None			Joyería De Crucifijoventdepot Mxooc-002 2 Piezas Plata
SIN SUB	p533746	Joyería y bisutería/None			Joyería De Fe Ventdepot Mxooc-005 5 Piezass Color Plateado
SIN SUB	p533747	Joyería y bisutería/None			Joyería De Feventdepot Mxooc-005 5 Piezas Plata
SIN SUB	p533748	Joyería y bisutería/None			Joyeria De Gatitos High Monaco Mxohr-005 5 Piezas Oro
SIN SUB	p533749	Mascotas/None			Joyeria De Gatos High Monaco Mxohr-001 1 Pieza Oro
SIN SUB	p533750	Mascotas/None			Joyería de Gatos Mxzek-001 High Monaco 1 Pieza
SIN SUB	p533751	Mascotas/None			Joyería de Gatos Mxzek-002 High Monaco 2 Piezas Negro
SIN SUB	p533752	Joyería y bisutería/None			Joyeria De Niñas High Monaco Mxenz-002 2 Piezas Gris
SIN SUB	p533753	Joyería y bisutería/None			Joyeria De Niñas High Monaco Mxnkr-002 2 Piezas Verde
SIN SUB	p533754	Joyería y bisutería/None			Joyeria De Niñas High Monaco Mxrrn-005 5 Piezas Gris
SIN SUB	p533755	Joyería y bisutería/None			Joyeria De Niñas High Monaco Mxuqr-005 5 Piezas Café
SIN SUB	p533758	Joyería y bisutería/None			Joyería Espiritualventdepot Mxosm-005 5 Piezas Negro
SIN SUB	p533759	Joyería y bisutería/None			Joyería Fantasma Rosa Mxghg-004 4piezas Plata S925 Chapa Multicolor
SIN SUB	p533761	Joyería y bisutería/None			Joyería High Monaco Mxzek-005 5 Piezas Negro
SIN SUB	p533762	Joyería y bisutería/None			Joyería Juliana - La Última Generación - Venta Internacional.
SIN SUB	p533764	Joyería y bisutería/None			Joyería Mexicana Con Calaveras Mxcxx-003 3piezas Plata S925 Chapa Multicolor
SIN SUB	p533767	Mascotas/None			Joyería Navideña Gato Real S925 Ventdepot Mxxkx-004 4 Piezas Plata S925 Chapa Multicolor
SIN SUB	p533768	Joyería y bisutería/None			Joyería Navideña Plata Fina Ventdepot Mxxjx-005 5 Piezas Plata S925 Chapa Multicolor
SIN SUB	p533770	Joyería y bisutería/None			Joyería Para Halloween Mxphj-005 5piezas Plata S925 Chapa Multicolor
SIN SUB	p533772	Joyería y bisutería/None			Joyería Religiosa Plataventdepot Mxvrp-002 2 Piezas Plata
SIN SUB	p533773	Joyería y bisutería/None			Joyería Religiosa Ventdepot Mxnom-001 1 Piezas Color Oro
SIN SUB	p533774	Joyería y bisutería/None			Joyería Religiosa Ventdepot Mxoms-005 5 Piezass Color Plateado
SIN SUB	p533775	Joyería y bisutería/None			Joyería Religiosaventdepot Mxnom-001 1 Pieza Oro
SIN SUB	p533776	Joyería y bisutería/None			Joyería Religiosaventdepot Mxode-004 4 Piezas Oro
SIN SUB	p533777	Joyería y bisutería/None			Joyeria Religiosaventdepot Mxoeh-001 1 Pieza Plata
SIN SUB	p533778	Joyería y bisutería/None			Joyería Religiosaventdepot Mxoms-005 5 Piezas Plata
SIN SUB	p533779	Joyería y bisutería/None			Joyeria Religiosaventdepot Mxttl-005 5 Piezas Oro
SIN SUB	p533784	Joyería y bisutería/None			Joyería Temática De Halloween Ventdepot Mxcuq-003 3 Piezas Plata S925 Chapa Multicolor
SIN SUB	p533818	Joyería y bisutería/None			Juego De Alicates Para Joyería Sokosey 5 Paquetes Para Hacer Joyas - Venta Internacional.
SIN SUB	p533819	Joyería y bisutería/None			Juego De Alicates Para Joyería Workpro De 5 Piezas Con Funda Para Hacer Joyas - Venta Internacional.
SIN SUB	p533820	Joyería y bisutería/None			Juego De Alicates Para Joyería Workpro De 7 Piezas Con Funda De Transporte, Color Azul - Venta Inter
SIN SUB	p533858	Herramientas/None			Kit Bisutería Material Para Hacer Joyería Y Herramientas Eo Safe Imports Esi-18731 Multicolor
SIN SUB	p533869	Instrumentos musicales/Baterías			Kit De Baterías Para Reloj Inteligente Suunto Core Lumi T4 T3 Y T1 - Venta Internacional.
SIN SUB	p533870	Joyería y bisutería/None			Kit De Diseño De Joyería Fashion Angels Axolotl League Con Más De 700 Cuentas - Venta Internacional.
SIN SUB	p533871	Joyería y bisutería/None			Kit De Gemas Generic Con Cristales 120 Piezas Para Joyería Dental Personalizada - Venta Internaciona
SIN SUB	p533908	Mascotas/None			Lentes De Moda Ojos De Gato
SIN SUB	p533909	Mascotas/None			Lentes De Sol Arkaid Ghost Spider Ojo De Gato Uv400 Para Niños - Venta Internacional.
SIN SUB	p533910	Mascotas/None			Lentes De Sol Carfia Acetato Blanco Y Negro Ojo De Gato Polarizados Para Mujer - Venta Internacional
SIN SUB	p533911	Mascotas/None			Lentes De Sol Carfia De Acetato Negro Ojo De Gato Polarizados Uv400 Para Mujer - Venta Internacional
SIN SUB	p533912	Mascotas/None			Lentes De Sol Colrea Estilo Ojos De Gato Modernos Cl22017 Con Protección Uv400 Para Mujer - Venta In
SIN SUB	p533913	Mascotas/None			Lentes De Sol Colrea Tendencia Ojo De Gato Cl22017 Uv400 Para Mujer - Venta Internacional.
SIN SUB	p533914	Mascotas/None			Lentes De Sol Colrea Trendy Con Diseño De Ojo De Gato Cl22017 Uv400 Para Mujer - Venta Internacional
SIN SUB	p533915	Mascotas/None			Lentes De Sol Colrea Trendy Ojo De Gato Cl22017 Uv400 Para Mujeres - Venta Internacional.
SIN SUB	p533916	Mascotas/None			Lentes De Sol De Moda Con Forma De Ojo De Gato
SIN SUB	p533920	Mascotas/None			Lentes De Sol Livho Retro Vintage De Ojo De Gato Estrecho Para Mujeres - Venta Internacional.
SIN SUB	p533921	Mascotas/None			Lentes De Sol Mosanana Estilo Ojo De Gato Para Mujer Con Montura Carey Ms51801 - Venta Internacional
SIN SUB	p533922	Mascotas/None			Lentes De Sol Mosanana Estilo Ojo De Gato Para Mujer Negro Carey Ms51801 - Venta Internacional.
SIN SUB	p533923	Mascotas/None			Lentes De Sol Mosanana Ojo De Gato Beige Para Mujer Con Protección Uv400 - Venta Internacional.
SIN SUB	p533924	Mascotas/None			Lentes De Sol Mosanana Ojo De Gato Para Mujer Negro Carey Ms51801 - Venta Internacional.
SIN SUB	p533925	Mascotas/None			Lentes De Sol Sojos De Moda Con Montura En Ojo De Gato Para Mujer - Venta Internacional.
SIN SUB	p533926	Mascotas/None			Lentes De Sol Sojos De Moda Grandes Ojo De Gato Sj2347 Para Mujer - Venta Internacional.
SIN SUB	p533927	Mascotas/None			Lentes De Sol Sojos Ojo De Gato Sj1001 Para Mujer Con Lentes Espejados - Venta Internacional.
SIN SUB	p533928	Mascotas/None			Lentes De Sol Sojos Retro Vintage De Ojo De Gato Sj2044 Para Mujeres - Venta Internacional.
SIN SUB	p533929	Mascotas/None			Lentes De Sol Sojos Tendencia Oversized De Ojo De Gato Sj2347 Para Mujer - Venta Internacional.
SIN SUB	p533930	Mascotas/None			Lentes De Sol Sojos Tendencia Oversized Estilo Ojo De Gato Sj2347 Para Mujer - Venta Internacional.
SIN SUB	p533962	Mascotas/None			Mascotas Cadenas Con Dije High Monaco Mxdnk-001 1 Pieza Plata
SIN SUB	p533963	Mascotas/None			Mascotas Cadenas Con Dije High Monaco Mxedg-005 5 Piezas Negro
SIN SUB	p533964	Mascotas/None			Mascotas Cadenas Con Dije High Monaco Mxekg-005 5 Piezas Dorado
SIN SUB	p533965	Mascotas/None			Mascotas Cadenas Con Dije High Monaco Mxeko-003 3 Piezas Dorado
SIN SUB	p533966	Mascotas/None			Mascotas Cadenas Con Dije High Monaco Mxkgo-005 5 Piezas Plata
SIN SUB	p533967	Mascotas/None			Mascotas Dije Y Collares High Monaco Mxdnk-002 2 Piezas Plata
SIN SUB	p533968	Mascotas/None			Mascotas Dije Y Collares High Monaco Mxedg-004 4 Piezas Negro
SIN SUB	p533969	Mascotas/None			Mascotas Dije Y Collares High Monaco Mxekg-004 4 Piezas Dorado
SIN SUB	p533970	Mascotas/None			Mascotas Dije Y Collares High Monaco Mxkgo-002 2 Piezas Plata
SIN SUB	p533980	Joyería y bisutería/None			Misterio Florentino Horoz Ch47 20 cm Chapa de Oro
SIN SUB	p533981	Joyería y bisutería/None			Misterio San Benito Bolitas Diamantadas 19cm Chapa De Oro 18k Ch119
SIN SUB	p533982	Joyería y bisutería/None			Misterio Vírgen De Guadalupe Bolitas Diamantadas 19cm Chapa De Oro 18k Ch120
SIN SUB	p534008	Joyería y bisutería/None			Paño Para Pulir Joyas Hagerty Para Plata De Ley Oro - Venta Internacional.
SIN SUB	p534019	Mascotas/None			Pendientes De Gancho Para Mujer Con Gato Encantador Plata Belug
SIN SUB	p534020	Mascotas/None			Pendientes De Gancho Para Mujer Con Gato Encantador Plata Lab.g
SIN SUB	p534021	Mascotas/None			Pendientes De Gatitos High Monaco Mxnrr-004 4 Piezas Blanco
SIN SUB	p534022	Mascotas/None			Pendientes De Gatos High Monaco Mxnrr-001 1 Pieza Blanco
SIN SUB	p534051	Joyería y bisutería/None			Plata Esterlina S925 Árbol Ventdepot Mxxta-003 3 Piezas Plata S925 Chapa Multicolor
SIN SUB	p534052	Joyería y bisutería/None			Plata Esterlina S925 Oso Ventdepot Mxxcb-003 3 Piezas Plata S925 Chapa Multicolor
SIN SUB	p534065	Mascotas/None			Pulsera Ajustable De Plata Con Dije De Gato
SIN SUB	p534583	Mascotas/None			Pulsera Plateada Muñeca Coraline Libelula Gato Llave Boton
SIN SUB	p534634	Otros/Varios			Pulsera Y Anillo Magnéticos De Cobre Eo Safe Imports Esi-23564 Cobre
SIN SUB	p534649	Mascotas/None			Pulseras De Gato Luna Para Mujeres Belug 21-21cm Plateado
SIN SUB	p534650	Mascotas/None			Pulseras De Gato Luna Para Mujeres Lab.g 21-21cm Plateado
SIN SUB	p534690	Joyería y bisutería/None			Rebanadas De Ágata Pulidas Con Agujeros Hicarer 16 Piezas Para Joyería - Venta Internacional.
SIN SUB	p534692	Joyería y bisutería/None			Relicario San Judas Tadeo Zvezda Chapa De Oro De 18k Y Circonias
SIN SUB	p536569	Mascotas/None			Reloj Para Niños Juboos Analógico Con Diseño De Gato Negro Talla Única - Venta Internacional.
SIN SUB	p54398	Videojuegos/Otros accesorios gamer			Placa de circuito de botones y alimentación USB-C para Xbox Elite 2 1797
SIN SUB	p54399	Videojuegos/Otros accesorios gamer			Reemplazo de palancas analógicas magnéticas cóncavas cortas para Xbox
SIN SUB	p54677	Videojuegos/Otros accesorios gamer			Mount & Blade 2: Bannerlord - Xbox Series X
SIN SUB	p55241	Videojuegos/Otros accesorios gamer			Cobertura para palanca analógica Setex negro 20 mm (bajo) / 11 mm (alto)
SIN SUB	p55295	Videojuegos/Otros accesorios gamer			Warrior of My Own – Libro autoeditado
SIN SUB	p55492	Videojuegos/Otros accesorios gamer			Amplificador de audífonos Hyperkin Siren para PS4 con cable
SIN SUB	p55806	Videojuegos/Otros accesorios gamer			Juego de Almohadillas de Botón de Goma OSTENT para Sony PSP 1000
SIN SUB	p56257	Videojuegos/Otros accesorios gamer			Kit de accesorios RTop 23 en 1 para Nintendo Switch
SIN SUB	p56274	Videojuegos/Otros accesorios gamer			Setex - Pack de 2 agarres para palanca analógica Joy‑Con negro
SIN SUB	p56280	Videojuegos/Otros accesorios gamer			Kit de Accesorios WEILE Switch 2 16‑en‑1
SIN SUB	p56316	Videojuegos/Otros accesorios gamer			Pantalla táctil A-MIND para Nintendo Switch + Kit de herramientas
SIN SUB	p56340	Videojuegos/Otros accesorios gamer			Control Remoto Armor3 Nu+ Wii/WiiU Blanco
SIN SUB	p56352	Videojuegos/Otros accesorios gamer			Amiibo Capcom Magai Magado Monster Hunter Rise
SIN SUB	p56549	Videojuegos/Otros accesorios gamer			Tarjeta generadora de emulador Amiibo Bilimily para Switch 3DS y Wii
SIN SUB	p56575	Videojuegos/Otros accesorios gamer			Motor de vibración Rumble de reemplazo para Nintendo Switch
SIN SUB	p56649	Videojuegos/Otros accesorios gamer			Kit de reemplazo de tornillos completo de 40 piezas para Nintendo Switch
SIN SUB	p56922	Videojuegos/Otros accesorios gamer			PDP Rock Candy Wired
SIN SUB	p56926	Videojuegos/Otros accesorios gamer			PowerA Enhanced Wired Pikachu Electric
SIN SUB	p56935	Videojuegos/Otros accesorios gamer			Kit PowerA Nintendo Switch Lite Hyrule
SIN SUB	p56960	Videojuegos/Otros accesorios gamer			Joy Con Neon Rojo Azul
SIN SUB	p57156	Videojuegos/Otros accesorios gamer			Cámara Hori Piraña Plant para Nintendo Switch 2 - Cámara Planta Piraña - Accesorio Gamer Oficial
SIN SUB	p57405	Videojuegos/Otros accesorios gamer			Umurangi Generation Deluxe Kit
SIN SUB	p57442	Videojuegos/Otros accesorios gamer			Swi Button Button Up!
SIN SUB	p57671	Videojuegos/Otros accesorios gamer			Kit de accesorios 2 en 1 para nintendo switch 2 atom games
SIN SUB	p57673	Videojuegos/Otros accesorios gamer			Kit de accesorios para nintendo switch 2 atom games
SIN SUB	p57700	Videojuegos/Otros accesorios gamer			Hori - Cámara USB - Nintendo Switch 2
SIN SUB	p57703	Videojuegos/Otros accesorios gamer			Cámara - Nintendo Switch 2
SIN SUB	p57711	Videojuegos/Otros accesorios gamer			Cámara Hori para Nintendo Switch 2
SIN SUB	p57982	Videojuegos/Otros accesorios gamer			Cámara Nintendo Switch 2 Negra
SIN SUB	p58739	Videojuegos/Otros accesorios gamer			Kit de reparación de discos Level Play 50 ml para CD/DVD/Blu‑ray
SIN SUB	p58741	Videojuegos/Otros accesorios gamer			Teclado TiMOVO RGB Inalámbrico para Xbox 147 × 53 × 4 cm
SIN SUB	p58923	Videojuegos/Otros accesorios gamer			Palanca Logitech G Gaming para G29/G920 Reacondicionada
SIN SUB	p58994	Videojuegos/Otros accesorios gamer			playvital Kit de Agarre para Steam Deck，Set de Almohadilla Mejora del Botón Trasero para Steam Deck,
SIN SUB	p59042	Videojuegos/Otros accesorios gamer			NintendoJoy Con Neon Rojo AzulACC SWITCH JOY CON L R NEON MX ROJO AZUL
SIN SUB	p59065	Videojuegos/Otros accesorios gamer			NintendoJoy Con Morado/NaranjaACC JOY CON L R NEON MORADO NEON NARANJA
SIN SUB	p59510	Videojuegos/Otros accesorios gamer			Kit de accesorios Bionik BNK-9083 Pro para PS5
SIN SUB	p59691	Videojuegos/Otros accesorios gamer			Reemplazo de puerto USB Tipo-C para consola PS5
SIN SUB	p59736	Videojuegos/Otros accesorios gamer			Kit de accesorios Orzly para PlayStation Portal blanco
SIN SUB	p62744	Muebles/Otros			Maxeco Ind Azul
SIN SUB	p63236	Muebles/Otros			Cochón En Caja Dormimundo Toronto King Size
SIN SUB	p63237	Muebles/Otros			Cochón Dormimundo En Caja Toronto Queen Size
SIN SUB	p66613	Muebles/Otros			Napnest Matimonial
SIN SUB	p67095	Muebles/Otros			Sala Alton 5 plazas Gris Claro
SIN SUB	p67138	Muebles/Otros			Sala Modular  Modelo Catania 2 2 E - Chocolate
SIN SUB	p67156	Muebles/Otros			Sala San Antonio 5 plazas Gris
SIN SUB	p67160	Muebles/Otros			Sala  Modelo Catania 3 2 1 - Chocolate
SIN SUB	p67896	Muebles/Otros			Sala Gris Oxford Easy Living 2,2 Kumo
SIN SUB	p67985	Muebles/Otros			Sala Esquina Easy Living Tulum Beige
SIN SUB	p68321	Muebles/Otros			Sala Modular para Exterior Teras Natural Kessa Muebles
SIN SUB	p68322	Muebles/Otros			Sala Chaise Lounge Selene Rosa Kessa Muebles
SIN SUB	p68323	Muebles/Otros			Sala Chaise Lounge Selene Azul Kessa Muebles
SIN SUB	p68324	Muebles/Otros			Sala Chaise Lounge Juvela Cafe Kessa Muebles
SIN SUB	p68325	Muebles/Otros			Sala Chaise Lounge Izquierdo Roselia Beige Kessa Muebles
SIN SUB	p68326	Muebles/Otros			Sala Chaise Lounge Izquierdo Roselia Azul Kessa Muebles
SIN SUB	p68327	Muebles/Otros			Sala Chaise Lounge Derecha Runa Azul Kessa Muebles
SIN SUB	p68328	Muebles/Otros			Sala Chaise Lounge Derecha Runa Beige Kessa Muebles
SIN SUB	p68437	Muebles/Otros			Carrito Auxiliar Estética Multiuso 4 Estantes Con Pasamanoz, Color Rosa
SIN SUB	p69193	Muebles/Otros			Ilios Innova | Mueble Organizador Multiusos Blanco Moderno con Puertas Push to Open, Diseño Futurist
SIN SUB	p70781	Muebles/Otros			Furnirturer Estantes y Buffeteras Freesia
SIN SUB	p70782	Muebles/Otros			Furnirturer Estantes y Buffeteras Ranger
SIN SUB	p70784	Muebles/Otros			Furnirturer Estantes y Buffeteras Keyon
SIN SUB	p80761	Joyería y bisutería/Otros			Moneda de Recuperación Simply Minimal 26 Años con Purpurina
SIN SUB	p80808	Joyería y bisutería/Otros			Cordón de cuentas The Beadsmith 70 m TEX210 05 mm Tropical
SIN SUB	p80849	Joyería y bisutería/Otros			Etiqueta SilenTags Transparente con Brillo Dorado
SIN SUB	p80855	Joyería y bisutería/Otros			Kit de joyería Imaginovelty 1920 piezas con cuentas de amazonita
SIN SUB	p80859	Joyería y bisutería/Otros			Kit de Perforación de Orejas Fanmayhe 43 Piezas Desechables Plateado
SIN SUB	p80872	Joyería y bisutería/Otros			Moneda de Cristal Plateada con Brillo Simply Minimal 34 mm
SIN SUB	p80882	Joyería y bisutería/Otros			Cuentas rosquilla Justinstones 30 mm mixtas (paquete de 12/24)
SIN SUB	p80887	Joyería y bisutería/Otros			Rosario HanlinCC 52 cm con Cuentas de Hematita y Caja de Regalo
SIN SUB	p80899	Joyería y bisutería/Otros			Moneda de Recuperación Simply Minimal 2 Años con Purpurina
SIN SUB	p80927	Joyería y bisutería/Otros			Set de regalo Rieltec de manta de sirena para niñas de 5‑12 años con brillo nocturno
SIN SUB	p80941	Joyería y bisutería/Otros			Conjunto de Zapatos de Princesa Mastom para Niñas
SIN SUB	p80945	Joyería y bisutería/Otros			Accesorios para Sandalias Jibbitz Crocs Unisex 100 Piezas, Multicolor
SIN SUB	p81053	Joyería y bisutería/Otros			Arrancadas Mujer Elegante Plata 925 Rosa
SIN SUB	p81125	Joyería y bisutería/Otros			Etiqueta PATYZON 10 cm × 13 cm Regalo de Vino para Jubilación – Pack de 2
SIN SUB	p81134	Joyería y bisutería/Otros			Cepillo de Joyas Shinery de Cerdas Suaves y Precisión
SIN SUB	p81142	Joyería y bisutería/Otros			Aro Gacimy chapado en oro de 14K – 20 mm
SIN SUB	p81146	Joyería y bisutería/Otros			Extensor de joyería VANBARIS 5 10 y 15 cm – Set de 3 piezas
SIN SUB	p81159	Joyería y bisutería/Otros			Porta-púas de Cuero Rústico CestAntiQ
SIN SUB	p81160	Joyería y bisutería/Otros			Libro Dutton Decadence (Serie Nia Simone Bijou)
SIN SUB	p81164	Joyería y bisutería/Otros			Cordón para Cuello POCKT Otoño
SIN SUB	p81168	Joyería y bisutería/Otros			Aro Ana Luisa Doble 14K Baño de Oro
SIN SUB	p81169	Joyería y bisutería/Otros			Kit de Anillas Abiertas para Manualidades Handyman Crafts 1000 piezas Dorado
SIN SUB	p81199	Joyería y bisutería/Otros			Kit de Estiramiento para Piercing de Oreja VCMART 14G-00G
SIN SUB	p81203	Joyería y bisutería/Otros			Set de Gemelos HAWSON 6 Piezas Negro y Plata con Caja de Regalo
SIN SUB	p81233	Joyería y bisutería/Otros			Cordón POCKT Rojo Menta Azul Floral 44.5 cm
SIN SUB	p81234	Joyería y bisutería/Otros			Rosario de Intercesión San Benito en Madera Maciza Azul
SIN SUB	p81313	Joyería y bisutería/Otros			Juego Set Nudo de Bruja Chapa de Oro 18k EH124
SIN SUB	p81339	Joyería y bisutería/Otros			Violadores Oro Amarillo 14K
SIN SUB	p81348	Joyería y bisutería/Otros			Conjunto de joyería Butterfly Love Pearl
SIN SUB	p81443	Joyería y bisutería/Otros			Protector Jewelry Shield EUROTOOL botella de 15 ml
SIN SUB	p81498	Joyería y bisutería/Otros			Misterio Vírgen de Guadalupe 21cm cobertura Plateada Chapa de Oro 18K Horoz EH618
SIN SUB	p81501	Joyería y bisutería/Otros			Misterio San Judas Tadeo 18cm Chapa de Oro florentino de 18K Horoz EH616
SIN SUB	p81502	Joyería y bisutería/Otros			Misterio Vírgen de Juquila 18cm Chapa de Oro florentino de 18K Horoz EH617
SIN SUB	p81532	Joyería y bisutería/Otros			Juego Joyería de 3 piezas para Mujer Color Plata
SIN SUB	p81649	Joyería y bisutería/Otros			Pastillero Semanal Nicole Lee Con Cierre Emotion SS26
SIN SUB	p81654	Joyería y bisutería/Otros			5pzs Joyería Cristal para Mujer Color Plateado
SIN SUB	p81871	Joyería y bisutería/Otros			Kit de gemas para dientes Loeland DIY Crystals Jewelry Set
SIN SUB	p81912	Joyería y bisutería/Otros			Alfileres para solapa con luz corporal parpadeante Dice Blinkee
SIN SUB	p81914	Joyería y bisutería/Otros			Trébol sin iluminación Beads Blinkee paquete de 12
SIN SUB	p81920	Joyería y bisutería/Otros			Caja rectangular de vidrio con bisagras Creative Gifts International
SIN SUB	p81964	Joyería y bisutería/Otros			Paquete de soluciones limpiadoras para joyas Connoisseurs Premium Ed.
SIN SUB	p81966	Joyería y bisutería/Otros			Paño de pulir CONNOISSEURS Premium Edition extra grande
SIN SUB	p81968	Joyería y bisutería/Otros			Cubiertas para pezones CAKES Body Grippy Circle Silicone Honey
SIN SUB	p82029	Joyería y bisutería/Otros			Correctores reutilizables que no se muestran: secretos de la moda de Hollywood
SIN SUB	p82078	Joyería y bisutería/Otros			Tinte para cuero Angelus Flexible para zapatos botas y bolsos 90 ml naranja
SIN SUB	p82081	Joyería y bisutería/Otros			Tinte Flexible para Cuero Angelus Amarillo 90 ml con Aplicador
SIN SUB	p82140	Otros/Varios			Estuche para Anteojos MoKo con Cierre de Presión en Cuero PU Suave 2 Piezas
SIN SUB	p82278	Joyería y bisutería/Otros			Bandeja Organizadora de Piel Sintética con Diseño de Gato - Decoración para Mesa de Centro o Entrada
SIN SUB	p82300	Joyería y bisutería/Otros			Joya de plata corazón termocrómico MXXVY-005 Heart15 Corazón en plata fina
SIN SUB	p82306	Joyería y bisutería/Otros			Joya plata fotoluminiscente MXXKR-002 Clear02 Joya plata s925 elegante
SIN SUB	p82385	Joyería y bisutería/Otros			Rosa Joya Termocrómica S925 MXXTQ-004 Rose01 Rosa Termocrómica Plata S925
SIN SUB	p82391	Joyería y bisutería/Otros			Joya rosa Termocrómico S925 MXXTQ-002 Rose01 Rosa Termocrómica Plata S925
SIN SUB	p85815	Otros/Varios			Tubo de Espectro EISCO Xenón (Xe) 26 cm
SIN SUB	p85820	Otros/Varios			Tubo de Espectro EISCO Hidrógeno (H) 26 cm
SIN SUB	p85822	Otros/Varios			Tubo de Espectro EISCO Argón (Ar) 26 cm
SIN SUB	p85824	Deportes y fitness/Otros			Flotadores iluminados Thill 13 cm color amarillo
SIN SUB	p86804	Otros/Varios			Pack 2 Lamparas Uv Trampa Mata Msquitos
SIN SUB	p86841	Otros/Varios			Exterminador de Insectos USB MXEPZ-001 ZapPurple Atrapa Mosquitos
SIN SUB	p86847	Otros/Varios			Exterminadora Antimosquitos USB MXEPZ-002 ZapPurple Atrapa Mosquitos
SIN SUB	p86848	Otros/Varios			Lamparas MXEPZ-003 ZapPurple Atrapa Mosquitos
SIN SUB	p94505	Otros/Varios			Lana Berroco Lanas Light 78136 Carbón
SIN SUB	p96027	Otros/Varios			Toallas de mano desechables Kleenex 60 hojas blancas 1 capa
SIN SUB	p96280	Otros/Varios			Batería Vital 18 Piezas Negro
SIN SUB	p96293	Otros/Varios			Kit-cilindro 30kg – con regulador y manguera 2mts
SIN SUB	p96315	Otros/Varios			T- Fal Batería Talent 9 Piezas
SIN SUB	p96323	Otros/Varios			Cilindro 9kg válvula tradicional – kit con regulador y manguera reforzada
SIN SUB	p96325	Otros/Varios			Cilindro 4kg – kit compacto multiusos + manguera 2mts
SIN SUB	p96334	Otros/Varios			Trompo Bluelander Para Tacos Al Pastor 64 x 40 x 50 cm
SIN SUB	p96335	Otros/Varios			Bascula Industrial Bluelander Digital y Plegable 110 V de 300 Kilogramos
SIN SUB	p96343	Otros/Varios			Báscula Comercial Stay Elit Recargable Hasta 40kg Negocio
SIN SUB	p96345	Otros/Varios			Báscula Digital Comercial, 40 kg / 2g Precisión, Puerto USB, BAR-8RS
SIN SUB	p96348	Otros/Varios			Tuff stuff espuma limpiador multiusos hogar
SIN SUB	p96351	Otros/Varios			Calentador de mantequilla CLEABANKE 2 piezas 142 ml cerámica
SIN SUB	p96362	Otros/Varios			Soplete Sterno Culinary de Doble Llama Recargable
SIN SUB	p96383	Otros/Varios			Cubo para Palomitas Hutzler Rojo Grande
SIN SUB	p96390	Otros/Varios			Cesto para vapor de verduras SAYFINE Plegable 23 cm‑25 cm
SIN SUB	p96391	Otros/Varios			Envase de alimentos Spare Essentials 110 unidades 22 x 15 x 4 cm
SIN SUB	p96414	Otros/Varios			Toalla HONEST WEAVE 69 cm Pack de 12 Algodón Orgánico
SIN SUB	p96418	Otros/Varios			Cazuelas Souper Cubes 13 cm Arándano – Pack de 2
SIN SUB	p96420	Otros/Varios			Toalla Infinitee Xclusives 38x64 cm Algodón Verde
SIN SUB	p96425	Otros/Varios			EcoStrong Removedor de manchas y olores para mascotas 946 ml – Santal Woods
SIN SUB	p96426	Otros/Varios			Tijeras Gidli de Acero Inoxidable con Garantía de Por Vida
SIN SUB	p96445	Otros/Varios			Juego de 4 toallas Homaxy de algodón 33 × 71 cm blanco
SIN SUB	p96460	Otros/Varios			Molino Eléctrico para Café SK-3026 200W 75 g Blanco
SIN SUB	p96462	Otros/Varios			Balanza inteligente Smart Weigh 199 kg x 56 g USB‑C
SIN SUB	p96466	Otros/Varios			Popotes Dakoufish reutilizables de 33 cm – Pack de 12 7 colores
SIN SUB	p96468	Otros/Varios			Pesas de Fermentación Country Trading Co. 69 cm (4 unidades)
SIN SUB	p96474	Otros/Varios			Delantal Serrenf Pack de 2 babero ajustable y 2 bolsillos
SIN SUB	p96488	Otros/Varios			Arrocera COOK WITH COLOR 06 L 300 W azul pizarra
SIN SUB	p96495	Otros/Varios			Bolsas para Alimentos Palksky 20 cm x 86 cm 200 piezas con Pegatinas
SIN SUB	p96496	Otros/Varios			Bolsas de Almacenamiento de Alimentos NKLEI 10 × 15 cm Holográficas Pack de 100
SIN SUB	p96497	Otros/Varios			Bolsas de basura simplehuman 200 unidades 16‑18 L blancas con cordón
SIN SUB	p96500	Otros/Varios			Limpiador de Frutas Fabenix Rotatorio con Purificador de Iones OH
SIN SUB	p96508	Otros/Varios			Caja de recetas ZICOTO 16x13x12 cm capacidad para 250 tarjetas
SIN SUB	p96523	Otros/Varios			Plancha de camping Coghlan's 42 × 25 cm antiadherente de cerámica
SIN SUB	p96526	Otros/Varios			Limpiadora a Vapor Alta Presión 2 L con Accesorios para Hogar
SIN SUB	p96527	Otros/Varios			Kit de decoración de pasteles Kootek 253 piezas de aleación de aluminio
SIN SUB	p96530	Otros/Varios			Toallitas para mascotas POOPH eliminadoras de olores - 100 unidades
SIN SUB	p96536	Otros/Varios			Limpiador de pajillas YOUCOX 30 cm 10 unidades reutilizables
SIN SUB	p96540	Otros/Varios			Juego de 8 piezas medidoras plegables de silicona GRANDFORT
SIN SUB	p96547	Otros/Varios			Utensilios Cocktail Bar Kit 23 Piezas 750ml Plateado
SIN SUB	p96564	Otros/Varios			Molinos De Sal Molinos De Sal Y Pimienta 2 Pzs Negro
SIN SUB	p96587	Otros/Varios			Bolsas para pan Cupplation 46 cm x 10 cm x 46 cm paquete de 40
SIN SUB	p96591	Otros/Varios			Prensa de Ajo Global Digitronix de Aleación de Zinc Plateada
SIN SUB	p96594	Otros/Varios			Envoltura de alimentos EcoDispose 36 cm x 41 cm 500 unidades
SIN SUB	p96596	Otros/Varios			Inserto para Vapor Anolon Classic de Acero Inoxidable
SIN SUB	p96600	Otros/Varios			Bolsas de basura simplehuman 200 uds 10-12 L blancas con cordón
SIN SUB	p96602	Otros/Varios			Rollos de sellado al vacío FoodSaver 28 cm × 48 m – Pack de 3
SIN SUB	p96610	Otros/Varios			Juego de Tijeras OTOTO Boo-tiful Crew - Decoración de Halloween
SIN SUB	p96612	Otros/Varios			Carpeta de Recetas ZICOTO 9.5x8.5" Tarjetas Impermeables
SIN SUB	p96613	Otros/Varios			Alfombrilla de barra XieNie 30x15 cm Antideslizante de PVC negra
SIN SUB	p96616	Otros/Varios			Ambientador Febreze Tropical Blend 235 ml - Pack de 2
SIN SUB	p96620	Otros/Varios			Guantes para Barbacoa PepperMate 100 unidades 10 mil descartables
SIN SUB	p96631	Otros/Varios			Encendedor tipo chimenea Char-Griller 30 cm con liberación rápida
SIN SUB	p96632	Otros/Varios			Spa Purge de Natural Chemistry 1 L Paquete Individual
SIN SUB	p96634	Otros/Varios			Cobertura para Parrilla Royal Gourmet 136 cm Resistente al Agua Negra
SIN SUB	p96637	Otros/Varios			Rejas de Parrilla QuliMetal 47 cm para Weber Genesis II E-410/E-415
SIN SUB	p96639	Otros/Varios			Set de 4 delantales impermeables loteaf 78 × 67 cm con 2 bolsillos
SIN SUB	p96642	Otros/Varios			Desodorante adhesivo Earth Ninja con aroma a océano
SIN SUB	p96644	Otros/Varios			Centrifugador de Ensaladas NPJGKY 45 L Manual
SIN SUB	p96646	Otros/Varios			Herramienta de huevo newyolk (2 unidades) - Removedor de chalaza y cáscara
SIN SUB	p96648	Otros/Varios			Brochetas metálicas EMMZ de 42 cm (paquete de 8) planas para barbacoa
SIN SUB	p96649	Otros/Varios			FUNNEL Trybuy Sistema de Drenaje de Grasa Trasero para Blackstone 36"/28"/22"/17"
SIN SUB	p96652	Otros/Varios			Centrifugadora de ensaladas Shatomo 53 qt verde con base antideslizante
SIN SUB	p96653	Otros/Varios			Plancha Grimate 43 × 33 cm Antiadherente con Manijas
SIN SUB	p96654	Otros/Varios			Kit Ahumador de Whiskey Smoky Crafts – Virutas de Madera y Pistola
SIN SUB	p96655	Otros/Varios			Centrifugador de Ensaladas Brieftons 63 cuartos Manual
SIN SUB	p96658	Otros/Varios			Desgranador de Maíz LLIEIFQ de Acero Inoxidable con Mango Largo
SIN SUB	p96666	Otros/Varios			Balanza Digital de Laboratorio Bonvoisin 500 g con resolución de 0001 g
SIN SUB	p96672	Otros/Varios			Abre Latas Dext Color Turquesa con Anilla y Agarre Fácil
SIN SUB	p96674	Otros/Varios			Set de 2 dispensadores de cereales Snapware 57 L para almacenamiento de alimentos
SIN SUB	p96677	Otros/Varios			Bolsas de Almacenamiento de Alimentos Ziploc 30 Unidades 38 × 15 cm
SIN SUB	p96678	Otros/Varios			JGO Ekco mod. Ivystone 29180 3.0 mm 20 26 30 cm Aluminio Duraflon Stone de 6 Capas Mango de Baquelit
SIN SUB	p96681	Otros/Varios			Set de pala para pizza YUNNO 20 cm + cepillo de 26 pulgadas
SIN SUB	p96695	Otros/Varios			Paellera ZENDEU 34 cm de acero al carbono esmaltado – 6 raciones
SIN SUB	p96712	Otros/Varios			Báscula Taylor 31 cm Esmerilada Marroquí Transparente/Gris
SIN SUB	p96716	Otros/Varios			Encendedores de fuego Wufoty 80 piezas 08 kg cera natural
SIN SUB	p96718	Otros/Varios			Virutas de Madera Shop Square 27 kg Paquete de 4 de Mesquite 100 % Natural
SIN SUB	p96719	Otros/Varios			Virutas de Madera Shop Square 14 kg Pack de 4 para Ahumador de Pacana
SIN SUB	p96722	Otros/Varios			Barras Flavorizer Terefour para Weber Genesis II Serie 300
SIN SUB	p96723	Otros/Varios			Limpiador y Pulidor CRC HydroForce para Acero Inoxidable 591 ml (aerosol)
SIN SUB	p96727	Otros/Varios			Báscula de Plataforma Rhino, 150 kg / 50g kg, Superficie Antiderrapante, Función TARA y Pesaje de An
SIN SUB	p96728	Otros/Varios			Cucharilla medidora de café CoaGu 15 ml juego de 2 acero inoxidable
SIN SUB	p96730	Otros/Varios			Cobertor para Parrilla Coleman 127‑137 cm Negro de Alta Resistencia
SIN SUB	p96734	Otros/Varios			Delantal TOSHE de 3 Bolsillos Resistente al Agua y Algodón para Chef
SIN SUB	p96735	Otros/Varios			Delantal TOSHE de cintura con 3 bolsillos resistente a gotas de agua algodón
SIN SUB	p96737	Otros/Varios			Delantal TOSHE de algodón con 3 bolsillos y resistencia a salpicaduras
SIN SUB	p96738	Otros/Varios			Cobertura para Parrilla Cloakman Pit Boss Laredo 1000 130x65x110 cm
SIN SUB	p96740	Otros/Varios			Delantal TOSHE de 3 Bolsillos Resistente a Salpicaduras de Algodón
SIN SUB	p96741	Otros/Varios			Delantal TOSHE de 3 Bolsillos Resistente al Agua – Algodón
SIN SUB	p96745	Otros/Varios			Paellera ZENDEU de 30 cm de acero al carbono esmaltado – 4 raciones
SIN SUB	p96746	Otros/Varios			Trapeador Microfibra, Cubeta con Pedal, Color Rojo/Blanco
SIN SUB	p96749	Otros/Varios			Kit de Encendedor Weber con Botón Pulsador
SIN SUB	p96750	Otros/Varios			Delantal TOSHE de algodón resistente a salpicaduras con 3 bolsillos
SIN SUB	p96753	Otros/Varios			Rejillas para Parrilla COGRICHBF Nexgrill 720-0896B (Pack de 3)
SIN SUB	p96759	Otros/Varios			Cubierta para Tanque de Propano Weber 9 kg con Logo – Accesorio de Parrilla
SIN SUB	p96769	Otros/Varios			Toallitas húmedas GOJO 130 unidades por cubo - Toallas de limpieza rápida
SIN SUB	p96771	Otros/Varios			Delantal INMTIE de Lona Encerada Gris tallas M a XXL
SIN SUB	p96772	Otros/Varios			Bolsas de compra aisladas WhoseBags 18 L negras pack de 2
SIN SUB	p96788	Otros/Varios			Pala de pizza Outset 46 × 36 cm bambú color caqui extra grande
SIN SUB	p96789	Otros/Varios			Bolsas de basura CUSHIO 15 unidades con borde reforzado – súper resistentes
SIN SUB	p96797	Otros/Varios			Caja Bento YANLIFY 21x15x5 cm 4 Compartimentos Rosa
SIN SUB	p96799	Otros/Varios			Brochetas extensibles CORQUE 81 cm paquete de 8 multicolores
SIN SUB	p96801	Otros/Varios			Soporte para toalla de papel CHIKESI autoadhesivo dorado - 1 unidad
SIN SUB	p96803	Otros/Varios			Almacenamiento de alimentos Rubbermaid 350/820 ml Pack de 4 con compartimentos divididos
SIN SUB	p96806	Otros/Varios			Toallas Amazon Basics 38 × 64 cm – Pack de 6 en algodón orgánico
SIN SUB	p96812	Otros/Varios			Kit de Germinación Masontops – 2 Paquetes de Semillas Incluidos
SIN SUB	p96819	Otros/Varios			Libro de recetas Rileys & Co 215 × 28 cm Verde (en blanco)
SIN SUB	p96825	Otros/Varios			Caja de Recetas Rileys & Co 175 × 125 × 78 cm Cítricos – 50 Tarjetas
SIN SUB	p96827	Otros/Varios			Dealusy 100 unidades de cajas transparentes de plástico resistente para pasteles
SIN SUB	p96832	Otros/Varios			Placa de control digital FlameEngine P-1205 compatible
SIN SUB	p96836	Otros/Varios			Cobertura para Parrilla Mont Alpi MABi805 Impermeable y Resistente a los Rayos UV
SIN SUB	p96840	Otros/Varios			Pajillas BIO AGAVE 825" de fibras de agave biodegradable 2400 uds
SIN SUB	p96844	Otros/Varios			Matraz EISCO de 1000 ml de vidrio borosilicato con base plana
SIN SUB	p96845	Otros/Varios			Báscula de Pesaje TIMEMORE Basic 3 Temporizador para Café USB-C
SIN SUB	p96853	Otros/Varios			Encendedor de Carbón Total Control EFS‑Z para Big Green Egg
SIN SUB	p96854	Otros/Varios			Bolsa de transporte para plancha BLACKSTONE 43 cm negra
SIN SUB	p96858	Otros/Varios			Matraz volumétrico EISCO 10 ml Clase A ±0020 ml con tapón de vidrio
SIN SUB	p96859	Otros/Varios			Delantal EISCO Pequeño 69 cm x 76 cm Negro de Caucho
SIN SUB	p96866	Otros/Varios			Matraz Erlenmeyer EISCO de 1000 mL con cuello estrecho de vidrio borosilicato 3.3
SIN SUB	p96869	Otros/Varios			Virutas de Madera WITANHURST Pack de 4 Piezas - Variedad de Pera y Manzana
SIN SUB	p96870	Otros/Varios			Matraz volumétrico EISCO 5 ml Clase A ±0020 ml con tapón de vidrio
SIN SUB	p96871	Otros/Varios			Piedra de aplanado Suehiro 2B006 #280 206x53x27 mm
SIN SUB	p96883	Otros/Varios			Tijeras KYOCERA de 7 cm con hojas de cerámica de zirconia
SIN SUB	p96886	Otros/Varios			Tijeras KUNIFU Desmontables Multiuso - Azul
SIN SUB	p96887	Otros/Varios			Tijeras KUNIFU Desmontables Todo Uso Morado
SIN SUB	p96892	Otros/Varios			Tijeras Multiusos de Cerámica KYOCERA 7 cm
SIN SUB	p96898	Otros/Varios			Fregadora giratoria Fanttik sin cable IPX7 con pantalla LED blanca
SIN SUB	p96899	Otros/Varios			Tijeras KUNIFU Desmontables de Uso General - Negro
SIN SUB	p96901	Otros/Varios			Bolsas de maceración Bellamei 2 pzas 41x28 cm / 46x41 cm malla fina
SIN SUB	p96906	Otros/Varios			Bolsas de elaboración Eselect 28 cm paquete de 100 unidades de malla de algodón
SIN SUB	p96907	Otros/Varios			Arrocera BLACK+DECKER 4 L con Canasta para Vapor – Acabado Piedra
SIN SUB	p96910	Otros/Varios			Paellera Magefesa de 30 cm 4 raciones acero al carbono
SIN SUB	p96927	Otros/Varios			Deshuesador de cerezas Fanlory 7 en 1 multi‑funcional
SIN SUB	p96929	Otros/Varios			Pinchos Kadden 20 unidades 9 cm resistentes al calor
SIN SUB	p96936	Otros/Varios			Gancho de Almacenamiento Command (2 unidades 11 kg)
SIN SUB	p96939	Otros/Varios			Glad Mini Redondos de 118 ml – Pack de 8 para Almacenamiento de Alimentos
SIN SUB	p96943	Otros/Varios			Alfombrilla de silicona para hornear Mimekitchen 66 × 41 cm antiadherente y resistente al calor
SIN SUB	p96947	Otros/Varios			Enfriador de latas BrüMate Trio 12/16 oz Agave azul a prueba de fugas
SIN SUB	p96956	Otros/Varios			Prensa de Galletas Hosetim con 8 puntas y 13 discos de acero inoxidable
SIN SUB	p96958	Otros/Varios			Desodorizante y descomponedor de residuos enzimático Walex Bio-Pak 50 unidades
SIN SUB	p96959	Otros/Varios			Toallitas Kimberly-Clark 37 × 42 cm 140 por caja – 15 cajas
SIN SUB	p96963	Otros/Varios			Cortapizzas Joseph Joseph Duo con protector de cuchilla
SIN SUB	p96964	Otros/Varios			Aguja Premium Timeless CORAVIN para sistemas Coravin Timeless
SIN SUB	p96967	Otros/Varios			Máquina de Pasta Fante's 23x11x15 cm para Cavatelli
SIN SUB	p96968	Otros/Varios			Almacenamiento de alimentos Anyday 2 unidades 473 ml de vidrio (Kale)
SIN SUB	p96969	Otros/Varios			Balanza de alimentos Escali 22x15x4 cm 5 kg blanca digital
SIN SUB	p96971	Otros/Varios			Cepillo Removedor de Hilos de Maíz THE FRYOILSAVER COMPANY 25x8x5 cm
SIN SUB	p96977	Otros/Varios			Paellera Magefesa de 20 cm de acero al carbono ligera
SIN SUB	p96989	Otros/Varios			Cobertura para Parrilla Nexgrill 140 cm x 57 cm x 112 cm Negra
SIN SUB	p96993	Otros/Varios			Bolsas resellables sailorsunny 75 × 11 cm rosa con perro – paquete de 50
SIN SUB	p96994	Otros/Varios			Paellera Magefesa de 38 cm de acero esmaltado – 8 raciones
SIN SUB	p97009	Otros/Varios			Cera Protectora para Superficies FLITZ FB-TS010-100 Paquete de 2g
SIN SUB	p97011	Otros/Varios			Limpiador Urnex para Cápsulas K-Cup 5 unidades para máquinas Keurig 2.0
SIN SUB	p97017	Otros/Varios			Matraz EISCO 2000 ml Clase A ±05 ml con tapón de vidrio
SIN SUB	p97018	Otros/Varios			Réplica de Baguette de Sésamo de 48 cm – Pan Falso GiftYou
SIN SUB	p97020	Otros/Varios			Cepillo para parrilla Nexgrill 48 cm de nailon paquete de 2
SIN SUB	p97021	Otros/Varios			Virutas de Madera de Cereza Shop Square 27 kg (Pack de 4) 100 % Natural
SIN SUB	p97022	Otros/Varios			Parrilla/Cazoleta de Cenizas MECO para parrilla Aussie/Americana
SIN SUB	p97023	Otros/Varios			Tijeras SofGrip 19 cm Mango de Goma
SIN SUB	p97026	Otros/Varios			Tostonera Casita 9 cm × 2 cm × 19 cm Naranja
SIN SUB	p97035	Otros/Varios			Balanza Digital de Envío Selegere 10 kg/1 g Recargable Plateado Negro
SIN SUB	p97038	Otros/Varios			Bolsas de filtro de té Chielor 30 piezas 25x20 cm algodón reutilizable
SIN SUB	p97045	Otros/Varios			Adaptador T POWER 12V 10A GMG P-1001 100-240V
SIN SUB	p97058	Otros/Varios			Balanza de Grúa Digital Kongsen 300 kg Azul
SIN SUB	p97064	Otros/Varios			Protector Estufa Quemador Parrilla Reutilizable 10psc Plateado/Negro
SIN SUB	p97065	Otros/Varios			Alfombra De Silicona Para Hornear No Adhesiva 5 Piezas Marrón
SIN SUB	p97067	Otros/Varios			Bolsas para almuerzo CulinWare 4 lb de capacidad paquete de 500 unidades blancas
SIN SUB	p97070	Otros/Varios			Limpiador de Alfombras Resolve 946 ml Especialista para Mascotas con Gatillo
SIN SUB	p97072	Otros/Varios			Juego de Vapor Imusa 28 Qt y 10 Qt Aluminio Plateado
SIN SUB	p97073	Otros/Varios			Recambio de pulidor de cuero SHARPAL 25 × 150 mm (1 pieza)
SIN SUB	p97074	Otros/Varios			Cesta de vapor LAIHIFA 16-26 cm Acero inoxidable expandible
SIN SUB	p97077	Otros/Varios			Bolsas para almuerzo CulinWare 12 × 8 × 25 cm 500 unidades 4 lb
SIN SUB	p97079	Otros/Varios			Cesta Giratoria Universal de Acero Inoxidable TURBRO para Parrilla
SIN SUB	p97081	Otros/Varios			Plancha COZEER 43 cm × 33 cm de Acero Inoxidable Antiadherente
SIN SUB	p97082	Otros/Varios			Limpiador de Líneas de Cerveza Bar‑King 6 pzas 05 oz cada una
SIN SUB	p97085	Otros/Varios			Prensa para Plancha BLACKSTONE Plegable OTG
SIN SUB	p97087	Otros/Varios			Galleta Goldilocks Polvorón UBE 30 uds. 2 bolsas
SIN SUB	p97098	Otros/Varios			Bolsas de Almacenamiento de Alimentos Stasher 4 Unidades Reutilizables de Silicona
SIN SUB	p97109	Otros/Varios			Juego de 10 bolsas de papas LOVYNO 74 × 99 cm coloridas reutilizables
SIN SUB	p97110	Otros/Varios			Saco de Patata LOVYNO 74x99 cm Pack de 20 Multicolor
SIN SUB	p97122	Otros/Varios			Polvo de Limpieza Caffenu 900 g para Máquinas de Espresso
SIN SUB	p97132	Otros/Varios			Pantallas de limpieza para plancha AmerCareRoyal 10 cm × 14 cm (paquete de 400)
SIN SUB	p97151	Otros/Varios			Removedor de membrana de costilla Concons de acero inoxidable naranja
SIN SUB	p97162	Otros/Varios			Kit de vapor de bambú Dasoguy 30 cm con forros y utensilios
SIN SUB	p97163	Otros/Varios			Bolsa de snack congelable PackIt 23 cm x 10 cm Ice Cream Critters
SIN SUB	p97175	Otros/Varios			Pellets de carbón Royal Oak 136 kg con mesquite para parrilla
SIN SUB	p97182	Otros/Varios			AG-OLLEL202EP
SIN SUB	p97183	Otros/Varios			Decantador Signature Edition VANLIG | Ripon Revolver & Grenade Glasses
SIN SUB	p97187	Otros/Varios			Decantador Signature Edition: VANLIG Brent Revolver & Grenade Glasses
SIN SUB	p97190	Otros/Varios			Kit de Piedras para Whisky Cork VANLIG | Enfriadores Naturales Reutilizables en Estuche de Lujo
SIN SUB	p97196	Otros/Varios			Alfombrilla de silicona para recoger el goteo del grifo - Diseño mejor
SIN SUB	p97262	Otros/Varios			IMUSA BAM-10007 Jumbo Tostonera, Natural - Pataconera de Bambú, Prensa
SIN SUB	p97380	Otros/Varios			Set de minigafas Silver Buffalo Disney Vintage Minnie Mouse
SIN SUB	p97436	Otros/Varios			Set de Sushi Silver Buffalo Disney Buscando a Nemo Azul
SIN SUB	p97518	Otros/Varios			Set de Sushi Silver Buffalo Hello Kitty con Moño Rojo
SIN SUB	p97537	Otros/Varios			Set de Sushi Retro de 3 piezas Silver Buffalo Scooby Doo
SIN SUB	p97556	Otros/Varios			Barril de Envejecimiento THOUSAND OAKS 3L con Soporte y Grifo
SIN SUB	p97566	Otros/Varios			Pajillas de plástico TREEHAC 23 cm Jumbo anchas y coloridas 700 piezas
SIN SUB	p97667	Otros/Varios			Tenedores Hefty ECOSAVE Compostables 24 unidades
SIN SUB	p97685	Otros/Varios			Protectores de calor Cazzon 18 cm Mezcla Marrón 5 uds. con cesta incluida
SIN SUB	p97717	Otros/Varios			Cubertería CAMBRIDGE 45 piezas acabado satinado dorado servicio para 8
SIN SUB	p97733	Otros/Varios			Juego de 6 platillos de 10 cm The Mask El Turko
SIN SUB	p97755	Otros/Varios			Bolsas de elaboración Eselect 28 cm (paquete de 25) malla de algodón
SIN SUB	p97831	Otros/Varios			Cucharilla para mantequilla Le Creuset Heritage Riviera
SIN SUB	p97857	Otros/Varios			Matraz EISCO 1000 ml de vidrio borosilicato cónico con brazo lateral
SIN SUB	p97858	Otros/Varios			Palillos agitadores de café OULIGET 185 cm color marrón - paquete de 100
SIN SUB	p97861	Otros/Varios			Pajillas de Papel OULIGET 40 Unidades con Forma de Limón
SIN SUB	p97869	Otros/Varios			Juego de 16 bolsas para vino aromeili – Funda protectora reutilizable
SIN SUB	p97897	Otros/Varios			Matraz EISCO de 2000 ml de vidrio borosilicato con vertedor
SIN SUB	p97909	Otros/Varios			Posavasos Algodón Antideslizante Duradero+soporte 12 Pzs Negro
SIN SUB	p97977	Otros/Varios			Tapones para Bebidas STIXTOGO 19 cm Negro Pack de 2000 unidades
SIN SUB	p97992	Otros/Varios			Glass Riedel Grape Martini y Cocktail Diamond 200 ml (paquete de 2)
SIN SUB	p98034	Otros/Varios			Bolsa de Vino TBITON 40.º Cumpleaños Lino de Algodón Beige
SIN SUB	p98040	Otros/Varios			Tapa Thermos Bubba 950 ml Opal Shimmer de Doble Sorbo
SIN SUB	p98115	Otros/Varios			Base giratoria Ateco de plástico blanco de 30 cm
SIN SUB	p98160	Otros/Varios			Palitos agitadores de madera AmerCareRoyal 18 cm biodegradables 10 000 uds
SIN SUB	p98180	Otros/Varios			Salvamantel Magnético de Madera Dura STAUB Resistente al Calor
SIN SUB	p98183	Otros/Varios			Pinchos de Bambú Handy Housewares 10 cm Paquete de 600
SIN SUB	p98187	Otros/Varios			Líquido para Cigarrillo Electrónico Flavour Blaster Neutral 10 ml
SIN SUB	p98192	Otros/Varios			Set Ultimate Bar Caddy de 120 piezas con Popotes Flexibles y Palitos Mezcladores
SIN SUB	p98197	Otros/Varios			Palitos de Bambú Handy Housewares 10 cm Paquete de 1200
SIN SUB	p98218	Otros/Varios			Juego de 8 Tablas de Pizarra Negra Yousonew 30x18 cm
SIN SUB	p98225	Otros/Varios			Soporte para Goteo de Café Makidar de Acero Inoxidable Negro
SIN SUB	p98233	Otros/Varios			Kit de Inicio Easy Fermenter con 3 Tapas y 3 Pesas para Fermentación de 3 L
SIN SUB	p98312	Otros/Varios			Juego de Té Lenox Butterfly Meadow de 8 Piezas para 2 Personas
SIN SUB	p98321	Otros/Varios			Palillos FOFAYU de Metal 5 Pares Multicolor Acero Inoxidable 235 cm
SIN SUB	p98329	Otros/Varios			Cesta Ovalada Cuisinox de Acero Inoxidable 22x15 cm
SIN SUB	p98366	Otros/Varios			Popotes Flexibles ALINK Paquete de 500 19.7 cm x 0.6 cm
SIN SUB	p98444	Otros/Varios			Juego de 3 Bowls Corelle Livingware 828 ml Clásico con Borde Negro
SIN SUB	p98447	Otros/Varios			Fundas de silicona Brieftons 6 unidades aislantes antideslizantes
SIN SUB	p98451	Otros/Varios			Set de 3 Bowls Corelle Livingware Country Cottage 828 ml
SIN SUB	p98455	Otros/Varios			Juego de 2 Bowls para Servir Corelle Bella Faenza de 1 cuarto
SIN SUB	p98796	Otros/Varios			Fuente para Servir STAUB de Cerámica 29 cm Cereza
SIN SUB	p98908	Otros/Varios			Juego de té de 3 piezas Royal Albert 1920 Spring Meadow 20 cm
SIN SUB	p98915	Otros/Varios			Tea for One Royal Albert Old Country Roses de porcelana ósea
SIN SUB	p98958	Otros/Varios			Hervidor de cuello de cisne Barista Warrior 12 L negro mate
SIN SUB	p98966	Otros/Varios			Tamiz de malla fina BlendWell Gold de acero inoxidable
SIN SUB	p98981	Otros/Varios			Bol de vidrio para matcha Britegleam con textura y pico vertedor
SIN SUB	p98999	Otros/Varios			Dispensador de café Royal Genuss de 22 L de acero inoxidable con bomba
SIN SUB	p99032	Otros/Varios			Infusor de té Teabloom de acero inoxidable pequeño diseño geométrico
SIN SUB	p99391	Otros/Varios			Biberón Thermos Baby de acero inoxidable de 300 ml con aislamiento al vacío
SUBCATEGORÍA	p265481	Otros/Varios	Otros/Organización del hogar		Réplica Guitarra Miniatura Mini Modelo Guitarra Eléctrica Madera Adorno Guitarra Delicado Estatuilla
SUBCATEGORÍA	p531735	Baterías portátiles/None	Baterías portátiles/Hasta 10,000 mAh		Cargador De Reloj Portátil Huoto Para Apple Watch Series 9 Con Banco De Energía - Venta Internaciona
SUBCATEGORÍA	p532836	Baterías portátiles/None	Baterías portátiles/Hasta 10,000 mAh		Combo Smartwatch X8 Con Audífonos Y Cargador Inalámbrico Y Powerbank
